<?xml version="1.0" encoding="UTF-8"?>
<!DOCTYPE article
  PUBLIC "-//NLM//DTD Journal Publishing DTD v3.0 20080202//EN" "http://dtd.nlm.nih.gov/publishing/3.0/journalpublishing3.dtd">
<article xmlns:mml="http://www.w3.org/1998/Math/MathML" xmlns:xlink="http://www.w3.org/1999/xlink" article-type="research-article" dtd-version="3.0" xml:lang="EN">
  <front>
    <journal-meta><journal-id journal-id-type="nlm-ta">PLoS ONE</journal-id><journal-id journal-id-type="publisher-id">plos</journal-id><journal-id journal-id-type="pmc">plosone</journal-id><!--===== Grouping journal title elements =====--><journal-title-group><journal-title>PLoS ONE</journal-title></journal-title-group><issn pub-type="epub">1932-6203</issn><publisher>
        <publisher-name>Public Library of Science</publisher-name>
        <publisher-loc>San Francisco, USA</publisher-loc>
      </publisher></journal-meta>
    <article-meta><article-id pub-id-type="publisher-id">PONE-D-11-13686</article-id><article-id pub-id-type="doi">10.1371/journal.pone.0028576</article-id><article-categories>
        <subj-group subj-group-type="heading">
          <subject>Research Article</subject>
        </subj-group>
        <subj-group subj-group-type="Discipline-v2">
          <subject>Biology</subject>
          <subj-group>
            <subject>Computational biology</subject>
            <subj-group>
              <subject>Evolutionary modeling</subject>
              <subject>Systems biology</subject>
            </subj-group>
          </subj-group>
          <subj-group>
            <subject>Ecology</subject>
            <subj-group>
              <subject>Evolutionary ecology</subject>
              <subject>Population ecology</subject>
              <subject>Systems ecology</subject>
            </subj-group>
          </subj-group>
          <subj-group>
            <subject>Evolutionary biology</subject>
            <subj-group>
              <subject>Evolutionary theory</subject>
            </subj-group>
          </subj-group>
        </subj-group>
        <subj-group subj-group-type="Discipline-v2">
          <subject>Mathematics</subject>
          <subj-group>
            <subject>Nonlinear dynamics</subject>
          </subj-group>
        </subj-group>
        <subj-group subj-group-type="Discipline-v2">
          <subject>Medicine</subject>
          <subj-group>
            <subject>Oncology</subject>
            <subj-group>
              <subject>Basic cancer research</subject>
              <subj-group>
                <subject>Tumor physiology</subject>
              </subj-group>
            </subj-group>
          </subj-group>
        </subj-group>
        <subj-group subj-group-type="Discipline">
          <subject>Computational Biology</subject>
          <subject>Ecology</subject>
          <subject>Oncology</subject>
          <subject>Evolutionary Biology</subject>
          <subject>Mathematics</subject>
        </subj-group>
      </article-categories><title-group><article-title>Prisoner's Dilemma in Cancer Metabolism</article-title><alt-title alt-title-type="running-head">Prisoner's Dilemma in Cancer Metabolism</alt-title></title-group><contrib-group>
        <contrib contrib-type="author" xlink:type="simple">
          <name name-style="western">
            <surname>Kareva</surname>
            <given-names>Irina</given-names>
          </name>
          <xref ref-type="aff" rid="aff1">
            <sup>1</sup>
          </xref>
          <xref ref-type="aff" rid="aff2">
            <sup>2</sup>
          </xref>
          <xref ref-type="corresp" rid="cor1">
            <sup>*</sup>
          </xref>
        </contrib>
      </contrib-group><aff id="aff1"><label>1</label><addr-line>Mathematical, Computational Modeling Sciences Center, Arizona State University, Tempe, Arizona, United States of America</addr-line>       </aff><aff id="aff2"><label>2</label><addr-line>School of Human Evolution and Social Change, Arizona State University, Tempe, Arizona, United States of America</addr-line>       </aff><contrib-group>
        <contrib contrib-type="editor" xlink:type="simple">
          <name name-style="western">
            <surname>de Polavieja</surname>
            <given-names>Gonzalo G.</given-names>
          </name>
          <role>Editor</role>
          <xref ref-type="aff" rid="edit1"/>
        </contrib>
      </contrib-group><aff id="edit1">Arizona State University, United States of America</aff><author-notes>
        <corresp id="cor1">* E-mail: <email xlink:type="simple">ikareva@asu.edu</email></corresp>
        <fn fn-type="con">
          <p>Conceived and designed the experiments: IK. Performed the experiments: IK. Analyzed the data: IK. Contributed reagents/materials/analysis tools: IK. Wrote the paper: IK.</p>
        </fn>
      <fn fn-type="conflict">
        <p>The author has declared that no competing interests exist.</p>
      </fn></author-notes><pub-date pub-type="collection">
        <year>2011</year>
      </pub-date><pub-date pub-type="epub">
        <day>14</day>
        <month>12</month>
        <year>2011</year>
      </pub-date><volume>6</volume><issue>12</issue><elocation-id>e28576</elocation-id><history>
        <date date-type="received">
          <day>19</day>
          <month>7</month>
          <year>2011</year>
        </date>
        <date date-type="accepted">
          <day>10</day>
          <month>11</month>
          <year>2011</year>
        </date>
      </history><!--===== Grouping copyright info into permissions =====--><permissions><copyright-year>2011</copyright-year><copyright-holder>Irina Kareva</copyright-holder><license><license-p>This is an open-access article distributed under the terms of the Creative Commons Attribution License, which permits unrestricted use, distribution, and reproduction in any medium, provided the original author and source are credited.</license-p></license></permissions><abstract>
        <p>As tumors outgrow their blood supply and become oxygen deprived, they switch to less energetically efficient but oxygen-independent anaerobic glucose metabolism. However, cancer cells maintain glycolytic phenotype even in the areas of ample oxygen supply (Warburg effect). It has been hypothesized that the competitive advantage that glycolytic cells get over aerobic cells is achieved through secretion of lactic acid, which is a by-product of glycolysis. It creates acidic microenvironment around the tumor that can be toxic to normal somatic cells. This interaction can be seen as a prisoner's dilemma: from the point of view of metabolic payoffs, it is better for cells to cooperate and become better competitors but neither cell has an incentive to unilaterally change its metabolic strategy. In this paper a novel mathematical technique, which allows reducing an otherwise infinitely dimensional system to low dimensionality, is used to demonstrate that changing the environment can take the cells out of this equilibrium and that it is cooperation that can in fact lead to the cell population committing evolutionary suicide.</p>
      </abstract><funding-group><funding-statement>This research has been supported by grants from the National Science Foundation (NSF - Grant DMS - 0502349), the National Security Agency (NSA - Grant H98230-06-1-0097), the Alfred T. Sloan Foundation and the Office of the Provost of Arizona State University. The funders had no role in study design, data collection and analysis, decision to publish, or preparation of the manuscript.</funding-statement></funding-group><counts>
        <page-count count="9"/>
      </counts></article-meta>
  </front>
  <body>
    <sec id="s1">
      <title>Introduction</title>
      <p>Cancer can be viewed as a long evolutionary process within one person. Even in the cases of most severe DNA damage, such as was experienced by the survivors of atomic bombing in Hiroshima and Nagasaki, it is not until the 50 s that one could observe dramatically increased cancer incidence <xref ref-type="bibr" rid="pone.0028576-Preston1">[1]</xref>. Damaged cells, whatever properties they may have acquired, need to survive and proliferate in the tissue, competing with somatic cells for space and nutrients.</p>
      <p>As the primary tumor increases in size, the cells outgrow their blood supply, thus also losing access to oxygen. This leads to cells in hypoxic areas switching from aerobic metabolism to glycolysis, a mode of glucose metabolism that is less energetically efficient, yielding 2 ATPs instead of approximately 30, but that is faster and, most importantly, unrestricted by oxygen. However, tumor cells often continue metabolizing carbon glycolytically even in the areas of ample oxygen supply <xref ref-type="bibr" rid="pone.0028576-Kaelin1">[2]</xref>–<xref ref-type="bibr" rid="pone.0028576-Kim1">[4]</xref>. This has become known as Warburg effect, named after a German biochemist Otto Warburg, who was the first to observe it over fifty years ago <xref ref-type="bibr" rid="pone.0028576-Warburg1">[5]</xref>. This choice of metabolic strategy does not come from loss of function of mitochondria – it has been verified that a vast majority of tumor cells have completely functional mitochondria <xref ref-type="bibr" rid="pone.0028576-Weinberg1">[6]</xref>, and the damage that might be occurring is reversible <xref ref-type="bibr" rid="pone.0028576-Bonnet1">[7]</xref>.</p>
      <p>From the point of view of natural selection, it has been hypothesized that, although glycolysis is energetically inefficient, lactic acid that is secreted as its by-product becomes toxic to healthy tissues, thus making glycolytic cells better competitors at a cost of being efficient consumers <xref ref-type="bibr" rid="pone.0028576-Gatenby1">[8]</xref>, <xref ref-type="bibr" rid="pone.0028576-Gatenby2">[9]</xref>. However, a single cell is not likely to secrete enough lactic acid to cause significant changes in its microenvironment, i.e., it cannot provide enough “public goods” to benefit everyone <xref ref-type="bibr" rid="pone.0028576-Pepper1">[10]</xref>. The core population of glycolytic cells needs to be large enough to gain this competitive advantage. Proposed here is a game-theoretical approach for addressing the question of how such a population could arise.</p>
      <sec id="s1a">
        <title>Game theory in cell metabolism</title>
        <p>As advantageous as glycolysis may be to cancer cells as a group, one glycolytic cell is not enough to generate enough lactic acid to become a successful competitor. Enough cells need to choose this metabolic strategy in order for the group as a whole to receive the competitive advantage. However, it is not in the interest of each individual cell to metabolize carbon glycolytically if all other cells metabolize it aerobically. It would not secrete enough lactic acid to successfully compete with them and at the same time, it would get nearly 15 times less energy.</p>
        <p>In this framework, the problem becomes a version of multi-player prisoner's dilemma. There are two metabolic strategies: aerobic, which yields 30 ATPs per glucose and no lactic acid, and glycolytic, which yields 2 ATPs per glucose but yields some lactic acid. The amount of lactic acid generated by just one glycolytic cell is insignificant to cause any damage to somatic cells. Lactic acid secreted by several cells is enough to shift energetic payoffs, which could in part be due to not only decrease in competition but also to the fact that intracellular stores of nutrients of the cells can be recycled and thus used up by neighboring cells <xref ref-type="bibr" rid="pone.0028576-Biological1">[11]</xref>, <xref ref-type="bibr" rid="pone.0028576-Elser1">[12]</xref>. For illustration we currently assume 2 players but in fact many more would need to cooperate to get this “public goods” effect <xref ref-type="bibr" rid="pone.0028576-Pepper1">[10]</xref>. This becomes a game of prisoner's dilemma if the payoff for both cells is greater when they both choose the glycolytic strategy, i.e., if [30 ATP&lt;2+toxicity+reduced competition]. In this case, the aerobic-aerobic equilibrium is in fact a stable equilibrium of this game, i.e., no cell has an incentive to unilaterally change its metabolic strategy <xref ref-type="bibr" rid="pone.0028576-Nash1">[13]</xref>, <xref ref-type="bibr" rid="pone.0028576-Schelling1">[14]</xref>. So, from the point of view of metabolic activity, one can argue that aerobic cells are in fact at an evolutionarily steady state <xref ref-type="bibr" rid="pone.0028576-Smith1">[15]</xref>, and so the tissue cannot be “invaded” by glycolytic clones.</p>
        <p>Nevertheless, “glycolytic invasions” do happen as the Warburg cells migrate out of the primary tumor into the new environment composed primarily of aerobic cells, where they theoretically should have no advantage in persisting to metabolize glucose glycolytically. One explanation for this effect could be that they in fact migrate out in groups large enough to generate enough lactic acid for everyone to receive sufficient “public goods” benefit.</p>
        <p>Another (perhaps complementary) explanation comes from invasion ecology, and particularly from the work of David Tilman, who argued that invasions of exotic species are largely facilitated when there are excess resources available in the target habitat for the invaders to utilize <xref ref-type="bibr" rid="pone.0028576-Tilman1">[16]</xref>, <xref ref-type="bibr" rid="pone.0028576-Tilman2">[17]</xref>. In the case of aerobic and glycolytic cells, if there are enough resources in the environment into which the cell migrates out to, then a glycolytic cell will no longer have to care about its metabolic inefficiency. That is, from the point of view of payoffs of each metabolic strategy, if the environment, in which the players interact, changes sufficiently, glycolytic invasion becomes possible.</p>
        <p>To test this hypothesis, a mathematical model is proposed. The change in the composition of the population of cells that differ by their choice of metabolic strategy (glycolysis vs oxidative phosphorylation) in response to increased carbon inflow is tracked using a system of ordinary differential equations. In the model, the growth of aerobic cells is restricted both by carbon and oxygen, while glycolytic cells are restrained only by carbon. The effects of changes in oxygen availability, glucose uptake rates, natural cell death rates, cell growth rates, as well as the initial composition of the cell population are evaluated.</p>
      </sec>
    </sec>
    <sec id="s2" sec-type="materials|methods">
      <title>Materials and Methods</title>
      <sec id="s2a">
        <title>Model Description</title>
        <p>Suppose that each cell is characterized by a value of parameter <inline-formula><inline-graphic mimetype="image" xlink:href="info:doi/10.1371/journal.pone.0028576.e001" xlink:type="simple"/></inline-formula>, which represents the proportion of total carbon that is used aerobically, thus effectively leaving <inline-formula><inline-graphic mimetype="image" xlink:href="info:doi/10.1371/journal.pone.0028576.e002" xlink:type="simple"/></inline-formula> proportion of total carbon for consumption through glycolysis; <inline-formula><inline-graphic mimetype="image" xlink:href="info:doi/10.1371/journal.pone.0028576.e003" xlink:type="simple"/></inline-formula> then denotes a set of all cells that are characterized by a fixed heritable value of parameter <inline-formula><inline-graphic mimetype="image" xlink:href="info:doi/10.1371/journal.pone.0028576.e004" xlink:type="simple"/></inline-formula>. The total population size is then taken to be <inline-formula><inline-graphic mimetype="image" xlink:href="info:doi/10.1371/journal.pone.0028576.e005" xlink:type="simple"/></inline-formula> if the number of possible values of <inline-formula><inline-graphic mimetype="image" xlink:href="info:doi/10.1371/journal.pone.0028576.e006" xlink:type="simple"/></inline-formula> is finite and <inline-formula><inline-graphic mimetype="image" xlink:href="info:doi/10.1371/journal.pone.0028576.e007" xlink:type="simple"/></inline-formula> if it is infinite.</p>
        <p>Glycolysis is less metabolically efficient and is limited only by glucose supply, denoted by <inline-formula><inline-graphic mimetype="image" xlink:href="info:doi/10.1371/journal.pone.0028576.e008" xlink:type="simple"/></inline-formula>; aerobic metabolism is more efficient but is limited both by carbon availability <inline-formula><inline-graphic mimetype="image" xlink:href="info:doi/10.1371/journal.pone.0028576.e009" xlink:type="simple"/></inline-formula> and by oxygen supply, which is accounted for with parameter <inline-formula><inline-graphic mimetype="image" xlink:href="info:doi/10.1371/journal.pone.0028576.e010" xlink:type="simple"/></inline-formula>. Each cell <inline-formula><inline-graphic mimetype="image" xlink:href="info:doi/10.1371/journal.pone.0028576.e011" xlink:type="simple"/></inline-formula> is thus characterized by its own intrinsic value of <inline-formula><inline-graphic mimetype="image" xlink:href="info:doi/10.1371/journal.pone.0028576.e012" xlink:type="simple"/></inline-formula>, allowing to model population heterogeneity with respect to metabolic strategy.</p>
        <p>There are two types of carbon that are taken into account in the model: extracellular carbon and intracellular carbon. Extracellular carbon <inline-formula><inline-graphic mimetype="image" xlink:href="info:doi/10.1371/journal.pone.0028576.e013" xlink:type="simple"/></inline-formula> is replenished in the tissue microenvironment through blood inflow and also is recycled from intracellular stores of cells that have died <xref ref-type="bibr" rid="pone.0028576-Biological1">[11]</xref>, <xref ref-type="bibr" rid="pone.0028576-Elser1">[12]</xref>. It is consumed by the cells, becoming intracellular carbon, based on differences in concentration between <inline-formula><inline-graphic mimetype="image" xlink:href="info:doi/10.1371/journal.pone.0028576.e014" xlink:type="simple"/></inline-formula> and <inline-formula><inline-graphic mimetype="image" xlink:href="info:doi/10.1371/journal.pone.0028576.e015" xlink:type="simple"/></inline-formula>. Different cells can consume carbon at different rates: glycolytic cells get less energy per one molecule of glucose, but their rate of carbon uptake is much greater due to upregulation of glucose transporters in the cell membrane <xref ref-type="bibr" rid="pone.0028576-Ganapathy1">[18]</xref>. This is accounted for by the parameter <inline-formula><inline-graphic mimetype="image" xlink:href="info:doi/10.1371/journal.pone.0028576.e016" xlink:type="simple"/></inline-formula>. The consumed extracellular carbon is then metabolized by the cells; the higher efficiency of metabolism by aerobic cells is accounted for by the parameter <inline-formula><inline-graphic mimetype="image" xlink:href="info:doi/10.1371/journal.pone.0028576.e017" xlink:type="simple"/></inline-formula>.</p>
        <p>Taking into account all of these assumptions, the model becomes System<disp-formula><graphic mimetype="image" position="float" xlink:href="info:doi/10.1371/journal.pone.0028576.e018" xlink:type="simple"/><label>(1)</label></disp-formula></p>
        <p>A detailed model derivation is given in <xref ref-type="supplementary-material" rid="pone.0028576.s001">Appendix S1</xref>. The summary and description of all parameters is given in <xref ref-type="table" rid="pone-0028576-t001">Table 1</xref>, and the general overview of the proposed mechanism is given in <xref ref-type="fig" rid="pone-0028576-g001">Figure 1</xref>.</p>
        <fig id="pone-0028576-g001" position="float">
          <object-id pub-id-type="doi">10.1371/journal.pone.0028576.g001</object-id>
          <label>Figure 1</label>
          <caption>
            <title>Schematic diagram of the process described in System (1).</title>
          </caption>
          <graphic mimetype="image" position="float" xlink:href="info:doi/10.1371/journal.pone.0028576.g001" xlink:type="simple"/>
        </fig>
        <table-wrap id="pone-0028576-t001" position="float"><object-id pub-id-type="doi">10.1371/journal.pone.0028576.t001</object-id><label>Table 1</label><caption>
            <title>Summary of variables and parameters used throughout the paper.</title>
          </caption><!--===== Grouping alternate versions of objects =====--><alternatives><graphic id="pone-0028576-t001-1" mimetype="image" position="float" xlink:href="info:doi/10.1371/journal.pone.0028576.t001" xlink:type="simple"/><table>
            <colgroup span="1">
              <col align="left" span="1"/>
              <col align="center" span="1"/>
              <col align="center" span="1"/>
            </colgroup>
            <thead>
              <tr>
                <td align="left" colspan="1" rowspan="1">Variable/Parameter</td>
                <td align="left" colspan="1" rowspan="1">Meaning</td>
                <td align="left" colspan="1" rowspan="1">Range</td>
              </tr>
            </thead>
            <tbody>
              <tr>
                <td align="left" colspan="1" rowspan="1">
                  <inline-formula><inline-graphic mimetype="image" xlink:href="info:doi/10.1371/journal.pone.0028576.e019" xlink:type="simple"/></inline-formula>
                </td>
                <td align="left" colspan="1" rowspan="1">proportion of glycolytic cells</td>
                <td align="left" colspan="1" rowspan="1">
                  <inline-formula><inline-graphic mimetype="image" xlink:href="info:doi/10.1371/journal.pone.0028576.e020" xlink:type="simple"/></inline-formula>
                </td>
              </tr>
              <tr>
                <td align="left" colspan="1" rowspan="1">
                  <inline-formula><inline-graphic mimetype="image" xlink:href="info:doi/10.1371/journal.pone.0028576.e021" xlink:type="simple"/></inline-formula>
                </td>
                <td align="left" colspan="1" rowspan="1">growth rate of aerobic cells</td>
                <td align="left" colspan="1" rowspan="1">
                  <inline-formula><inline-graphic mimetype="image" xlink:href="info:doi/10.1371/journal.pone.0028576.e022" xlink:type="simple"/></inline-formula>
                </td>
              </tr>
              <tr>
                <td align="left" colspan="1" rowspan="1">
                  <inline-formula><inline-graphic mimetype="image" xlink:href="info:doi/10.1371/journal.pone.0028576.e023" xlink:type="simple"/></inline-formula>
                </td>
                <td align="left" colspan="1" rowspan="1">growth rate of glycolytic cells</td>
                <td align="left" colspan="1" rowspan="1">
                  <inline-formula><inline-graphic mimetype="image" xlink:href="info:doi/10.1371/journal.pone.0028576.e024" xlink:type="simple"/></inline-formula>
                </td>
              </tr>
              <tr>
                <td align="left" colspan="1" rowspan="1">
                  <inline-formula><inline-graphic mimetype="image" xlink:href="info:doi/10.1371/journal.pone.0028576.e025" xlink:type="simple"/></inline-formula>
                </td>
                <td align="left" colspan="1" rowspan="1">scaling constant to account for higher efficiency of aerobic metabolism (2 ATP vs <inline-formula><inline-graphic mimetype="image" xlink:href="info:doi/10.1371/journal.pone.0028576.e026" xlink:type="simple"/></inline-formula>30 ATP)</td>
                <td align="left" colspan="1" rowspan="1">
                  <inline-formula><inline-graphic mimetype="image" xlink:href="info:doi/10.1371/journal.pone.0028576.e027" xlink:type="simple"/></inline-formula>
                </td>
              </tr>
              <tr>
                <td align="left" colspan="1" rowspan="1">
                  <inline-formula><inline-graphic mimetype="image" xlink:href="info:doi/10.1371/journal.pone.0028576.e028" xlink:type="simple"/></inline-formula>
                </td>
                <td align="left" colspan="1" rowspan="1">oxygen availablity (normal blood oxygen is 20%, hypoxia occurs around 2–5%)</td>
                <td align="left" colspan="1" rowspan="1">
                  <inline-formula><inline-graphic mimetype="image" xlink:href="info:doi/10.1371/journal.pone.0028576.e029" xlink:type="simple"/></inline-formula>
                </td>
              </tr>
              <tr>
                <td align="left" colspan="1" rowspan="1">
                  <inline-formula><inline-graphic mimetype="image" xlink:href="info:doi/10.1371/journal.pone.0028576.e030" xlink:type="simple"/></inline-formula>
                </td>
                <td align="left" colspan="1" rowspan="1">natural cell death rate</td>
                <td align="left" colspan="1" rowspan="1">
                  <inline-formula><inline-graphic mimetype="image" xlink:href="info:doi/10.1371/journal.pone.0028576.e031" xlink:type="simple"/></inline-formula>
                </td>
              </tr>
              <tr>
                <td align="left" colspan="1" rowspan="1">
                  <inline-formula><inline-graphic mimetype="image" xlink:href="info:doi/10.1371/journal.pone.0028576.e032" xlink:type="simple"/></inline-formula>
                </td>
                <td align="left" colspan="1" rowspan="1">rate of resource consumption</td>
                <td align="left" colspan="1" rowspan="1">
                  <inline-formula><inline-graphic mimetype="image" xlink:href="info:doi/10.1371/journal.pone.0028576.e033" xlink:type="simple"/></inline-formula>
                </td>
              </tr>
              <tr>
                <td align="left" colspan="1" rowspan="1">
                  <inline-formula><inline-graphic mimetype="image" xlink:href="info:doi/10.1371/journal.pone.0028576.e034" xlink:type="simple"/></inline-formula>
                </td>
                <td align="left" colspan="1" rowspan="1">rate of external carbon inflow (normal carbon concentration in the blood is <inline-formula><inline-graphic mimetype="image" xlink:href="info:doi/10.1371/journal.pone.0028576.e035" xlink:type="simple"/></inline-formula>)</td>
                <td align="left" colspan="1" rowspan="1">
                  <inline-formula><inline-graphic mimetype="image" xlink:href="info:doi/10.1371/journal.pone.0028576.e036" xlink:type="simple"/></inline-formula>
                </td>
              </tr>
              <tr>
                <td align="left" colspan="1" rowspan="1">
                  <inline-formula><inline-graphic mimetype="image" xlink:href="info:doi/10.1371/journal.pone.0028576.e037" xlink:type="simple"/></inline-formula>
                </td>
                <td align="left" colspan="1" rowspan="1">saturation constant for carbonuptake by the cells</td>
                <td align="left" colspan="1" rowspan="1">
                  <inline-formula><inline-graphic mimetype="image" xlink:href="info:doi/10.1371/journal.pone.0028576.e038" xlink:type="simple"/></inline-formula>
                </td>
              </tr>
              <tr>
                <td align="left" colspan="1" rowspan="1">
                  <inline-formula><inline-graphic mimetype="image" xlink:href="info:doi/10.1371/journal.pone.0028576.e039" xlink:type="simple"/></inline-formula>
                </td>
                <td align="left" colspan="1" rowspan="1">scaling constant for how muchcarbon is metabolized by cells</td>
                <td align="left" colspan="1" rowspan="1">
                  <inline-formula><inline-graphic mimetype="image" xlink:href="info:doi/10.1371/journal.pone.0028576.e040" xlink:type="simple"/></inline-formula>
                </td>
              </tr>
              <tr>
                <td align="left" colspan="1" rowspan="1">
                  <inline-formula><inline-graphic mimetype="image" xlink:href="info:doi/10.1371/journal.pone.0028576.e041" xlink:type="simple"/></inline-formula>
                </td>
                <td align="left" colspan="1" rowspan="1">rate of carbon uptake by aerobic cells</td>
                <td align="left" colspan="1" rowspan="1">
                  <inline-formula><inline-graphic mimetype="image" xlink:href="info:doi/10.1371/journal.pone.0028576.e042" xlink:type="simple"/></inline-formula>
                </td>
              </tr>
              <tr>
                <td align="left" colspan="1" rowspan="1">
                  <inline-formula><inline-graphic mimetype="image" xlink:href="info:doi/10.1371/journal.pone.0028576.e043" xlink:type="simple"/></inline-formula>
                </td>
                <td align="left" colspan="1" rowspan="1">rate of carbon uptake by glycolytic cells</td>
                <td align="left" colspan="1" rowspan="1">
                  <inline-formula><inline-graphic mimetype="image" xlink:href="info:doi/10.1371/journal.pone.0028576.e044" xlink:type="simple"/></inline-formula>
                </td>
              </tr>
              <tr>
                <td align="left" colspan="1" rowspan="1">
                  <inline-formula><inline-graphic mimetype="image" xlink:href="info:doi/10.1371/journal.pone.0028576.e045" xlink:type="simple"/></inline-formula>
                </td>
                <td align="left" colspan="1" rowspan="1">lower boundary value of parameter <inline-formula><inline-graphic mimetype="image" xlink:href="info:doi/10.1371/journal.pone.0028576.e046" xlink:type="simple"/></inline-formula></td>
                <td align="left" colspan="1" rowspan="1">
                  <inline-formula><inline-graphic mimetype="image" xlink:href="info:doi/10.1371/journal.pone.0028576.e047" xlink:type="simple"/></inline-formula>
                </td>
              </tr>
              <tr>
                <td align="left" colspan="1" rowspan="1">
                  <inline-formula><inline-graphic mimetype="image" xlink:href="info:doi/10.1371/journal.pone.0028576.e048" xlink:type="simple"/></inline-formula>
                </td>
                <td align="left" colspan="1" rowspan="1">toxicity induced cell mortality</td>
                <td align="left" colspan="1" rowspan="1">
                  <inline-formula><inline-graphic mimetype="image" xlink:href="info:doi/10.1371/journal.pone.0028576.e049" xlink:type="simple"/></inline-formula>
                </td>
              </tr>
            </tbody>
          </table></alternatives></table-wrap>
        <p>Each cell clone <inline-formula><inline-graphic mimetype="image" xlink:href="info:doi/10.1371/journal.pone.0028576.e050" xlink:type="simple"/></inline-formula> tries to maximize its fitness by metabolizing glucose either aerobically or glycolytically. Depending on initial population composition, on intrinsic growth and death rates, and the amount of carbon available, the clones are selected depending on which metabolic strategy maximizes their overall growth rate per cell, reflected through the value of  <inline-formula><inline-graphic mimetype="image" xlink:href="info:doi/10.1371/journal.pone.0028576.e051" xlink:type="simple"/></inline-formula>. Relative positions of the two growth curves with respect to resource availability are shown in <xref ref-type="fig" rid="pone-0028576-g002">Figure 2</xref>.</p>
        <fig id="pone-0028576-g002" position="float">
          <object-id pub-id-type="doi">10.1371/journal.pone.0028576.g002</object-id>
          <label>Figure 2</label>
          <caption>
            <title>Relative positions of growth rates for aerobic and glycolytic cell clones.</title>
            <p>Growth rates for aerobic (<inline-formula><inline-graphic mimetype="image" xlink:href="info:doi/10.1371/journal.pone.0028576.e052" xlink:type="simple"/></inline-formula>, solid blue line) and glycolytic (<inline-formula><inline-graphic mimetype="image" xlink:href="info:doi/10.1371/journal.pone.0028576.e053" xlink:type="simple"/></inline-formula>, dashed lines) cell clones are compared for different initial states of the microenvironment (amount of resource <inline-formula><inline-graphic mimetype="image" xlink:href="info:doi/10.1371/journal.pone.0028576.e054" xlink:type="simple"/></inline-formula> and amount of oxygen <inline-formula><inline-graphic mimetype="image" xlink:href="info:doi/10.1371/journal.pone.0028576.e055" xlink:type="simple"/></inline-formula> and different relative intrinsic growth rates <inline-formula><inline-graphic mimetype="image" xlink:href="info:doi/10.1371/journal.pone.0028576.e056" xlink:type="simple"/></inline-formula>and <inline-formula><inline-graphic mimetype="image" xlink:href="info:doi/10.1371/journal.pone.0028576.e057" xlink:type="simple"/></inline-formula>. One can see that different clone types have higher fitness relative to each other depending on carbon (<inline-formula><inline-graphic mimetype="image" xlink:href="info:doi/10.1371/journal.pone.0028576.e058" xlink:type="simple"/></inline-formula>) and oxygen (<inline-formula><inline-graphic mimetype="image" xlink:href="info:doi/10.1371/journal.pone.0028576.e059" xlink:type="simple"/></inline-formula>) availability and the values of intrinsic parameters <inline-formula><inline-graphic mimetype="image" xlink:href="info:doi/10.1371/journal.pone.0028576.e060" xlink:type="simple"/></inline-formula> and <inline-formula><inline-graphic mimetype="image" xlink:href="info:doi/10.1371/journal.pone.0028576.e061" xlink:type="simple"/></inline-formula>.</p>
          </caption>
          <graphic mimetype="image" position="float" xlink:href="info:doi/10.1371/journal.pone.0028576.g002" xlink:type="simple"/>
        </fig>
      </sec>
      <sec id="s2b">
        <title>Modeling population heterogeneity</title>
        <p>In a heterogeneous population, where each cell is characterized by its own value of parameter <inline-formula><inline-graphic mimetype="image" xlink:href="info:doi/10.1371/journal.pone.0028576.e062" xlink:type="simple"/></inline-formula>, the mean number of glycolytic clones <inline-formula><inline-graphic mimetype="image" xlink:href="info:doi/10.1371/journal.pone.0028576.e063" xlink:type="simple"/></inline-formula> is a dynamic variable that can change over time. Therefore, the composition of a heterogeneous population of cells will also change as a result of the dynamics of other variables and will be different depending on initial conditions, parameter values, as well as the initial distribution of the clones within the population. (Note: in the current formulation, System (1) is an infinitely-dimensional system of ODEs. However, it can be reduced to a finitely-dimensional system of equations through addition of two keystone equations. The details of the transformation are described in <xref ref-type="supplementary-material" rid="pone.0028576.s002">Appendix S2</xref>; further references on the method can be found in <xref ref-type="bibr" rid="pone.0028576-Karev1">[19]</xref>)</p>
        <p>System (1) was solved numerically using Matlab R2010a in such a way as to evaluate, how the composition of the population, tracked through <inline-formula><inline-graphic mimetype="image" xlink:href="info:doi/10.1371/journal.pone.0028576.e064" xlink:type="simple"/></inline-formula>, changes over time in response to increasing inflow of extracellular carbon, achieved through systematic increase of parameter <inline-formula><inline-graphic mimetype="image" xlink:href="info:doi/10.1371/journal.pone.0028576.e065" xlink:type="simple"/></inline-formula> (external carbon inflow). The changes in <inline-formula><inline-graphic mimetype="image" xlink:href="info:doi/10.1371/journal.pone.0028576.e066" xlink:type="simple"/></inline-formula> in carbon-rich environments were also evaluated with respect to changes in oxygen levels (parameter <inline-formula><inline-graphic mimetype="image" xlink:href="info:doi/10.1371/journal.pone.0028576.e067" xlink:type="simple"/></inline-formula>), glucose uptake rates (changing relationship between parameters <inline-formula><inline-graphic mimetype="image" xlink:href="info:doi/10.1371/journal.pone.0028576.e068" xlink:type="simple"/></inline-formula> and <inline-formula><inline-graphic mimetype="image" xlink:href="info:doi/10.1371/journal.pone.0028576.e069" xlink:type="simple"/></inline-formula>), growth rates (<inline-formula><inline-graphic mimetype="image" xlink:href="info:doi/10.1371/journal.pone.0028576.e070" xlink:type="simple"/></inline-formula> and <inline-formula><inline-graphic mimetype="image" xlink:href="info:doi/10.1371/journal.pone.0028576.e071" xlink:type="simple"/></inline-formula>) and natural death rates (parameter <inline-formula><inline-graphic mimetype="image" xlink:href="info:doi/10.1371/journal.pone.0028576.e072" xlink:type="simple"/></inline-formula>).</p>
      </sec>
    </sec>
    <sec id="s3">
      <title>Results</title>
      <p>The initial distribution of clones within the population was taken to be truncated exponential with parameter <inline-formula><inline-graphic mimetype="image" xlink:href="info:doi/10.1371/journal.pone.0028576.e073" xlink:type="simple"/></inline-formula> restricted to the interval <inline-formula><inline-graphic mimetype="image" xlink:href="info:doi/10.1371/journal.pone.0028576.e074" xlink:type="simple"/></inline-formula>, and skewed towards <inline-formula><inline-graphic mimetype="image" xlink:href="info:doi/10.1371/journal.pone.0028576.e075" xlink:type="simple"/></inline-formula>, i.e., such that the vast majority of cells in the initial population are aerobic. This is to account for the differences in access to the oxygen and nutrients as a result of slight variations in distance from the blood vessels. Initial conditions and parameter values used for calculating numerical solutions are summarized in <xref ref-type="table" rid="pone-0028576-t002">Table 2</xref>, unless indicated otherwise.</p>
      <table-wrap id="pone-0028576-t002" position="float"><object-id pub-id-type="doi">10.1371/journal.pone.0028576.t002</object-id><label>Table 2</label><caption>
          <title>Sample parameter values.</title>
        </caption><!--===== Grouping alternate versions of objects =====--><alternatives><graphic id="pone-0028576-t002-2" mimetype="image" position="float" xlink:href="info:doi/10.1371/journal.pone.0028576.t002" xlink:type="simple"/><table>
          <colgroup span="1">
            <col align="left" span="1"/>
            <col align="center" span="1"/>
            <col align="center" span="1"/>
            <col align="center" span="1"/>
            <col align="center" span="1"/>
            <col align="center" span="1"/>
            <col align="center" span="1"/>
            <col align="center" span="1"/>
            <col align="center" span="1"/>
            <col align="center" span="1"/>
            <col align="center" span="1"/>
            <col align="center" span="1"/>
            <col align="center" span="1"/>
          </colgroup>
          <thead>
            <tr>
              <td align="left" colspan="1" rowspan="1">
                <inline-formula><inline-graphic mimetype="image" xlink:href="info:doi/10.1371/journal.pone.0028576.e076" xlink:type="simple"/></inline-formula>
              </td>
              <td align="left" colspan="1" rowspan="1">
                <inline-formula><inline-graphic mimetype="image" xlink:href="info:doi/10.1371/journal.pone.0028576.e077" xlink:type="simple"/></inline-formula>
              </td>
              <td align="left" colspan="1" rowspan="1">
                <inline-formula><inline-graphic mimetype="image" xlink:href="info:doi/10.1371/journal.pone.0028576.e078" xlink:type="simple"/></inline-formula>
              </td>
              <td align="left" colspan="1" rowspan="1">
                <inline-formula><inline-graphic mimetype="image" xlink:href="info:doi/10.1371/journal.pone.0028576.e079" xlink:type="simple"/></inline-formula>
              </td>
              <td align="left" colspan="1" rowspan="1">
                <inline-formula><inline-graphic mimetype="image" xlink:href="info:doi/10.1371/journal.pone.0028576.e080" xlink:type="simple"/></inline-formula>
              </td>
              <td align="left" colspan="1" rowspan="1">
                <inline-formula><inline-graphic mimetype="image" xlink:href="info:doi/10.1371/journal.pone.0028576.e081" xlink:type="simple"/></inline-formula>
              </td>
              <td align="left" colspan="1" rowspan="1">
                <inline-formula><inline-graphic mimetype="image" xlink:href="info:doi/10.1371/journal.pone.0028576.e082" xlink:type="simple"/></inline-formula>
              </td>
              <td align="left" colspan="1" rowspan="1">
                <inline-formula><inline-graphic mimetype="image" xlink:href="info:doi/10.1371/journal.pone.0028576.e083" xlink:type="simple"/></inline-formula>
              </td>
              <td align="left" colspan="1" rowspan="1">
                <inline-formula><inline-graphic mimetype="image" xlink:href="info:doi/10.1371/journal.pone.0028576.e084" xlink:type="simple"/></inline-formula>
              </td>
              <td align="left" colspan="1" rowspan="1">
                <inline-formula><inline-graphic mimetype="image" xlink:href="info:doi/10.1371/journal.pone.0028576.e085" xlink:type="simple"/></inline-formula>
              </td>
              <td align="left" colspan="1" rowspan="1">
                <inline-formula><inline-graphic mimetype="image" xlink:href="info:doi/10.1371/journal.pone.0028576.e086" xlink:type="simple"/></inline-formula>
              </td>
              <td align="left" colspan="1" rowspan="1">
                <inline-formula><inline-graphic mimetype="image" xlink:href="info:doi/10.1371/journal.pone.0028576.e087" xlink:type="simple"/></inline-formula>
              </td>
              <td align="left" colspan="1" rowspan="1">
                <inline-formula><inline-graphic mimetype="image" xlink:href="info:doi/10.1371/journal.pone.0028576.e088" xlink:type="simple"/></inline-formula>
              </td>
            </tr>
          </thead>
          <tbody>
            <tr>
              <td align="left" colspan="1" rowspan="1">10.0</td>
              <td align="left" colspan="1" rowspan="1">10.6</td>
              <td align="left" colspan="1" rowspan="1">1.3</td>
              <td align="left" colspan="1" rowspan="1">0.03</td>
              <td align="left" colspan="1" rowspan="1">0.2</td>
              <td align="left" colspan="1" rowspan="1">0.22</td>
              <td align="left" colspan="1" rowspan="1">0.1</td>
              <td align="left" colspan="1" rowspan="1">0.2</td>
              <td align="left" colspan="1" rowspan="1">15</td>
              <td align="left" colspan="1" rowspan="1">0.056</td>
              <td align="left" colspan="1" rowspan="1">0.2</td>
              <td align="left" colspan="1" rowspan="1">1.1</td>
              <td align="left" colspan="1" rowspan="1">1.0</td>
            </tr>
          </tbody>
        </table></alternatives></table-wrap>
      <p>The results of all the calculations are presented using four types of graphs. The first type of graph depicts the changes in the proportion of glycolytic cells in the population <inline-formula><inline-graphic mimetype="image" xlink:href="info:doi/10.1371/journal.pone.0028576.e089" xlink:type="simple"/></inline-formula> over time under variation of parameters that represent intrinsic properties of cells (proliferation, death, resource uptake rates, etc). On the second type of graph, external carbon inflow <inline-formula><inline-graphic mimetype="image" xlink:href="info:doi/10.1371/journal.pone.0028576.e090" xlink:type="simple"/></inline-formula> is varied and the value of <inline-formula><inline-graphic mimetype="image" xlink:href="info:doi/10.1371/journal.pone.0028576.e091" xlink:type="simple"/></inline-formula> is recorded at <inline-formula><inline-graphic mimetype="image" xlink:href="info:doi/10.1371/journal.pone.0028576.e092" xlink:type="simple"/></inline-formula> as the values of intrinsic parameters are varied. This is done to uniformly measure the effects of changes in external factors (nutrient availability) on glycolytic expansion; time point <inline-formula><inline-graphic mimetype="image" xlink:href="info:doi/10.1371/journal.pone.0028576.e093" xlink:type="simple"/></inline-formula> is chosen arbitrarily. The third type of graph is a 3-dimensional representation of how <inline-formula><inline-graphic mimetype="image" xlink:href="info:doi/10.1371/journal.pone.0028576.e094" xlink:type="simple"/></inline-formula> changes over time under different values of <inline-formula><inline-graphic mimetype="image" xlink:href="info:doi/10.1371/journal.pone.0028576.e095" xlink:type="simple"/></inline-formula>. Finally, the fourth type of graph depicts the change in the distribution of clones with respect to strategy choice, over time.</p>
      <p>At first the effects of changes in intrinsic growth rates were evaluated (see <xref ref-type="fig" rid="pone-0028576-g003">Figure 3</xref>). It can be observed that while, naturally, higher growth rates of anaerobic cells will always lead to increased proportion of glycolytic cells in the population (<xref ref-type="fig" rid="pone-0028576-g003">Figure 3a</xref>), increases in the rates of external carbon inflow <inline-formula><inline-graphic mimetype="image" xlink:href="info:doi/10.1371/journal.pone.0028576.e096" xlink:type="simple"/></inline-formula> accelerate this process dramatically (<xref ref-type="fig" rid="pone-0028576-g003">Figure 3b–d</xref>).</p>
      <fig id="pone-0028576-g003" position="float">
        <object-id pub-id-type="doi">10.1371/journal.pone.0028576.g003</object-id>
        <label>Figure 3</label>
        <caption>
          <title>Quantifying the effects of differences in growth rates of aerobic and glycolytic cell clones.</title>
          <p>(a) Changes in the mean number of glycolytic cells <inline-formula><inline-graphic mimetype="image" xlink:href="info:doi/10.1371/journal.pone.0028576.e097" xlink:type="simple"/></inline-formula> over time for <inline-formula><inline-graphic mimetype="image" xlink:href="info:doi/10.1371/journal.pone.0028576.e098" xlink:type="simple"/></inline-formula>, <inline-formula><inline-graphic mimetype="image" xlink:href="info:doi/10.1371/journal.pone.0028576.e099" xlink:type="simple"/></inline-formula> (b) <inline-formula><inline-graphic mimetype="image" xlink:href="info:doi/10.1371/journal.pone.0028576.e100" xlink:type="simple"/></inline-formula> at <inline-formula><inline-graphic mimetype="image" xlink:href="info:doi/10.1371/journal.pone.0028576.e101" xlink:type="simple"/></inline-formula> for <inline-formula><inline-graphic mimetype="image" xlink:href="info:doi/10.1371/journal.pone.0028576.e102" xlink:type="simple"/></inline-formula> varied from 5 to 600, evaluated for <inline-formula><inline-graphic mimetype="image" xlink:href="info:doi/10.1371/journal.pone.0028576.e103" xlink:type="simple"/></inline-formula> (c) Changes in <inline-formula><inline-graphic mimetype="image" xlink:href="info:doi/10.1371/journal.pone.0028576.e104" xlink:type="simple"/></inline-formula> over time with respect to differences in <inline-formula><inline-graphic mimetype="image" xlink:href="info:doi/10.1371/journal.pone.0028576.e105" xlink:type="simple"/></inline-formula> for <inline-formula><inline-graphic mimetype="image" xlink:href="info:doi/10.1371/journal.pone.0028576.e106" xlink:type="simple"/></inline-formula> (d) Changes in <inline-formula><inline-graphic mimetype="image" xlink:href="info:doi/10.1371/journal.pone.0028576.e107" xlink:type="simple"/></inline-formula> over time with respect to differences in <inline-formula><inline-graphic mimetype="image" xlink:href="info:doi/10.1371/journal.pone.0028576.e108" xlink:type="simple"/></inline-formula> for <inline-formula><inline-graphic mimetype="image" xlink:href="info:doi/10.1371/journal.pone.0028576.e109" xlink:type="simple"/></inline-formula>.</p>
        </caption>
        <graphic mimetype="image" position="float" xlink:href="info:doi/10.1371/journal.pone.0028576.g003" xlink:type="simple"/>
      </fig>
      <p>The effects of oxygen availability, accounted for with parameter <inline-formula><inline-graphic mimetype="image" xlink:href="info:doi/10.1371/journal.pone.0028576.e110" xlink:type="simple"/></inline-formula>, were evaluated in <xref ref-type="fig" rid="pone-0028576-g004">Figure 4</xref>, and in particular, the question of whether oxygen deprivation will have more or less effect on glycolytic expansion than increased carbon inflow. As anticipated, lower <inline-formula><inline-graphic mimetype="image" xlink:href="info:doi/10.1371/journal.pone.0028576.e111" xlink:type="simple"/></inline-formula> resulted in faster growth of glycolytic cells (<xref ref-type="fig" rid="pone-0028576-g004">Figure 4a</xref>). However, increases in carbon inflow resulted in nearly as much of glycolytic expansion as was caused by oxygen deprivation (<xref ref-type="fig" rid="pone-0028576-g004">Figure 4b–d</xref>), which suggests that under nutritionally favorable conditions benefits of glycolysis do indeed outweigh its drawbacks.</p>
      <fig id="pone-0028576-g004" position="float">
        <object-id pub-id-type="doi">10.1371/journal.pone.0028576.g004</object-id>
        <label>Figure 4</label>
        <caption>
          <title>Quantifying the effects of oxygen availability on the growth of aerobic and glycolytic cell clones.</title>
          <p>(a) Changes in the mean number of glycolytic cells <inline-formula><inline-graphic mimetype="image" xlink:href="info:doi/10.1371/journal.pone.0028576.e112" xlink:type="simple"/></inline-formula> over time for <inline-formula><inline-graphic mimetype="image" xlink:href="info:doi/10.1371/journal.pone.0028576.e113" xlink:type="simple"/></inline-formula> (b) <inline-formula><inline-graphic mimetype="image" xlink:href="info:doi/10.1371/journal.pone.0028576.e114" xlink:type="simple"/></inline-formula> at <inline-formula><inline-graphic mimetype="image" xlink:href="info:doi/10.1371/journal.pone.0028576.e115" xlink:type="simple"/></inline-formula> for <inline-formula><inline-graphic mimetype="image" xlink:href="info:doi/10.1371/journal.pone.0028576.e116" xlink:type="simple"/></inline-formula> varied from 5 to 600, evaluated for <inline-formula><inline-graphic mimetype="image" xlink:href="info:doi/10.1371/journal.pone.0028576.e117" xlink:type="simple"/></inline-formula> (c) Changes in <inline-formula><inline-graphic mimetype="image" xlink:href="info:doi/10.1371/journal.pone.0028576.e118" xlink:type="simple"/></inline-formula> over time with respect to differences in <inline-formula><inline-graphic mimetype="image" xlink:href="info:doi/10.1371/journal.pone.0028576.e119" xlink:type="simple"/></inline-formula> for <inline-formula><inline-graphic mimetype="image" xlink:href="info:doi/10.1371/journal.pone.0028576.e120" xlink:type="simple"/></inline-formula> (d) Changes in <inline-formula><inline-graphic mimetype="image" xlink:href="info:doi/10.1371/journal.pone.0028576.e121" xlink:type="simple"/></inline-formula> over time with respect to differences in <inline-formula><inline-graphic mimetype="image" xlink:href="info:doi/10.1371/journal.pone.0028576.e122" xlink:type="simple"/></inline-formula> for <inline-formula><inline-graphic mimetype="image" xlink:href="info:doi/10.1371/journal.pone.0028576.e123" xlink:type="simple"/></inline-formula>.</p>
        </caption>
        <graphic mimetype="image" position="float" xlink:href="info:doi/10.1371/journal.pone.0028576.g004" xlink:type="simple"/>
      </fig>
      <p>Next, the effects in changes of natural cell death rates were evaluated. Interestingly, decreasing the value of parameter <inline-formula><inline-graphic mimetype="image" xlink:href="info:doi/10.1371/journal.pone.0028576.e124" xlink:type="simple"/></inline-formula> actually slowed down glycolytic expansion (<xref ref-type="fig" rid="pone-0028576-g005">Figure 5</xref>). That is, lower death rates are in fact less advantageous for glycolytic cells at this stage of tumor development. This effect could be due to the fact that higher cell death rates imply higher cell turnover within the population, thus actually speeding up the selective process. Lower death rates on the contrary cause a delay in the progression of the evolutionary process.</p>
      <fig id="pone-0028576-g005" position="float">
        <object-id pub-id-type="doi">10.1371/journal.pone.0028576.g005</object-id>
        <label>Figure 5</label>
        <caption>
          <title>Quantifying the effects of natural death rates on the changes in proportion of glycolytic cell clones in the population.</title>
          <p>(a) Changes in the mean number of glycolytic cells <inline-formula><inline-graphic mimetype="image" xlink:href="info:doi/10.1371/journal.pone.0028576.e125" xlink:type="simple"/></inline-formula> over time for (b) <inline-formula><inline-graphic mimetype="image" xlink:href="info:doi/10.1371/journal.pone.0028576.e126" xlink:type="simple"/></inline-formula> at <inline-formula><inline-graphic mimetype="image" xlink:href="info:doi/10.1371/journal.pone.0028576.e127" xlink:type="simple"/></inline-formula> for <inline-formula><inline-graphic mimetype="image" xlink:href="info:doi/10.1371/journal.pone.0028576.e128" xlink:type="simple"/></inline-formula> varied from 5 to 600, evaluated for <inline-formula><inline-graphic mimetype="image" xlink:href="info:doi/10.1371/journal.pone.0028576.e129" xlink:type="simple"/></inline-formula> (c) Changes in <inline-formula><inline-graphic mimetype="image" xlink:href="info:doi/10.1371/journal.pone.0028576.e130" xlink:type="simple"/></inline-formula> over time with respect to differences in <inline-formula><inline-graphic mimetype="image" xlink:href="info:doi/10.1371/journal.pone.0028576.e131" xlink:type="simple"/></inline-formula> for <inline-formula><inline-graphic mimetype="image" xlink:href="info:doi/10.1371/journal.pone.0028576.e132" xlink:type="simple"/></inline-formula> (d) Changes in <inline-formula><inline-graphic mimetype="image" xlink:href="info:doi/10.1371/journal.pone.0028576.e133" xlink:type="simple"/></inline-formula> over time with respect to differences in <inline-formula><inline-graphic mimetype="image" xlink:href="info:doi/10.1371/journal.pone.0028576.e134" xlink:type="simple"/></inline-formula> for <inline-formula><inline-graphic mimetype="image" xlink:href="info:doi/10.1371/journal.pone.0028576.e135" xlink:type="simple"/></inline-formula>.</p>
        </caption>
        <graphic mimetype="image" position="float" xlink:href="info:doi/10.1371/journal.pone.0028576.g005" xlink:type="simple"/>
      </fig>
      <p>The effects of differences in nutrient uptake rates were evaluated, since cancer cells have been observed to consume extracellular carbon much quicker than aerobic cells, with uptake rates between the two types differing as much as 10–20 times <xref ref-type="bibr" rid="pone.0028576-Ganapathy1">[18]</xref>. The question here was whether upregulation of glucose transporters would be enough to give cancer cells significantly greater selective advantage, everything else being equal. It can be observed in <xref ref-type="fig" rid="pone-0028576-g006">Figure 6</xref> that even thirty-fold increase in the rates of glucose uptake by the glycolytic cells does not make much of a difference in terms of when exactly the rapid increase in the mean of <inline-formula><inline-graphic mimetype="image" xlink:href="info:doi/10.1371/journal.pone.0028576.e136" xlink:type="simple"/></inline-formula> will occur. However, it does raise the maximum value that is reached at higher glucose concentrations. This suggests that upregulation of glucose transporters in glycolytic cells is an adaptation rather than the driving force behind Warburg effect, and therefore therapies targeting glucose transporters would probably not be very effective.</p>
      <fig id="pone-0028576-g006" position="float">
        <object-id pub-id-type="doi">10.1371/journal.pone.0028576.g006</object-id>
        <label>Figure 6</label>
        <caption>
          <title>Quantifying the effects of differences in resource uptake rates on the changes in proportion of glycolytic cell clones in the population.</title>
          <p>(a) Changes in the mean number of glycolytic cells <inline-formula><inline-graphic mimetype="image" xlink:href="info:doi/10.1371/journal.pone.0028576.e137" xlink:type="simple"/></inline-formula> over time for <inline-formula><inline-graphic mimetype="image" xlink:href="info:doi/10.1371/journal.pone.0028576.e138" xlink:type="simple"/></inline-formula>, <inline-formula><inline-graphic mimetype="image" xlink:href="info:doi/10.1371/journal.pone.0028576.e139" xlink:type="simple"/></inline-formula> (note the scale on y-axis) (b) <inline-formula><inline-graphic mimetype="image" xlink:href="info:doi/10.1371/journal.pone.0028576.e140" xlink:type="simple"/></inline-formula> at <inline-formula><inline-graphic mimetype="image" xlink:href="info:doi/10.1371/journal.pone.0028576.e141" xlink:type="simple"/></inline-formula> for <inline-formula><inline-graphic mimetype="image" xlink:href="info:doi/10.1371/journal.pone.0028576.e142" xlink:type="simple"/></inline-formula> varied from 5 to 600, evaluated for <inline-formula><inline-graphic mimetype="image" xlink:href="info:doi/10.1371/journal.pone.0028576.e143" xlink:type="simple"/></inline-formula>(note the scale on y-axis) (c) Changes in <inline-formula><inline-graphic mimetype="image" xlink:href="info:doi/10.1371/journal.pone.0028576.e144" xlink:type="simple"/></inline-formula> over time with respect to differences in <inline-formula><inline-graphic mimetype="image" xlink:href="info:doi/10.1371/journal.pone.0028576.e145" xlink:type="simple"/></inline-formula> for <inline-formula><inline-graphic mimetype="image" xlink:href="info:doi/10.1371/journal.pone.0028576.e146" xlink:type="simple"/></inline-formula>, <inline-formula><inline-graphic mimetype="image" xlink:href="info:doi/10.1371/journal.pone.0028576.e147" xlink:type="simple"/></inline-formula> (d) Changes in <inline-formula><inline-graphic mimetype="image" xlink:href="info:doi/10.1371/journal.pone.0028576.e148" xlink:type="simple"/></inline-formula> over time with respect to differences in <inline-formula><inline-graphic mimetype="image" xlink:href="info:doi/10.1371/journal.pone.0028576.e149" xlink:type="simple"/></inline-formula> for <inline-formula><inline-graphic mimetype="image" xlink:href="info:doi/10.1371/journal.pone.0028576.e150" xlink:type="simple"/></inline-formula>.</p>
        </caption>
        <graphic mimetype="image" position="float" xlink:href="info:doi/10.1371/journal.pone.0028576.g006" xlink:type="simple"/>
      </fig>
      <sec id="s3a">
        <title>Modeling evolutionary suicide</title>
        <p>Until now we have been focusing only on the question of whether the increased availability of nutrients can in fact allow the population of glycolytic cells to expand despite the metabolic inefficiency of glycolysis. Now, we would like to consider a case when the increased number of glycolytic cells in the population yields enough lactic acid to be toxic to aerobic cells. This is accounted for through adding an extra death term to the equation that describes the dynamics of the cell population, as well as an additional inflow term in the equation for the changes in the concentration of extracellular carbon, accounting for carbon that is recycled through cell death. On <xref ref-type="fig" rid="pone-0028576-g007">Figure 7</xref> one can see that under given parameter values, the population initially increases in size, but as the proportion of glycolytic cells reaches <inline-formula><inline-graphic mimetype="image" xlink:href="info:doi/10.1371/journal.pone.0028576.e151" xlink:type="simple"/></inline-formula>, the toxicity from lactic acid becomes higher than cell growth rates. This can be interpreted as the cells committing evolutionary suicide through being overly efficient competitors.</p>
        <fig id="pone-0028576-g007" position="float">
          <object-id pub-id-type="doi">10.1371/journal.pone.0028576.g007</object-id>
          <label>Figure 7</label>
          <caption>
            <title>Evolutionary suicide can occur when the proportion of glycolytic cells <inline-formula><inline-graphic mimetype="image" xlink:href="info:doi/10.1371/journal.pone.0028576.e152" xlink:type="simple"/></inline-formula> within the total cell population reaches approximately 10% under given parameter values.</title>
            <p>Trajectories depict (a) the changes in the mean value of glycolytic cells in the population <inline-formula><inline-graphic mimetype="image" xlink:href="info:doi/10.1371/journal.pone.0028576.e153" xlink:type="simple"/></inline-formula> (b) extracellular carbon <inline-formula><inline-graphic mimetype="image" xlink:href="info:doi/10.1371/journal.pone.0028576.e154" xlink:type="simple"/></inline-formula>, (c) intracellular carbon <inline-formula><inline-graphic mimetype="image" xlink:href="info:doi/10.1371/journal.pone.0028576.e155" xlink:type="simple"/></inline-formula>, (d) total population size <inline-formula><inline-graphic mimetype="image" xlink:href="info:doi/10.1371/journal.pone.0028576.e156" xlink:type="simple"/></inline-formula> over time and (e) the distribution of cell clones <inline-formula><inline-graphic mimetype="image" xlink:href="info:doi/10.1371/journal.pone.0028576.e157" xlink:type="simple"/></inline-formula> changing over time.</p>
          </caption>
          <graphic mimetype="image" position="float" xlink:href="info:doi/10.1371/journal.pone.0028576.g007" xlink:type="simple"/>
        </fig>
      </sec>
    </sec>
    <sec id="s4">
      <title>Discussion</title>
      <p>From the point of view of game theory, tumor cells are playing a game of prisoner's dilemma both with somatic cells and with each other. If there are no limitations on oxygen availability, i.e., no severe pressure to choose one metabolic strategy over the other, then the payoffs for aerobic and glycolytic cells are measured in terms of efficiency of metabolism (getting more energy per same amount of glucose) and competitive ability (creating a microenvironment that will be toxic to competitors). It two cells are playing the game of prisoner's dilemma, then one can see using aerobic metabolism as “defecting” and glycolytic as “cooperating” – the cells will get the competitive advantage only if enough of them cooperate. However, the stable equilibrium for the game of prisoner's dilemma is for both players to defect, i.e., for all cells to use aerobic metabolism.</p>
      <p>In this particular case one cannot change intrinsic payoffs for the players, i.e., the amount of ATP that each cell receives when it metabolizes glucose aerobically or glycolytically. However, one can change the environment in which they interact in such a way as to minimize the drawbacks of using the “cooperative” strategy. One such way is to supply enough resources for the anaerobic cells to not be held back by the inefficiency of glycolysis.</p>
      <p>In order to investigate whether increasing the amount of available nutrients can in fact push the cells out of the stable equilibrium, a mathematical model is proposed to track the change in composition of a parametrically heterogeneous population with respect to the choice of metabolic strategy, i.e., aerobic or glycolytic metabolism. The model is a three dimensional system of ordinary differential equations based on a mathematical model of a chemostat system <xref ref-type="bibr" rid="pone.0028576-Lange1">[20]</xref>. There are three state variables that are being kept track of: concentration of extracellular carbon, which is constantly replenished from some external source and is consumed based on difference of concentrations between extra and intracellular concentrations; concentration of intracellular carbon, which is metabolized more efficiently by aerobic cells; and a heterogeneous cell population composed of aerobic and glycolytic cells. The growth of aerobic cells is modeled in such a way as to be constrained both by carbon and oxygen availability. The growth of glycolytic cells is restrained solely by carbon. Parametric heterogeneity within the system is captured by assuming that each cell clone is characterized by an intrinsic value of parameter <inline-formula><inline-graphic mimetype="image" xlink:href="info:doi/10.1371/journal.pone.0028576.e158" xlink:type="simple"/></inline-formula>, which can range from 0 to 1. The initial distribution of cell clones is assumed to be truncated exponential on the interval <inline-formula><inline-graphic mimetype="image" xlink:href="info:doi/10.1371/journal.pone.0028576.e159" xlink:type="simple"/></inline-formula>, skewed towards <inline-formula><inline-graphic mimetype="image" xlink:href="info:doi/10.1371/journal.pone.0028576.e160" xlink:type="simple"/></inline-formula> such that a vast majority of clones in the initial cell population are aerobic. The change in population composition is tracked through the change in the mean value of the parameter <inline-formula><inline-graphic mimetype="image" xlink:href="info:doi/10.1371/journal.pone.0028576.e161" xlink:type="simple"/></inline-formula>, which in this formulation becomes a function of time and thus changes as the system evolves.</p>
      <p>Through computation of numerical solutions one could observe that increased inflow of extracellular carbon did indeed cause dramatic changes in the composition of cell population over time (Matlab code is available upon request). However, in order to see any changes in the composition of cell population, glycolytic cells had to have higher growth rates, even if only slightly. This suggests that while increased nutrient availability cannot induce glycolytic switch, it can accelerate disease progression. Decreases in oxygen availability in nutrient-limited environment caused as much of a glycolytic expansion as did dramatic increases in external carbon inflow in normoxic conditions (<xref ref-type="fig" rid="pone-0028576-g004">Figure 4</xref>). It was also demonstrated that lower death rates actually slowed down tumor progression at this stage of tumorogenesis because of slower cell turnover rates; increases in death rates caused dramatic increases in the rate of glycolytic expansion because of increased cell turnover (<xref ref-type="fig" rid="pone-0028576-g005">Figure 5</xref>), which suggests that cytotoxic therapies would in fact speed up cancer progression. Finally, the effects of differences in resource uptake rates were evaluated, revealing that even 30-fold increases in carbon uptake rates by glycolytic clones do not have nearly as much effect on the rate of glycolytic expansion as do increases in external nutrient inflow.</p>
      <sec id="s4a">
        <title>The two games</title>
        <p>Staying within the aerobic-aerobic equilibrium of the metabolic prisoner's dilemma keeps the tumor (at least temporarily) from switching preferentially to glycolysis, which would lead to creating toxic microenvironment and facilitating metastatic invasion <xref ref-type="bibr" rid="pone.0028576-Gatenby2">[9]</xref>, <xref ref-type="bibr" rid="pone.0028576-Robey1">[21]</xref>. However, if the environment is changed enough, cells can push away towards glycolytic-glycolytic strategy (everything else being equal), eventually entering the domain of attraction of the stable equilibrium of another, larger game, which can lead to evolutionary suicide <xref ref-type="bibr" rid="pone.0028576-Rankin1">[22]</xref>. Now glycolytic cells that have become numerous enough are cooperating, jointly increasing the toxicity of the surrounding microenvironment, and becoming more efficient competitors as a group, eventually killing the host and consequently killing themselves.</p>
        <p>In the model, this is captured through introduction of the additional toxicity term that captures increased mortality of aerobic cells proportional to the amount of lactic acid secreted by glycolytic cells. Indeed, one can observe that the cell population initially grows, peaks and then eventually collapses, going to extinction (see <xref ref-type="fig" rid="pone-0028576-g007">Figure 7</xref>). So, the either equilibrium within the same game of prisoner's dilemma can become attracting not because of the changes in payoffs for each cell but due to different initial composition of the population of players, which happens solely through natural selection.</p>
      </sec>
      <sec id="s4b">
        <title>Tumors as complex adaptive systems</title>
        <p>One way to look at tumors is through the lens of complexity science. Complex systems are diverse and adaptive, and all parts within them are interconnected and interdependent <xref ref-type="bibr" rid="pone.0028576-Miller1">[23]</xref>. Tumors fit this definition: they are composed of genetically heterogeneous cells; they are interconnected and interdependent, competing for resources and space with each other and with somatic cells; and they are very adaptable to changes in their microenvironment.</p>
        <p>Complex systems are not nearly as predictable as just complicated systems (the ones that have all the characteristics of complex systems except adaptability). They are robust, and they can generate such phenomena as tipping points, which are thresholds of rapid phase transitions <xref ref-type="bibr" rid="pone.0028576-Miller1">[23]</xref>. For instance, in the proposed system, changes in the cell microenvironment induced selection for the “cooperative” glycolytic metabolic strategy, which can be viewed as an example of such a tipping point. This can lead to a rapid increase in the amount of lactic acid produced, which in turn can lead to a sudden increase in metastatic spread of the disease due to increased degradation of the extracellular membrane <xref ref-type="bibr" rid="pone.0028576-Gatenby2">[9]</xref>. On a larger scale, one can think of cachexia, nutritionally irreversible loss of body mass, which is often observed in terminal cancer patients, as an example of such a tipping point.</p>
        <p>Complex systems cannot be controlled but they can be harnessed, that is, even if one cannot change the intrinsic properties (or in case of game theory, payoffs) of the individual clones, or agents, in the complex systems, one can sometimes change the microenvironment in such a way as to direct system evolution in the desired direction (create an environment, where the players will “want” to choose the strategy that we want them to choose rather than try to force them to do so). For instance, in the metabolism experiment described here, it is the changes in the nutrient availability that enabled the shift within the system towards an otherwise unstable equilibrium (persistence of glycolytic metabolism) by decreasing the negative effect of glycolysis, i.e. low ATP yield, but keeping all of its benefits, i.e., better competitive ability (<xref ref-type="fig" rid="pone-0028576-g008">Figure 8</xref>).</p>
        <fig id="pone-0028576-g008" position="float">
          <object-id pub-id-type="doi">10.1371/journal.pone.0028576.g008</object-id>
          <label>Figure 8</label>
          <caption>
            <title>Changes in the microenvironment can lead to changes in population composition, which in turn can lead to the population evolving away from the dominant aerobic-aerobic “defecting” strategy, which keeps the system stable, to glycolytic-glycolytic “cooperation”, which can eventually lead to evolutionary suicide (cancer killing the patient and thus killing itself).</title>
          </caption>
          <graphic mimetype="image" position="float" xlink:href="info:doi/10.1371/journal.pone.0028576.g008" xlink:type="simple"/>
        </fig>
        <p>Reversing the changes that occurred as a result of surpassing a tipping point in complex systems is usually not possible because of the changes that will have already occurred to the population composition. That is, it is no longer the same “set of players” that is interacting, and therefore their threshold is most probably different. However, tipping points can be anticipated and sometimes even delayed. For instance, several prospective studies have shown that mortality from cancer was much lower in those individuals that had higher muscle mass, regardless of their body mass index (BMI), even though the incidence of cancer was the same (see, for instance, <xref ref-type="bibr" rid="pone.0028576-Hu1">[24]</xref>, <xref ref-type="bibr" rid="pone.0028576-Wright1">[25]</xref>). From the point of view of cell metabolism, this could be due to the fact that muscle cells have higher energy demands than other somatic cells, thus “beating” the glycolytic cells to the nutrients, delaying progression of the disease. So, while exercising will not affect the probability of the person getting cancer in the first place, it may reduce the risk of dying from it by pushing off the metabolic tipping point, surpassing which leads to cancer progression.</p>
      </sec>
      <sec id="s4c">
        <title>Conclusions</title>
        <p>Tumors are complex adaptive systems that consist of a large number of diverse, interconnected and interdependent cells that compete for space and nutrients both with the somatic cells and with each other. One of the measures of tumor diversity could be the type of metabolic strategy that the cell uses for converting glucose to energy: aerobic metabolism has a higher ATP yield and can be seen as an evolutionarily stable metabolic strategy, while glycolysis has a lower ATP yield but it increases the cells' competitive abilities through creating a toxic microenvironment. Tumor cells upregulate glycolysis even in the areas of ample oxygen supply (Warburg effect). It is hypothesized that the benefits of increased acidity of the microenvironment give a large enough payoff to glycolytic cancer cells to overcome the inefficiency of glycolysis. However, glycolytic cells can get this advantage only if enough of them simultaneously use this strategy.</p>
        <p>While it is not possible to change the intrinsic energetic payoffs for these cells, changing the microenvironment through providing increased amounts of nutrients can achieve this by decreasing the negative effects of glycolysis (compensating for low ATP yield by providing more carbon) without affecting the benefits (increased competitive ability through elevated lactic acid production). Here we demonstrate that while availability of excess nutrients cannot induce the glycolytic switch, it facilitates disease progression when some glycolytic cancer cells are already present in the population.</p>
        <p>It is a common viewpoint that somatic cells always cooperate and cancer cells are the ones that defect, rebelling against cell cooperation within the tissue. However, from the point of view of game theory, choosing aerobic metabolism is in fact a stable “defect-defect” equilibrium in the multi-player game of prisoner's dilemma. And it is the dominance of the defecting strategy that stabilizes the tissue, preventing (as long as possible) occasional glycolytic cooperators from committing evolutionary suicide.</p>
      </sec>
    </sec>
    <sec id="s5">
      <title>Supporting Information</title>
      <supplementary-material id="pone.0028576.s001" mimetype="application/pdf" position="float" xlink:href="info:doi/10.1371/journal.pone.0028576.s001" xlink:type="simple">
        <label>Appendix S1</label>
        <caption>
          <p>(PDF)</p>
        </caption>
      </supplementary-material>
      <supplementary-material id="pone.0028576.s002" mimetype="application/pdf" position="float" xlink:href="info:doi/10.1371/journal.pone.0028576.s002" xlink:type="simple">
        <label>Appendix S2</label>
        <caption>
          <p>(PDF)</p>
        </caption>
      </supplementary-material>
    </sec>
  </body>
  <back>
    <ack>
      <p>The author would like to thank John Nagy for his invaluable help in the formulation of the model.</p>
    </ack>
    <ref-list>
      <title>References</title>
      <ref id="pone.0028576-Preston1">
        <label>1</label>
        <element-citation publication-type="journal" xlink:type="simple">             <person-group person-group-type="author"><name name-style="western"><surname>Preston</surname><given-names>D</given-names></name><name name-style="western"><surname>Ron</surname><given-names>E</given-names></name><name name-style="western"><surname>Tokuoka</surname><given-names>S</given-names></name><name name-style="western"><surname>Funamoto</surname><given-names>S</given-names></name><name name-style="western"><surname>Nishi</surname><given-names>N</given-names></name><etal/></person-group>             <year>2007</year>             <article-title>Solid cancer incidence in atomic bomb survivors: 1958–1998.</article-title>             <source>Radiation research</source>             <volume>168</volume>             <fpage>1</fpage>             <lpage>64</lpage>          </element-citation>
      </ref>
      <ref id="pone.0028576-Kaelin1">
        <label>2</label>
        <element-citation publication-type="journal" xlink:type="simple">             <person-group person-group-type="author"><name name-style="western"><surname>Kaelin</surname><given-names>WG</given-names><suffix>Jr</suffix></name><name name-style="western"><surname>Thompson</surname><given-names>CB</given-names></name></person-group>             <year>2010</year>             <article-title>Clues from cell metabolism.</article-title>             <source>Nature</source>             <volume>465</volume>             <fpage>3</fpage>             <lpage>5</lpage>          </element-citation>
      </ref>
      <ref id="pone.0028576-VanderHeiden1">
        <label>3</label>
        <element-citation publication-type="journal" xlink:type="simple">             <person-group person-group-type="author"><name name-style="western"><surname>Vander Heiden</surname><given-names>MG</given-names></name><name name-style="western"><surname>Cantley</surname><given-names>LC</given-names></name><name name-style="western"><surname>Thomspon</surname><given-names>CB</given-names></name></person-group>             <year>2009</year>             <article-title>Understanding the Warburg effect: the metabolic requirements of cell proliferation.</article-title>             <source>Science (New York, NY)</source>             <volume>324</volume>             <fpage>1029</fpage>             <lpage>33</lpage>          </element-citation>
      </ref>
      <ref id="pone.0028576-Kim1">
        <label>4</label>
        <element-citation publication-type="journal" xlink:type="simple">             <person-group person-group-type="author"><name name-style="western"><surname>Kim</surname><given-names>Jw</given-names></name><name name-style="western"><surname>Dang</surname><given-names>CV</given-names></name></person-group>             <year>2006</year>             <article-title>Cancer's molecular sweet tooth and the Warburg effect.</article-title>             <source>Cancer research</source>             <volume>66</volume>             <fpage>8927</fpage>             <lpage>30</lpage>          </element-citation>
      </ref>
      <ref id="pone.0028576-Warburg1">
        <label>5</label>
        <element-citation publication-type="journal" xlink:type="simple">             <person-group person-group-type="author"><name name-style="western"><surname>Warburg</surname><given-names>O</given-names></name></person-group>             <year>1956</year>             <article-title>On the origin of cancer cells.</article-title>             <source>Science</source>             <volume>123</volume>             <fpage>309</fpage>             <lpage>314</lpage>          </element-citation>
      </ref>
      <ref id="pone.0028576-Weinberg1">
        <label>6</label>
        <element-citation publication-type="journal" xlink:type="simple">             <person-group person-group-type="author"><name name-style="western"><surname>Weinberg</surname><given-names>F</given-names></name><name name-style="western"><surname>Chandel</surname><given-names>N</given-names></name></person-group>             <year>2009</year>             <article-title>Mitochondrial metabolism and cancer.</article-title>             <source>Annals of the New York Academy of Sciences</source>             <volume>1177</volume>             <fpage>66</fpage>             <lpage>73</lpage>          </element-citation>
      </ref>
      <ref id="pone.0028576-Bonnet1">
        <label>7</label>
        <element-citation publication-type="journal" xlink:type="simple">             <person-group person-group-type="author"><name name-style="western"><surname>Bonnet</surname><given-names>S</given-names></name><name name-style="western"><surname>Archer</surname><given-names>SL</given-names></name><name name-style="western"><surname>Allalunis-Turner</surname><given-names>J</given-names></name><name name-style="western"><surname>Haromy</surname><given-names>A</given-names></name><name name-style="western"><surname>Beaulieu</surname><given-names>C</given-names></name><etal/></person-group>             <year>2007</year>             <article-title>A mitochondria-K+ channel axis is suppressed in cancer and its normalization promotes apoptosis and inhibits cancer growth.</article-title>             <source>Cancer cell</source>             <volume>11</volume>             <fpage>37</fpage>             <lpage>51</lpage>          </element-citation>
      </ref>
      <ref id="pone.0028576-Gatenby1">
        <label>8</label>
        <element-citation publication-type="journal" xlink:type="simple">             <person-group person-group-type="author"><name name-style="western"><surname>Gatenby</surname><given-names>Ra</given-names></name><name name-style="western"><surname>Gillies</surname><given-names>RJ</given-names></name></person-group>             <year>2008</year>             <article-title>A microenvironmental model of carcinogenesis.</article-title>             <source>Nature reviews Cancer</source>             <volume>8</volume>             <fpage>56</fpage>             <lpage>61</lpage>          </element-citation>
      </ref>
      <ref id="pone.0028576-Gatenby2">
        <label>9</label>
        <element-citation publication-type="journal" xlink:type="simple">             <person-group person-group-type="author"><name name-style="western"><surname>Gatenby</surname><given-names>Ra</given-names></name><name name-style="western"><surname>Gillies</surname><given-names>RJ</given-names></name></person-group>             <year>2004</year>             <article-title>Why do cancers have high aerobic glycolysis?</article-title>             <source>Nature reviews Cancer</source>             <volume>4</volume>             <fpage>891</fpage>             <lpage>9</lpage>          </element-citation>
      </ref>
      <ref id="pone.0028576-Pepper1">
        <label>10</label>
        <element-citation publication-type="journal" xlink:type="simple">             <person-group person-group-type="author"><name name-style="western"><surname>Pepper</surname><given-names>JW</given-names></name></person-group>             <year>2008</year>             <article-title>Defeating pathogen drug resistance: guidance from evolutionary theory.</article-title>             <source>Evolution; international journal of organic evolution</source>             <volume>62</volume>             <fpage>3185</fpage>             <lpage>91</lpage>          </element-citation>
      </ref>
      <ref id="pone.0028576-Biological1">
        <label>11</label>
        <element-citation publication-type="journal" xlink:type="simple">             <year>2007</year>             <article-title>Biological stoichiometry in human cancer.</article-title>             <source>PloS one</source>             <volume>2</volume>             <fpage>e1028</fpage>          </element-citation>
      </ref>
      <ref id="pone.0028576-Elser1">
        <label>12</label>
        <element-citation publication-type="journal" xlink:type="simple">             <person-group person-group-type="author"><name name-style="western"><surname>Elser</surname><given-names>JJ</given-names></name><name name-style="western"><surname>Nagy</surname><given-names>JD</given-names></name><name name-style="western"><surname>Kuang</surname><given-names>Y</given-names></name></person-group>             <year>2003</year>             <article-title>Biological Stoichiometry: An Ecological Perspective on Tumor Dynamics.</article-title>             <source>BioScience</source>             <volume>53</volume>             <fpage>1112</fpage>          </element-citation>
      </ref>
      <ref id="pone.0028576-Nash1">
        <label>13</label>
        <element-citation publication-type="journal" xlink:type="simple">             <person-group person-group-type="author"><name name-style="western"><surname>Nash</surname><given-names>J</given-names></name></person-group>             <year>1950</year>             <article-title>Equilibrium points in n-person games.</article-title>             <source>Proceedings of the National Academy of Sciences</source>             <volume>36</volume>             <fpage>48</fpage>             <lpage>49</lpage>          </element-citation>
      </ref>
      <ref id="pone.0028576-Schelling1">
        <label>14</label>
        <element-citation publication-type="other" xlink:type="simple">             <person-group person-group-type="author"><name name-style="western"><surname>Schelling</surname><given-names>T</given-names></name></person-group>             <year>1980</year>             <source>The strategy of conflict</source>             <publisher-name>Harvard University Press</publisher-name>          </element-citation>
      </ref>
      <ref id="pone.0028576-Smith1">
        <label>15</label>
        <element-citation publication-type="journal" xlink:type="simple">             <person-group person-group-type="author"><name name-style="western"><surname>Smith</surname><given-names>JM</given-names></name><name name-style="western"><surname>Price</surname><given-names>GR</given-names></name></person-group>             <year>1973</year>             <article-title>The Logic of Animal Conflict.</article-title>             <source>Nature</source>             <volume>246</volume>             <fpage>15</fpage>             <lpage>18</lpage>          </element-citation>
      </ref>
      <ref id="pone.0028576-Tilman1">
        <label>16</label>
        <element-citation publication-type="journal" xlink:type="simple">             <person-group person-group-type="author"><name name-style="western"><surname>Tilman</surname><given-names>D</given-names></name></person-group>             <year>2004</year>             <article-title>Niche tradeoffs, neutrality, and community structure: a stochastic theory of resource competition, invasion, and community assembly.</article-title>             <source>Proceedings of the National Academy of Sciences of the United States of America</source>             <volume>101</volume>             <fpage>10854</fpage>             <lpage>61</lpage>          </element-citation>
      </ref>
      <ref id="pone.0028576-Tilman2">
        <label>17</label>
        <element-citation publication-type="journal" xlink:type="simple">             <person-group person-group-type="author"><name name-style="western"><surname>Tilman</surname><given-names>D</given-names></name><name name-style="western"><surname>Wedin</surname><given-names>D</given-names></name><name name-style="western"><surname>Knops</surname><given-names>J</given-names></name></person-group>             <year>1996</year>             <article-title>Productivity and sustainability influenced by biodiversity in grassland ecosystems.</article-title>             <source>Nature</source>             <volume>379</volume>             <fpage>718</fpage>             <lpage>720</lpage>          </element-citation>
      </ref>
      <ref id="pone.0028576-Ganapathy1">
        <label>18</label>
        <element-citation publication-type="journal" xlink:type="simple">             <person-group person-group-type="author"><name name-style="western"><surname>Ganapathy</surname><given-names>V</given-names></name><name name-style="western"><surname>Thangaraju</surname><given-names>M</given-names></name><name name-style="western"><surname>Prasad</surname><given-names>PD</given-names></name></person-group>             <year>2009</year>             <article-title>Nutrient transporters in cancer: relevance to Warburg hypothesis and beyond.</article-title>             <source>Pharmacology &amp; therapeutics</source>             <volume>121</volume>             <fpage>29</fpage>             <lpage>40</lpage>          </element-citation>
      </ref>
      <ref id="pone.0028576-Karev1">
        <label>19</label>
        <element-citation publication-type="journal" xlink:type="simple">             <person-group person-group-type="author"><name name-style="western"><surname>Karev</surname><given-names>GP</given-names></name></person-group>             <year>2010</year>             <article-title>On mathematical theory of selection: continuous time population dynamics.</article-title>             <source>Journal of mathematical biology</source>             <volume>60</volume>             <fpage>107</fpage>             <lpage>29</lpage>          </element-citation>
      </ref>
      <ref id="pone.0028576-Lange1">
        <label>20</label>
        <element-citation publication-type="journal" xlink:type="simple">             <person-group person-group-type="author"><name name-style="western"><surname>Lange</surname><given-names>K</given-names></name><name name-style="western"><surname>Oyarzun</surname><given-names>F</given-names></name></person-group>             <year>1992</year>             <article-title>The attractiveness of the Droop equations.</article-title>             <source>Mathematical biosciences</source>             <volume>111</volume>             <fpage>261</fpage>             <lpage>278</lpage>          </element-citation>
      </ref>
      <ref id="pone.0028576-Robey1">
        <label>21</label>
        <element-citation publication-type="journal" xlink:type="simple">             <person-group person-group-type="author"><name name-style="western"><surname>Robey</surname><given-names>IF</given-names></name><name name-style="western"><surname>Baggett</surname><given-names>BK</given-names></name><name name-style="western"><surname>Kirkpatrick</surname><given-names>ND</given-names></name><name name-style="western"><surname>Roe</surname><given-names>DJ</given-names></name><name name-style="western"><surname>Dosescu</surname><given-names>J</given-names></name><etal/></person-group>             <year>2009</year>             <article-title>Bicarbonate increases tumor pH and inhibits spontaneous metastases.</article-title>             <source>Cancer research</source>             <volume>69</volume>             <fpage>2260</fpage>             <lpage>8</lpage>          </element-citation>
      </ref>
      <ref id="pone.0028576-Rankin1">
        <label>22</label>
        <element-citation publication-type="journal" xlink:type="simple">             <person-group person-group-type="author"><name name-style="western"><surname>Rankin</surname><given-names>D</given-names></name><name name-style="western"><surname>Lopez-Sepulcre</surname><given-names>A</given-names></name></person-group>             <year>2005</year>             <article-title>Can adaptation lead to extinction?</article-title>             <source>Oikos</source>             <volume>111</volume>             <fpage>616</fpage>             <lpage>619</lpage>          </element-citation>
      </ref>
      <ref id="pone.0028576-Miller1">
        <label>23</label>
        <element-citation publication-type="other" xlink:type="simple">             <person-group person-group-type="author"><name name-style="western"><surname>Miller</surname><given-names>J</given-names></name><name name-style="western"><surname>Page</surname><given-names>S</given-names></name></person-group>             <year>2007</year>             <source>Complex adaptive systems: An introduction to computational models of social life</source>             <publisher-name>Princeton University Press</publisher-name>          </element-citation>
      </ref>
      <ref id="pone.0028576-Hu1">
        <label>24</label>
        <element-citation publication-type="other" xlink:type="simple">             <person-group person-group-type="author"><name name-style="western"><surname>Hu</surname><given-names>F</given-names></name><name name-style="western"><surname>Willett</surname><given-names>W</given-names></name><name name-style="western"><surname>Li</surname><given-names>T</given-names></name><name name-style="western"><surname>Stampfer</surname><given-names>M</given-names></name><name name-style="western"><surname>Colditz</surname><given-names>G</given-names></name><etal/></person-group>             <year>2005</year>             <article-title>Adiposity as compared with physical activity in predicting mortality among women.</article-title>             <comment>Obstetrical &amp; gynecological survey 60</comment>          </element-citation>
      </ref>
      <ref id="pone.0028576-Wright1">
        <label>25</label>
        <element-citation publication-type="journal" xlink:type="simple">             <person-group person-group-type="author"><name name-style="western"><surname>Wright</surname><given-names>M</given-names></name><name name-style="western"><surname>Chang</surname><given-names>S</given-names></name><name name-style="western"><surname>Schatzkin</surname><given-names>A</given-names></name><name name-style="western"><surname>Albanes</surname><given-names>D</given-names></name><name name-style="western"><surname>Kipnis</surname><given-names>V</given-names></name><etal/></person-group>             <year>2007</year>             <article-title>Prospective study of adiposity and weight change in relation to prostate cancer incidence and mortality.</article-title>             <source>Cancer</source>             <volume>109</volume>             <fpage>675</fpage>             <lpage>684</lpage>          </element-citation>
      </ref>
    </ref-list>
    
  </back>
</article>