<?xml version="1.0" encoding="UTF-8"?>
<!DOCTYPE article
  PUBLIC "-//NLM//DTD Journal Publishing DTD v3.0 20080202//EN" "http://dtd.nlm.nih.gov/publishing/3.0/journalpublishing3.dtd">
<article xmlns:mml="http://www.w3.org/1998/Math/MathML" xmlns:xlink="http://www.w3.org/1999/xlink" article-type="research-article" dtd-version="3.0" xml:lang="en">
<front>
<journal-meta>
<journal-id journal-id-type="nlm-ta">PLoS ONE</journal-id>
<journal-id journal-id-type="publisher-id">plos</journal-id>
<journal-id journal-id-type="pmc">plosone</journal-id><journal-title-group>
<journal-title>PLoS ONE</journal-title></journal-title-group>
<issn pub-type="epub">1932-6203</issn>
<publisher>
<publisher-name>Public Library of Science</publisher-name>
<publisher-loc>San Francisco, USA</publisher-loc></publisher>
</journal-meta>
<article-meta>
<article-id pub-id-type="publisher-id">PONE-D-14-12790</article-id>
<article-id pub-id-type="doi">10.1371/journal.pone.0098525</article-id>
<article-categories><subj-group subj-group-type="heading"><subject>Research Article</subject></subj-group><subj-group subj-group-type="Discipline-v2"><subject>Medicine and health sciences</subject><subj-group><subject>Ophthalmology</subject><subj-group><subject>Eye diseases</subject><subj-group><subject>Glaucoma</subject></subj-group></subj-group></subj-group></subj-group></article-categories>
<title-group>
<article-title>Mapping Glaucoma Patients' 30-2 and 10-2 Visual Fields Reveals Clusters of Test Points Damaged in the 10-2 Grid That Are Not Sampled in the Sparse 30-2 Grid</article-title>
<alt-title alt-title-type="running-head">Mapping Glaucoma Patients' 30-2 and 10-2 Visual Fields</alt-title>
</title-group>
<contrib-group>
<contrib contrib-type="author" xlink:type="simple"><name name-style="western"><surname>Asaoka</surname><given-names>Ryo</given-names></name><xref ref-type="aff" rid="aff1"/><xref ref-type="corresp" rid="cor1"><sup>*</sup></xref></contrib>
</contrib-group>
<aff id="aff1"><addr-line>Department of Ophthalmology, The University of Tokyo Graduate School of medicine, Tokyo, Japan</addr-line></aff>
<contrib-group>
<contrib contrib-type="editor" xlink:type="simple"><name name-style="western"><surname>Vavvas</surname><given-names>Demetrios</given-names></name>
<role>Editor</role>
<xref ref-type="aff" rid="edit1"/></contrib>
</contrib-group>
<aff id="edit1"><addr-line>Massachusetts Eye &amp; Ear Infirmary, Harvard Medical School, United States of America</addr-line></aff>
<author-notes>
<corresp id="cor1">* E-mail: <email xlink:type="simple">rasaoka-tky@umin.ac.jp</email></corresp>
<fn fn-type="conflict"><p>The author has declared that no competing interests exist.</p></fn>
<fn fn-type="con"><p>Conceived and designed the experiments: RA. Performed the experiments: RA. Analyzed the data: RA. Contributed reagents/materials/analysis tools: RA. Contributed to the writing of the manuscript: RA.</p></fn>
</author-notes>
<pub-date pub-type="collection"><year>2014</year></pub-date>
<pub-date pub-type="epub"><day>20</day><month>6</month><year>2014</year></pub-date>
<volume>9</volume>
<issue>6</issue>
<elocation-id>e98525</elocation-id>
<history>
<date date-type="received"><day>21</day><month>3</month><year>2014</year></date>
<date date-type="accepted"><day>1</day><month>5</month><year>2014</year></date>
</history>
<permissions>
<copyright-year>2014</copyright-year>
<copyright-holder>Ryo Asaoka</copyright-holder><license xlink:type="simple"><license-p>This is an open-access article distributed under the terms of the <ext-link ext-link-type="uri" xlink:href="http://creativecommons.org/licenses/by/4.0/" xlink:type="simple">Creative Commons Attribution License</ext-link>, which permits unrestricted use, distribution, and reproduction in any medium, provided the original author and source are credited.</license-p></license></permissions>
<abstract><sec>
<title>Purpose</title>
<p>To cluster test points in glaucoma patients' 30-2 and 10-2 visual field (VF) (Humphrey Field Analyzer: HFA, Carl Zeiss Meditec, Dublin, CA) in order to map the different regions damaged by the disease.</p>
</sec><sec>
<title>Method</title>
<p>This retrospective study included 128 eyes from 128 patients. 142 total deviation (TD) values (74 from the 30-2 VF and 68 from the 10-2 VF) were clustered using the ‘Hierarchical Ordered Partitioning And Collapsing Hybrid – Partitioning Around Medoids’ algorithm. The stability of the identified clusters was evaluated using bootstrapping.</p>
</sec><sec>
<title>Results</title>
<p>65 sectors were identified in total: 38 sectors were located outside the 10-2 VF whereas 29 sectors were located inside the 10-2 VF (two sectors overlap in both grids). The mapping of many sectors appeared to follow the distribution of retinal nerve fiber bundles. The results of bootstrapping suggested clusters were stable whether they were outside or inside the 10-2 VF.</p>
</sec><sec>
<title>Conclusion</title>
<p>A considerable number of sectors were identified in the 10-2 VF area, despite the fact that clustering was carried out on all points in both the 30-2 VF and 10-2 VF simultaneously. These findings suggest that glaucomatous central VF deterioration cannot be picked up by the 30-2 test grid alone, because of poor spatial sampling; denser estimation of the central ten degrees, than offered by the 30-2 test grid alone, is needed. It may be beneficial to develop a new VF test grid that combines test points from 30-2 and 10-2 VFs – the results of this study could help to devise this test grid.</p>
</sec></abstract>
<funding-group><funding-statement>The author has no support or funding to report.</funding-statement></funding-group><counts><page-count count="6"/></counts><custom-meta-group><custom-meta id="data-availability" xlink:type="simple"><meta-name>Data Availability</meta-name><meta-value>The authors confirm that all data underlying the findings are fully available without restriction. Data are included within the Supporting Information files.</meta-value></custom-meta></custom-meta-group></article-meta>
</front>
<body><sec id="s1">
<title>Introduction</title>
<p>Glaucoma is one of the leading causes of blindness in the world <xref ref-type="bibr" rid="pone.0098525-Quigley1">[1]</xref>, <xref ref-type="bibr" rid="pone.0098525-Congdon1">[2]</xref>. Glaucomatous visual field (VF) damage usually initiates in the mid-peripheral VF while the central region tends to be preserved until late on in the disease process. In advanced glaucoma, VF damage is often characterized by large arcuate scotomata, which have connected to form a ring, threatening visual function in the central area of the VF <xref ref-type="bibr" rid="pone.0098525-Aulhorn1">[3]</xref>, <xref ref-type="bibr" rid="pone.0098525-Aulhorn2">[4]</xref>. The central VF is especially important because cortical magnification in this area is much larger than in the peripheral region <xref ref-type="bibr" rid="pone.0098525-Daniel1">[5]</xref>, <xref ref-type="bibr" rid="pone.0098525-Cowey1">[6]</xref> and indeed it has been reported that VF damage in the central area results in disability in various daily tasks <xref ref-type="bibr" rid="pone.0098525-Sumi1">[7]</xref>. Thus, treatments should be intensified when VF damage threatens the patient's visual function, particularly in the central region.</p>
<p>In glaucoma, VF sensitivities are highly correlated across corresponding regions of the retina <xref ref-type="bibr" rid="pone.0098525-Mandava1">[8]</xref>–<xref ref-type="bibr" rid="pone.0098525-Suzuki1">[10]</xref> and several maps have been proposed to describe these correlations as clusters in the central 30 degrees <xref ref-type="bibr" rid="pone.0098525-Mandava1">[8]</xref>, <xref ref-type="bibr" rid="pone.0098525-Suzuki1">[10]</xref>–<xref ref-type="bibr" rid="pone.0098525-GarwayHeath1">[14]</xref>. In most of these maps, test points in the central 10 degrees tend to be clustered in small numbers. However, parafoveal defects can occur preferentially in early glaucoma <xref ref-type="bibr" rid="pone.0098525-Park1">[15]</xref>–<xref ref-type="bibr" rid="pone.0098525-Langerhorst1">[18]</xref>, probably due to a distinctive pathological mechanism <xref ref-type="bibr" rid="pone.0098525-Park1">[15]</xref>, and it has been suggested that patients with paracentral defects cannot be well-monitored unless a central 10° test program is used to densely measure this region <xref ref-type="bibr" rid="pone.0098525-Weber1">[19]</xref>–<xref ref-type="bibr" rid="pone.0098525-Park2">[21]</xref>. A recent paper reported that the 24-2 VF is not optimal for detecting early damage of the macula but VF damage in the central area can be detected early in the disease process using the 10-2 VF <xref ref-type="bibr" rid="pone.0098525-Traynis1">[22]</xref>. Interesting case examples are illustrated in <xref ref-type="fig" rid="pone-0098525-g001">Figure 1</xref>; in patients a and b, much deeper VF scotomata are observed in the 10-2 VFs than one might expect from inspection of their 30-2/24-2 VFs; however, the central damage is supported by findings obtained with optical coherence tomography. On the other hand, in case c, a considerable region of the VF can be seen to be preserved in the 10-2 VF, despite the appearance of almost complete blindness in the 24-2 VF; moreover, it is interesting to note that visual acuities in this patient were maintained: 20/32 in the right eye and 20/25 in the left eye. These examples illustrate the motivation for the current study: cluster test points in glaucoma patients' 30-2 and 10-2 VFs in order to map the different regions damaged by the disease.</p>
<fig id="pone-0098525-g001" position="float"><object-id pub-id-type="doi">10.1371/journal.pone.0098525.g001</object-id><label>Figure 1</label><caption>
<title>Case examples.</title>
<p>Case a: 61-year-old male (right eye, normal tension glaucoma) whose visual acuity was 20/20. The OCT image was obtained using the RS3000 (Nidek Co,.ltd, Gamagori, Aichi, Japan); blue colored regions in the OCT deviation map (left figure) indicate thinner RNFL+GCC than expected; significance is represented in the right figure (significant differences in thickness are colored in red). Case b: 60-year-old male (right eye, normal tension glaucoma) whose visual acuity was 20/20 (right eye). The OCT image was obtained using the 3D OCT-2000 (Topcon Corp, Tokyo, Japan), Case c: 69-year-old male (normal tension glaucoma) whose visual acuities were 20/32 (right eye) and 20/25 (left eye). OCT: Optical coherence tomography. RNFL: retinal nerve fiber layer, GCC: ganglion cell complex.</p>
</caption><graphic mimetype="image" xlink:href="info:doi/10.1371/journal.pone.0098525.g001" position="float" xlink:type="simple"/></fig></sec><sec id="s2" sec-type="methods">
<title>Method</title>
<p>This study was approved by the Research Ethics Committee of the Graduate School of Medicine and Faculty of Medicine at the University of Tokyo. Written consent was given by patients for their information to be stored in the hospital database and used for research. This study was performed according to the tenets of the Declaration of Helsinki.</p>
<p>This was a retrospective study that included 128 eyes from 128 patients with a diagnosis of: primary open-angle glaucoma (125 eyes), and secondary open angle glaucoma (pseudoexfoliation; 3 eyes). Patients were followed in the general glaucoma clinic at the University of Tokyo Hospital. Patients who underwent measurements with both the 30-2 and 10-2 VF test patterns (Humphrey Field Analyzer: HFA, Carl Zeiss Meditec, Dublin, CA) in a single day were included. One eye was chosen randomly when both eyes met the criteria; right eye VFs were mirror-imaged to a left eye format. Other criteria for inclusion in the study were visual acuity better than 6/12, no previous ocular surgery (except for cataract extraction and intraocular lens implantation), and no other posterior segment eye disease. All VFs were recorded using the SITA standard strategy with a Goldmann size III target. Reliability criteria applied were fixation losses less than 25% and false-positive responses less than 15%, a false-negative rate was not used to exclude VFs based on results in Bengtsson and Heijl <xref ref-type="bibr" rid="pone.0098525-Bengtsson1">[23]</xref>.</p>
<sec id="s2a">
<title>Comparison between 30-2 VF and 10-2 VF test results</title>
<p>Mean deviation (MD) values derived from patients' 30-2 VFs and 10-2 VFs were compared using Pearson's correlation coefficient. In addition, Pearson's correlation coefficient was calculated (i) between the mean of the total deviation (TD) values of the four innermost test points in the 30-2 VF (locations [3,3], [3,−3], [−3,3] and [−3,−3]; [x-axis coordinate, y-axis coordinate]) denoted <inline-formula><inline-graphic xlink:href="info:doi/10.1371/journal.pone.0098525.e001" xlink:type="simple"/></inline-formula> and the mean of the TD values of all 68 test points in the 10-2 VF (denoted <inline-formula><inline-graphic xlink:href="info:doi/10.1371/journal.pone.0098525.e002" xlink:type="simple"/></inline-formula>), and (ii) between the each of the TD values of the four innermost test points in the 30-2 VF (denoted <inline-formula><inline-graphic xlink:href="info:doi/10.1371/journal.pone.0098525.e003" xlink:type="simple"/></inline-formula>) and the mean of the TD values of the innermost 17 test points of the 10-2 VF (denoted <inline-formula><inline-graphic xlink:href="info:doi/10.1371/journal.pone.0098525.e004" xlink:type="simple"/></inline-formula>) in each of superior-temporal, superior-nasal, inferior-temporal and inferior-nasal quadrants.</p>
</sec><sec id="s2b">
<title>VF clustering analysis</title>
<p>Test points from the 30-2 and 10-2 VFs were clustered using the Hierarchical Ordered Partitioning and Collapsing Hybrid (HOPACH) – Partitioning Around Medoids (PAM) algorithm, for its ability to hierarchically order and partition clusters into finite groups in an unbiased manner. The HOPACH-PAM algorithm is a hybrid between hierarchical ordered partitioning and collapsing <xref ref-type="bibr" rid="pone.0098525-vanderLaan1">[24]</xref>–<xref ref-type="bibr" rid="pone.0098525-Bioconductor1">[26]</xref>; in other words, HOPACH builds a hierarchical tree of clusters by recursively partitioning the VF, while ordering and possibly collapsing clusters at each level to identify finite structures in a dataset. The HOPACH-PAM algorithm uses the Mean/Median Split Silhouette (MSS) criteria which is particularly apt at identifying structures in a dataset <xref ref-type="bibr" rid="pone.0098525-Glinca1">[27]</xref>. One of strengths of this approach is that the optimum number of VF clusters is mathematically inferred by the algorithm; this is in contrast to many other clustering approaches, such as k-means and hierarchical clustering methods, that arbitrarily decide the number of optimum clusters, which can lead to incorrect results <xref ref-type="bibr" rid="pone.0098525-vanderLaan1">[24]</xref>.</p>
<p>Using the HOPACH-PAM algorithm, the 74 test points from the 30-2 VF and 68 points from the 10-2 VF were clustered according to their TD values; the four test points (locations [3,3], [3,−3], [−3,3] and [−3,−3]; [x-axis coordinate, y-axis coordinate]) overlapping between the two test patterns were taken from the 30-2 VF (please note there are no test points at the locations of locations [3,9], [9,3], [−3,9], [−9,3], [3,−9], [9,−3] [−3,−3] and [−3,−9]; [x-axis coordinate, y-axis coordinate] in 10-2 VF). Clustering methods are frequently carried out in an exploratory manner and often the patterns found are not translatable to other datasets <xref ref-type="bibr" rid="pone.0098525-Hennig1">[28]</xref> hence bootstrap analysis (10,000 re-samples) was performed to explore the significance of the clustering results.</p>
<p>All statistical analyses were carried out using the statistical programming language R (ver. 2.15.1, The R Foundation for Statistical Computing, Vienna, Austria). The R package “hopach” was used to carry out the analysis of HOPACH-PAM.</p>
</sec></sec><sec id="s3">
<title>Results</title>
<p><xref ref-type="table" rid="pone-0098525-t001">Table 1</xref> shows the subjects' demographics.</p>
<table-wrap id="pone-0098525-t001" position="float"><object-id pub-id-type="doi">10.1371/journal.pone.0098525.t001</object-id><label>Table 1</label><caption>
<title>Subject demographics.</title>
</caption><alternatives><graphic id="pone-0098525-t001-1" position="float" mimetype="image" xlink:href="info:doi/10.1371/journal.pone.0098525.t001" xlink:type="simple"/>
<table><colgroup span="1"><col align="left" span="1"/><col align="center" span="1"/></colgroup>
<tbody>
<tr>
<td align="left" rowspan="1" colspan="1">age (mean ± sd, [range])</td>
<td align="left" rowspan="1" colspan="1">58.1±13.2 [21 to 86]</td>
</tr>
<tr>
<td align="left" rowspan="1" colspan="1">male/female</td>
<td align="left" rowspan="1" colspan="1">63/65</td>
</tr>
<tr>
<td align="left" rowspan="1" colspan="1">Type of glaucoma</td>
<td align="left" rowspan="1" colspan="1"/>
</tr>
<tr>
<td align="left" rowspan="1" colspan="1">NTG</td>
<td align="left" rowspan="1" colspan="1">74</td>
</tr>
<tr>
<td align="left" rowspan="1" colspan="1">POAG</td>
<td align="left" rowspan="1" colspan="1">51</td>
</tr>
<tr>
<td align="left" rowspan="1" colspan="1">PEG</td>
<td align="left" rowspan="1" colspan="1">3</td>
</tr>
<tr>
<td align="left" rowspan="1" colspan="1">MD (30-2 VF, mean ± sd, [range])</td>
<td align="left" rowspan="1" colspan="1">−14.8±7.5 [0.5 to −29.2]</td>
</tr>
<tr>
<td align="left" rowspan="1" colspan="1">MD (10-2 VF, mean ± sd, [range])</td>
<td align="left" rowspan="1" colspan="1">−15.5±7.7 [−0.3 to −30.9]</td>
</tr>
</tbody>
</table>
</alternatives><table-wrap-foot><fn id="nt101"><label/><p>sd: standard deviation, NTG: normal tension glaucoma, POAG: primary open angle glaucoma, PEG: pseudoexfoliation glaucoma, MD: mean deviation.</p></fn></table-wrap-foot></table-wrap>
<p>There was a significant and moderate association between MD values derived from patients' 30-2 VFs and 10-2 VFs (R<sup>2</sup> = 0.51, p&lt;0.0001). There was also a significant and strong relationship between <inline-formula><inline-graphic xlink:href="info:doi/10.1371/journal.pone.0098525.e005" xlink:type="simple"/></inline-formula> and <inline-formula><inline-graphic xlink:href="info:doi/10.1371/journal.pone.0098525.e006" xlink:type="simple"/></inline-formula> values (R<sup>2</sup> = 0.80, p&lt;0.0001, <xref ref-type="fig" rid="pone-0098525-g002">Figure 2</xref>). Finally, there was a significant but relatively weak correlation between <inline-formula><inline-graphic xlink:href="info:doi/10.1371/journal.pone.0098525.e007" xlink:type="simple"/></inline-formula> and <inline-formula><inline-graphic xlink:href="info:doi/10.1371/journal.pone.0098525.e008" xlink:type="simple"/></inline-formula> values (R<sup>2</sup> = 0.34, 0.51, 0.32 and 0.56 (p&lt;0.001) in the superior-temporal, superior-nasal, inferior-temporal and inferior-nasal quadrant, respectively): see <xref ref-type="fig" rid="pone-0098525-g003">Figure 3</xref>.</p>
<fig id="pone-0098525-g002" position="float"><object-id pub-id-type="doi">10.1371/journal.pone.0098525.g002</object-id><label>Figure 2</label><caption>
<title>The relationship between the mean TD value of the four most central test points in the 30-2 VF and the mean TD value of all 68 points in the 10-2 VF.</title>
<p>There was a significant and strong relationship (y = −3.5+0.84 x, R<sup>2</sup> = 0.80, p&lt;0.0001). <inline-formula><inline-graphic xlink:href="info:doi/10.1371/journal.pone.0098525.e009" xlink:type="simple"/></inline-formula>: mean of the TD values of all 74 test points in the 30-2 VF and <inline-formula><inline-graphic xlink:href="info:doi/10.1371/journal.pone.0098525.e010" xlink:type="simple"/></inline-formula>: mean of the TD values of all 68 test points in the 10-2 VF. Shaded area corresponds to the 95% confidence interval of the pooled regression.</p>
</caption><graphic mimetype="image" xlink:href="info:doi/10.1371/journal.pone.0098525.g002" position="float" xlink:type="simple"/></fig><fig id="pone-0098525-g003" position="float"><object-id pub-id-type="doi">10.1371/journal.pone.0098525.g003</object-id><label>Figure 3</label><caption>
<title>The relationship between the</title><p><inline-formula><inline-graphic xlink:href="info:doi/10.1371/journal.pone.0098525.e011" xlink:type="simple"/></inline-formula><bold> and </bold><inline-formula><inline-graphic xlink:href="info:doi/10.1371/journal.pone.0098525.e012" xlink:type="simple"/></inline-formula><bold> values in the same quadrant.</bold> Top left: Supero-temporal quadrant (y = −7.5+0.64 x, R<sup>2</sup> = 0.34, p&lt;0.0001), Top right: Supero-nasal quadrant (y = −6.8+0.70 x, R<sup>2</sup> = 0.51, p&lt;0.0001), Bottom left: Infero-temporal quadrant (y = −4.2+0.60 x, R<sup>2</sup> = 0.32, p&lt;0.0001), Bottom right: Infero-nasal quadrant (y = −4.3+0.77 x, R<sup>2</sup> = 0.56, p&lt;0.0001). <inline-formula><inline-graphic xlink:href="info:doi/10.1371/journal.pone.0098525.e013" xlink:type="simple"/></inline-formula>: innermost test points in the 30-2 VF, <inline-formula><inline-graphic xlink:href="info:doi/10.1371/journal.pone.0098525.e014" xlink:type="simple"/></inline-formula>: innermost 17 test points of the 10-2 VF.</p>
</caption><graphic mimetype="image" xlink:href="info:doi/10.1371/journal.pone.0098525.g003" position="float" xlink:type="simple"/></fig>
<p>Results of the HOPACH-PAM clustering are illustrated in <xref ref-type="fig" rid="pone-0098525-g004">Figure 4</xref>; 65 clusters (‘sectors’) were identified, adjacent VF test points tended to be clustered into the same sector even when test points were derived from different VF tests (30-2 or 10-2 VF grids). Furthermore, clustering appears to follow the average distribution of the retinal nerve fiber layer (RNFL). <xref ref-type="fig" rid="pone-0098525-g005">Figure 5</xref> illustrates the results of bootstrapping; we can see which clusters are most stable (wide bars) and which pairs of clusters are most likely to exchange test points with one another. Most sectors had good stability and this did not appear to be affected by the particular test pattern.</p>
<fig id="pone-0098525-g004" position="float"><object-id pub-id-type="doi">10.1371/journal.pone.0098525.g004</object-id><label>Figure 4</label><caption>
<title>65 sectors obtained from the 30-2 and 10-2 VFs (left eye).</title>
<p>There were 38 sectors in the 30-2 VF and 29 sectors in the 10-2 VF. Two test points in the 30-2 VF belong to 10-2 VF sectors (sector 5 and 29). TD values at (X coordinate, Y coordinate) = (3, 3), (3, −3), (−3, 3) and (−3, −3) derived from the 30-2 VF.</p>
</caption><graphic mimetype="image" xlink:href="info:doi/10.1371/journal.pone.0098525.g004" position="float" xlink:type="simple"/></fig><fig id="pone-0098525-g005" position="float"><object-id pub-id-type="doi">10.1371/journal.pone.0098525.g005</object-id><label>Figure 5</label><caption>
<title>Cluster probability plot.</title>
<p>Test points were ordered within a cluster by their reappearance probabilities, obtained by bootstrapping (10,000 times). We can see which clusters are most stable (wide bars) and which pairs of clusters are most likely to exchange test points with one another. Most of the clusters had good stability and the cluster stability did not differ discernibly between 30-2 VF and 10-2 VF sectors.</p>
</caption><graphic mimetype="image" xlink:href="info:doi/10.1371/journal.pone.0098525.g005" position="float" xlink:type="simple"/></fig></sec><sec id="s4">
<title>Discussion</title>
<p>In this study the relationship between test locations in the 30-2 VF and 10-2 VF was investigated. Although TD values in the 10-2 VF were highly correlated with the central four TD values of the 30-2 VF on average, there are still some instances of large agreement in individual patients. In particular in early glaucomatous cases where <inline-formula><inline-graphic xlink:href="info:doi/10.1371/journal.pone.0098525.e015" xlink:type="simple"/></inline-formula> tends to better preserved than <inline-formula><inline-graphic xlink:href="info:doi/10.1371/journal.pone.0098525.e016" xlink:type="simple"/></inline-formula> (see <xref ref-type="fig" rid="pone-0098525-g003">Figure 3</xref>). In addition, the relationship between <inline-formula><inline-graphic xlink:href="info:doi/10.1371/journal.pone.0098525.e017" xlink:type="simple"/></inline-formula> and <inline-formula><inline-graphic xlink:href="info:doi/10.1371/journal.pone.0098525.e018" xlink:type="simple"/></inline-formula> is relatively weak, which indicates that the magnitude of association varies significantly from patient-to-patient. Thus, it appears that the <inline-formula><inline-graphic xlink:href="info:doi/10.1371/journal.pone.0098525.e019" xlink:type="simple"/></inline-formula> and <inline-formula><inline-graphic xlink:href="info:doi/10.1371/journal.pone.0098525.e020" xlink:type="simple"/></inline-formula> are insufficient to precisely estimate visual defects in this region of the central VF. Among the 65 sectors identified from the HOPACH-PAM clustering algorithm, 38 sectors were located outside the 10-2 VF whereas 29 sectors fell inside the 10-2 VF. Bootstrapping suggested that clusters from both the 10-2 VF and 30-2 VF were stable. Moreover, these sectors appeared to follow the distribution of retinal nerve fiber bundles.</p>
<p>As shown in the <xref ref-type="fig" rid="pone-0098525-g004">Figure 4</xref>, a large number of sectors were identified in the 10-2 VF that were completely independent of points in the 30-2 VF. This clearly suggests that clinicians cannot solely rely on the 30-2 VF when evaluating damage in glaucoma patients; closer examination of the central ten degrees, using a denser test grid than currently employed in the 30-2 VF, is essential. Park et al. have suggested that eyes presenting with parafoveal scotomata have distinctly different risk factors to patients with other patterns of VF damage <xref ref-type="bibr" rid="pone.0098525-Park1">[15]</xref>; moreover, Park et al. argue that progression of this defect can be detected more effectively with the 10-2 VF test grid compared with the 30-2 VF <xref ref-type="bibr" rid="pone.0098525-Park2">[21]</xref>. On the other hand, clinicians cannot rely exclusively on the 10-2 VF because typical glaucomatous VF damage such as arcuate scotoma and the nasal step defect <xref ref-type="bibr" rid="pone.0098525-Drance1">[29]</xref> would not be detected with this test grid. Hence, it is not recommended to carry out 10-2 VFs as an alternative to 30-2 VF testing but neither is it recommended to alternate 30-2 and 10-2 VF tests, because the detection of progression will, in general, be delayed with a reduced number of consistent test grids. Therefore, clinicians are advised to continue to use the same strategy (e.g., always 30–2 or 24-2 VFs) <xref ref-type="bibr" rid="pone.0098525-Chauhan2">[30]</xref>. Furthermore, VF testing at some hospitals is performed much less than recommended <xref ref-type="bibr" rid="pone.0098525-Malik1">[31]</xref>, hence alternating test patterns will only compound this problem. Consequently, it may be beneficial to develop a new VF test grid that spans the central 30 degrees but includes a higher density of test points in the central ten degrees; the clustering results presented here could help to devise this new test pattern.</p>
<p>A possible caveat of the current study is the sample of patients studied; in particular, patients may have been undergone 10-2 <italic>and</italic> 30-2 VF tests on the same day because the clinician suspected a paracentral defect that had not been detected using the 30-2 VF test. Nonetheless, the purpose of our study was to investigate whether the spatial sampling of the 30-2 VF is sufficient to detect paracentral damage, which is greatly important for VRQoL.</p>
<p>Several studies have clustered 30-2 or 24-2 VFs in order to inform the relationship between test points <xref ref-type="bibr" rid="pone.0098525-Mandava1">[8]</xref>, <xref ref-type="bibr" rid="pone.0098525-Chauhan1">[12]</xref>, <xref ref-type="bibr" rid="pone.0098525-Katz1">[13]</xref>, the anatomical structure of retinal nerve fiber bundles <xref ref-type="bibr" rid="pone.0098525-GarwayHeath1">[14]</xref> and the pattern of progression rates <xref ref-type="bibr" rid="pone.0098525-NouriMahdavi1">[11]</xref>; these studies, like the one presented here, have all identified clusters that to some extent follow the structural distribution of RNFLs. In addition, Koseki et al. have clustered points in the 10-2 VF <xref ref-type="bibr" rid="pone.0098525-Koseki1">[32]</xref>, revealing groups of points that also appear to follow the paths of RNFLs. Our results are in agreement with these studies, with clusters identified in both the 10-2 VF and the 30-2 VF that follow the distribution of the RNFL. Noteworthy in the current results is the large number of 10-2 VF clusters relative to the number of clusters from the 30-2 VF; in addition, the stability of 10-2 VF clusters (as revealed by bootstrapping) was, in general, as stable as clusters in the 30-2 VF. These findings suggest that many 10-2 VF clusters exist independently from clusters in the 30-2 VF. In our results, no clusters spanned the meridian line; this outcome is in good agreement with the anatomical distribution of the RNFL <xref ref-type="bibr" rid="pone.0098525-Hood1">[33]</xref>. One exception, however, is sector 39, which is located in the temporal area of the VF; we suppose that the sparse distribution of RNFL in this area and low frequency of glaucomatous VF deterioration in this region is one explanation for this finding. It would be interesting to further investigate the separation of the anatomical upper and lower hemifields in the temporal VF area.</p>
<p>Glaucomatous RNFL damage predominantly occurs in the supero- and infero-temporal angles around the optic nerve head. Hood et al. <xref ref-type="bibr" rid="pone.0098525-Hood1">[33]</xref> and Heijl et al. <xref ref-type="bibr" rid="pone.0098525-Heijl1">[16]</xref> have both reported that glaucomatous VF damage usually commences in the central VF, particularly in the superior hemifield; Hood et al. have suggested that this is because most of the corresponding RNFLs flow into the optic disc at the infero-temporal angle. Supporting this suggestion is the observation that early glaucomatous VF change occurs in this area almost as frequently as the ‘classic’ arcuate defect and nasal step defect <xref ref-type="bibr" rid="pone.0098525-Langerhorst1">[18]</xref>, <xref ref-type="bibr" rid="pone.0098525-Tan1">[34]</xref>, <xref ref-type="bibr" rid="pone.0098525-Schiefer1">[35]</xref>. Furthermore, the density of RNFLs is very high in this region and despite the fact that it represents less than 2% of the retinal area it contains more than 30% of ganglion cell <xref ref-type="bibr" rid="pone.0098525-Curcio1">[36]</xref>. Consequently, it is perhaps not surprising to see so many clusters in the central superior hemifield. On the other hand, the central inferior VF area tends to be preserved until late stage glaucoma. Hood et al. have suggested this is because the RNFLs in this area penetrate the optic disc margin at the temporal angle, which is usually less likely to be affected in early to moderate glaucoma <xref ref-type="bibr" rid="pone.0098525-Weber1">[19]</xref>. As a consequence, the clusters identified in the inferior central hemifield may be a result of VF damage observed in a subsample of late stage glaucoma patients. Interestingly, Hood et al. have suggested superior VF test points, just above the horizontal line, tend not to be involved in early to moderate glaucomatous VF change; accordingly, Sectors 10, 11 and 12 are probably a consequence of VF change in advanced glaucoma patients, similarly to clusters in the central inferior VF area. As shown in <xref ref-type="fig" rid="pone-0098525-g005">Figure 5</xref>, most of the identified sectors were reproduced in the same area in the bootstrapped samples. However, some sectors, such as 11, 12, 21, 28, 37, 54 and 55, were not stable. As structure-function mapping is influenced by many ocular parameters, such as position of the ONH in relation to the fovea, disc area, axial length, spherical equivalent, disc shape, disc orientation and disc tilt <xref ref-type="bibr" rid="pone.0098525-Lamparter1">[37]</xref>, it is not surprising that no one clustering result will be applicable to all patients. Future studies should be carried out to continue efforts to create patient-customized VF cluster maps that consider these parameters.</p>
<p>In conclusion, this study suggests that many areas in the 10-2 VF as well as the 30-2 VF are affected by glaucoma. Thus, it is not sufficient to merely measure a glaucoma patient's 30-2 VF; instead it should be recommended to additionally measure a dense test grid, such as the 10-2 VF pattern, when evaluating the status of VF damage.</p>
</sec><sec id="s5">
<title>Supporting Information</title>
<supplementary-material id="pone.0098525.s001" mimetype="text/csv" xlink:href="info:doi/10.1371/journal.pone.0098525.s001" position="float" xlink:type="simple"><label>Data S1</label><caption>
<p><bold>Visual field data analyzed.</bold></p>
<p>(CSV)</p>
</caption></supplementary-material></sec></body>
<back><ref-list>
<title>References</title>
<ref id="pone.0098525-Quigley1"><label>1</label>
<mixed-citation publication-type="journal" xlink:type="simple"><name name-style="western"><surname>Quigley</surname><given-names>HA</given-names></name> (<year>1996</year>) <article-title>Number of people with glaucoma worldwide</article-title>. <source>Br J Ophthalmol</source> <volume>80</volume>: <fpage>389</fpage>–<lpage>393</lpage>.</mixed-citation>
</ref>
<ref id="pone.0098525-Congdon1"><label>2</label>
<mixed-citation publication-type="journal" xlink:type="simple"><name name-style="western"><surname>Congdon</surname><given-names>N</given-names></name>, <name name-style="western"><surname>O'Colmain</surname><given-names>B</given-names></name>, <name name-style="western"><surname>Klaver</surname><given-names>CC</given-names></name>, <name name-style="western"><surname>Klein</surname><given-names>R</given-names></name>, <name name-style="western"><surname>Munoz</surname><given-names>B</given-names></name>, <etal>et al</etal>. (<year>2004</year>) <article-title>Causes and prevalence of visual impairment among adults in the United States</article-title>. <source>Arch Ophthalmol</source> <volume>122</volume>: <fpage>477</fpage>–<lpage>485</lpage>.</mixed-citation>
</ref>
<ref id="pone.0098525-Aulhorn1"><label>3</label>
<mixed-citation publication-type="book" xlink:type="simple">Aulhorn E, Karmeyer H (1977) Frequency distribution in early glaucomatous visual field defects. In: EL G, editor. Second International Visual Field Symposium Tubingen 1976. Den Haag: Junk. pp. 75–83.</mixed-citation>
</ref>
<ref id="pone.0098525-Aulhorn2"><label>4</label>
<mixed-citation publication-type="book" xlink:type="simple">Aulhorn E., Harms H (1967) Early visual field defects in glaucoma. In: Leydheeker W., editor. Glaucoma Symposion Tutziug Castle 1966. New York Karger Basel pp. 151–186.</mixed-citation>
</ref>
<ref id="pone.0098525-Daniel1"><label>5</label>
<mixed-citation publication-type="journal" xlink:type="simple"><name name-style="western"><surname>Daniel</surname><given-names>PM</given-names></name>, <name name-style="western"><surname>Whitteridge</surname><given-names>D</given-names></name> (<year>1961</year>) <article-title>The representation of the visual field on the cerebral cortex in monkeys</article-title>. <source>J Physiol</source> <volume>159</volume>: <fpage>203</fpage>–<lpage>221</lpage>.</mixed-citation>
</ref>
<ref id="pone.0098525-Cowey1"><label>6</label>
<mixed-citation publication-type="journal" xlink:type="simple"><name name-style="western"><surname>Cowey</surname><given-names>A</given-names></name>, <name name-style="western"><surname>Rolls</surname><given-names>ET</given-names></name> (<year>1974</year>) <article-title>Human cortical magnification factor and its relation to visual acuity</article-title>. <source>Exp Brain Res</source> <volume>21</volume>: <fpage>447</fpage>–<lpage>454</lpage>.</mixed-citation>
</ref>
<ref id="pone.0098525-Sumi1"><label>7</label>
<mixed-citation publication-type="journal" xlink:type="simple"><name name-style="western"><surname>Sumi</surname><given-names>I</given-names></name>, <name name-style="western"><surname>Shirato</surname><given-names>S</given-names></name>, <name name-style="western"><surname>Matsumoto</surname><given-names>S</given-names></name>, <name name-style="western"><surname>Araie</surname><given-names>M</given-names></name> (<year>2003</year>) <article-title>The relationship between visual disability and visual field in patients with glaucoma</article-title>. <source>Ophthalmology</source> <volume>110</volume>: <fpage>332</fpage>–<lpage>339</lpage>.</mixed-citation>
</ref>
<ref id="pone.0098525-Mandava1"><label>8</label>
<mixed-citation publication-type="journal" xlink:type="simple"><name name-style="western"><surname>Mandava</surname><given-names>S</given-names></name>, <name name-style="western"><surname>Zulauf</surname><given-names>M</given-names></name>, <name name-style="western"><surname>Zeyen</surname><given-names>T</given-names></name>, <name name-style="western"><surname>Caprioli</surname><given-names>J</given-names></name> (<year>1993</year>) <article-title>An evaluation of clusters in the glaucomatous visual field</article-title>. <source>Am J Ophthalmol</source> <volume>116</volume>: <fpage>684</fpage>–<lpage>691</lpage>.</mixed-citation>
</ref>
<ref id="pone.0098525-Zeyen1"><label>9</label>
<mixed-citation publication-type="journal" xlink:type="simple"><name name-style="western"><surname>Zeyen</surname><given-names>TG</given-names></name>, <name name-style="western"><surname>Zulauf</surname><given-names>M</given-names></name>, <name name-style="western"><surname>Caprioli</surname><given-names>J</given-names></name> (<year>1993</year>) <article-title>Priority of test locations for automated perimetry in glaucoma</article-title>. <source>Ophthalmology</source> <volume>100</volume>: <fpage>518</fpage>–<lpage>522</lpage> discussion 523.</mixed-citation>
</ref>
<ref id="pone.0098525-Suzuki1"><label>10</label>
<mixed-citation publication-type="journal" xlink:type="simple"><name name-style="western"><surname>Suzuki</surname><given-names>Y</given-names></name>, <name name-style="western"><surname>Araie</surname><given-names>M</given-names></name>, <name name-style="western"><surname>Ohashi</surname><given-names>Y</given-names></name> (<year>1993</year>) <article-title>Sectorization of the central 30 degrees visual field in glaucoma</article-title>. <source>Ophthalmology</source> <volume>100</volume>: <fpage>69</fpage>–<lpage>75</lpage>.</mixed-citation>
</ref>
<ref id="pone.0098525-NouriMahdavi1"><label>11</label>
<mixed-citation publication-type="journal" xlink:type="simple"><name name-style="western"><surname>Nouri-Mahdavi</surname><given-names>K</given-names></name>, <name name-style="western"><surname>Mock</surname><given-names>D</given-names></name>, <name name-style="western"><surname>Hosseini</surname><given-names>H</given-names></name>, <name name-style="western"><surname>Bitrian</surname><given-names>E</given-names></name>, <name name-style="western"><surname>Yu</surname><given-names>F</given-names></name>, <etal>et al</etal>. (<year>2012</year>) <article-title>Pointwise rates of visual field progression cluster according to retinal nerve fiber layer bundles</article-title>. <source>Invest Ophthalmol Vis Sci</source> <volume>53</volume>: <fpage>2390</fpage>–<lpage>2394</lpage>.</mixed-citation>
</ref>
<ref id="pone.0098525-Chauhan1"><label>12</label>
<mixed-citation publication-type="journal" xlink:type="simple"><name name-style="western"><surname>Chauhan</surname><given-names>BC</given-names></name>, <name name-style="western"><surname>Drance</surname><given-names>SM</given-names></name>, <name name-style="western"><surname>Lai</surname><given-names>C</given-names></name> (<year>1989</year>) <article-title>A cluster analysis for threshold perimetry</article-title>. <source>Graefes Arch Clin Exp Ophthalmol</source> <volume>227</volume>: <fpage>216</fpage>–<lpage>220</lpage>.</mixed-citation>
</ref>
<ref id="pone.0098525-Katz1"><label>13</label>
<mixed-citation publication-type="journal" xlink:type="simple"><name name-style="western"><surname>Katz</surname><given-names>J</given-names></name>, <name name-style="western"><surname>Sommer</surname><given-names>A</given-names></name>, <name name-style="western"><surname>Gaasterland</surname><given-names>DE</given-names></name>, <name name-style="western"><surname>Anderson</surname><given-names>DR</given-names></name> (<year>1991</year>) <article-title>Comparison of analytic algorithms for detecting glaucomatous visual field loss</article-title>. <source>Arch Ophthalmol</source> <volume>109</volume>: <fpage>1684</fpage>–<lpage>1689</lpage>.</mixed-citation>
</ref>
<ref id="pone.0098525-GarwayHeath1"><label>14</label>
<mixed-citation publication-type="journal" xlink:type="simple"><name name-style="western"><surname>Garway-Heath</surname><given-names>DF</given-names></name>, <name name-style="western"><surname>Poinoosawmy</surname><given-names>D</given-names></name>, <name name-style="western"><surname>Fitzke</surname><given-names>FW</given-names></name>, <name name-style="western"><surname>Hitchings</surname><given-names>RA</given-names></name> (<year>2000</year>) <article-title>Mapping the visual field to the optic disc in normal tension glaucoma eyes</article-title>. <source>Ophthalmology</source> <volume>107</volume>: <fpage>1809</fpage>–<lpage>1815</lpage>.</mixed-citation>
</ref>
<ref id="pone.0098525-Park1"><label>15</label>
<mixed-citation publication-type="journal" xlink:type="simple"><name name-style="western"><surname>Park</surname><given-names>SC</given-names></name>, <name name-style="western"><surname>De Moraes</surname><given-names>CG</given-names></name>, <name name-style="western"><surname>Teng</surname><given-names>CC</given-names></name>, <name name-style="western"><surname>Tello</surname><given-names>C</given-names></name>, <name name-style="western"><surname>Liebmann</surname><given-names>JM</given-names></name>, <etal>et al</etal>. (<year>2011</year>) <article-title>Initial parafoveal versus peripheral scotomas in glaucoma: risk factors and visual field characteristics</article-title>. <source>Ophthalmology</source> <volume>118</volume>: <fpage>1782</fpage>–<lpage>1789</lpage>.</mixed-citation>
</ref>
<ref id="pone.0098525-Heijl1"><label>16</label>
<mixed-citation publication-type="journal" xlink:type="simple"><name name-style="western"><surname>Heijl</surname><given-names>A</given-names></name>, <name name-style="western"><surname>Lundqvist</surname><given-names>L</given-names></name> (<year>1984</year>) <article-title>The frequency distribution of earliest glaucomatous visual field defects documented by automatic perimetry</article-title>. <source>Acta Ophthalmol (Copenh)</source> <volume>62</volume>: <fpage>658</fpage>–<lpage>664</lpage>.</mixed-citation>
</ref>
<ref id="pone.0098525-Anctil1"><label>17</label>
<mixed-citation publication-type="journal" xlink:type="simple"><name name-style="western"><surname>Anctil</surname><given-names>JL</given-names></name>, <name name-style="western"><surname>Anderson</surname><given-names>DR</given-names></name> (<year>1984</year>) <article-title>Early foveal involvement and generalized depression of the visual field in glaucoma</article-title>. <source>Arch Ophthalmol</source> <volume>102</volume>: <fpage>363</fpage>–<lpage>370</lpage>.</mixed-citation>
</ref>
<ref id="pone.0098525-Langerhorst1"><label>18</label>
<mixed-citation publication-type="book" xlink:type="simple">Langerhorst CC, Carenini LL, Bakker D, De Bie-Raakman MA (1997) Measurements for description of very early glaucomatous field defects. In: Wall M, Heijl A, editors. Perimetry Update 1996/1997,. New York: Kugler.</mixed-citation>
</ref>
<ref id="pone.0098525-Weber1"><label>19</label>
<mixed-citation publication-type="journal" xlink:type="simple"><name name-style="western"><surname>Weber</surname><given-names>J</given-names></name>, <name name-style="western"><surname>Schultze</surname><given-names>T</given-names></name>, <name name-style="western"><surname>Ulrich</surname><given-names>H</given-names></name> (<year>1989</year>) <article-title>The visual field in advanced glaucoma</article-title>. <source>Int Ophthalmol</source> <volume>13</volume>: <fpage>47</fpage>–<lpage>50</lpage>.</mixed-citation>
</ref>
<ref id="pone.0098525-Zalta1"><label>20</label>
<mixed-citation publication-type="journal" xlink:type="simple"><name name-style="western"><surname>Zalta</surname><given-names>AH</given-names></name> (<year>1991</year>) <article-title>Use of a central 10 degrees field and size V stimulus to evaluate and monitor small central islands of vision in end stage glaucoma</article-title>. <source>Br J Ophthalmol</source> <volume>75</volume>: <fpage>151</fpage>–<lpage>154</lpage>.</mixed-citation>
</ref>
<ref id="pone.0098525-Park2"><label>21</label>
<mixed-citation publication-type="journal" xlink:type="simple"><name name-style="western"><surname>Park</surname><given-names>SC</given-names></name>, <name name-style="western"><surname>Kung</surname><given-names>Y</given-names></name>, <name name-style="western"><surname>Su</surname><given-names>D</given-names></name>, <name name-style="western"><surname>Simonson</surname><given-names>JL</given-names></name>, <name name-style="western"><surname>Furlanetto</surname><given-names>RL</given-names></name>, <etal>et al</etal>. (<year>2013</year>) <article-title>Parafoveal scotoma progression in glaucoma: humphrey 10-2 versus 24-2 visual field analysis</article-title>. <source>Ophthalmology</source> <volume>120</volume>: <fpage>1546</fpage>–<lpage>1550</lpage>.</mixed-citation>
</ref>
<ref id="pone.0098525-Traynis1"><label>22</label>
<mixed-citation publication-type="journal" xlink:type="simple"><name name-style="western"><surname>Traynis</surname><given-names>I</given-names></name>, <name name-style="western"><surname>De Moraes</surname><given-names>CG</given-names></name>, <name name-style="western"><surname>Raza</surname><given-names>AS</given-names></name>, <name name-style="western"><surname>Liebmann</surname><given-names>JM</given-names></name>, <name name-style="western"><surname>Ritch</surname><given-names>R</given-names></name>, <etal>et al</etal>. (<year>2014</year>) <article-title>Prevalence and Nature of Early Glaucomatous Defects in the Central 10 degrees of the Visual Field</article-title>. <source>JAMA Ophthalmol</source></mixed-citation>
</ref>
<ref id="pone.0098525-Bengtsson1"><label>23</label>
<mixed-citation publication-type="journal" xlink:type="simple"><name name-style="western"><surname>Bengtsson</surname><given-names>B</given-names></name>, <name name-style="western"><surname>Heijl</surname><given-names>A</given-names></name> (<year>2000</year>) <article-title>False-negative responses in glaucoma perimetry: indicators of patient performance or test reliability?</article-title> <source>Invest Ophthalmol Vis Sci</source> <volume>41</volume>: <fpage>2201</fpage>–<lpage>2204</lpage>.</mixed-citation>
</ref>
<ref id="pone.0098525-vanderLaan1"><label>24</label>
<mixed-citation publication-type="journal" xlink:type="simple"><name name-style="western"><surname>van der Laan</surname><given-names>MJ</given-names></name>, <name name-style="western"><surname>KS</surname><given-names>P</given-names></name> (<year>2003</year>) <article-title>A new algorithm for hybrid clustering with visualization and the bootstrap</article-title>. <source>J Stat Planning Infer</source> <volume>117</volume>: <fpage>275</fpage>–<lpage>303</lpage>.</mixed-citation>
</ref>
<ref id="pone.0098525-Pollard1"><label>25</label>
<mixed-citation publication-type="other" xlink:type="simple">Pollard KS, van der Laan MJ (2002) A method to identify significant clusters in gene expression data.; Proc 6th World Multiconf Systemics, Cybernetics Informatics (SCI2002) 2002. pp. 318–325.</mixed-citation>
</ref>
<ref id="pone.0098525-Bioconductor1"><label>26</label>
<mixed-citation publication-type="other" xlink:type="simple">Bioconductor website. Available: <ext-link ext-link-type="uri" xlink:href="http://www.bioconductor.org" xlink:type="simple">http://www.bioconductor.org</ext-link>. Accessed 2014 May 23</mixed-citation>
</ref>
<ref id="pone.0098525-Glinca1"><label>27</label>
<mixed-citation publication-type="journal" xlink:type="simple"><name name-style="western"><surname>Glinca</surname><given-names>S</given-names></name>, <name name-style="western"><surname>Klebe</surname><given-names>G</given-names></name> (<year>2013</year>) <article-title>Cavities tell more than sequences: exploring functional relationships of proteases via binding pockets</article-title>. <source>J Chem Inf Model</source> <volume>53</volume>: <fpage>2082</fpage>–<lpage>2092</lpage>.</mixed-citation>
</ref>
<ref id="pone.0098525-Hennig1"><label>28</label>
<mixed-citation publication-type="journal" xlink:type="simple"><name name-style="western"><surname>Hennig</surname><given-names>C</given-names></name> (<year>2007</year>) <article-title>Cluster-wise assessment of cluster stability, Computational Statistics and Data Analysis</article-title>. <source>Comput Stat Data Anal</source> <fpage>258</fpage>–<lpage>271</lpage>.</mixed-citation>
</ref>
<ref id="pone.0098525-Drance1"><label>29</label>
<mixed-citation publication-type="journal" xlink:type="simple"><name name-style="western"><surname>Drance</surname><given-names>SM</given-names></name> (<year>1969</year>) <article-title>The early field defects in glaucoma</article-title>. <source>Invest Ophthalmol</source> <volume>8</volume>: <fpage>84</fpage>–<lpage>91</lpage>.</mixed-citation>
</ref>
<ref id="pone.0098525-Chauhan2"><label>30</label>
<mixed-citation publication-type="journal" xlink:type="simple"><name name-style="western"><surname>Chauhan</surname><given-names>BC</given-names></name>, <name name-style="western"><surname>Garway-Heath</surname><given-names>DF</given-names></name>, <name name-style="western"><surname>Goni</surname><given-names>FJ</given-names></name>, <name name-style="western"><surname>Rossetti</surname><given-names>L</given-names></name>, <name name-style="western"><surname>Bengtsson</surname><given-names>B</given-names></name>, <etal>et al</etal>. (<year>2008</year>) <article-title>Practical recommendations for measuring rates of visual field change in glaucoma</article-title>. <source>Br J Ophthalmol</source> <volume>92</volume>: <fpage>569</fpage>–<lpage>573</lpage>.</mixed-citation>
</ref>
<ref id="pone.0098525-Malik1"><label>31</label>
<mixed-citation publication-type="journal" xlink:type="simple"><name name-style="western"><surname>Malik</surname><given-names>R</given-names></name>, <name name-style="western"><surname>Baker</surname><given-names>H</given-names></name>, <name name-style="western"><surname>Russell</surname><given-names>RA</given-names></name>, <name name-style="western"><surname>Crabb</surname><given-names>DP</given-names></name> (<year>2013</year>) <article-title>A survey of attitudes of glaucoma subspecialists in England and Wales to visual field test intervals in relation to NICE guidelines</article-title>. <source>BMJ Open</source> <volume>3; 3</volume><supplement>(5)</supplement>. <fpage>e002067</fpage>.</mixed-citation>
</ref>
<ref id="pone.0098525-Koseki1"><label>32</label>
<mixed-citation publication-type="journal" xlink:type="simple"><name name-style="western"><surname>Koseki</surname><given-names>N</given-names></name>, <name name-style="western"><surname>Araie</surname><given-names>M</given-names></name>, <name name-style="western"><surname>Yamagami</surname><given-names>J</given-names></name>, <name name-style="western"><surname>Suzuki</surname><given-names>Y</given-names></name> (<year>1995</year>) <article-title>Sectorization of central 10-deg visual field in open-angle glaucoma. An approach for its brief evaluation</article-title>. <source>Graefes Arch Clin Exp Ophthalmol</source> <volume>233</volume>: <fpage>621</fpage>–<lpage>626</lpage>.</mixed-citation>
</ref>
<ref id="pone.0098525-Hood1"><label>33</label>
<mixed-citation publication-type="journal" xlink:type="simple"><name name-style="western"><surname>Hood</surname><given-names>DC</given-names></name>, <name name-style="western"><surname>Raza</surname><given-names>AS</given-names></name>, <name name-style="western"><surname>de Moraes</surname><given-names>CG</given-names></name>, <name name-style="western"><surname>Liebmann</surname><given-names>JM</given-names></name>, <name name-style="western"><surname>Ritch</surname><given-names>R</given-names></name> (<year>2013</year>) <article-title>Glaucomatous damage of the macula</article-title>. <source>Prog Retin Eye Res</source> <volume>32</volume>: <fpage>1</fpage>–<lpage>21</lpage>.</mixed-citation>
</ref>
<ref id="pone.0098525-Tan1"><label>34</label>
<mixed-citation publication-type="journal" xlink:type="simple"><name name-style="western"><surname>Tan</surname><given-names>O</given-names></name>, <name name-style="western"><surname>Chopra</surname><given-names>V</given-names></name>, <name name-style="western"><surname>Lu</surname><given-names>AT</given-names></name>, <name name-style="western"><surname>Schuman</surname><given-names>JS</given-names></name>, <name name-style="western"><surname>Ishikawa</surname><given-names>H</given-names></name>, <etal>et al</etal>. (<year>2009</year>) <article-title>Detection of macular ganglion cell loss in glaucoma by Fourier-domain optical coherence tomography</article-title>. <source>Ophthalmology</source> <volume>116</volume>: <fpage>2305</fpage>–<lpage>2302</lpage>, <page-range>2305-2314, e2301-2302</page-range>.</mixed-citation>
</ref>
<ref id="pone.0098525-Schiefer1"><label>35</label>
<mixed-citation publication-type="journal" xlink:type="simple"><name name-style="western"><surname>Schiefer</surname><given-names>U</given-names></name>, <name name-style="western"><surname>Papageorgiou</surname><given-names>E</given-names></name>, <name name-style="western"><surname>Sample</surname><given-names>PA</given-names></name>, <name name-style="western"><surname>Pascual</surname><given-names>JP</given-names></name>, <name name-style="western"><surname>Selig</surname><given-names>B</given-names></name>, <etal>et al</etal>. (<year>2010</year>) <article-title>Spatial pattern of glaucomatous visual field loss obtained with regionally condensed stimulus arrangements</article-title>. <source>Invest Ophthalmol Vis Sci</source> <volume>51</volume>: <fpage>5685</fpage>–<lpage>5689</lpage>.</mixed-citation>
</ref>
<ref id="pone.0098525-Curcio1"><label>36</label>
<mixed-citation publication-type="journal" xlink:type="simple"><name name-style="western"><surname>Curcio</surname><given-names>CA</given-names></name>, <name name-style="western"><surname>Allen</surname><given-names>KA</given-names></name> (<year>1990</year>) <article-title>Topography of ganglion cells in human retina</article-title>. <source>J Comp Neuron</source> <volume>300</volume>: <fpage>5</fpage>–<lpage>25</lpage>.</mixed-citation>
</ref>
<ref id="pone.0098525-Lamparter1"><label>37</label>
<mixed-citation publication-type="journal" xlink:type="simple"><name name-style="western"><surname>Lamparter</surname><given-names>J</given-names></name>, <name name-style="western"><surname>Russell</surname><given-names>RA</given-names></name>, <name name-style="western"><surname>Zhu</surname><given-names>H</given-names></name>, <name name-style="western"><surname>Asaoka</surname><given-names>R</given-names></name>, <name name-style="western"><surname>Yamashita</surname><given-names>T</given-names></name>, <etal>et al</etal>. (<year>2013</year>) <article-title>The influence of intersubject variability in ocular anatomical variables on the mapping of retinal locations to the retinal nerve fiber layer and optic nerve head</article-title>. <source>Invest Ophthalmol Vis Sci</source> <volume>54</volume>: <fpage>6074</fpage>–<lpage>6082</lpage>.</mixed-citation>
</ref>
</ref-list></back>
</article>