<?xml version="1.0" encoding="UTF-8"?>
<!DOCTYPE article
  PUBLIC "-//NLM//DTD Journal Publishing DTD v3.0 20080202//EN" "http://dtd.nlm.nih.gov/publishing/3.0/journalpublishing3.dtd">
<article xmlns:mml="http://www.w3.org/1998/Math/MathML" xmlns:xlink="http://www.w3.org/1999/xlink" article-type="research-article" dtd-version="3.0" xml:lang="EN"><front><journal-meta><journal-id journal-id-type="nlm-ta">PLoS ONE</journal-id><journal-id journal-id-type="publisher-id">plos</journal-id><journal-id journal-id-type="pmc">plosone</journal-id><!--===== Grouping journal title elements =====--><journal-title-group><journal-title>PLoS ONE</journal-title></journal-title-group><issn pub-type="epub">1932-6203</issn><publisher><publisher-name>Public Library of Science</publisher-name><publisher-loc>San Francisco, USA</publisher-loc></publisher></journal-meta><article-meta><article-id pub-id-type="publisher-id">07-PONE-RA-02022</article-id><article-id pub-id-type="doi">10.1371/journal.pone.0001374</article-id><article-categories><subj-group subj-group-type="heading"><subject>Research Article</subject></subj-group><subj-group subj-group-type="Discipline"><subject>Physiology</subject><subject>Computational Biology/Literature Analysis</subject><subject>Mathematics/Statistics</subject><subject>Diabetes and Endocrinology/Type 1 Diabetes</subject></subj-group></article-categories><title-group><article-title>Extent of Beta Cell Destruction Is Important but Insufficient to Predict the Onset of Type 1 Diabetes Mellitus</article-title><alt-title alt-title-type="running-head">β Cell Mass at Onset of T1D</alt-title></title-group><contrib-group><contrib contrib-type="author" xlink:type="simple"><name name-style="western"><surname>Klinke</surname><given-names>David J.</given-names><suffix>II</suffix></name><xref ref-type="aff" rid="aff1"><sup>1</sup></xref><xref ref-type="aff" rid="aff2"><sup>2</sup></xref><xref ref-type="corresp" rid="cor1"><sup>*</sup></xref></contrib></contrib-group><aff id="aff1"><label>1</label><addr-line>Department of Chemical Engineering, West Virginia University, Morgantown, West Virginia, United States of America</addr-line>       </aff><aff id="aff2"><label>2</label><addr-line>Department of Microbiology, Immunology and Cell Biology, West Virginia University, Morgantown, West Virginia, United States of America</addr-line>       </aff><contrib-group><contrib contrib-type="editor" xlink:type="simple"><name name-style="western"><surname>Vella</surname><given-names>Adrian</given-names></name><role>Academic Editor</role><xref ref-type="aff" rid="edit1"/></contrib></contrib-group><aff id="edit1">Mayo Clinic College of Medicine, United States of America</aff><author-notes><corresp id="cor1">* To whom correspondence should be addressed. E-mail: <email xlink:type="simple">david.klinke@mail.wvu.edu</email></corresp><fn fn-type="con"><p>Conceived and designed the experiments: DK. Performed the experiments: DK. Analyzed the data: DK. Contributed reagents/materials/analysis tools: DK. Wrote the paper: DK.</p></fn><fn fn-type="conflict"><p>The author has declared that no competing interests exist.</p></fn></author-notes><pub-date pub-type="collection"><year>2008</year></pub-date><pub-date pub-type="epub"><day>2</day><month>1</month><year>2008</year></pub-date><volume>3</volume><issue>1</issue><elocation-id>e1374</elocation-id><history><date date-type="received"><day>17</day><month>8</month><year>2007</year></date><date date-type="accepted"><day>4</day><month>12</month><year>2007</year></date></history><!--===== Grouping copyright info into permissions =====--><permissions><copyright-year>2008</copyright-year><copyright-holder>David Klinke II</copyright-holder><license><license-p>This is an open-access article distributed under the terms of the Creative Commons Attribution License, which permits unrestricted use, distribution, and reproduction in any medium, provided the original author and source are credited.</license-p></license></permissions><abstract><sec><title>Background</title><p>Type 1 diabetes mellitus is characterized by an inability to produce insulin endogenously. Based on a series of histopathology studies of patients with recent onset of the disease, it is commonly stated that the onset of clinical symptoms corresponds to an 80-95% reduction in beta cell mass. Motivated by the clinical importance of the degree of beta cell destruction at onset, a meta-analysis was used to determine the validity of this common wisdom.</p></sec><sec><title>Methods and Findings</title><p>The histopathology results identifying insulin containing islets in patients younger than 20 years of age were extracted from three different studies. The results for 105 patients were stratified by duration of diabetic symptoms and age at onset. Linear regression and a non-parametric bootstrap approach were used to determine the dependence of residual beta cell mass to age at onset. The percentage reduction in beta cell mass was highly correlated (p&lt;0.001) with the age of onset with the greatest reduction in beta cell mass in the youngest patients. As this trend had not been previously observed, an alternative physiology-based model is proposed that captures this age-dependence.</p></sec><sec><title>Conclusions</title><p>The severity in beta cell reduction at onset decreased with age where, on average, a 40% reduction in beta cell mass was sufficient to precipitate clinical symptoms at 20 years of age. The observed trend was consistent with a physiology-based model where the threshold for onset is based upon a dynamic balance between insulin-production capacity, which is proportional to beta cell mass, and insulin demand, which is proportional to body weight.</p></sec></abstract><funding-group><funding-statement>This work was supported by the West Virginia University Research Corporation.</funding-statement></funding-group><counts><page-count count="10"/></counts></article-meta></front><body><sec id="s1"><title>Introduction</title><p>Type 1 diabetes mellitus is characterized by an impaired ability to produce insulin due to the progressive and selective destruction of beta cells in the pancreatic islets of Langerhans <xref ref-type="bibr" rid="pone.0001374-World1">[1]</xref>. The destruction of beta cells is attributed to a variety of environmental and genetic risk factors <xref ref-type="bibr" rid="pone.0001374-Atkinson1">[2]</xref> and results in the inability to maintain glucose homeostasis. While there are promising therapeutics in the drug pipeline (e.g. anti-CD3 <xref ref-type="bibr" rid="pone.0001374-Herold1">[3]</xref>), there are currently no treatments available to stop the progressive destruction of insulin-producing beta cells. The standard of care for many patients with Type 1 diabetes mellitus is currently exogenous insulin or insulin analog therapy <xref ref-type="bibr" rid="pone.0001374-Silverstein1">[4]</xref>. The requirement for exogenous insulin, associated with reduced control of glucose homeostasis, results in an increased incidence of significant long-term side effects <xref ref-type="bibr" rid="pone.0001374-Diabetes1">[5]</xref>. Any effort to prolong endogenous insulin production may have a significant impact on the long-term quality of life for patients with Type 1 diabetes mellitus. Clinical management of this disease faces two significant challenges: the increase in incidence of Type 1 diabetes mellitus across the globe <xref ref-type="bibr" rid="pone.0001374-Onkamo1">[6]</xref>, <xref ref-type="bibr" rid="pone.0001374-Group1">[7]</xref> and the lack of a cure. Improved understanding of the natural history of this disease underpins possible solutions to these challenges.</p><p>One of the persistent challenges with understanding the natural history of Type 1 diabetes mellitus is the inability to observe directly the events in the human pancreas that lead to the onset of hyperglycemia. It is clear that a reduction in endogenous insulin production precipitates the onset of hyperglycemia. Knowledge detailing the pathogenesis in humans is limited to a small number of biopsy studies from individuals with recent disease onset and to data from individuals who died soon after diabetes onset <xref ref-type="bibr" rid="pone.0001374-Foulis1">[8]</xref>–<xref ref-type="bibr" rid="pone.0001374-Lernmark1">[11]</xref>. Based upon these landmark studies <xref ref-type="bibr" rid="pone.0001374-Atkinson2">[12]</xref>, it is a widely held belief that the onset of hyperglycemia occurs when 80–95% of an individual's beta cells are destroyed <xref ref-type="bibr" rid="pone.0001374-Daaboul1">[13]</xref>, <xref ref-type="bibr" rid="pone.0001374-Gale1">[14]</xref>. The level of destruction may not be so severe as a series of recent studies suggest that impairment in beta cell function may also contribute to the emergence of hyperglycemia <xref ref-type="bibr" rid="pone.0001374-Steele1">[15]</xref>–<xref ref-type="bibr" rid="pone.0001374-Greenbaum1">[17]</xref>.</p><p>Quantifying the relative reduction in beta cell mass has important implications for the design of clinical trials to prevent or to improve management of the disease <xref ref-type="bibr" rid="pone.0001374-Sherry1">[18]</xref>. Given that common wisdom suggests that the reduction in beta cell mass is so severe at onset, one might conclude that the ability to enhance beta cell function or preserve the remaining beta cells would have limited therapeutic potential. In addition, the extent of reduction at onset can influence the debate <xref ref-type="bibr" rid="pone.0001374-Kolb1">[19]</xref> over the risk versus benefit analysis for novel drugs that prolong endogenous insulin production. Given the clinical importance of this question, the objective of this study was to re-examine the histopathological evidence that has long provided the basis for the conceptual models for the pathophysiology of Type 1 diabetes mellitus. A meta-analysis was used to extract and assess the significance of embedded trends within these landmark studies. It was found that the trends observed within these landmark studies do not fully support the common wisdom that onset of clinical symptoms of Type 1 diabetes occurs when 80–95% of an individual's beta cells are destroyed. An alternative model is proposed where the level of destruction varies with age and depends on the insulin-producing capacity, which is proportional to beta cell mass, and insulin demand, which is proportional to body weight.</p></sec><sec id="s2"><title>Results</title><p>The reduction in beta cell mass for recent onset patients with Type 1 diabetes were extracted from three landmark studies identified in the literature. For the two studies by Foulis and coworkers, the percentage reduction in beta cell mass was based on the ratio of the number of insulin deficient islets to the total number of islets observed following immunohistochemical staining of serial sections of the pancreata from Type 1 diabetic patients <xref ref-type="bibr" rid="pone.0001374-Foulis1">[8]</xref>, <xref ref-type="bibr" rid="pone.0001374-Foulis2">[9]</xref>. Concurrent observation of insulin-deficient and insulin-containing islets provides an internal control to correct for age-dependent and experimental variability. This calculation assumed that the density of islets in pancreata from Type 1 diabetic patients is representative of age-matched normal controls. To justify this assumption, it is noted that the number of islets and the density of somatostatin-secreting delta cells, glucagon-secreting alpha cells, and other cells of the endocrine pancreas are similar between Type 1 diabetic patients and normal controls <xref ref-type="bibr" rid="pone.0001374-Foulis2">[9]</xref>.</p><p>In the study by Gepts <xref ref-type="bibr" rid="pone.0001374-Gepts1">[10]</xref>, the total pancreatic volume and number of beta cells were reported per area of pancreatic tissue for both non-diabetic controls and Type 1 diabetic patients. The calculated reduction in beta cell mass was based on the changes in density of beta cells within pancreata from diabetic patients, as the total pancreatic volume for recent onset patients was reported to be similar to non-diabetic controls. The percentage reduction in beta cell mass was determined based on the ratio of observed density of beta cell to the expected beta cell density based on a patient's age. As shown in <xref ref-type="fig" rid="pone-0001374-g001">Figure 1</xref>, non-linear regression (solid line) was used to estimate the density of beta cells in non-diabetic controls (filled circles) as a function of age. In non-diabetic controls, the density of beta cells in the pancreas declines following birth and reaches a plateau at 25 years of age. The density of beta cells for patients diagnosed with Type 1 diabetes mellitus prior to their death (squares) are also shown in <xref ref-type="fig" rid="pone-0001374-g001">Figure 1</xref>.</p><fig id="pone-0001374-g001" position="float"><object-id pub-id-type="doi">10.1371/journal.pone.0001374.g001</object-id><label>Figure 1</label><caption><title>The density of beta cells within a cross-section of a pancreas as a function of age.</title><p>The density of beta cells were reported for non-diabetic controls (filled circles) and Type 1 diabetics (open squares) reported by Gepts <xref ref-type="bibr" rid="pone.0001374-Gepts1">[10]</xref>. A non-linear regression was used to estimate the expected density of beta cells in non-diabetic controls as a function of age (solid line). In diabetics, the percentage reduction in beta cell mass is estimated by the ratio of the observed beta cell density in diabetics to the expected density provided by the non-linear regression.</p></caption><graphic mimetype="image" position="float" xlink:href="info:doi/10.1371/journal.pone.0001374.g001" xlink:type="simple"/></fig><p>The reduction in beta cell mass is highly variable among a subset of 63 patients identified to have died within three weeks of diagnosis for Type 1 diabetes mellitus (recent onset patients) and shows dependence on age of diagnosis (see <xref ref-type="fig" rid="pone-0001374-g002">Figure 2</xref>). The linear regression results suggest that a greater reduction in beta cell mass is required for the onset of hyperglycemia in younger patients compared to older patients. Quantitatively, linear regression of the recent onset patients resulted in an intercept and slope of 85.5 (95% C.I. = 75.3 to 95.2) percent and −2.15 (95% C.I. = −3.02 to −1.30, <italic>p</italic>&lt;0.001) percent year<sup>−1</sup>, respectively. The subset of recent onset patients exhibited considerable inter-individual heterogeneity whereby 95% of the population falls within ±45% of the average reduction in beta cell mass for a given age (dashed lines).</p><fig id="pone-0001374-g002" position="float"><object-id pub-id-type="doi">10.1371/journal.pone.0001374.g002</object-id><label>Figure 2</label><caption><title>The reduction in beta cell mass is highly variable and depends on age of diagnosis.</title><p>The data points, shown as black symbols, summarizes the percentage reduction in beta cell mass in 63 subjects that died within three weeks of diagnosis of type 1 diabetes mellitus from three different studies (squares <xref ref-type="bibr" rid="pone.0001374-Gepts1">[10]</xref>, diamonds <xref ref-type="bibr" rid="pone.0001374-Foulis2">[9]</xref>, and circles <xref ref-type="bibr" rid="pone.0001374-Foulis1">[8]</xref>). The solid line represents the linear regression to the patients with recent onset type 1 diabetes mellitus. The 95% confidence intervals that enclose the population of recent onset type 1 diabetics patients are shown by the dashed lines.</p></caption><graphic mimetype="image" position="float" xlink:href="info:doi/10.1371/journal.pone.0001374.g002" xlink:type="simple"/></fig><p>Individually, the sets of data analyzed in this study exhibit known heterogeneity due to different measurement techniques and potential patient selection bias. Thus, it is important to assess how combining these individual sets of data influences the linear regression results. A computational Bayesian approach, based upon a Markov chain Monte Carlo (MCMC) algorithm, was used to estimate how the uncertainty in the linear regression parameters changed upon combining sets of data <xref ref-type="bibr" rid="pone.0001374-Beers1">[20]</xref>. A 2-dimensional (2-D) marginal posterior density (2-D MPD) was used to estimate the confidence regions of the linear regression parameters. In <xref ref-type="fig" rid="pone-0001374-g003">Figure 3</xref>, a single contour line indicates the 2-D MPD region within the parameter space that contains 95% of the total marginal posterior density (i.e., the 95% confidence region). The MCMC algorithm was repeatedly applied to the Gepts data only (red curve), the Foulis data only (blue curve), and the combined data (black curve). This repetitive approach was used to assess how the estimates of the parameter values change when considering a composite data set derived from individual sets of data.</p><fig id="pone-0001374-g003" position="float"><object-id pub-id-type="doi">10.1371/journal.pone.0001374.g003</object-id><label>Figure 3</label><caption><title>A computational Bayesian estimate of the two-dimensional 95% confidence regions for the linear regression parameters.</title><p>The confidence regions for the slope and intercept were estimated from the Gepts data (red) <xref ref-type="bibr" rid="pone.0001374-Gepts1">[10]</xref>, Foulis et al. data (blue) <xref ref-type="bibr" rid="pone.0001374-Foulis1">[8]</xref>, <xref ref-type="bibr" rid="pone.0001374-Foulis2">[9]</xref>, and combined data (black). The curves indicate the parameter values that are enclosed within 95% of the posterior probability density function. The confidence regions associated with the combined data is a non-linear combination of the confidence regions associated with the Gepts data only and the Foulis et al. data only.</p></caption><graphic mimetype="image" position="float" xlink:href="info:doi/10.1371/journal.pone.0001374.g003" xlink:type="simple"/></fig><p>To quantify the effect of the inclusion criteria for the analysis, a series of linear regressions were applied to a subset of patients who died prior to the cutoff. The cutoff was varied between one week and 312 weeks after diagnosis. These linear regression results for various cutoff times are shown in <xref ref-type="table" rid="pone-0001374-t001">Table 1</xref>. The linear regression of the entire population of 105 patients also exhibits the same general trends, where the extent of reduction in beta cell mass at onset decreases with age. The slope and intercept for the linear regression relationship of the entire population were determined to be −1.10 (95% C.I. = −1.86 to −0.35, <italic>p = </italic>0.001) percent year<sup>−1</sup> and 79.8 (95% C.I. = 70.8 to 89.4) percent, respectively.</p><table-wrap id="pone-0001374-t001" position="float"><object-id pub-id-type="doi">10.1371/journal.pone.0001374.t001</object-id><label>Table 1</label><caption><title>The linear regression parameters and corresponding 95% confidence intervals reported as a function of change in the cutoff date.</title></caption><!--===== Grouping alternate versions of objects =====--><alternatives><graphic id="pone-0001374-t001-1" mimetype="image" position="float" xlink:href="info:doi/10.1371/journal.pone.0001374.t001" xlink:type="simple"/><table><colgroup span="1"><col align="left" span="1"/><col align="center" span="1"/><col align="center" span="1"/><col align="center" span="1"/><col align="center" span="1"/><col align="center" span="1"/></colgroup><thead><tr><td align="left" colspan="1" rowspan="1">Cutoff Weeks</td><td align="left" colspan="1" rowspan="1">N<sub>data</sub></td><td align="left" colspan="1" rowspan="1">Slope</td><td align="left" colspan="1" rowspan="1">Bootstrap 95% C.I.</td><td align="left" colspan="1" rowspan="1">Intercept</td><td align="left" colspan="1" rowspan="1">Bootstrap 95% C.I.</td></tr></thead><tbody><tr><td align="left" colspan="1" rowspan="1">1</td><td align="left" colspan="1" rowspan="1">30</td><td align="left" colspan="1" rowspan="1">−2.58</td><td align="left" colspan="1" rowspan="1">(−1.36 to −3.54)</td><td align="left" colspan="1" rowspan="1">90.09</td><td align="left" colspan="1" rowspan="1">(74.84 to 100.73)</td></tr><tr><td align="left" colspan="1" rowspan="1">2</td><td align="left" colspan="1" rowspan="1">47</td><td align="left" colspan="1" rowspan="1">−2.59</td><td align="left" colspan="1" rowspan="1">(−1.66 to −3.27)</td><td align="left" colspan="1" rowspan="1">91.91</td><td align="left" colspan="1" rowspan="1">(79.64 to 99.99)</td></tr><tr><td align="left" colspan="1" rowspan="1">3</td><td align="left" colspan="1" rowspan="1">63</td><td align="left" colspan="1" rowspan="1">−2.15</td><td align="left" colspan="1" rowspan="1">(−1.28 to −2.88)</td><td align="left" colspan="1" rowspan="1">85.46</td><td align="left" colspan="1" rowspan="1">(73.58 to 94.25)</td></tr><tr><td align="left" colspan="1" rowspan="1">6</td><td align="left" colspan="1" rowspan="1">72</td><td align="left" colspan="1" rowspan="1">−1.92</td><td align="left" colspan="1" rowspan="1">(−1.06 to −2.65)</td><td align="left" colspan="1" rowspan="1">84.00</td><td align="left" colspan="1" rowspan="1">(72.15 to 93.14)</td></tr><tr><td align="left" colspan="1" rowspan="1">10</td><td align="left" colspan="1" rowspan="1">78</td><td align="left" colspan="1" rowspan="1">−2.05</td><td align="left" colspan="1" rowspan="1">(−1.21 to −2.74)</td><td align="left" colspan="1" rowspan="1">84.03</td><td align="left" colspan="1" rowspan="1">(72.51 to 92.55)</td></tr><tr><td align="left" colspan="1" rowspan="1">15</td><td align="left" colspan="1" rowspan="1">87</td><td align="left" colspan="1" rowspan="1">−1.45</td><td align="left" colspan="1" rowspan="1">(−0.84 to −1.98)</td><td align="left" colspan="1" rowspan="1">79.11</td><td align="left" colspan="1" rowspan="1">(67.82 to 88.25)</td></tr><tr><td align="left" colspan="1" rowspan="1">26</td><td align="left" colspan="1" rowspan="1">95</td><td align="left" colspan="1" rowspan="1">−1.46</td><td align="left" colspan="1" rowspan="1">(−0.87 to −1.97)</td><td align="left" colspan="1" rowspan="1">80.34</td><td align="left" colspan="1" rowspan="1">(69.78 to 89.14)</td></tr><tr><td align="left" colspan="1" rowspan="1">52</td><td align="left" colspan="1" rowspan="1">97</td><td align="left" colspan="1" rowspan="1">−1.42</td><td align="left" colspan="1" rowspan="1">(−0.84 to −1.94)</td><td align="left" colspan="1" rowspan="1">80.63</td><td align="left" colspan="1" rowspan="1">(69.97 to 89.32)</td></tr><tr><td align="left" colspan="1" rowspan="1">104</td><td align="left" colspan="1" rowspan="1">103</td><td align="left" colspan="1" rowspan="1">−1.16</td><td align="left" colspan="1" rowspan="1">(−0.58 to −1.66)</td><td align="left" colspan="1" rowspan="1">79.88</td><td align="left" colspan="1" rowspan="1">(69.28 to 88.22)</td></tr><tr><td align="left" colspan="1" rowspan="1">312</td><td align="left" colspan="1" rowspan="1">105</td><td align="left" colspan="1" rowspan="1">−1.10</td><td align="left" colspan="1" rowspan="1">(−0.52 to −1.60)</td><td align="left" colspan="1" rowspan="1">79.81</td><td align="left" colspan="1" rowspan="1">(69.20 to 88.31)</td></tr></tbody></table></alternatives><table-wrap-foot><fn id="nt101"><p>C.I. = confidence interval</p></fn><fn id="nt102"><p>N<sub>data</sub> = number of patients included in subset</p></fn></table-wrap-foot></table-wrap></sec><sec id="s3"><title>Discussion</title><p>The results from this meta-analysis suggest that clinical presentation of Type 1 diabetes mellitus is correlated with a greater percentage loss in beta cell mass in infants compared to adults. An 85% reduction in beta cell mass in infants can lead to hyperglycemia. In contrast, as little as a 40% reduction by 20 years of age is sufficient to induce hyperglycemia. This meta-analysis also demonstrates the significant heterogeneity in pathophysiology within a population of Type 1 diabetic patients. In older patients, a lower reduction in beta cell mass gives rise to the same clinical phenotype. This trend was also observed qualitatively by Foulis et al. <xref ref-type="bibr" rid="pone.0001374-Foulis2">[9]</xref>. Given this inconsistency with existing models for the natural history of the disease <xref ref-type="bibr" rid="pone.0001374-Atkinson1">[2]</xref>, an alternative theory may be proposed to explain this behavior.</p><sec id="s3a"><title>A Physiology-based Model for Residual Beta Cell Mass at Onset</title><p>Growth of the human body is a dynamic non-linear process where different parts of the body grow at different rates. Of particular relevance to Type 1 diabetes mellitus, body weight changes at a different rate than beta cell mass. One possible explanation for this observed trend in residual beta cell mass at onset could be attributed to the dynamic imbalance between the number of beta cells and the insulin requirements for a growing body. Individually, beta cell density and total volume of the pancreas both vary as a function of age. The age-related growth in total beta cell mass, as shown in <xref ref-type="fig" rid="pone-0001374-g004">Figure 4</xref> (dotted line), can be estimated by the product of the beta cell density and the total volume of the pancreas <xref ref-type="bibr" rid="pone.0001374-Gepts1">[10]</xref>.</p><fig id="pone-0001374-g004" position="float"><object-id pub-id-type="doi">10.1371/journal.pone.0001374.g004</object-id><label>Figure 4</label><caption><title>The growth rates for beta cell mass and total body weight exhibit different kinetics.</title><p>The changes in beta cell mass (dotted line) and body weight in kg (solid line) are shown a function of age. The beta cell mass is the product of beta cell density <xref ref-type="bibr" rid="pone.0001374-Gepts1">[10]</xref> and volume of the pancreas <xref ref-type="bibr" rid="pone.0001374-Gepts1">[10]</xref>. The change in body weight as a function of age is an average value from male and female growth charts <xref ref-type="bibr" rid="pone.0001374-Kuczmarski1">[25]</xref>.</p></caption><graphic mimetype="image" position="float" xlink:href="info:doi/10.1371/journal.pone.0001374.g004" xlink:type="simple"/></fig><p>In addition, changes in body weight can influence how insulin regulates glucose homeostasis. Cellular response to insulin is proportional to the concentration of insulin. Concentration is a derived intrinsic variable and defined as the number of proteins per unit of volume. As the body grows, the volume in which proteins are distributed increases. Therefore, the number of insulin molecules must also increase to maintain a constant concentration (i.e., elicit the same biological effect). Insulin synthesis and release by beta cells exhibits a non-linear dependence on glucose concentration <xref ref-type="bibr" rid="pone.0001374-Henquin1">[21]</xref>, <xref ref-type="bibr" rid="pone.0001374-Hinke1">[22]</xref>. If we assume that the cellular capacity to synthesize insulin does not vary with age, each beta cell is capable of contributing a fixed number of insulin proteins per unit of time. Under normal conditions, beta cells may synthesize only a fraction of their maximum capability. As the number of beta cells decreases, the remaining beta cells may increase their individual contributions to maintain a normal concentration of insulin in the blood. As the beta cell mass progressively declines, individual contributions rise until a maximum level of protein synthesis is reached in the remaining beta cells. A subsequent decline in beta cell mass results in an inability of the body to maintain an appropriate concentration of insulin in the plasma.</p><p>Clinically, metabolic parameters, such as fasting glucose, are observed to increase dramatically at the onset of hyperglycemia <xref ref-type="bibr" rid="pone.0001374-Srikanta1">[23]</xref>, <xref ref-type="bibr" rid="pone.0001374-Vardi1">[24]</xref>. Admittedly, these studies were performed in high risk populations and may not generalizable to the entire Type 1 diabetes patient population. By focusing on patients who died within three weeks of onset, we hypothesize that the onset of hyperglycemia is a titration of the beta cell mass required to maintain glucose homeostasis for a given body weight. A quantitative relationship can be created to predict the “excess” beta cell mass (EBCM(t)) as a function of age. The “excess” beta cell mass corresponds to the reduction in beta cell mass that is required before hyperglycemia occurs. This relationship is derived from a dynamic mole balance between the source of insulin, which is proportional to beta cell mass (BCM<sub>Total</sub>(t)), and sinks for insulin, which are proportional to body weight (BWt(t)) <xref ref-type="bibr" rid="pone.0001374-Kuczmarski1">[25]</xref> (see <xref ref-type="supplementary-material" rid="pone.0001374.s001">Appendix S1</xref>). Quantitatively, this relationship can be expressed as:<disp-formula><graphic mimetype="image" position="float" xlink:href="info:doi/10.1371/journal.pone.0001374.e001" xlink:type="simple"/><label>(1)</label></disp-formula>where <italic>K</italic> is a proportionality constant that provides an estimate of the required beta cell mass per kilogram of body weight. Using the patient results for the recent onset group, the value for the parameter <italic>K</italic> was estimated to be 499 units of BCM kg<sup>−1</sup> (95% C.I. = 458 to 605). The resulting relationship for EBCM(t) as a function of age is shown in <xref ref-type="fig" rid="pone-0001374-g005">Figure 5</xref> (solid line). The trend obtained by linear regression (dotted line) and the observed reduction in beta cell mass in pancreata obtained from the subset of recent onset patients are also shown for comparison.</p><fig id="pone-0001374-g005" position="float"><object-id pub-id-type="doi">10.1371/journal.pone.0001374.g005</object-id><label>Figure 5</label><caption><title>Comparison of the observed reduction in beta cell mass versus the LR and PB models.</title><p>Comparison of the estimate of excess beta cell mass (solid curve) compared against the trend obtained by linear regression (dotted line) for the measured reduction in beta cell mass in 63 patients that died within three weeks of diagnosis of type 1 diabetes mellitus from three different studies (squares <xref ref-type="bibr" rid="pone.0001374-Gepts1">[10]</xref>, diamonds <xref ref-type="bibr" rid="pone.0001374-Foulis2">[9]</xref>, and circles <xref ref-type="bibr" rid="pone.0001374-Foulis1">[8]</xref>).</p></caption><graphic mimetype="image" position="float" xlink:href="info:doi/10.1371/journal.pone.0001374.g005" xlink:type="simple"/></fig><p>Qualitatively, the EBCM relationship exhibits a similar dependence with age, as the youngest patients exhibited the greatest potential reduction in beta cell mass. The trend also declines with increasing age, resulting in only a 40% excess in beta cell mass by the age of 20. In other words, the beta cell mass initially grows at a faster rate relative to the whole body. The overall beta cell mass plateaus while the overall body weight steadily increases through 20 years of age. The net result of the different growth dynamics is that the “excess” beta cell mass declines with age. Qualitatively, the observed reduction in beta cell mass in recent onsets diabetics appears to be normally distributed around the predicted “excess” beta cell mass. In the youngest patients (age &lt;three years), the predicted “excess” beta cell mass appears to be lower that the values observed experimentally. In these younger patients, bias may exist due to aggressive autoimmune attack on the beta cells coupled with an inability to identify diabetic symptoms in patients at this young age.</p><p>Quantitatively, objective criteria have been established for selecting among competing models that describe the same phenomenon. In this study, the two competing models are non-nested and include the model based upon the linear regression results (LR model) and physiology-based model (PB model). Bootstrap resampling with replacement (N = 10,000) was used to estimate the confidence level for model discrimination based on the Akaike Information Criterion (AIC). At each bootstrapped sample, the best fit values for the model parameters were used to calculate the LER for the LR and PB models. A histogram showing the distribution of bootstrapped LER values is shown in <xref ref-type="fig" rid="pone-0001374-g006">Figure 6</xref>. The AIC for the LR and PB models is calculated to be 0.0317 (dotted line). Based on the experimental data, the LER is estimated to be 0.1245 and suggests that the PB model should be rejected. As shown in <xref ref-type="fig" rid="pone-0001374-g006">Figure 6</xref>, the confidence level (p-value) for rejecting the PB model is 0.19 and does not reach the level of statistical significance. Therefore, the PB model is indistinguishable from the LR model in describing the reduction in beta cell mass as a function of age. Moreover, the PB model provides a mechanistic explanation for the observed trends.</p><fig id="pone-0001374-g006" position="float"><object-id pub-id-type="doi">10.1371/journal.pone.0001374.g006</object-id><label>Figure 6</label><caption><title>Frequency of values for LER determined via bootstrap resampling with replacement of the residuals.</title><p>The dotted line corresponds to the AIC threshold for rejecting the PB model. Rejection of the PB model is not statistically significant as the associated p-value equals 0.19.</p></caption><graphic mimetype="image" position="float" xlink:href="info:doi/10.1371/journal.pone.0001374.g006" xlink:type="simple"/></fig><p>The duration of diabetic symptoms is also thought to influence the residual beta cell mass. Using the predicted “excess” beta cell mass, each of the 105 patients can be compared against the remaining beta cell mass in an average recent onset patient, matched for age. In <xref ref-type="fig" rid="pone-0001374-g007">Figure 7</xref>, the difference between the observed reduction in beta cell mass and predicted “excess” beta cell mass for each of the 105 patients are plotted against the duration of disease. In this figure, the patient population is subdivided into three groups based upon the duration of disease: duration &lt;3 weeks (red triangles), 3&lt;duration&lt;23 weeks (black squares), and duration &gt;23 weeks (blue circles). In the recent onset group, the residual values appear to distribute normally around the predicted values. In addition, patients with duration greater than 23 weeks exhibited, on average, a greater loss in beta cell mass than predicted by the “excess” beta cell mass relationship (p&lt;0.001). While not statistically significant, patients with an intermediate duration (3&lt;duration&lt;23 weeks) exhibited, on average, a lower loss in beta cell mass than predicted by the “excess” beta cell mass relationship (0.1&lt;p&lt;0.05). This observation may be due to patient selection bias. Alternatively, this behavior could be attributed to a regrowth in beta cell mass following initiation of treatment. However, a regrowth of beta cell mass in humans has never been observed following onset of clinical symptoms.</p><fig id="pone-0001374-g007" position="float"><object-id pub-id-type="doi">10.1371/journal.pone.0001374.g007</object-id><label>Figure 7</label><caption><title>The variance in PB model residuals depends on duration of diabetic symptoms.</title><p>The observed reduction in beta cell mass for all patients minus the predicted excess beta cell mass matched for age plotted as a function of duration of diabetic symptoms. Patients are grouped into three subsets. The first subset is patients who died within three weeks of diagnosis (red triangles). The second subset is patients who died between three and 23 weeks following diagnosis (black squares). The third subset is patients who died greater than 23 weeks following diagnosis (blue circles). Patients who died greater than 23 weeks following diagnosis exhibited a greater reduction in beta cell mass compared to other groups. The p-values indicate the level of confidence associated with the hypothesis that the mean residual values are different between the two groups.</p></caption><graphic mimetype="image" position="float" xlink:href="info:doi/10.1371/journal.pone.0001374.g007" xlink:type="simple"/></fig></sec><sec id="s3b"><title>Potential Limitations and Sources of Bias</title><p>A common concern with meta-analyses is the selective bias that exists in the published literature towards data that authors, reviewers, and editors find sufficiently novel to publish <xref ref-type="bibr" rid="pone.0001374-Sutton1">[26]</xref>. Three additional studies were identified in the literature <xref ref-type="bibr" rid="pone.0001374-Lernmark1">[11]</xref>, <xref ref-type="bibr" rid="pone.0001374-Klppel1">[27]</xref>, <xref ref-type="bibr" rid="pone.0001374-Somoza1">[28]</xref> but were excluded from the analysis due to their small sample sizes (N = 1). In the histopathology studies used, inadvertent bias could have been introduced due to patient selection. The patients selected for these studies had died primarily of diabetic ketoacidosis. The reported pancreata may come from more severe cases and may be an overestimate of the extent of beta cell reduction, as most newly diagnosed patients with Type 1 diabetes mellitus are successfully managed clinically <xref ref-type="bibr" rid="pone.0001374-Scibilia1">[29]</xref>.</p><p>This analysis suggests that the duration of diabetic symptoms was insufficiently controlled in previous analyses. Qualitatively, the studies included in this meta-analysis focused on recent onset patients. Unfortunately, there is not a consistent definition of recent onset. By applying a linear regression to all of the reported histopathology results, the residuals were found to be non-normally distributed and heteroscedastic (i.e., the variance in residuals depends on the independent variable, age), suggestive of bias in patient selection. This could have been a contributing factor to the high value reported by Gepts for the observed reduction in beta cell mass in all patients diagnosed with Type 1 diabetes mellitus. This was one of the motivations to restrict the analysis to patients that died within three weeks of diagnosis. The residuals for this subset of patients were normally distributed and homoscedastic (i.e., the variance is independent of the independent variable) (data not shown). A second motivation for restricting the analysis was that the clinical practice for metabolic control may have been different at the time of data collection than the current standard of clinical care. By limiting the patient selection to three weeks following onset, the sample size was still sufficiently large and the contribution of differences in clinical practice could be minimized.</p><p>One may argue that younger patients exhibit an aggressive phenotype compared to older patients and that the linear regression results merely reflect these differences in severity. Prior to onset, patients who will develop Type 1 diabetes remain largely asymptomatic with regard to fasting plasma glucose <xref ref-type="bibr" rid="pone.0001374-Srikanta1">[23]</xref>, <xref ref-type="bibr" rid="pone.0001374-Vardi1">[24]</xref>, <xref ref-type="bibr" rid="pone.0001374-Barker1">[30]</xref>, <xref ref-type="bibr" rid="pone.0001374-Sosenko1">[31]</xref>. Post-onset, the presence of C-peptide, produced in equimolar quantities as insulin, is used as a marker of endogenous insulin production <xref ref-type="bibr" rid="pone.0001374-Komulainen1">[32]</xref>, <xref ref-type="bibr" rid="pone.0001374-Sochett1">[33]</xref>. Following a brief increase post-onset, C-peptide continues to decline in the years following onset. In <xref ref-type="fig" rid="pone-0001374-g008">Figure 8</xref>, a diagram is used to illustrate the influence of severity on the potential range of observed reduction in beta cell mass at the time of death. As the difference between the age at diagnosis and the cutoff for age at death is large, the observable range in the remaining beta cell mass gives a lower mean value for an aggressive phenotype than for a mild phenotype. However as the difference between age at diagnosis and cutoff for age at death (Δage) goes to zero, there is no difference in the ranges in beta cell mass for aggressive versus mild phenotypes. This is another motivation for restricting the analysis to patients that died within three weeks of diagnosis. Moreover, if differences in severity exhibited age bias (i.e., younger are severe and older are mild), one would expect that as Δage is reduced the measured slope should increase (i.e., becomes less negative). This trend is not observed in <xref ref-type="table" rid="pone-0001374-t001">Table 1</xref>. Alternatively, a fast rate of decline in C-peptide in younger patients compared to older patients could be attributed to volume of distribution effects as younger patients grow at a faster rate than older patients.</p><fig id="pone-0001374-g008" position="float"><object-id pub-id-type="doi">10.1371/journal.pone.0001374.g008</object-id><label>Figure 8</label><caption><title>The influence of disease severity on the range of observed reduction in beta cell mass.</title><p>The diagnosis for Type 1 diabetes occurs once the beta cell mass declines to a point where the excess beta cell mass (EBCM) is depleted (dotted line). The range of observed reduction in beta cell mass is greater in patients with severe autoimmunity to beta cells compared to patients with mild autoimmunity when Δage is greater than zero. As Δage is decreased, the difference in observed reduction in beta bell mass is also decreased.</p></caption><graphic mimetype="image" position="float" xlink:href="info:doi/10.1371/journal.pone.0001374.g008" xlink:type="simple"/></fig><p>In the years since the publication of these landmark studies, a number of criticisms have been raised regarding the methods used in these studies to accurately assess beta cell mass. In the Gepts study <xref ref-type="bibr" rid="pone.0001374-Gepts1">[10]</xref>, a series of non-specific methods were used to identify beta cells and islets within cross-sections of pancreata, as this study was performed prior to the advent of histological techniques for detecting insulin. In comparison to modern immunohistological techniques, it is unknown how sensitive these non-specific methods are in detecting difference in changes in beta cell mass. The 2-D MPD was used to assess this potential source of bias.</p><p>As shown in <xref ref-type="fig" rid="pone-0001374-g003">Figure 3</xref>, there is greater uncertainty in the selection of the slope and intercept parameters in the Gepts study, due in part to the smaller sample size (N = 12). This is reflected in the greater area enclosed by the 95% confidence region of the 2-D MPD shown in <xref ref-type="fig" rid="pone-0001374-g003">Figure 3</xref> (red line). Conversely, the 95% confidence region is smaller for the data derived from the Foulis studies (blue line) as a larger number of observations were reported (N = 51). In general, the slope and intercept were higher using only the Gepts data compared to the Foulis data only. Interestingly, the 95% confidence 2-D MPD region obtained from the combined data is not a weighted linear combination of the individual analysis, as the intercept for the combined data set shifts to lower value relative to either the Gepts or the Foulis confidence regions. This effect may be due to a non-normal distribution in sampling (i.e., bias) inherent in the small size of the Gepts study. In the analysis of the combined data, the Bayesian approach provided similar estimates of the confidence intervals as the Bootstrap approach. As shown in <xref ref-type="fig" rid="pone-0001374-g003">Figure 3</xref>, one-dimensional projections of the 2-D 95% confidence regions obtained by a Bayesian analysis were similar to the confidence bounds obtained by the non-parametric Bootstrap approach, shown in <xref ref-type="table" rid="pone-0001374-t001">Table 1</xref>. In both cases, the 95% confidence regions associated with the slope parameter are entirely below -1 and provide support for the conclusion that the reduction in beta cell mass at the onset of clinical symptoms of Type 1 diabetes mellitus is dependent on the age of onset.</p><p>In studies reported by Foulis et al. <xref ref-type="bibr" rid="pone.0001374-Foulis1">[8]</xref>, <xref ref-type="bibr" rid="pone.0001374-Foulis2">[9]</xref>, islets were classified as either insulin-positive or insulin-negative. This binary classification approach may provide an overestimate of the remaining beta cell mass, as insulin-positive islets may exhibit a reduced complement of beta cells compared to age-matched controls. Yet as demonstrated by several authors <xref ref-type="bibr" rid="pone.0001374-Lernmark1">[11]</xref>, <xref ref-type="bibr" rid="pone.0001374-Somoza1">[28]</xref>, the pattern of beta cell destruction within the pancreas is markedly heterogeneous, whereby pancreatic islets with no beta cell destruction can be located nearby fully destroyed islets devoid of beta cells. This binary classification scheme only overestimates the remaining beta cell mass in islets with an intermediate complement of beta cells. A more quantitative assessment of the beta cell mass would need to account for both changes in beta cell numbers within insulin-positive islets and changes in the distribution of insulin content within the population of islets. In summary, there are potential sources of bias in the original data that may influence the conclusions derived from the data analysis. Limited by these data, corrective action, such as restricting the analysis to data obtained prior to three weeks post onset, was taken to minimize the contribution of sampling bias.</p></sec><sec id="s3c"><title>Conclusions</title><p>In summary, the fundamental characteristic of Type 1 diabetes mellitus is the loss of endogenous insulin production. A series of landmark studies attributed this loss of endogenous insulin production to the progressive and selective destruction of beta cells in the pancreatic islets of Langerhans. In contrast to other interpretations of these data, this study explicitly accounted for the duration of diabetic symptoms in determining the extent of reduction in beta cell mass at disease onset. By re-examining the data obtained from the pancreata of patients who died soon after diagnosis, the extent of beta cell death was found to vary with age, whereby a 40% reduction at 20 years of age is sufficient to precipitate clinical symptoms of Type 1 diabetes mellitus. Thus, the statement that an 80–95% reduction in beta cell mass is necessary for the onset of hyperglycemia appeared to be an overestimate for most patients. As an alternative to existing models for the natural history of the disease, the observed age dependence was explained using a model based upon a dynamic mole balance on insulin. This dynamic mole balance included a source for insulin, which is proportional to the beta cell mass, and sinks for insulin, which are proportional to body weight, and captured the observed age-dependence. These results emphasize the opportunity to preserve endogenous insulin production, especially in older patients, if aggressive action is taken once patients present with Type 1 diabetes mellitus. Moreover, these results suggest a more holistic model where autoimmune-mediated destruction of pancreatic beta cells is important but insufficient to reconstruct the natural history of the disease.</p></sec></sec><sec id="s4"><title>Methods</title><sec id="s4a"><title>Study Selection</title><p>The research approach was to apply a meta-analysis to histopathology studies which reported insulin positive cells in pancreatic biopsies from patients exhibiting symptoms of Type 1 diabetes mellitus. Three studies were identified where histopathologies of the endocrine pancreas were quantitatively reported for a group of young patients. All of the patients were under the age of 25 and had died from primarily diabetic ketoacidosis <xref ref-type="bibr" rid="pone.0001374-Foulis1">[8]</xref>–<xref ref-type="bibr" rid="pone.0001374-Gepts1">[10]</xref>. In total, 105 patients were included from these three studies.</p></sec><sec id="s4b"><title>Calculation of Beta Cell Mass</title><p>Histologically, the total beta cell volume can be estimated by transecting the pancreas and quantifying the area of the transected surface that contains insulin positive cells (i.e., viable beta cells) using immunohistochemical techniques. The total volume (i.e., mass) of the beta cells (Vol<sub>BCM</sub>) is related to the ratio of insulin-positive area (A<sub>Ins+</sub>) to total surface area of the transected pancreas (A<sub>Total</sub>), and the total volume of the pancreas (Vol<sub>Pancreas</sub>) according to the following relationship <xref ref-type="bibr" rid="pone.0001374-Weibel1">[34]</xref>:<disp-formula><graphic mimetype="image" position="float" xlink:href="info:doi/10.1371/journal.pone.0001374.e002" xlink:type="simple"/><label>(2)</label></disp-formula></p><p>In a summary of post-mortem results for recent onset patients with Type 1 diabetes mellitus, Gepts <xref ref-type="bibr" rid="pone.0001374-Gepts1">[10]</xref> and Doniach et al. <xref ref-type="bibr" rid="pone.0001374-Doniach1">[35]</xref> reported that pancreatic weight did not differ markedly from the expected weight, matched for age. Thus, changes in the total beta cell volume for recent onset patients are assumed to be reflected in changes in insulin-positive area averaged across cross-sectional slices of the pancreas.</p></sec><sec id="s4c"><title>Statistical Analysis of Reduction in Beta Cell Mass</title><p>The histopathology results were stratified into different subsets based upon the duration of diabetic symptoms. Patients who had exhibited clinical symptoms of diabetes mellitus for less than three weeks were grouped into a recent onset subset (N<sub>data</sub> = 63). A linear regression was applied to the recent onset subset to quantify the dependence between percentage reduction in beta cell mass and age at death. Using the linear regression results, a residual value was calculated for each patient to quantify the deviation from the average behavior. A non-parametric bootstrap approach was applied to the population of residual values (N<sub>data</sub> = 63 or 105) to estimate confidence intervals and significance of the linear regression parameters <xref ref-type="bibr" rid="pone.0001374-Efron1">[36]</xref>. A bootstrap sample size (N<sub>boot</sub>) of 10,000 was used to estimate the parameter confidence intervals. A non-parametric bootstrap approach is advantageous as it allows for the adjustment of confidence intervals when the distribution in the dependent variables is not known <italic>a priori</italic>. When the dependent variables are known to exhibit a Gaussian distribution, the bootstrap approach provides a good estimate of the confidence intervals compared against classical statistical techniques, given a sufficiently large bootstrap sample (i.e., N<sub>boot</sub>≥1000) and data sample (i.e., N<sub>data</sub>≥30) <xref ref-type="bibr" rid="pone.0001374-Chernick1">[37]</xref>. The reported significance corresponds to the probability (<italic>p</italic>) that this relationship does not depend on age. A <italic>p</italic> value of less than 0.05 was considered statistically significant. Repeated analyses were performed by increasing the cutoff date until the entire patient population (N<sub>data</sub> = 105) was included in the analysis. Tests of significance between the measured reduction in beta cell mass and predicted “excess” beta cell mass was performed using the Behrens-Welch test statistic evaluated against a <italic>t</italic> distribution with the degrees of freedom calculated using the Satterthwaite's approximation <xref ref-type="bibr" rid="pone.0001374-Armitage1">[38]</xref>.</p></sec><sec id="s4d"><title>Statistical Analysis of Data Synthesis</title><p>A computational Bayesian approach was used to estimate how the uncertainty in the linear regression parameters changed upon combining sets of data <xref ref-type="bibr" rid="pone.0001374-Beers1">[20]</xref>. The uncertainty in the linear regression parameters, as predictors of a given set of data, was represented by a 2-dimensional marginal posterior probability density of the likely parameter values. The 2-D marginal posterior probability densities were calculated using kernel marginalization of the expectation values of the parameters. A 2-dimensional grid of 100×100 kernels (i.e., histogram bins) were created within a range of potential parameter values. A large number of Metropolis-Hasting samples (N<sub>sample</sub> = 210,000) within a Markov chain Monte Carlo (MCMC) algorithm were used to estimate the expectation values. Lower sampling frequencies also exhibited similar results (data not shown). Prior to testing Monte Carlo samples of parameter space, 5,000 equilibration steps were used to establish the Markov chain. Confidence regions within the parameter space were identified that enclose 95% of the marginal posterior probability densities.</p></sec><sec id="s4e"><title>Model Discrimination</title><p>Objective criteria have been established for discriminating between competing models by quantifying the trade-off between model parsimony and model fitness in predicting the dependent variable <xref ref-type="bibr" rid="pone.0001374-Akaike1">[39]</xref>, <xref ref-type="bibr" rid="pone.0001374-Yamaoka1">[40]</xref>. The log error ratio (LER) is used to quantify the relative fitness of the competing models in representing the dependent variables.<disp-formula><graphic mimetype="image" position="float" xlink:href="info:doi/10.1371/journal.pone.0001374.e003" xlink:type="simple"/><label>(3)</label></disp-formula>where SSE<sub>i</sub> is the residual summed squared error for model <italic>i</italic>. Positive values for LER favor the selection of model 2, while negative values favor the selection of model 1. Values for LER around zero suggest that the models are indistinguishable. The Akaike Information Criterion (AIC) has been established for discriminating between competing models <xref ref-type="bibr" rid="pone.0001374-Akaike1">[39]</xref>, <xref ref-type="bibr" rid="pone.0001374-Yamaoka1">[40]</xref>. This criterion was established to quantify the trade-off between the relative fitness of competing models (i.e., LER), the number of adjustable parameters (<italic>M</italic>) in a model, and the number of observations of the dependent variable (N<sub>obs</sub>). In comparing two competing models, Akaike proposed that if<disp-formula><graphic mimetype="image" position="float" xlink:href="info:doi/10.1371/journal.pone.0001374.e004" xlink:type="simple"/><label>(4)</label></disp-formula>model 1 should be rejected <xref ref-type="bibr" rid="pone.0001374-Akaike1">[39]</xref>. The AIC establishes a threshold for testing a hypothesis associated with model fitness. For comparing non-nested models, a Monte Carlo approach has been proposed to determine the level of significance associated with model discrimination <xref ref-type="bibr" rid="pone.0001374-Horn1">[41]</xref>.</p></sec></sec><sec id="s5"><title>Supporting Information</title><supplementary-material id="pone.0001374.s001" mimetype="application/msword" position="float" xlink:href="info:doi/10.1371/journal.pone.0001374.s001" xlink:type="simple"><label>Appendix S1</label><caption><p>Derivation of Physiology-based Model</p><p>(0.13 MB DOC)</p></caption></supplementary-material></sec></body><back><ack><p>The author would like to thank Chan Whiting and Huub Kreuwel for their critical reading of this manuscript.</p></ack><ref-list><title>References</title><ref id="pone.0001374-World1"><label>1</label><element-citation publication-type="book" xlink:type="simple">             <collab xlink:type="simple">World Health Organization</collab>             <year>1999</year>             <article-title>Report of a WHO consultation. Part 1: Diagnosis and classification of diabetes mellitus. Technical report, World Health Org, Geneva.</article-title>          </element-citation></ref><ref id="pone.0001374-Atkinson1"><label>2</label><element-citation publication-type="journal" xlink:type="simple">             <person-group person-group-type="author"><name name-style="western"><surname>Atkinson</surname><given-names>MA</given-names></name><name name-style="western"><surname>Eisenbarth</surname><given-names>GS</given-names></name></person-group>             <year>2001</year>             <article-title>Type 1 diabetes: New perspectives on disease pathogenesis and treatment.</article-title>             <source>Lancet</source>             <volume>358</volume>             <fpage>221</fpage>             <lpage>229</lpage>          </element-citation></ref><ref id="pone.0001374-Herold1"><label>3</label><element-citation publication-type="journal" xlink:type="simple">             <person-group person-group-type="author"><name name-style="western"><surname>Herold</surname><given-names>KC</given-names></name><name name-style="western"><surname>Hagopian</surname><given-names>W</given-names></name><name name-style="western"><surname>Auger</surname><given-names>JA</given-names></name><name name-style="western"><surname>Poumian-Ruiz</surname><given-names>E</given-names></name><name name-style="western"><surname>Taylor</surname><given-names>L</given-names></name><etal/></person-group>             <year>2002</year>             <article-title>Anti-CD3 monoclonal antibody in new-onset Type 1 diabetes mellitus.</article-title>             <source>New Engl J Med</source>             <volume>346</volume>             <fpage>1692</fpage>             <lpage>1698</lpage>          </element-citation></ref><ref id="pone.0001374-Silverstein1"><label>4</label><element-citation publication-type="journal" xlink:type="simple">             <person-group person-group-type="author"><name name-style="western"><surname>Silverstein</surname><given-names>J</given-names></name><name name-style="western"><surname>Klingensmith</surname><given-names>G</given-names></name><name name-style="western"><surname>Copeland</surname><given-names>K</given-names></name><name name-style="western"><surname>Plotnick</surname><given-names>L</given-names></name><name name-style="western"><surname>Kaufman</surname><given-names>F</given-names></name><etal/></person-group>             <year>2005</year>             <article-title>Care of children and adolescents with Type 1 diabetes: A statement of the American Diabetes Association.</article-title>             <source>Diabetes Care</source>             <volume>28</volume>             <fpage>186</fpage>             <lpage>212</lpage>          </element-citation></ref><ref id="pone.0001374-Diabetes1"><label>5</label><element-citation publication-type="journal" xlink:type="simple">             <collab xlink:type="simple">Diabetes Control and Complications Trial Research Group</collab>             <year>2002</year>             <article-title>Effect of intensive therapy on the microvascular complications of Type 1 diabetes mellitus.</article-title>             <source>JAMA</source>             <volume>287</volume>             <fpage>2563</fpage>             <lpage>2569</lpage>          </element-citation></ref><ref id="pone.0001374-Onkamo1"><label>6</label><element-citation publication-type="journal" xlink:type="simple">             <person-group person-group-type="author"><name name-style="western"><surname>Onkamo</surname><given-names>P</given-names></name><name name-style="western"><surname>Väänänen</surname><given-names>S</given-names></name><name name-style="western"><surname>Karvonen</surname><given-names>M</given-names></name><name name-style="western"><surname>Tuomilehto</surname><given-names>J</given-names></name></person-group>             <year>1999</year>             <article-title>Worldwide increase in incidence of Type I diabetes–The analysis of the data on published incidence trends.</article-title>             <source>Diabetologia</source>             <volume>42</volume>             <fpage>1395</fpage>             <lpage>1403</lpage>          </element-citation></ref><ref id="pone.0001374-Group1"><label>7</label><element-citation publication-type="journal" xlink:type="simple">             <person-group person-group-type="author"><name name-style="western"><surname>Group</surname><given-names>EAS</given-names></name></person-group>             <year>2000</year>             <article-title>Variation and trends in incidence of childhood diabetes in Europe. EURODIAB ACE study group.</article-title>             <source>Lancet</source>             <volume>355</volume>             <fpage>873</fpage>             <lpage>876</lpage>          </element-citation></ref><ref id="pone.0001374-Foulis1"><label>8</label><element-citation publication-type="journal" xlink:type="simple">             <person-group person-group-type="author"><name name-style="western"><surname>Foulis</surname><given-names>AK</given-names></name><name name-style="western"><surname>Farquharson</surname><given-names>MA</given-names></name><name name-style="western"><surname>Hardman</surname><given-names>R</given-names></name></person-group>             <year>1987</year>             <article-title>Aberrant expression of class II major histocompatibility complex molecules by b cells and hyperexpression of class I major histocompatibility complex molecules by insulin containing islets in Type 1 (insulin-dependent) diabetes mellitus.</article-title>             <source>Diabetologia</source>             <volume>30</volume>             <fpage>333</fpage>             <lpage>343</lpage>          </element-citation></ref><ref id="pone.0001374-Foulis2"><label>9</label><element-citation publication-type="journal" xlink:type="simple">             <person-group person-group-type="author"><name name-style="western"><surname>Foulis</surname><given-names>AK</given-names></name><name name-style="western"><surname>Liddle</surname><given-names>CN</given-names></name><name name-style="western"><surname>Farquharson</surname><given-names>MA</given-names></name><name name-style="western"><surname>Richmond</surname><given-names>JA</given-names></name><name name-style="western"><surname>Weir</surname><given-names>RS</given-names></name></person-group>             <year>1986</year>             <article-title>The histopathology of the pancreas in type 1 (insulin-dependent) diabetes mellitus: A 25-year review of deaths in patients under 20 years of age in the United Kingdom.</article-title>             <source>Diabetologia</source>             <volume>29</volume>             <fpage>267</fpage>             <lpage>274</lpage>          </element-citation></ref><ref id="pone.0001374-Gepts1"><label>10</label><element-citation publication-type="journal" xlink:type="simple">             <person-group person-group-type="author"><name name-style="western"><surname>Gepts</surname><given-names>W</given-names></name></person-group>             <year>1965</year>             <article-title>Pathologic anatomy of the pancreas in juvenile diabetes mellitus.</article-title>             <source>Diabetes</source>             <volume>14</volume>             <fpage>619</fpage>             <lpage>633</lpage>          </element-citation></ref><ref id="pone.0001374-Lernmark1"><label>11</label><element-citation publication-type="journal" xlink:type="simple">             <person-group person-group-type="author"><name name-style="western"><surname>Lernmark</surname><given-names>A</given-names></name><name name-style="western"><surname>Klöppel</surname><given-names>G</given-names></name><name name-style="western"><surname>Stenger</surname><given-names>D</given-names></name><name name-style="western"><surname>Vathanaprida</surname><given-names>C</given-names></name><name name-style="western"><surname>Fält</surname><given-names>K</given-names></name><etal/></person-group>             <year>1995</year>             <article-title>Heterogeneity of islet pathology in two infants with recent onset diabetes mellitus.</article-title>             <source>Virchows Arch</source>             <volume>425</volume>             <fpage>631</fpage>             <lpage>640</lpage>          </element-citation></ref><ref id="pone.0001374-Atkinson2"><label>12</label><element-citation publication-type="journal" xlink:type="simple">             <person-group person-group-type="author"><name name-style="western"><surname>Atkinson</surname><given-names>MA</given-names></name></person-group>             <year>2005</year>             <article-title>ADA outstanding scientific achievement lecture 2004. Thirty years of investigating the autoimmune basis for Type 1 diabetes: Why can't we prevent or reverse this disease?</article-title>             <source>Diabetes</source>             <volume>54</volume>             <fpage>1253</fpage>             <lpage>1263</lpage>          </element-citation></ref><ref id="pone.0001374-Daaboul1"><label>13</label><element-citation publication-type="journal" xlink:type="simple">             <person-group person-group-type="author"><name name-style="western"><surname>Daaboul</surname><given-names>J</given-names></name><name name-style="western"><surname>Schatz</surname><given-names>D</given-names></name></person-group>             <year>2003</year>             <article-title>Overview of prevention and intervention trials for Type 1 diabetes.</article-title>             <source>Rev Endocr Metab Disord</source>             <volume>4</volume>             <fpage>317</fpage>             <lpage>323</lpage>          </element-citation></ref><ref id="pone.0001374-Gale1"><label>14</label><element-citation publication-type="journal" xlink:type="simple">             <person-group person-group-type="author"><name name-style="western"><surname>Gale</surname><given-names>EA</given-names></name></person-group>             <year>2002</year>             <article-title>Can we change the course of beta-cell destruction in Type 1 diabetes?</article-title>             <source>N Engl J Med</source>             <volume>346</volume>             <fpage>1740</fpage>             <lpage>1742</lpage>          </element-citation></ref><ref id="pone.0001374-Steele1"><label>15</label><element-citation publication-type="journal" xlink:type="simple">             <person-group person-group-type="author"><name name-style="western"><surname>Steele</surname><given-names>C</given-names></name><name name-style="western"><surname>Hagopian</surname><given-names>WA</given-names></name><name name-style="western"><surname>Gitelman</surname><given-names>S</given-names></name><name name-style="western"><surname>Masharani</surname><given-names>U</given-names></name><name name-style="western"><surname>Cavaghan</surname><given-names>M</given-names></name><etal/></person-group>             <year>2004</year>             <article-title>Insulin secretion in Type 1 diabetes.</article-title>             <source>Diabetes</source>             <volume>53</volume>             <fpage>426</fpage>             <lpage>433</lpage>          </element-citation></ref><ref id="pone.0001374-Marchetti1"><label>16</label><element-citation publication-type="journal" xlink:type="simple">             <person-group person-group-type="author"><name name-style="western"><surname>Marchetti</surname><given-names>P</given-names></name><name name-style="western"><surname>Dotta</surname><given-names>F</given-names></name><name name-style="western"><surname>Ling</surname><given-names>Z</given-names></name><name name-style="western"><surname>Lupi</surname><given-names>R</given-names></name><name name-style="western"><surname>Del Guerra</surname><given-names>S</given-names></name><etal/></person-group>             <year>2000</year>             <article-title>Function of pancreatic islets isolated from a Type 1 diabetic patient.</article-title>             <source>Diabetes Care</source>             <volume>23</volume>             <fpage>701</fpage>             <lpage>703</lpage>          </element-citation></ref><ref id="pone.0001374-Greenbaum1"><label>17</label><element-citation publication-type="journal" xlink:type="simple">             <person-group person-group-type="author"><name name-style="western"><surname>Greenbaum</surname><given-names>CJ</given-names></name><name name-style="western"><surname>Prigeon</surname><given-names>RL</given-names></name><name name-style="western"><surname>D'Alessio</surname><given-names>DA</given-names></name></person-group>             <year>2002</year>             <article-title>Impaired beta-cell function, incretin effect, and glucagon suppression in patients with Type 1 diabetes who have normal fasting glucose.</article-title>             <source>Diabetes</source>             <volume>51</volume>             <fpage>951</fpage>             <lpage>957</lpage>          </element-citation></ref><ref id="pone.0001374-Sherry1"><label>18</label><element-citation publication-type="journal" xlink:type="simple">             <person-group person-group-type="author"><name name-style="western"><surname>Sherry</surname><given-names>NA</given-names></name><name name-style="western"><surname>Tsai</surname><given-names>EB</given-names></name><name name-style="western"><surname>Herold</surname><given-names>KC</given-names></name></person-group>             <year>2005</year>             <article-title>Natural history of β-cell function in Type 1 diabetes.</article-title>             <source>Diabetes</source>             <volume>54</volume>             <fpage>S32</fpage>             <lpage>S39</lpage>          </element-citation></ref><ref id="pone.0001374-Kolb1"><label>19</label><element-citation publication-type="journal" xlink:type="simple">             <person-group person-group-type="author"><name name-style="western"><surname>Kolb</surname><given-names>H</given-names></name><name name-style="western"><surname>Gale</surname><given-names>EA</given-names></name></person-group>             <year>2001</year>             <article-title>Does partial preservation of residual beta-cell function justify immune intervention in recent onset Type I diabetes?</article-title>             <source>Diabetologia</source>             <volume>44</volume>             <fpage>1349</fpage>             <lpage>1353</lpage>          </element-citation></ref><ref id="pone.0001374-Beers1"><label>20</label><element-citation publication-type="book" xlink:type="simple">             <person-group person-group-type="author"><name name-style="western"><surname>Beers</surname><given-names>KJ</given-names></name></person-group>             <year>2007</year>             <article-title>Numerical Methods for Chemical Engineering. Applications in Matlab.</article-title>             <fpage>372</fpage>             <lpage>435</lpage>          </element-citation></ref><ref id="pone.0001374-Henquin1"><label>21</label><element-citation publication-type="journal" xlink:type="simple">             <person-group person-group-type="author"><name name-style="western"><surname>Henquin</surname><given-names>JC</given-names></name></person-group>             <year>2000</year>             <article-title>Triggering and amplifying pathways of regulation of insulin secretion by glucose.</article-title>             <source>Diabetes</source>             <volume>49</volume>             <fpage>1751</fpage>             <lpage>1760</lpage>          </element-citation></ref><ref id="pone.0001374-Hinke1"><label>22</label><element-citation publication-type="journal" xlink:type="simple">             <person-group person-group-type="author"><name name-style="western"><surname>Hinke</surname><given-names>SA</given-names></name><name name-style="western"><surname>Hellemans</surname><given-names>K</given-names></name><name name-style="western"><surname>Schuit</surname><given-names>FC</given-names></name></person-group>             <year>2004</year>             <article-title>Plasticity of the beta cell insulin secretory competence: Preparing the pancreatic beta cell for the next meal.</article-title>             <source>J Physiol</source>             <volume>558</volume>             <fpage>369</fpage>             <lpage>380</lpage>          </element-citation></ref><ref id="pone.0001374-Srikanta1"><label>23</label><element-citation publication-type="journal" xlink:type="simple">             <person-group person-group-type="author"><name name-style="western"><surname>Srikanta</surname><given-names>S</given-names></name><name name-style="western"><surname>Ganda</surname><given-names>OP</given-names></name><name name-style="western"><surname>Gleason</surname><given-names>RE</given-names></name><name name-style="western"><surname>Jackson</surname><given-names>RA</given-names></name><name name-style="western"><surname>Soeldner</surname><given-names>JS</given-names></name><etal/></person-group>             <year>1984</year>             <article-title>Pre-Type I diabetes. Linear loss of beta cell response to intravenous glucose.</article-title>             <source>Diabetes</source>             <volume>33</volume>             <fpage>717</fpage>             <lpage>720</lpage>          </element-citation></ref><ref id="pone.0001374-Vardi1"><label>24</label><element-citation publication-type="journal" xlink:type="simple">             <person-group person-group-type="author"><name name-style="western"><surname>Vardi</surname><given-names>P</given-names></name><name name-style="western"><surname>Crisa</surname><given-names>L</given-names></name><name name-style="western"><surname>Jackson</surname><given-names>RA</given-names></name></person-group>             <year>1991</year>             <article-title>Predictive value of intravenous glucose tolerance test insulin secretion less than or greater than the first percentile in islet cell antibody positive relatives of Type 1 (insulin-dependent) diabetic patients.</article-title>             <source>Diabetologia</source>             <volume>34</volume>             <fpage>93</fpage>             <lpage>102</lpage>          </element-citation></ref><ref id="pone.0001374-Kuczmarski1"><label>25</label><element-citation publication-type="journal" xlink:type="simple">             <person-group person-group-type="author"><name name-style="western"><surname>Kuczmarski</surname><given-names>R</given-names></name><name name-style="western"><surname>Ogden</surname><given-names>C</given-names></name><name name-style="western"><surname>Grummer-Strawn</surname><given-names>LM</given-names></name><name name-style="western"><surname>Flegal</surname><given-names>K</given-names></name><name name-style="western"><surname>Guo</surname><given-names>S</given-names></name><etal/></person-group>             <year>2000</year>             <article-title>CDC growth charts: United States.</article-title>             <source>Adv Data</source>             <volume>314</volume>             <fpage>1</fpage>             <lpage>27</lpage>          </element-citation></ref><ref id="pone.0001374-Sutton1"><label>26</label><element-citation publication-type="journal" xlink:type="simple">             <person-group person-group-type="author"><name name-style="western"><surname>Sutton</surname><given-names>AJ</given-names></name><name name-style="western"><surname>Duval</surname><given-names>SJ</given-names></name><name name-style="western"><surname>Tweedie</surname><given-names>RL</given-names></name><name name-style="western"><surname>Abrams</surname><given-names>KR</given-names></name><name name-style="western"><surname>Jones</surname><given-names>DR</given-names></name></person-group>             <year>2000</year>             <article-title>Empirical assessment of effect of publication bias on meta-analyses.</article-title>             <source>BMJ</source>             <volume>320</volume>             <fpage>1574</fpage>             <lpage>1577</lpage>          </element-citation></ref><ref id="pone.0001374-Klppel1"><label>27</label><element-citation publication-type="journal" xlink:type="simple">             <person-group person-group-type="author"><name name-style="western"><surname>Klöppel</surname><given-names>G</given-names></name><name name-style="western"><surname>Drenck</surname><given-names>CR</given-names></name><name name-style="western"><surname>Carstensen</surname><given-names>A</given-names></name><name name-style="western"><surname>Heitz</surname><given-names>PU</given-names></name></person-group>             <year>1984</year>             <article-title>The beta cell mass at the clinical onset of Type I diabetes.</article-title>             <source>Behring Inst Mitt</source>             <volume>75</volume>             <fpage>42</fpage>             <lpage>49</lpage>          </element-citation></ref><ref id="pone.0001374-Somoza1"><label>28</label><element-citation publication-type="journal" xlink:type="simple">             <person-group person-group-type="author"><name name-style="western"><surname>Somoza</surname><given-names>N</given-names></name><name name-style="western"><surname>Vargas</surname><given-names>F</given-names></name><name name-style="western"><surname>Roura-Mir</surname><given-names>C</given-names></name><name name-style="western"><surname>Vives-Pi</surname><given-names>M</given-names></name><name name-style="western"><surname>Fernández-Figueras</surname><given-names>MT</given-names></name><etal/></person-group>             <year>1994</year>             <article-title>Pancreas in recent onset insulin-dependent diabetes mellitus. Changes in HLA, adhesion molecules and autoantigens, restricted T cell receptor V beta usage, and cytokine profile.</article-title>             <source>J Immunol</source>             <volume>153</volume>             <fpage>1360</fpage>             <lpage>1377</lpage>          </element-citation></ref><ref id="pone.0001374-Scibilia1"><label>29</label><element-citation publication-type="journal" xlink:type="simple">             <person-group person-group-type="author"><name name-style="western"><surname>Scibilia</surname><given-names>J</given-names></name><name name-style="western"><surname>Finegold</surname><given-names>D</given-names></name><name name-style="western"><surname>Dorman</surname><given-names>J</given-names></name><name name-style="western"><surname>Becker</surname><given-names>D</given-names></name><name name-style="western"><surname>Drash</surname><given-names>A</given-names></name></person-group>             <year>1986</year>             <article-title>Why do children with diabetes die?</article-title>             <source>Acta Endocrinol Suppl (Copenh)</source>             <volume>279</volume>             <fpage>326</fpage>             <lpage>333</lpage>          </element-citation></ref><ref id="pone.0001374-Barker1"><label>30</label><element-citation publication-type="journal" xlink:type="simple">             <person-group person-group-type="author"><name name-style="western"><surname>Barker</surname><given-names>JM</given-names></name><name name-style="western"><surname>McFann</surname><given-names>K</given-names></name><name name-style="western"><surname>Harrison</surname><given-names>LC</given-names></name><name name-style="western"><surname>Fourlanos</surname><given-names>S</given-names></name><name name-style="western"><surname>Krischer</surname><given-names>J</given-names></name><etal/></person-group>             <year>2007</year>             <article-title>Pre-Type 1 diabetes dysmetabolism: Maximal sensitivity achieved with both oral and intravenous glucose tolerance testing.</article-title>             <source>J Pediatr</source>             <volume>150</volume>             <fpage>31</fpage>             <lpage>36</lpage>          </element-citation></ref><ref id="pone.0001374-Sosenko1"><label>31</label><element-citation publication-type="journal" xlink:type="simple">             <person-group person-group-type="author"><name name-style="western"><surname>Sosenko</surname><given-names>JE</given-names></name><name name-style="western"><surname>Palmer</surname><given-names>JP</given-names></name><name name-style="western"><surname>Greenbaum</surname><given-names>CJ</given-names></name><name name-style="western"><surname>Mahon</surname><given-names>J</given-names></name><name name-style="western"><surname>Cowie</surname><given-names>C</given-names></name><etal/></person-group>             <year>2006</year>             <article-title>Patterns of metabolic progression to Type 1 diabetes in the diabetes prevention trial–Type 1.</article-title>             <source>Diabetes Care</source>             <volume>29</volume>             <fpage>643</fpage>             <lpage>649</lpage>          </element-citation></ref><ref id="pone.0001374-Komulainen1"><label>32</label><element-citation publication-type="journal" xlink:type="simple">             <person-group person-group-type="author"><name name-style="western"><surname>Komulainen</surname><given-names>J</given-names></name><name name-style="western"><surname>Knip</surname><given-names>M</given-names></name><name name-style="western"><surname>Lounamaa</surname><given-names>R</given-names></name><name name-style="western"><surname>Vahasalo</surname><given-names>P</given-names></name><name name-style="western"><surname>Karjalainen</surname><given-names>J</given-names></name><etal/></person-group>             <year>1997</year>             <article-title>Poor beta-cell function after the clinical manifestation of Type 1 diabetes in children initially positive for islet cell specific autoantibodies. The childhood diabetes in Finland study group.</article-title>             <source>Diabet Med</source>             <volume>14</volume>             <fpage>532</fpage>             <lpage>537</lpage>          </element-citation></ref><ref id="pone.0001374-Sochett1"><label>33</label><element-citation publication-type="journal" xlink:type="simple">             <person-group person-group-type="author"><name name-style="western"><surname>Sochett</surname><given-names>EB</given-names></name><name name-style="western"><surname>Daneman</surname><given-names>D</given-names></name><name name-style="western"><surname>Clarson</surname><given-names>C</given-names></name><name name-style="western"><surname>Ehrlich</surname><given-names>RM</given-names></name></person-group>             <year>1987</year>             <article-title>Factors affecting and patterns of residual insulin secretion during the first year of Type 1 (insulin-dependent) diabetes mellitus in children.</article-title>             <source>Diabetologia</source>             <volume>30</volume>             <fpage>453</fpage>             <lpage>459</lpage>          </element-citation></ref><ref id="pone.0001374-Weibel1"><label>34</label><element-citation publication-type="journal" xlink:type="simple">             <person-group person-group-type="author"><name name-style="western"><surname>Weibel</surname><given-names>ER</given-names></name><name name-style="western"><surname>Gomez</surname><given-names>DM</given-names></name></person-group>             <year>1962</year>             <article-title>A principle for counting tissue structures on random sections.</article-title>             <source>J Appl Physiol</source>             <volume>17</volume>             <fpage>343</fpage>             <lpage>348</lpage>          </element-citation></ref><ref id="pone.0001374-Doniach1"><label>35</label><element-citation publication-type="journal" xlink:type="simple">             <person-group person-group-type="author"><name name-style="western"><surname>Doniach</surname><given-names>I</given-names></name><name name-style="western"><surname>Morgan</surname><given-names>AG</given-names></name></person-group>             <year>1973</year>             <article-title>Islets of Langerhans in juvenile diabetes mellitus.</article-title>             <source>Clin Endocrinol (Oxf)</source>             <volume>2</volume>             <fpage>233</fpage>             <lpage>248</lpage>          </element-citation></ref><ref id="pone.0001374-Efron1"><label>36</label><element-citation publication-type="journal" xlink:type="simple">             <person-group person-group-type="author"><name name-style="western"><surname>Efron</surname><given-names>B</given-names></name><name name-style="western"><surname>Tibshirani</surname><given-names>R</given-names></name></person-group>             <year>1986</year>             <article-title>Bootstrap methods for standard errors, confidence intervals, and other measures of statistical accuracy.</article-title>             <source>Stat Science</source>             <volume>1</volume>             <fpage>54</fpage>             <lpage>75</lpage>          </element-citation></ref><ref id="pone.0001374-Chernick1"><label>37</label><element-citation publication-type="book" xlink:type="simple">             <person-group person-group-type="author"><name name-style="western"><surname>Chernick</surname><given-names>MR</given-names></name></person-group>             <year>1999</year>             <article-title>Bootstrap Methods: A Practitioner's Guide.</article-title>             <fpage>150</fpage>             <lpage>151</lpage>          </element-citation></ref><ref id="pone.0001374-Armitage1"><label>38</label><element-citation publication-type="book" xlink:type="simple">             <person-group person-group-type="author"><name name-style="western"><surname>Armitage</surname><given-names>P</given-names></name><name name-style="western"><surname>Berry</surname><given-names>G</given-names></name><name name-style="western"><surname>Matthews</surname><given-names>JNS</given-names></name></person-group>             <year>2002</year>             <article-title>Statistical Methods in Medical Research.</article-title>             <fpage>102</fpage>             <lpage>112</lpage>          </element-citation></ref><ref id="pone.0001374-Akaike1"><label>39</label><element-citation publication-type="journal" xlink:type="simple">             <person-group person-group-type="author"><name name-style="western"><surname>Akaike</surname><given-names>H</given-names></name></person-group>             <year>1974</year>             <article-title>A new look at the statistical model identification.</article-title>             <source>IEEE Trans Automat Control</source>             <volume>19</volume>             <fpage>716</fpage>             <lpage>723</lpage>          </element-citation></ref><ref id="pone.0001374-Yamaoka1"><label>40</label><element-citation publication-type="journal" xlink:type="simple">             <person-group person-group-type="author"><name name-style="western"><surname>Yamaoka</surname><given-names>K</given-names></name><name name-style="western"><surname>Nakagawa</surname><given-names>T</given-names></name><name name-style="western"><surname>Uno</surname><given-names>T</given-names></name></person-group>             <year>1978</year>             <article-title>Application of Akaike's Information Criterion (AIC) in the evaluation of linear pharmacokinetic equations.</article-title>             <source>J Pharmacokinet Biopharm</source>             <volume>6</volume>             <fpage>165</fpage>             <lpage>175</lpage>          </element-citation></ref><ref id="pone.0001374-Horn1"><label>41</label><element-citation publication-type="journal" xlink:type="simple">             <person-group person-group-type="author"><name name-style="western"><surname>Horn</surname><given-names>R</given-names></name></person-group>             <year>1987</year>             <article-title>Statistical methods for model discrimination. Applications to gating kinetics and permeation of the acetylcholine receptor channel.</article-title>             <source>Biophys J</source>             <volume>51</volume>             <fpage>255</fpage>             <lpage>263</lpage>          </element-citation></ref></ref-list></back></article>