<?xml version="1.0" encoding="UTF-8"?>
<!DOCTYPE article
  PUBLIC "-//NLM//DTD Journal Publishing DTD v3.0 20080202//EN" "http://dtd.nlm.nih.gov/publishing/3.0/journalpublishing3.dtd">
<article xmlns:mml="http://www.w3.org/1998/Math/MathML" xmlns:xlink="http://www.w3.org/1999/xlink" article-type="research-article" dtd-version="3.0" xml:lang="en">
  <front>
    <journal-meta>
      <journal-id journal-id-type="nlm-ta">PLoS Negl Trop Dis</journal-id>
      <journal-id journal-id-type="publisher-id">plos</journal-id>
      <journal-id journal-id-type="pmc">plosntds</journal-id>
      <journal-title-group>
        <journal-title>PLoS Neglected Tropical Diseases</journal-title>
      </journal-title-group>
      <issn pub-type="epub">1935-2735</issn>
      <publisher>
        <publisher-name>Public Library of Science</publisher-name>
        <publisher-loc>San Francisco, USA</publisher-loc>
      </publisher>
    </journal-meta>
    <article-meta>
      <article-id pub-id-type="publisher-id">PNTD-D-12-00315</article-id>
      <article-id pub-id-type="doi">10.1371/journal.pntd.0001837</article-id>
      <article-categories>
        <subj-group subj-group-type="heading">
          <subject>Viewpoints</subject>
        </subj-group>
        <subj-group subj-group-type="Discipline-v2">
          <subject>Medicine</subject>
          <subj-group>
            <subject>Epidemiology</subject>
            <subj-group>
              <subject>Disease mapping</subject>
            </subj-group>
          </subj-group>
          <subj-group>
            <subject>Infectious diseases</subject>
            <subj-group>
              <subject>Bacterial diseases</subject>
              <subj-group>
                <subject>Yaws</subject>
              </subj-group>
            </subj-group>
            <subj-group>
              <subject>Neglected tropical diseases</subject>
              <subj-group>
                <subject>Yaws</subject>
              </subj-group>
            </subj-group>
            <subj-group>
              <subject>Skin infections</subject>
            </subj-group>
          </subj-group>
          <subj-group>
            <subject>Public health</subject>
            <subj-group>
              <subject>Health screening</subject>
            </subj-group>
          </subj-group>
        </subj-group>
        <subj-group subj-group-type="Discipline">
          <subject>Public Health and Epidemiology</subject>
          <subject>Infectious Diseases</subject>
        </subj-group>
      </article-categories>
      <title-group>
        <article-title>Yaws Eradication: Facing Old Problems, Raising New Hopes</article-title>
      </title-group>
      <contrib-group>
        <contrib contrib-type="author" xlink:type="simple">
          <name name-style="western">
            <surname>Rinaldi</surname>
            <given-names>Andrea</given-names>
          </name>
          <xref ref-type="aff" rid="aff1"/>
          <xref ref-type="corresp" rid="cor1">
            <sup>*</sup>
          </xref>
        </contrib>
      </contrib-group>
      <aff id="aff1">
        <addr-line>Science Writer, Cagliari, Italy</addr-line>
      </aff>
      <contrib-group>
        <contrib contrib-type="editor" xlink:type="simple">
          <name name-style="western">
            <surname>Small</surname>
            <given-names>Pamela L. C.</given-names>
          </name>
          <role>Editor</role>
          <xref ref-type="aff" rid="edit1"/>
        </contrib>
      </contrib-group>
      <aff id="edit1">
        <addr-line>University of Tennessee, United States of America</addr-line>
      </aff>
      <author-notes>
        <corresp id="cor1">* E-mail: <email xlink:type="simple">rinaldi.ac@gmail.com</email></corresp>
        <fn fn-type="conflict">
          <p>The author has declared that no competing interests exist.</p>
        </fn>
      </author-notes>
      <pub-date pub-type="collection">
        <month>11</month>
        <year>2012</year>
      </pub-date>
      <pub-date pub-type="epub">
        <day>29</day>
        <month>11</month>
        <year>2012</year>
      </pub-date>
      <volume>6</volume>
      <issue>11</issue>
      <elocation-id>e1837</elocation-id>
      <permissions>
        <copyright-year>2012</copyright-year>
        <copyright-holder>Andrea Rinaldi</copyright-holder>
        <license xlink:type="simple">
          <license-p>This is an open-access article distributed under the terms of the Creative Commons Attribution License, which permits unrestricted use, distribution, and reproduction in any medium, provided the original author and source are credited.</license-p>
        </license>
      </permissions>
      <funding-group>
        <funding-statement>No specific funding was received for this article.</funding-statement>
      </funding-group>
      <counts>
        <page-count count="4"/>
      </counts>
    </article-meta>
  </front>
  <body>
    <sec id="s1">
      <title>An Old Acquaintance, a Troubled Relationship</title>
      <p>The history of disease eradication coincides to a great deal with that of yaws. Soon after the World Health Organization (WHO) was established in 1948, yaws was the first disease to be slated for global eradication in the postwar era. Banking on a previous attempt to eliminate yaws in Haiti, where it was ravaging at that time—an initiative strongly sponsored by Fred Lowe Soper, the powerful director of the Pan American Health Organization (PAHO)—the Global Yaws Control Programme ran from 1952 to 1964, treating some 300 million people in 46 countries and reducing the global levels of the disease by 95%. “Different sources give different figures,” recently wrote medical historian Nancy Leys Stepan on this point <xref ref-type="bibr" rid="pntd.0001837-Stepan1">[1]</xref>. “The variableness of the data in different sources indicates the inadequate reporting and surveillance mechanisms in place in many poor countries.” Indeed, after the initial success of the mass campaign, efforts lagged, failing to trace down and treat the last remaining cases. Also, subclinical infections were most likely overlooked, and contacts not adequately contained. As a consequence, yaws began to rapidly reappear in many regions.</p>
      <p>Yaws is a bacterial infection of the skin and bones (<xref ref-type="fig" rid="pntd-0001837-g001">Figure 1</xref>), caused by the spirochete <italic>Treponema pallidum</italic> subspecies <italic>pertenue</italic> and transmitted by contact <xref ref-type="bibr" rid="pntd.0001837-Antal1">[2]</xref>. The yaws treponemes are very closely related (differ in less than 0.2% of the genome sequence) to syphilis treponemes (<italic>T. pallidum</italic> subspecies <italic>pallidum</italic>), although they are less virulent <xref ref-type="bibr" rid="pntd.0001837-Cejkov1">[3]</xref>. Yaws mainly affects children below 15 years of age living in poor rural settings in warm, tropical areas and, if not treated, can lead to gross disfigurement and disability in about 10% of cases. A single injection of long-acting penicillin—the silver bullet that became available after World War II and spurred the eradication projects mentioned above—can fully cure the disease. Distribution of the yaws is focalized, and well-validated, feasible, and widely available serological tests exist. Although these cannot differentiate between yaws and other <italic>Treponema</italic> infections such as syphilis, treponemal tests can be useful for screening in populations of low disease prevalence and as confirmatory tests to verify clinical observations. No vaccine exists, and no long-term immunization can be acquired upon treatment, and re-infection is thus possible. Humans are generally considered the sole reservoir, although a few reports exist of the presence of the disease among nonhuman primates, such as gorillas and baboons <xref ref-type="bibr" rid="pntd.0001837-Capuano1">[4]</xref>.</p>
      <fig id="pntd-0001837-g001" position="float">
        <object-id pub-id-type="doi">10.1371/journal.pntd.0001837.g001</object-id>
        <label>Figure 1</label>
        <caption>
          <title>Typical yaws primary lesion, usually occurring in the limbs.</title>
          <p>Credit: Oriol Mitjà.</p>
        </caption>
        <graphic mimetype="image" xlink:href="info:doi/10.1371/journal.pntd.0001837.g001" position="float" xlink:type="simple"/>
      </fig>
      <p>Official notification of yaws cases to WHO stopped in the 1990s, when control programmes where discontinued in most countries. At that time, the estimated global prevalence was at 2.5 million, with 460,000 new cases annually <xref ref-type="bibr" rid="pntd.0001837-Rinaldi1">[5]</xref>. Nowadays, a few endemic countries in South-East Asia (Indonesia, Timor-Leste), the Pacific region (Papua New Guinea, Solomon Islands, Vanuatu), and Africa (Benin, Cameroon, Central African Republic, Côte d'Ivoire, Democratic Republic of the Congo, Ghana, Republic of the Congo, Togo) are believed to harbour the vast majority of cases <xref ref-type="bibr" rid="pntd.0001837-World1">[6]</xref>, but figures are not clear due to patchy surveying, especially in isolated districts and islands, and “may only reflect the tip of the iceberg,” as WHO concedes <xref ref-type="bibr" rid="pntd.0001837-World2">[7]</xref>. Papua New Guinea reported some 28,989 cases in 2011, the Solomon Islands 20,635 in 2010, and Ghana 20,525 in 2010, while no recent accounts are available for Timor-Leste <xref ref-type="bibr" rid="pntd.0001837-World1">[6]</xref>. Besides, the current situation in many of the countries from where the disease was eliminated and that interrupted surveillance since then is virtually unknown.</p>
      <p>“If you can't eradicate yaws, which other disease can you possibly put down? Malaria? Forget about it!” This must be a recurrent thought for many of those dealing with neglected tropical diseases, and certainly has hovered in the mind of WHO officials for quite a long time. In the search for a confirmation (after smallpox) of the feasibility of the eradication approach, to be eventually “sold” to donors and institutions in support for by far more difficult-to-cope-with objectives, WHO never really gave up its war against yaws. In 2007, experts and delegates from endemic countries agreed on a renovated effort to assess yaws burden and restart activities to control the disease, eventually reaching elimination of clinical cases in South-East Asia by 2012 <xref ref-type="bibr" rid="pntd.0001837-World3">[8]</xref>. This revival came on the wake of a major achievement in India, where a very aggressive campaign (<xref ref-type="fig" rid="pntd-0001837-g002">Figure 2</xref>) started in 1996, backed by strong political commitment, and permitted to declare yaws eliminated on September 2006, as no case of the disease was reported since 2003 <xref ref-type="bibr" rid="pntd.0001837-World4">[9]</xref>. The India campaign employed the strategy of selective community treatment with injected penicillin in an at-risk population of 7 million, and its success is clearly ascribable to an excellent and tenacious system for clinical and serological surveillance during and after completion of the program.</p>
      <fig id="pntd-0001837-g002" position="float">
        <object-id pub-id-type="doi">10.1371/journal.pntd.0001837.g002</object-id>
        <label>Figure 2</label>
        <caption>
          <title>Yaws elimination in India.</title>
          <p>Scorecards, posters, and other illustrated material were largely distributed among both health workers and population to help spot remaining cases. Cash rewards were given to those residents who had reported suspected cases that were later serologically confirmed.</p>
        </caption>
        <graphic mimetype="image" xlink:href="info:doi/10.1371/journal.pntd.0001837.g002" position="float" xlink:type="simple"/>
      </fig>
    </sec>
    <sec id="s2">
      <title>Drafting a New Strategy (Being Aware of the Past)</title>
      <p>Since then, however, not much has changed on the global scale. But a recent breakthrough could help in finding a way out in the ice cap that trapped the yaws eradication programme, boosting it forward. Last January, a study—an open-label, noninferiority, randomised trial conducted at Lihir island in Papua New Guinea and involving 250 children aged 6 months to 15 years with yaws—has shown that the patients in the group treated with a single oral dose (30 mg/kg) of azithromycin were cured as well as those receiving an intramuscular injection of 50,000 units/kg benzathine benzylpenicillin (96% versus 93%), as determined by both clinical and serological response <xref ref-type="bibr" rid="pntd.0001837-Mitj1">[10]</xref>. “With yaws re-emerging, treatment with an effective drug that can be easily administered on a large scale is the preferred method for treatment, prevention, and, eventually, elimination worldwide,” wrote the authors <xref ref-type="bibr" rid="pntd.0001837-Mitj1">[10]</xref>. “This is perhaps the most important publication on yaws in the past 50 years, and could facilitate the elimination of this ancient scourge,” remarked David Mabey from the London School of Hygiene &amp; Tropical Medicine in an accompanying commentary <xref ref-type="bibr" rid="pntd.0001837-Mabey1">[11]</xref>. A similar trial is in progress in Ghana, whose results are due in the near future. “The outcome of the serology tests is blinded and conclusions cannot be made as yet, but from our preliminary observations of the clinical outcome we are confident that the results will be in line with those obtained in Papua New Guinea,” said Cynthia Kwakye, municipal director of health services for Ga West Municipality, Ghana, and lead investigator.</p>
      <p>Substituting a painful injection of penicillin with a single dose of an oral antibiotic could really be a significant advantage, as no trained staff would be needed to treat cases in remote areas, infection and anaphylactic shock control measures and other logistical problems linked to penicillin use would be overcome, and acceptability of treatment by those who receive it, especially children, would certainly improve. On the political side, switching to the new eradication strategy should similarly stimulate commitment and willingness to cooperate, signalling national governments that this will be not just a new attempt to complete the unfinished job using the same means (thus presumably ending the same way), but a motivatedly renovated effort to rid the world of a nasty disease, holding a new weapon (and a mighty one) in one hand and a better understanding of the necessary conditions in the other.</p>
      <p>In the new treatment scheme, azithromycin in a single oral dose would be deployed at either clinically and/or serologically confirmed endemic village or community level, leaving benzathine penicillin as an alternative treatment <xref ref-type="bibr" rid="pntd.0001837-World1">[6]</xref>. Around the azithromycin pillar, therefore, the WHO now plans to wrap its renovated effort to eradicate yaws, a last call to arms that in the intentions of the organization should permit to reach zero cases in 2017, and the subsequent certification of worldwide interruption of transmission by 2020 <xref ref-type="bibr" rid="pntd.0001837-World5">[12]</xref>. A new eradication policy was sketched at a WHO consultation held in Morges, Switzerlnad, last March <xref ref-type="bibr" rid="pntd.0001837-World1">[6]</xref>. Besides moving from penicillin to azithromycin as a therapeutic tool, WHO is aware, other problems must be tackled, namely those that impeded completion of the eradication campaign back in the 1960s. So, where the 1950–60s campaign failed in identifying contacts of those infected and leaving subclinical infections to spread the disease again, the new strategy will enforce total mass treatment. “We are not going to treat an entire country, say, Ghana, but rather, if it is known that yaws is present in a community or village, total community treatment using oral azithromycin will be deployed there,” said Kingsley Asiedu, from the WHO's Department of Control of Neglected Tropical Diseases in Geneva. Also, to make sure all cases are tracked down and treated, WHO will require strict follow-up measures, with re-surveys conducted every 3–6 months and either total or selective community treatments as required plus active case finding, until zero case prevalence is reached. “It is critical that mass treatment campaigns for yaws are supported by ongoing surveillance, active case finding and treatment, including follow-up of close patient contacts,” said Lasse Vestergaard from WHO's Regional Office for the Western Pacific, Manila. “Although case numbers initially drop, they may soon come back up if the affected area is left unattended. We have seen in some places that the number of yaws cases reported from health facilities increased only within a few years after the implementation of a comprehensive mass treatment campaign, which achieved more than 90% coverage, but without any follow-up activities.” Post-zero case surveillance measures will include immediate investigation of all reported or rumoured cases, and yearly serological surveys in children aged 1–5 years, for 3 years <xref ref-type="bibr" rid="pntd.0001837-World1">[6]</xref>. Needless to say, with possible disease resurgence squatted in the dark <xref ref-type="bibr" rid="pntd.0001837-Fegan1">[13]</xref>, this last mile will be the most hard to run, and stopping transmission will require diligence, discipline, and total attention to details from all of those involved in field work and supervisors.</p>
      <p>Clearly, getting a fresh idea of the epidemiological situation, especially in endemic areas with limited information (e.g., no Timor-Leste delegates were present at the Morges meeting), will be a must before getting involved in any ambitious eradication programme. Dealing with the integration of yaws activities into the existing general health services, at least where these exist, and a tireless work to promote community information and mobilization and health workers training, will also be key issues. “It is important that the entire primary health care system becomes involved and adequately strengthened to deal with yaws cases alongside so many other health problems. We need to ensure a balanced vertical and horizontal approach towards improving health,” said Vestergaard. “On the matter of vertical versus integrated programmes in public health, nearly every eradication campaign before the 1980s was seen as offering an entering ‘wedge’ for the development of more integrated or basic, everyday health care, but as it turned out, few of them did so,” said Stepan when questioned on this issue. “The relationship seems to be the other way around: the pre-existence of some kind of basic health care services, and a network of health officers, is what allowed a single-disease elimination and/or eradication drive to work. At any rate, today we seem to be moving towards a more integrated version of the vertical campaigns, and these can be effective.”</p>
      <p>In order to overcome political apathy, moving rapidly ahead and getting momentum, the new campaign will need, the sooner the better, to receive the World Health Assembly's endorsement (the last WHA resolution, WHA 31.58, on yaws and other endemic treponematoses was released in 1978). A way to secure this would be to have a “proof-of-principle” that mass treatment using azithromycin is both doable and effective, and to this end standard operating guidelines will be developed by WHO and endemic countries will be asked to coordinate pilot studies to assess the impact of mass treatment of yaws using azithromycin in limited geographical areas. “The new strategy should be validated first in pilot studies, so that we can learn what is the impact in both clinical and subclinical infections in the treated population,” said Oriol Mitjà, the lead researcher behind the azithromycin trial in Papua New Guinea. Such pilot projects are scheduled to start in selected districts in Cameroon, Ghana, Indonesia, Papua New Guinea, the Solomon Islands, and Vanuatu, to move then the renewed eradication effort to other areas and countries within 2 years <xref ref-type="bibr" rid="pntd.0001837-World1">[6]</xref>. “If successful, it will demonstrate an effective, logistically feasible, safe, and acceptable protocol for global eradication of this neglected disease and we will be able to monitor potential macrolide resistance in yaws to ensure sustainability of the strategy,” said Mitjà. Indeed, a rapid spread of macrolide resistant <italic>T. pallidum</italic> strains has been recorded lately in places such as California, London, and Shanghai (e.g., <xref ref-type="bibr" rid="pntd.0001837-Zhou1">[14]</xref>), so the massive use of azithromycin in the treatment of large populations raises concerns. However, it may be that such macrolide resistant bacterial strains “are less likely to persist in resource-poor settings where these relatively expensive antibiotics are rarely used,” noted Mabey <xref ref-type="bibr" rid="pntd.0001837-Mabey1">[11]</xref>.</p>
      <p>At the consultation, WHO made it crystal clear that it wants to tightly hold the yaws initiative's leadership and to move as quick as possible into action, following a very pragmatic agenda. This means that no large alliances or partnerships with other public and/or private institutions will be envisaged, at least at the kick-off phase of the new project, both for saving time and skipping organizational complications. Rather, a fair share of autonomy will be granted to national governments on how better to implement the eradication strategy, eventually seeking help on their own. Also, the possible synergy and co-implementation of yaws actions with those tackling other “end of the road” diseases such as trachoma (which is also cured using azithromycin; see <ext-link ext-link-type="uri" xlink:href="http://www.trachoma.org" xlink:type="simple">www.trachoma.org</ext-link>) and helminthiases (lymphatic filariasis, onchocerciasis, schistosomiasis, soil-transmitted helminthiases), and with ongoing vaccination campaigns, will be similarly evaluated in a second moment.</p>
      <p>Besides political commitment, a critical issue relates to the costs of eradication campaign and how the needed funds will be raised. Both at the Morges consultation and in the ensuing official papers, this aspect has not been touched in-depth. Many of those present at the meeting are confident that it would be possible to secure funding, now that neglected tropical diseases have a high profile within the WHO and are thus back in the international health agenda <xref ref-type="bibr" rid="pntd.0001837-World5">[12]</xref>. Azithromycin is available internationally in low-cost generic preparations, and costs related to drug acquisition and administration of azithromycin may be even lower than those of the classic treatment for yaws <xref ref-type="bibr" rid="pntd.0001837-Mitj2">[15]</xref>. But, given the large number of people to be treated, a donation program would be an essential ingredient of the new eradication campaign. It is thus of the outmost importance for WHO to tackle this problem rapidly, since leaving countries alone to implement the new strategy can turn out to be a serious limitation, especially in such a global crisis context.</p>
      <p>One cannot help but recalling that the most advanced eradication programme, targeting Guinea worm (dracunculiasis), is basically in the hands of the Carter Center in Atlanta (United States), which recently received $40 million in donations from the Bill &amp; Melinda Gates Foundation to complete its job. In 2011, cases of Guinea worm disease occurred in three remaining endemic nations—South Sudan, Mali, and Ethiopia—and in Chad, where there was an isolated outbreak. Just 1,060 cases were reported in 2011—a 41% decrease from 2010—of which 1,030 in South Sudan (<ext-link ext-link-type="uri" xlink:href="http://www.cartercenter.org" xlink:type="simple">www.cartercenter.org</ext-link>). Keeping this pace, eradication could be achieved by 2015. If the yaws campaign takes off and strengthens up, it could well largely benefit from the looming success of the Guinea worm initiative, possibly being the third human disease to be eradicated ever (and the first bacterial one), and bringing again the WHO at the forefront of future action.</p>
      <p>How realistic are the 2017/2020 targets for global yaws eradication? If one weighs carefully the current situation and the challenges noted above, even in light of the new azithromycin option, it is highly improbable that the program could be kept on schedule. Expanding the view to other elimination/eradication campaigns, basically all of them lay behind the target date for completion established at their beginning. However, “target dates” are just that, with their psychological appeal, and their rationale being that of framing a herculean task while trying to concentrate general attention for a range of time, and all programs come with the option for adaptation to new conditions and possibly delay built in, even if this is rarely stated. The eradication approach itself is questionable. “I am wary of announcing a global eradication campaign. A step-by-step, incremental approach seems to me better. This posits a regional/national targeted effort, which aims for the interruption of transmission, which in turn might be certified as a regional eradication,” said Stepan. “Being too ambitious about yaws eradication globally tends to put the main initiative in the hands of outside agencies, rather than national agencies, and can leave the disease effort disconnected from other health services in the country.”</p>
    </sec>
    <sec id="s3">
      <title>Conclusion</title>
      <p>“Eradication will no doubt continue to keep a place in the arsenal of possible public health interventions but, in my view, eradication campaigns should be exceptional and rare,” wrote Stepan <xref ref-type="bibr" rid="pntd.0001837-Stepan1">[1]</xref>. Even for those not particularly fond of the eradication approach, yaws certainly belongs to the exceptions. Yaws is a “low-hanging fruit,” a weakened, vanquishable enemy, given that those engaging in battle will have carved in stone that they will not retreat until the very last case is chased down and cured. India's attainment makes both a splendid example and a benchmark, especially because it was gained even without using azithromycin. WHO remains with the greatest responsibilities: to set up and implement immediate action and to keep national governments on the right track toward eradication. Should the first, inevitably unsteady, steps of the newborn campaign lead to the right path, it is easy to forecast that general enthusiasm will grow and so will advocacy and support.</p>
    </sec>
  </body>
  <back>
    <ref-list>
      <title>References</title>
      <ref id="pntd.0001837-Stepan1">
        <label>1</label>
        <mixed-citation publication-type="other" xlink:type="simple">Stepan NL (2011) Eradication. Ridding the world of diseases forever? Ithaca, NY: Cornell University Press.</mixed-citation>
      </ref>
      <ref id="pntd.0001837-Antal1">
        <label>2</label>
        <mixed-citation publication-type="journal" xlink:type="simple"><name name-style="western"><surname>Antal</surname><given-names>GM</given-names></name>, <name name-style="western"><surname>Lukehart</surname><given-names>SA</given-names></name>, <name name-style="western"><surname>Meheus</surname><given-names>A</given-names></name> (<year>2002</year>) <article-title>The endemic treponematoses</article-title>. <source>Microb Infect</source> <volume>4</volume>: <fpage>83</fpage>–<lpage>94</lpage>.</mixed-citation>
      </ref>
      <ref id="pntd.0001837-Cejkov1">
        <label>3</label>
        <mixed-citation publication-type="journal" xlink:type="simple"><name name-style="western"><surname>Cejková</surname><given-names>D</given-names></name>, <name name-style="western"><surname>Zobaníková</surname><given-names>M</given-names></name>, <name name-style="western"><surname>Chen</surname><given-names>L</given-names></name>, <name name-style="western"><surname>Pospíšilová</surname><given-names>P</given-names></name>, <name name-style="western"><surname>Strouhal</surname><given-names>M</given-names></name>, <etal>et al</etal>. (<year>2012</year>) <article-title>Whole genome sequences of three <italic>Treponema pallidum</italic> ssp. <italic>pertenue</italic> strains: yaws and syphilis treponemes differ in less than 0.2% of the genome sequence</article-title>. <source>PLoS Negl Trop Dis</source> <volume>6</volume>: <fpage>e1471</fpage> <comment>doi:<ext-link ext-link-type="uri" xlink:href="http://dx.doi.org/10.1371/journal.pntd.0001471" xlink:type="simple">10.1371/journal.pntd.0001471</ext-link></comment></mixed-citation>
      </ref>
      <ref id="pntd.0001837-Capuano1">
        <label>4</label>
        <mixed-citation publication-type="journal" xlink:type="simple"><name name-style="western"><surname>Capuano</surname><given-names>C</given-names></name>, <name name-style="western"><surname>Ozaki</surname><given-names>M</given-names></name> (<year>2011</year>) <article-title>Yaws in the Western pacific region: a review of the literature</article-title>. <source>J Trop Med</source> <volume>2011</volume>: <fpage>642832</fpage>.</mixed-citation>
      </ref>
      <ref id="pntd.0001837-Rinaldi1">
        <label>5</label>
        <mixed-citation publication-type="journal" xlink:type="simple"><name name-style="western"><surname>Rinaldi</surname><given-names>A</given-names></name> (<year>2008</year>) <article-title>Yaws: a second (and maybe last?) chance for eradication</article-title>. <source>PLoS Negl Trop Dis</source> <volume>2</volume>: <fpage>e275</fpage> <comment>doi:<ext-link ext-link-type="uri" xlink:href="http://dx.doi.org/10.1371/journal.pntd.0000275" xlink:type="simple">10.1371/journal.pntd.0000275</ext-link></comment></mixed-citation>
      </ref>
      <ref id="pntd.0001837-World1">
        <label>6</label>
        <mixed-citation publication-type="journal" xlink:type="simple"><collab xlink:type="simple">World Health Organization</collab> (<year>2012</year>) <article-title>Eradication of yaws—the Morges Strategy</article-title>. <source>Wkly Epidemiol Rec</source> <volume>87</volume>: <fpage>189</fpage>–<lpage>194</lpage>.</mixed-citation>
      </ref>
      <ref id="pntd.0001837-World2">
        <label>7</label>
        <mixed-citation publication-type="other" xlink:type="simple">World Health Organization (2012) Yaws. Available: <ext-link ext-link-type="uri" xlink:href="http://www.who.int/mediacentre/factsheets/fs316/en/" xlink:type="simple">http://www.who.int/mediacentre/factsheets/fs316/en/</ext-link>. Accessed March 8, 2012.</mixed-citation>
      </ref>
      <ref id="pntd.0001837-World3">
        <label>8</label>
        <mixed-citation publication-type="other" xlink:type="simple">World Health Organization (2007) Informal consultation on yaws, 24–26 January. Geneva, Switzerland: WHO Headquarters. Available: <ext-link ext-link-type="uri" xlink:href="http://www.who.int/neglected_diseases/diseases/ic24_26_jan2007.pdf" xlink:type="simple">http://www.who.int/neglected_diseases/diseases/ic24_26_jan2007.pdf</ext-link>. Accessed March 8, 2012.</mixed-citation>
      </ref>
      <ref id="pntd.0001837-World4">
        <label>9</label>
        <mixed-citation publication-type="journal" xlink:type="simple"><collab xlink:type="simple">World Health Organization</collab> (<year>2008</year>) <article-title>Elimination of yaws in India</article-title>. <source>Wkly Epidemiol Rec</source> <volume>83</volume>: <fpage>125</fpage>–<lpage>132</lpage>.</mixed-citation>
      </ref>
      <ref id="pntd.0001837-Mitj1">
        <label>10</label>
        <mixed-citation publication-type="journal" xlink:type="simple"><name name-style="western"><surname>Mitjà</surname><given-names>O</given-names></name>, <name name-style="western"><surname>Hays</surname><given-names>R</given-names></name>, <name name-style="western"><surname>Ipai</surname><given-names>A</given-names></name>, <name name-style="western"><surname>Penias</surname><given-names>M</given-names></name>, <name name-style="western"><surname>Paru</surname><given-names>R</given-names></name>, <etal>et al</etal>. (<year>2012</year>) <article-title>Single-dose azithromycin versus benzathine benzylpenicillin for treatment of yaws in children in Papua New Guinea: an open-label, non-inferiority, randomised trial</article-title>. <source>Lancet</source> <volume>379</volume>: <fpage>342</fpage>–<lpage>347</lpage>.</mixed-citation>
      </ref>
      <ref id="pntd.0001837-Mabey1">
        <label>11</label>
        <mixed-citation publication-type="journal" xlink:type="simple"><name name-style="western"><surname>Mabey</surname><given-names>D</given-names></name> (<year>2012</year>) <article-title>Oral azithromycin for treatment of yaws</article-title>. <source>Lancet</source> <volume>379</volume>: <fpage>295</fpage>–<lpage>297</lpage>.</mixed-citation>
      </ref>
      <ref id="pntd.0001837-World5">
        <label>12</label>
        <mixed-citation publication-type="other" xlink:type="simple">World Health Organization (2012) Accelerating work to overcome the global impact of neglected tropical diseases—a roadmap for implementation. Available: <ext-link ext-link-type="uri" xlink:href="http://whqlibdoc.who.int/hq/2012/WHO_HTM_NTD_2012.1_eng.pdf" xlink:type="simple">http://whqlibdoc.who.int/hq/2012/WHO_HTM_NTD_2012.1_eng.pdf</ext-link>. Accessed March 8, 2012.</mixed-citation>
      </ref>
      <ref id="pntd.0001837-Fegan1">
        <label>13</label>
        <mixed-citation publication-type="journal" xlink:type="simple"><name name-style="western"><surname>Fegan</surname><given-names>D</given-names></name>, <name name-style="western"><surname>Glennon</surname><given-names>MJ</given-names></name>, <name name-style="western"><surname>Thami</surname><given-names>Y</given-names></name> (<year>2010</year>) <article-title>Resurgence of yaws in Tanna, Vanuatu: time for a new approach?</article-title> <source>Trop Doct</source> <volume>40</volume>: <fpage>68</fpage>–<lpage>69</lpage>.</mixed-citation>
      </ref>
      <ref id="pntd.0001837-Zhou1">
        <label>14</label>
        <mixed-citation publication-type="journal" xlink:type="simple"><name name-style="western"><surname>Zhou</surname><given-names>P</given-names></name>, <name name-style="western"><surname>Li</surname><given-names>K</given-names></name>, <name name-style="western"><surname>Lu</surname><given-names>H</given-names></name>, <name name-style="western"><surname>Qian</surname><given-names>Y</given-names></name>, <name name-style="western"><surname>Gu</surname><given-names>X</given-names></name>, <etal>et al</etal>. (<year>2010</year>) <article-title>Azithromycin treatment failure among primary and secondary syphilis patients in Shanghai</article-title>. <source>Sex Transm Dis</source> <volume>37</volume>: <fpage>726</fpage>–<lpage>729</lpage>.</mixed-citation>
      </ref>
      <ref id="pntd.0001837-Mitj2">
        <label>15</label>
        <mixed-citation publication-type="journal" xlink:type="simple"><name name-style="western"><surname>Mitjà</surname><given-names>O</given-names></name>, <name name-style="western"><surname>Hays</surname><given-names>R</given-names></name>, <name name-style="western"><surname>Rinaldi</surname><given-names>AC</given-names></name>, <name name-style="western"><surname>McDermot</surname><given-names>R</given-names></name>, <name name-style="western"><surname>Bassat</surname><given-names>Q</given-names></name> (<year>2012</year>) <article-title>New treatment schemes for yaws: the path toward eradication</article-title>. <source>Clin Infect Dis</source> <volume>55</volume>: <fpage>406</fpage>–<lpage>412</lpage>.</mixed-citation>
      </ref>
    </ref-list>
  </back>
</article>