<?xml version="1.0" encoding="UTF-8"?>
<!DOCTYPE article
  PUBLIC "-//NLM//DTD Journal Publishing DTD v3.0 20080202//EN" "http://dtd.nlm.nih.gov/publishing/3.0/journalpublishing3.dtd">
<article xmlns:mml="http://www.w3.org/1998/Math/MathML" xmlns:xlink="http://www.w3.org/1999/xlink" article-type="letter" dtd-version="3.0" xml:lang="EN">
  <front>
    <journal-meta><journal-id journal-id-type="publisher-id">plos</journal-id><journal-id journal-id-type="publisher">pmed</journal-id><journal-id journal-id-type="nlm-ta">PLoS Med</journal-id><journal-id journal-id-type="pmc">plosmed</journal-id><!--===== Grouping journal title elements =====--><journal-title-group><journal-title>PLoS Medicine</journal-title></journal-title-group><issn pub-type="ppub">1549-1277</issn><issn pub-type="epub">1549-1676</issn><publisher>
        <publisher-name>Public Library of Science</publisher-name>
        <publisher-loc>San Francisco, USA</publisher-loc>
      </publisher></journal-meta>
    <article-meta><article-id pub-id-type="doi">10.1371/journal.pmed.0020326</article-id><article-categories>
        <subj-group subj-group-type="heading">
          <subject>Correspondence</subject>
        </subj-group>
        <subj-group subj-group-type="Discipline">
          <subject>Diabetes and Endocrinology</subject>
          <subject>Public Health and Epidemiology</subject>
          <subject>Public Health and Epidemiology</subject>
        </subj-group>
        <subj-group subj-group-type="System Taxonomy">
          <subject>Chronic Disease Management</subject>
          <subject>Epidemiology</subject>
          <subject>Obesity</subject>
        </subj-group>
      </article-categories><title-group><article-title>Author's Reply</article-title><alt-title alt-title-type="running-head">Correspondence</alt-title></title-group><contrib-group>
        <contrib contrib-type="author" xlink:type="simple">
          <name name-style="western">
            <surname>Stampfer</surname>
            <given-names>Meir</given-names>
          </name>
          <xref ref-type="aff" rid="aff1">
            <sup>1</sup>
          </xref>
          <xref ref-type="corresp" rid="n1">
            <sup>*</sup>
          </xref>
        </contrib>
      </contrib-group><aff id="aff1"><label>1</label>
				
				<addr-line>Harvard School of Public Health, Boston, Massachusetts, United States of America</addr-line>
				
			</aff><author-notes>
        <corresp id="n1">E-mail: <email xlink:type="simple">mstampfe@hsph.harvard.edu</email></corresp>
      <fn fn-type="conflict" id="n2">
        <p> The author has declared that no competing interests exist.</p>
      </fn></author-notes><pub-date pub-type="ppub">
        <month>9</month>
        <year>2005</year>
      </pub-date><pub-date pub-type="epub">
        <day>27</day>
        <month>9</month>
        <year>2005</year>
      </pub-date><volume>2</volume><issue>9</issue><elocation-id>e326</elocation-id><!--===== Grouping copyright info into permissions =====--><permissions><copyright-year>2005</copyright-year><copyright-holder>Meir Stampfer</copyright-holder><license><license-p>This is an open-access article distributed under the terms of the Creative Commons Attribution License, which permits unrestricted use, distribution, and reproduction in any medium, provided the original author and source are credited.</license-p></license></permissions><related-article page="e181" related-article-type="companion" vol="2" xlink:href="info:doi/10.1371/journal.pmed.0020181" xlink:title="perspective" xlink:type="simple">
				<article-title>Weight Loss and Mortality: What Does the Evidence Show?</article-title>
			</related-article><related-article page="e311" related-article-type="companion" vol="2" xlink:href="info:doi/10.1371/journal.pmed.0020311" xlink:title="correspondence" xlink:type="simple">
				<article-title>Response to Stampfer Commentary</article-title>
			</related-article></article-meta>
  </front>
  <body>
    <sec id="s1">
      <title/>
      <p>Williamson states that, in my Perspective [<xref ref-type="bibr" rid="pmed-0020326-b1">1</xref>], I erred in pointing out that Sørensen et al. [<xref ref-type="bibr" rid="pmed-0020326-b2">2</xref>] differentiated only between current smokers and nonsmokers. As Williamson notes in his letter [<xref ref-type="bibr" rid="pmed-0020326-b3">3</xref>], the point raised is precisely the analysis presented by the authors. Adequate treatment for cigarette smoking is crucial. Williamson relies on a computer simulation to suggest that treatment is not important, but the plain facts demonstrate otherwise. Computer simulations are, of course, totally dependent on the underlying assumptions. Ample empirical data, coupled with strong biological knowledge, reinforce the importance of smoking as a confounding factor in studies of body weight and mortality. For example, in our own analysis, the link between overweight and mortality risk was substantially obscured by cigarette smoking, and emerged clearly when never smokers were analyzed separately [<xref ref-type="bibr" rid="pmed-0020326-b4">4</xref>]. The reasons for this are simple. Cigarette smoking is associated in many populations with a lower body mass index, and with higher mortality rates. Moreover, cigarette smoking causes several adverse health conditions that lead to lower body weight and higher mortality risk, such as chronic pulmonary disease and congestive heart failure. Individuals may often live with these conditions for many years, so that lagged analyses (conducted by Sørensen et al., as pointed out by Williamson) that exclude early mortality, though useful, are insufficient by themselves to deal fully with this problem.</p>
      <p>Williamson appears to miss the most important point. This is simply not a study of the consequences of intentional weight loss, and can be illustrated by way of a quiz (see <xref ref-type="table" rid="pmed-0020326-t001">Table 1</xref>): using data from the Sørensen paper, can the reader guess which is the intentional weight loss group?</p>
      <table-wrap id="pmed-0020326-t001" position="float"><object-id pub-id-type="doi">10.1371/journal.pmed.0020326.t001</object-id><label>Table 1</label><caption>
          <title>Data from Sørensen et al. [<xref ref-type="bibr" rid="pmed-0020326-b2">2</xref>]</title>
        </caption><graphic mimetype="image" position="float" xlink:href="info:doi/10.1371/journal.pmed.0020326.t001" xlink:type="simple"/><!-- <table>
				<thead>
				<tr>
				<td><bold>Variable</bold></td>
				<td><bold>Group A</bold></td>
				<td><bold>Group B</bold></td>
				</tr>
				</thead>
				<tbody>
				<tr>
				<td>Median 6-y weight change</td>
				<td>&plus; 0.33 kg/m<sup>2</sup></td>
				<td>&plus; 0.31 kg/m<sup>2</sup></td>
				</tr>
				<tr>
				<td>Percent with weight loss</td>
				<td>38&percnt;</td>
				<td>38&percnt;</td>
				</tr>
				<tr>
				<td>Percent with weight gain</td>
				<td>34&percnt;</td>
				<td>31&percnt;</td>
				</tr>
				</tbody>
				</table> --></table-wrap>
      <p>Group A declared an intention to lose weight, but the actual weight changes in the two groups were virtually indistinguishable. Do Williamson and Sorensen et al. seriously entertain the hypothesis that this difference in weight change caused an 88% increase in all-cause mortality rate? Clearly individuals declaring intent to lose weight differ from those who do not. However, it seems implausible to attribute the differences in mortality rate to the tiny differences in weight change.</p>
    </sec>
  </body>
  <back>
    <ref-list>
      <title>References</title>
      <ref id="pmed-0020326-b1">
        <label>1</label>
        <nlm-citation publication-type="journal" xlink:type="simple">
          <person-group person-group-type="author">
            <name name-style="western">
              <surname>Stampfer</surname>
              <given-names>M</given-names>
            </name>
          </person-group>
          <article-title>Weight loss and mortality: What does the evidence show?</article-title>
          <source>PLoS Med</source>
          <year>2005</year>
          <volume>2</volume>
          <fpage>e181</fpage>
          <comment>doi: <ext-link ext-link-type="doi" xlink:href="http://dx.doi.org/10.1371/journal.pmed.0020181" xlink:type="simple">10.1371/journal.pmed.0020181</ext-link></comment>
        </nlm-citation>
      </ref>
      <ref id="pmed-0020326-b2">
        <label>2</label>
        <nlm-citation publication-type="journal" xlink:type="simple">
          <person-group person-group-type="author">
            <name name-style="western">
              <surname>Sørensen</surname>
              <given-names>TIA</given-names>
            </name>
            <name name-style="western">
              <surname>Rissanen</surname>
              <given-names>A</given-names>
            </name>
            <name name-style="western">
              <surname>Korkeila</surname>
              <given-names>M</given-names>
            </name>
            <name name-style="western">
              <surname>Kaprio</surname>
              <given-names>J</given-names>
            </name>
          </person-group>
          <article-title>Intention to lose weight, weight changes, and 18-y mortality in overweight individuals without comorbidities.</article-title>
          <source>PLoS Med</source>
          <year>2005</year>
          <volume>2</volume>
          <fpage>e171</fpage>
          <comment>doi: <ext-link ext-link-type="doi" xlink:href="http://dx.doi.org/10.1371/journal.pmed.0020171" xlink:type="simple">10.1371/journal.pmed.0020171</ext-link></comment>
        </nlm-citation>
      </ref>
      <ref id="pmed-0020326-b3">
        <label>3</label>
        <nlm-citation publication-type="journal" xlink:type="simple">
          <person-group person-group-type="author">
            <name name-style="western">
              <surname>Williamson</surname>
              <given-names>DF</given-names>
            </name>
          </person-group>
          <article-title>Response to Stampfer commentary.</article-title>
          <source>PLoS Med</source>
          <year>2005</year>
          <volume>2</volume>
          <fpage>e311</fpage>
          <comment>doi: <ext-link ext-link-type="doi" xlink:href="http://dx.doi.org/10.1371/journal.pmed.0020311" xlink:type="simple">10.1371/journal.pmed.0020311</ext-link></comment>
        </nlm-citation>
      </ref>
      <ref id="pmed-0020326-b4">
        <label>4</label>
        <nlm-citation publication-type="journal" xlink:type="simple">
          <person-group person-group-type="author">
            <name name-style="western">
              <surname>Manson</surname>
              <given-names>JE</given-names>
            </name>
            <name name-style="western">
              <surname>Willett</surname>
              <given-names>WC</given-names>
            </name>
            <name name-style="western">
              <surname>Stampfer</surname>
              <given-names>MJ</given-names>
            </name>
            <name name-style="western">
              <surname>Colditz</surname>
              <given-names>GA</given-names>
            </name>
            <name name-style="western">
              <surname>Hunter</surname>
              <given-names>DJ</given-names>
            </name>
            <etal/>
          </person-group>
          <article-title>Body weight and mortality among women.</article-title>
          <source>N Engl J Med</source>
          <year>1995</year>
          <volume>333</volume>
          <fpage>677</fpage>
          <lpage>685</lpage>
        </nlm-citation>
      </ref>
    </ref-list>
    
  </back>
</article>