<?xml version="1.0" encoding="UTF-8"?>
<!DOCTYPE article
  PUBLIC "-//NLM//DTD Journal Publishing DTD v3.0 20080202//EN" "http://dtd.nlm.nih.gov/publishing/3.0/journalpublishing3.dtd">
<article xmlns:mml="http://www.w3.org/1998/Math/MathML" xmlns:xlink="http://www.w3.org/1999/xlink" article-type="research-article" dtd-version="3.0" xml:lang="en">
<front>
<journal-meta>
<journal-id journal-id-type="nlm-ta">PLoS ONE</journal-id>
<journal-id journal-id-type="publisher-id">plos</journal-id>
<journal-id journal-id-type="pmc">plosone</journal-id><journal-title-group>
<journal-title>PLoS ONE</journal-title></journal-title-group>
<issn pub-type="epub">1932-6203</issn>
<publisher>
<publisher-name>Public Library of Science</publisher-name>
<publisher-loc>San Francisco, USA</publisher-loc></publisher>
</journal-meta>
<article-meta>
<article-id pub-id-type="publisher-id">PONE-D-14-26024</article-id>
<article-id pub-id-type="doi">10.1371/journal.pone.0109852</article-id>
<article-categories><subj-group subj-group-type="heading"><subject>Research Article</subject></subj-group><subj-group subj-group-type="Discipline-v2"><subject>Medicine and health sciences</subject><subj-group><subject>Epidemiology</subject><subj-group><subject>Cancer epidemiology</subject><subject>Clinical epidemiology</subject></subj-group></subj-group><subj-group><subject>Oncology</subject><subj-group><subject>Cancer prevention</subject></subj-group></subj-group></subj-group></article-categories>
<title-group>
<article-title>Metformin Reduces Thyroid Cancer Risk in Taiwanese Patients with Type 2 Diabetes</article-title>
<alt-title alt-title-type="running-head">Metformin and Thyroid Cancer</alt-title>
</title-group>
<contrib-group>
<contrib contrib-type="author" xlink:type="simple"><name name-style="western"><surname>Tseng</surname><given-names>Chin-Hsiao</given-names></name><xref ref-type="aff" rid="aff1"><sup>1</sup></xref><xref ref-type="aff" rid="aff2"><sup>2</sup></xref><xref ref-type="aff" rid="aff3"><sup>3</sup></xref><xref ref-type="corresp" rid="cor1"><sup>*</sup></xref></contrib>
</contrib-group>
<aff id="aff1"><label>1</label><addr-line>Department of Internal Medicine, National Taiwan University College of Medicine, Taipei, Taiwan</addr-line></aff>
<aff id="aff2"><label>2</label><addr-line>Division of Endocrinology and Metabolism, Department of Internal Medicine, National Taiwan University Hospital, Taipei, Taiwan</addr-line></aff>
<aff id="aff3"><label>3</label><addr-line>Division of Environmental Health and Occupational Medicine of the National Health Research Institutes, Taipei, Taiwan</addr-line></aff>
<contrib-group>
<contrib contrib-type="editor" xlink:type="simple"><name name-style="western"><surname>Akiba</surname><given-names>Suminori</given-names></name>
<role>Editor</role>
<xref ref-type="aff" rid="edit1"/></contrib>
</contrib-group>
<aff id="edit1"><addr-line>Kagoshima University Graduate School of Medical and Dental Sciences, Japan</addr-line></aff>
<author-notes>
<corresp id="cor1">* E-mail: <email xlink:type="simple">ccktsh@ms6.hinet.net</email></corresp>
<fn fn-type="conflict"><p>The author has declared that no competing interests exist.</p></fn>
<fn fn-type="con"><p>Conceived and designed the experiments: CHT. Performed the experiments: CHT. Analyzed the data: CHT. Contributed reagents/materials/analysis tools: CHT. Wrote the paper: CHT.</p></fn>
</author-notes>
<pub-date pub-type="collection"><year>2014</year></pub-date>
<pub-date pub-type="epub"><day>10</day><month>10</month><year>2014</year></pub-date>
<volume>9</volume>
<issue>10</issue>
<elocation-id>e109852</elocation-id>
<history>
<date date-type="received"><day>12</day><month>6</month><year>2014</year></date>
<date date-type="accepted"><day>4</day><month>9</month><year>2014</year></date>
</history>
<permissions>
<copyright-year>2014</copyright-year>
<copyright-holder>Chin-Hsiao Tseng</copyright-holder><license xlink:type="simple"><license-p>This is an open-access article distributed under the terms of the <ext-link ext-link-type="uri" xlink:href="http://creativecommons.org/licenses/by/4.0/" xlink:type="simple">Creative Commons Attribution License</ext-link>, which permits unrestricted use, distribution, and reproduction in any medium, provided the original author and source are credited.</license-p></license></permissions>
<abstract><sec>
<title>Background</title>
<p>Whether metformin may affect thyroid cancer risk has not been studied. This study investigated the association between metformin use and thyroid cancer risk in Taiwanese patients with type 2 diabetes mellitus.</p>
</sec><sec>
<title>Methods</title>
<p>The reimbursement databases of all diabetic patients from 1996 to 2009 were retrieved from the National Health Insurance. An entry date was set at 1 January 2006 and 1,414,723 patients with type 2 diabetes were followed for thyroid cancer incidence until the end of 2009. Incidences for ever-users, never-users and subgroups of metformin exposure using tertile cutoffs for cumulative duration of therapy and cumulative dose were calculated and adjusted hazard ratios were estimated by Cox regression. Additional sensitivity analyses were conducted.</p>
</sec><sec>
<title>Results</title>
<p>There were 795,321 ever-users and 619,402 never-users, with respective numbers of incident thyroid cancer of 683 (0.09%) and 1,614 (0.26%), and respective incidence of 24.09 and 87.33 per 100,000 person-years. The overall fully adjusted hazard ratio (95% confidence interval) was 0.683 (0.598–0.780), and all categories of the dose-response parameters showed significantly lower risk with <italic>P</italic>-trends &lt;0.0001. The protective effect of metformin on thyroid cancer incidence was also supported by sensitivity analyses, disregarding age (&lt;50 or ≥50 years) and sex; and was not affected by excluding users of insulin, sulfonylurea, and insulin and/or sulfonylurea respectively, by previous diagnosis of other cancers or by potential detection examinations that might lead to differential diagnosis of thyroid cancer.</p>
</sec><sec>
<title>Conclusions</title>
<p>This study provides evidence for the first time that metformin use in patients with type 2 diabetes may reduce the risk of thyroid cancer.</p>
</sec></abstract>
<funding-group><funding-statement>The study was supported by the National Science Council (NSC102-2314-B-002-067) of Taiwan. The funders had no role in study design, data collection and analysis, decision to publish, or preparation of the manuscript.</funding-statement></funding-group><counts><page-count count="7"/></counts><custom-meta-group><custom-meta id="data-availability" xlink:type="simple"><meta-name>Data Availability</meta-name><meta-value>The authors confirm that, for approved reasons, some access restrictions apply to the data underlying the findings. All relevant data are within the paper.</meta-value></custom-meta></custom-meta-group></article-meta>
</front>
<body><sec id="s1">
<title>Introduction</title>
<p>Patients with type 2 diabetes have a higher risk of cancer involving the breast, endometrium, stomach, colorectum, liver, pancreas, urinary bladder, and non-Hodgkin's lymphoma <xref ref-type="bibr" rid="pone.0109852-Arcidiacono1">[1]</xref>–<xref ref-type="bibr" rid="pone.0109852-Tseng6">[8]</xref>. The mechanisms may be related to insulin resistance, hyperinsulinemia, proinflammatory status and increased oxidative stress <xref ref-type="bibr" rid="pone.0109852-Arcidiacono1">[1]</xref>, <xref ref-type="bibr" rid="pone.0109852-Nicolucci1">[2]</xref>, <xref ref-type="bibr" rid="pone.0109852-Dong1">[9]</xref>. With regards to thyroid cancer, there has been an increasing trend of its incidence over the past decades worldwide; and this has been ascribed to the increasing prevalence of insulin resistance <xref ref-type="bibr" rid="pone.0109852-Gursoy1">[10]</xref>.</p>
<p>Although insulin resistance may lead to an increased risk of thyroid cancer in patients with type 2 diabetes, our recent population-based study did not support a higher risk of thyroid cancer in these patients <xref ref-type="bibr" rid="pone.0109852-Tseng7">[11]</xref>. Recent studies suggested that antidiabetic drugs may play some role in the development of cancers. For example, metformin may reduce <xref ref-type="bibr" rid="pone.0109852-Tseng8">[12]</xref>–<xref ref-type="bibr" rid="pone.0109852-Franciosi1">[16]</xref>, while insulin and sulfonylureas may increase <xref ref-type="bibr" rid="pone.0109852-Arcidiacono1">[1]</xref>, <xref ref-type="bibr" rid="pone.0109852-Tseng12">[17]</xref>–<xref ref-type="bibr" rid="pone.0109852-Tseng14">[19]</xref> the risk of various types of cancer. On the other hand, the use of pioglitazone <xref ref-type="bibr" rid="pone.0109852-Tseng15">[20]</xref>–<xref ref-type="bibr" rid="pone.0109852-Tseng17">[22]</xref>, but not rosiglitazone <xref ref-type="bibr" rid="pone.0109852-Tseng16">[21]</xref>–<xref ref-type="bibr" rid="pone.0109852-Tseng18">[23]</xref>, may increase the risk of bladder cancer. Therefore, a lack of association between diabetes and thyroid cancer as observed in our previous study <xref ref-type="bibr" rid="pone.0109852-Tseng7">[11]</xref> can be a composite outcome of the interaction between the mechanisms that lead to a higher risk (e.g., insulin resistance) and the effects of the use of metformin that lead to a lower risk.</p>
<p>Whether metformin use can reduce the risk of thyroid cancer in patients with type 2 diabetes remains to be confirmed. Some recent <italic>in vitro</italic> studies suggested that metformin may inhibit the growth of thyroid cancer cells through inhibition of the mammalian target of rapamycin (mTOR) pathway by activating the AMP-activated protein kinase (AMPK) <xref ref-type="bibr" rid="pone.0109852-KluboGwiezdzinska1">[24]</xref> or by diminishing the growth stimulation by insulin <xref ref-type="bibr" rid="pone.0109852-Chen1">[25]</xref>. In humans, an earlier observational report of 4 cases showed that metformin might suppress thyroid stimulating hormone (TSH) without causing clinical hyperthyroidism <xref ref-type="bibr" rid="pone.0109852-Vigersky1">[26]</xref>, but this can not be confirmed in a later large sample-sized retrospective study comparing 250 patients on metformin therapy to 578 diabetic patients without metformin treatment <xref ref-type="bibr" rid="pone.0109852-Dez1">[27]</xref>. A recent small clinical study conducted in 66 women with insulin resistance and thyroid nodular hyperplasia for 6 months suggested that metformin alone or better in combination with levothyroxine may reduce the size of the nodule <xref ref-type="bibr" rid="pone.0109852-Rezznico1">[28]</xref>.</p>
<p>All of the above <italic>in vitro</italic> and preliminary human studies suggested a potential usefulness of metformin on the prevention of thyroid cancer. However, large human observational studies are still lacking <xref ref-type="bibr" rid="pone.0109852-Franciosi1">[16]</xref>, <xref ref-type="bibr" rid="pone.0109852-Rizos1">[29]</xref>. Therefore, the purpose of the present study was to evaluate whether metformin use in Taiwanese patients with type 2 diabetes could affect the risk of thyroid cancer by using the National Health Insurance (NHI) database obtained from the whole nation.</p>
</sec><sec id="s2" sec-type="materials|methods">
<title>Materials and Methods</title>
<p>A retrospective cohort analysis using the NHI databases including all patients with a diagnosis of diabetes during the period from 1996 (the earliest database available) to 2009 in Taiwan was conducted. The study using the NHI database was approved by an ethic review board of the National Health Research Institutes with registered approval number 99274. Written informed consent from the participants was not required according to local regulations because the identification information of the individuals was scrambled and de-identified prior to analysis for the protection of privacy.</p>
<p>Since March 1995 a compulsory and universal system of health insurance (the so-called NHI) was implemented in Taiwan. All contracted medical institutes must submit computerized and standard claim documents for reimbursement. More than 99% of citizens are enrolled in the NHI, and &gt;98% of the hospitals nationwide are under contract with the NHI. The average number of annual physician visits in Taiwan is one of the highest around the world, at approximately 15 visits per year per capita in 2009.</p>
<p>The databases contain detailed records on every visit for each patient, including outpatient visits, emergency department visits and hospital admission; and include principal and secondary diagnostic codes, prescription orders, and claimed expenses. Diabetes was coded 250.00–250.93 and thyroid cancer 193, based on the <italic>International Classification of Diseases, Ninth Revision, Clinical Modification</italic> (ICD-9-CM).</p>
<p>We first retrieved the databases of all patients who had been diagnosed as having diabetes and/or under treatment with either oral anti-diabetic agents or insulin during the period of 1996–2009 from the whole nation (<italic>n</italic> = 3,756,511). The selected entry date was 1 January 2006. After excluding patients who had a diagnosis of diabetes after the year 2006 (<italic>n</italic> = 773,801), patients who held a Severe Morbidity Card as having type 1 diabetes (<italic>n</italic> = 7182, in Taiwan, patients with type 1 diabetes were issued a so-called “Severe Morbidity Card” after certified diagnosis and they were waived for much of the co-payments), patients having a diagnosis of thyroid cancer before 2006 (<italic>n</italic> = 8,252), those who died (<italic>n</italic> = 169,509) or withdrew from the NHI (<italic>n</italic> = 23,784) before entry date, duplicated identification number (<italic>n</italic> = 216), unclear information on date of birth or sex (<italic>n</italic> = 14,284), and diabetic patients without any reimbursement record after the entry date (<italic>n</italic> = 1,556,791), a total of 1,414,723 patients with a diagnosis of type 2 diabetes and/or under therapy with oral anti-diabetic agents or insulin were recruited.</p>
<p>Those who had ever been prescribed metformin before entry date were defined as ever-users; and never-users were defined as those who had never been prescribed metformin before entry date. To evaluate whether a dose-response relationship could be seen between metformin and thyroid cancer, the tertile cutoffs for the following parameters were applied: 1) cumulative duration of therapy in months; and 2) cumulative dose in mg.</p>
<p>Baseline characteristics of ever- and never-users of metformin at entry were compared by Chi square test. Age and all comorbidities and covariates were determined as a status/diagnosis before the entry date. The ICD-9-CM codes for the comorbidities were <xref ref-type="bibr" rid="pone.0109852-Tseng7">[11]</xref>–<xref ref-type="bibr" rid="pone.0109852-Tseng10">[14]</xref>, <xref ref-type="bibr" rid="pone.0109852-Tseng19">[30]</xref>: nephropathy 580–589, hypertension 401–405, chronic obstructive pulmonary disease (a surrogate for smoking) 490–496, stroke 430–438, ischemic heart disease 410–414, peripheral arterial disease 250.7, 785.4, 443.81 and 440–448, eye disease 250.5, 362.0, 369, 366.41 and 365.44, obesity 278, dyslipidemia 272.0–272.4, benign thyroid disease 240–246, and cancer other than thyroid cancer 140–208 (excluding 193). Medications included sulfonylurea, insulin, acarbose, pioglitazone, rosiglitazone, statin, fibrate, angiotensin-converting enzyme inhibitor and/or angiotensin receptor blocker, calcium channel blocker, aspirin, ticlopidine, clopidogrel, dipyridamole and non-steroidal anti-inflammatory drugs (excluding aspirin).</p>
<p>The incidence density of thyroid cancer was calculated for ever-users and never-users and for different subgroups of exposure. The numerator for the incidence was the number of patients with incident thyroid cancer during the 4-year follow-up from January 1, 2006 to December 31, 2009, and the denominator was the person-years of follow-up. For ever-users, the follow-up duration was either censored at the date of thyroid cancer diagnosis or at the date of the last record of the available reimbursement databases in individuals without incident thyroid cancer. In the lack of information on the vital status or migration of the patients, the last reimbursement record may serve as a surrogate because patients who die or migrate out of the country should be withdrawn from the NHI in Taiwan. For never-users, the follow-up was censored at the date of metformin initiation or thyroid cancer diagnosis or the last reimbursement record, depending on whichever occurring first. This ensured no exposure to metformin throughout the whole follow-up period until censor in the referent group of never-users.</p>
<p>Cox proportional hazards regression was performed to estimate the hazard ratios for thyroid cancer for ever-users versus never-users, and for the various subgroups of dose-response parameters. The following fully adjusted models were created with consideration of all covariates mentioned above: 1) Models I conducted in the whole original cohort; 2) Models II conducted after excluding users of both metformin and sulfonylurea, in order to avoid the potential bias resulted from multi-collinearity because a very high proportion of metformin users were also users of sulfonylurea; and 3) Models III conducted after excluding users of antidiabetic drugs other than metformin, in order to create a “cleaner” comparison for metformin only versus diabetic patients without use of antidiabetic drugs (i.e., on diet control only).</p>
<p>Additional sensitivity analyses were conducted by creating the following Cox regression models to estimate the fully adjusted hazard ratios for metformin users versus non-users: 1) In subgroups of men, women, age &lt;50 years and age ≥50 years, respectively; 2) Excluding patients with a diagnosis of cancer other than thyroid cancer; 3) Excluding users of insulin, sulfonylurea, and insulin and/or sulfonylurea, respectively; 4) Additional adjustment for potential detection examinations including thyroid sonography, thyroid aspiration and thyroid function test (described previously <xref ref-type="bibr" rid="pone.0109852-Tseng19">[30]</xref>) that might have led to differential detection of thyroid cancer between ever-users and never-users of metformin.</p>
<p>Analyses were conducted using SAS statistical software, version 9.3 (SAS Institute, Cary, NC). <italic>P</italic>&lt;0.05 was considered statistically significant.</p>
</sec><sec id="s3">
<title>Results</title>
<p>Among the patients 317,508 (22.4%) were on diet control without any pharmacological intervention, 907,599 (64.2%) were using oral antidiabetic drugs only, 179,847 (12.7%) were using oral antidiabetic drugs plus insulin, and 9,769 (0.7%) were using insulin only.</p>
<p><xref ref-type="table" rid="pone-0109852-t001">Table 1</xref> compares the baseline characteristics between ever- and never-users of metformin. All variables differed significantly between the two groups. Ever-users are characterized by older age distribution, higher proportion with a diabetes duration &gt;5 years, higher proportions of all comorbidities except with a lower proportion of a diagnosis with other cancer, and higher proportions of using other medications.</p>
<table-wrap id="pone-0109852-t001" position="float"><object-id pub-id-type="doi">10.1371/journal.pone.0109852.t001</object-id><label>Table 1</label><caption>
<title>Baseline characteristics between never-users and ever-users of metformin.</title>
</caption><alternatives><graphic id="pone-0109852-t001-1" position="float" mimetype="image" xlink:href="info:doi/10.1371/journal.pone.0109852.t001" xlink:type="simple"/>
<table><colgroup span="1"><col align="left" span="1"/><col align="center" span="1"/><col align="center" span="1"/><col align="center" span="1"/><col align="center" span="1"/><col align="center" span="1"/></colgroup>
<thead>
<tr>
<td align="left" rowspan="1" colspan="1">Variables</td>
<td colspan="4" align="left" rowspan="1">Metformin</td>
<td align="left" rowspan="1" colspan="1"><italic>P</italic> value</td>
</tr>
<tr>
<td align="left" rowspan="1" colspan="1"/>
<td colspan="2" align="left" rowspan="1">Never users</td>
<td colspan="2" align="left" rowspan="1">Ever users</td>
<td align="left" rowspan="1" colspan="1"/>
</tr>
<tr>
<td align="left" rowspan="1" colspan="1"/>
<td align="left" rowspan="1" colspan="1"><italic>n</italic></td>
<td align="left" rowspan="1" colspan="1">%</td>
<td align="left" rowspan="1" colspan="1"><italic>n</italic></td>
<td align="left" rowspan="1" colspan="1">%</td>
<td align="left" rowspan="1" colspan="1"/>
</tr>
</thead>
<tbody>
<tr>
<td align="left" rowspan="1" colspan="1"><italic>n</italic> = 1414723</td>
<td align="left" rowspan="1" colspan="1">619402</td>
<td align="left" rowspan="1" colspan="1"/>
<td align="left" rowspan="1" colspan="1">795321</td>
<td align="left" rowspan="1" colspan="1"/>
<td align="left" rowspan="1" colspan="1"/>
</tr>
<tr>
<td align="left" rowspan="1" colspan="1">Age (years)</td>
<td align="left" rowspan="1" colspan="1"/>
<td align="left" rowspan="1" colspan="1"/>
<td align="left" rowspan="1" colspan="1"/>
<td align="left" rowspan="1" colspan="1"/>
<td align="left" rowspan="1" colspan="1"/>
</tr>
<tr>
<td align="left" rowspan="1" colspan="1">&lt;0</td>
<td align="left" rowspan="1" colspan="1">43229</td>
<td align="left" rowspan="1" colspan="1">6.98</td>
<td align="left" rowspan="1" colspan="1">30708</td>
<td align="left" rowspan="1" colspan="1">3.86</td>
<td align="left" rowspan="1" colspan="1">&lt;0.0001</td>
</tr>
<tr>
<td align="left" rowspan="1" colspan="1">40–49</td>
<td align="left" rowspan="1" colspan="1">90027</td>
<td align="left" rowspan="1" colspan="1">14.53</td>
<td align="left" rowspan="1" colspan="1">100815</td>
<td align="left" rowspan="1" colspan="1">12.68</td>
<td align="left" rowspan="1" colspan="1"/>
</tr>
<tr>
<td align="left" rowspan="1" colspan="1">50–59</td>
<td align="left" rowspan="1" colspan="1">155055</td>
<td align="left" rowspan="1" colspan="1">25.03</td>
<td align="left" rowspan="1" colspan="1">210883</td>
<td align="left" rowspan="1" colspan="1">26.52</td>
<td align="left" rowspan="1" colspan="1"/>
</tr>
<tr>
<td align="left" rowspan="1" colspan="1">60–69</td>
<td align="left" rowspan="1" colspan="1">143566</td>
<td align="left" rowspan="1" colspan="1">23.18</td>
<td align="left" rowspan="1" colspan="1">214320</td>
<td align="left" rowspan="1" colspan="1">26.95</td>
<td align="left" rowspan="1" colspan="1"/>
</tr>
<tr>
<td align="left" rowspan="1" colspan="1">≥70</td>
<td align="left" rowspan="1" colspan="1">187525</td>
<td align="left" rowspan="1" colspan="1">30.28</td>
<td align="left" rowspan="1" colspan="1">238595</td>
<td align="left" rowspan="1" colspan="1">30.00</td>
<td align="left" rowspan="1" colspan="1"/>
</tr>
<tr>
<td align="left" rowspan="1" colspan="1">Sex (men)</td>
<td align="left" rowspan="1" colspan="1">291424</td>
<td align="left" rowspan="1" colspan="1">47.05</td>
<td align="left" rowspan="1" colspan="1">397316</td>
<td align="left" rowspan="1" colspan="1">49.96</td>
<td align="left" rowspan="1" colspan="1">&lt;0.0001</td>
</tr>
<tr>
<td align="left" rowspan="1" colspan="1">Diabetes duration (years)</td>
<td align="left" rowspan="1" colspan="1"/>
<td align="left" rowspan="1" colspan="1"/>
<td align="left" rowspan="1" colspan="1"/>
<td align="left" rowspan="1" colspan="1"/>
<td align="left" rowspan="1" colspan="1"/>
</tr>
<tr>
<td align="left" rowspan="1" colspan="1">&lt;1</td>
<td align="left" rowspan="1" colspan="1">76021</td>
<td align="left" rowspan="1" colspan="1">12.27</td>
<td align="left" rowspan="1" colspan="1">39395</td>
<td align="left" rowspan="1" colspan="1">4.95</td>
<td align="left" rowspan="1" colspan="1">&lt;0.0001</td>
</tr>
<tr>
<td align="left" rowspan="1" colspan="1">1–3</td>
<td align="left" rowspan="1" colspan="1">122049</td>
<td align="left" rowspan="1" colspan="1">19.70</td>
<td align="left" rowspan="1" colspan="1">97004</td>
<td align="left" rowspan="1" colspan="1">12.20</td>
<td align="left" rowspan="1" colspan="1"/>
</tr>
<tr>
<td align="left" rowspan="1" colspan="1">3–5</td>
<td align="left" rowspan="1" colspan="1">109316</td>
<td align="left" rowspan="1" colspan="1">17.65</td>
<td align="left" rowspan="1" colspan="1">108390</td>
<td align="left" rowspan="1" colspan="1">13.63</td>
<td align="left" rowspan="1" colspan="1"/>
</tr>
<tr>
<td align="left" rowspan="1" colspan="1">&gt;5</td>
<td align="left" rowspan="1" colspan="1">312016</td>
<td align="left" rowspan="1" colspan="1">50.37</td>
<td align="left" rowspan="1" colspan="1">550532</td>
<td align="left" rowspan="1" colspan="1">69.22</td>
<td align="left" rowspan="1" colspan="1"/>
</tr>
<tr>
<td align="left" rowspan="1" colspan="1">Hypertension</td>
<td align="left" rowspan="1" colspan="1">193690</td>
<td align="left" rowspan="1" colspan="1">31.27</td>
<td align="left" rowspan="1" colspan="1">536498</td>
<td align="left" rowspan="1" colspan="1">67.46</td>
<td align="left" rowspan="1" colspan="1">&lt;0.0001</td>
</tr>
<tr>
<td align="left" rowspan="1" colspan="1">Chronic obstructive pulmonary disease</td>
<td align="left" rowspan="1" colspan="1">43116</td>
<td align="left" rowspan="1" colspan="1">6.96</td>
<td align="left" rowspan="1" colspan="1">149644</td>
<td align="left" rowspan="1" colspan="1">18.82</td>
<td align="left" rowspan="1" colspan="1">&lt;0.0001</td>
</tr>
<tr>
<td align="left" rowspan="1" colspan="1">Stroke</td>
<td align="left" rowspan="1" colspan="1">37674</td>
<td align="left" rowspan="1" colspan="1">6.08</td>
<td align="left" rowspan="1" colspan="1">151546</td>
<td align="left" rowspan="1" colspan="1">19.05</td>
<td align="left" rowspan="1" colspan="1">&lt;0.0001</td>
</tr>
<tr>
<td align="left" rowspan="1" colspan="1">Nephropathy</td>
<td align="left" rowspan="1" colspan="1">45351</td>
<td align="left" rowspan="1" colspan="1">7.32</td>
<td align="left" rowspan="1" colspan="1">124597</td>
<td align="left" rowspan="1" colspan="1">15.67</td>
<td align="left" rowspan="1" colspan="1">&lt;0.0001</td>
</tr>
<tr>
<td align="left" rowspan="1" colspan="1">Ischemic heart disease</td>
<td align="left" rowspan="1" colspan="1">57508</td>
<td align="left" rowspan="1" colspan="1">9.28</td>
<td align="left" rowspan="1" colspan="1">238766</td>
<td align="left" rowspan="1" colspan="1">30.02</td>
<td align="left" rowspan="1" colspan="1">&lt;0.0001</td>
</tr>
<tr>
<td align="left" rowspan="1" colspan="1">Peripheral arterial disease</td>
<td align="left" rowspan="1" colspan="1">21408</td>
<td align="left" rowspan="1" colspan="1">3.46</td>
<td align="left" rowspan="1" colspan="1">135384</td>
<td align="left" rowspan="1" colspan="1">17.02</td>
<td align="left" rowspan="1" colspan="1">&lt;0.0001</td>
</tr>
<tr>
<td align="left" rowspan="1" colspan="1">Eye disease</td>
<td align="left" rowspan="1" colspan="1">10859</td>
<td align="left" rowspan="1" colspan="1">1.75</td>
<td align="left" rowspan="1" colspan="1">106035</td>
<td align="left" rowspan="1" colspan="1">13.33</td>
<td align="left" rowspan="1" colspan="1">&lt;0.0001</td>
</tr>
<tr>
<td align="left" rowspan="1" colspan="1">Obesity</td>
<td align="left" rowspan="1" colspan="1">4015</td>
<td align="left" rowspan="1" colspan="1">0.65</td>
<td align="left" rowspan="1" colspan="1">15647</td>
<td align="left" rowspan="1" colspan="1">1.97</td>
<td align="left" rowspan="1" colspan="1">&lt;0.0001</td>
</tr>
<tr>
<td align="left" rowspan="1" colspan="1">Dyslipidemia</td>
<td align="left" rowspan="1" colspan="1">196607</td>
<td align="left" rowspan="1" colspan="1">31.74</td>
<td align="left" rowspan="1" colspan="1">466909</td>
<td align="left" rowspan="1" colspan="1">58.71</td>
<td align="left" rowspan="1" colspan="1">&lt;0.0001</td>
</tr>
<tr>
<td align="left" rowspan="1" colspan="1">Benign thyroid disease</td>
<td align="left" rowspan="1" colspan="1">21855</td>
<td align="left" rowspan="1" colspan="1">3.53</td>
<td align="left" rowspan="1" colspan="1">43401</td>
<td align="left" rowspan="1" colspan="1">5.46</td>
<td align="left" rowspan="1" colspan="1">&lt;0.0001</td>
</tr>
<tr>
<td align="left" rowspan="1" colspan="1">Other cancer</td>
<td align="left" rowspan="1" colspan="1">106265</td>
<td align="left" rowspan="1" colspan="1">17.16</td>
<td align="left" rowspan="1" colspan="1">93978</td>
<td align="left" rowspan="1" colspan="1">11.82</td>
<td align="left" rowspan="1" colspan="1">&lt;0.0001</td>
</tr>
<tr>
<td align="left" rowspan="1" colspan="1">Statin</td>
<td align="left" rowspan="1" colspan="1">63535</td>
<td align="left" rowspan="1" colspan="1">10.26</td>
<td align="left" rowspan="1" colspan="1">309483</td>
<td align="left" rowspan="1" colspan="1">38.91</td>
<td align="left" rowspan="1" colspan="1">&lt;0.0001</td>
</tr>
<tr>
<td align="left" rowspan="1" colspan="1">Fibrate</td>
<td align="left" rowspan="1" colspan="1">40065</td>
<td align="left" rowspan="1" colspan="1">6.47</td>
<td align="left" rowspan="1" colspan="1">221696</td>
<td align="left" rowspan="1" colspan="1">27.88</td>
<td align="left" rowspan="1" colspan="1">&lt;0.0001</td>
</tr>
<tr>
<td align="left" rowspan="1" colspan="1">Angiotensin converting enzyme inhibitor/angiotensin receptor blocker</td>
<td align="left" rowspan="1" colspan="1">101931</td>
<td align="left" rowspan="1" colspan="1">16.46</td>
<td align="left" rowspan="1" colspan="1">451197</td>
<td align="left" rowspan="1" colspan="1">56.73</td>
<td align="left" rowspan="1" colspan="1">&lt;0.0001</td>
</tr>
<tr>
<td align="left" rowspan="1" colspan="1">Calcium channel blocker</td>
<td align="left" rowspan="1" colspan="1">83733</td>
<td align="left" rowspan="1" colspan="1">13.52</td>
<td align="left" rowspan="1" colspan="1">329741</td>
<td align="left" rowspan="1" colspan="1">41.46</td>
<td align="left" rowspan="1" colspan="1">&lt;0.0001</td>
</tr>
<tr>
<td align="left" rowspan="1" colspan="1">Sulfonylurea</td>
<td align="left" rowspan="1" colspan="1">149415</td>
<td align="left" rowspan="1" colspan="1">24.12</td>
<td align="left" rowspan="1" colspan="1">722015</td>
<td align="left" rowspan="1" colspan="1">90.78</td>
<td align="left" rowspan="1" colspan="1">&lt;0.0001</td>
</tr>
<tr>
<td align="left" rowspan="1" colspan="1">Insulin</td>
<td align="left" rowspan="1" colspan="1">17198</td>
<td align="left" rowspan="1" colspan="1">2.78</td>
<td align="left" rowspan="1" colspan="1">172418</td>
<td align="left" rowspan="1" colspan="1">21.68</td>
<td align="left" rowspan="1" colspan="1">&lt;0.0001</td>
</tr>
<tr>
<td align="left" rowspan="1" colspan="1">Acarbose</td>
<td align="left" rowspan="1" colspan="1">14592</td>
<td align="left" rowspan="1" colspan="1">2.36</td>
<td align="left" rowspan="1" colspan="1">170206</td>
<td align="left" rowspan="1" colspan="1">21.40</td>
<td align="left" rowspan="1" colspan="1">&lt;0.0001</td>
</tr>
<tr>
<td align="left" rowspan="1" colspan="1">Pioglitazone</td>
<td align="left" rowspan="1" colspan="1">2716</td>
<td align="left" rowspan="1" colspan="1">0.44</td>
<td align="left" rowspan="1" colspan="1">55662</td>
<td align="left" rowspan="1" colspan="1">7.00</td>
<td align="left" rowspan="1" colspan="1">&lt;0.0001</td>
</tr>
<tr>
<td align="left" rowspan="1" colspan="1">Rosiglitazone</td>
<td align="left" rowspan="1" colspan="1">8381</td>
<td align="left" rowspan="1" colspan="1">1.35</td>
<td align="left" rowspan="1" colspan="1">165822</td>
<td align="left" rowspan="1" colspan="1">20.85</td>
<td align="left" rowspan="1" colspan="1">&lt;0.0001</td>
</tr>
<tr>
<td align="left" rowspan="1" colspan="1">Aspirin</td>
<td align="left" rowspan="1" colspan="1">67805</td>
<td align="left" rowspan="1" colspan="1">10.95</td>
<td align="left" rowspan="1" colspan="1">320342</td>
<td align="left" rowspan="1" colspan="1">40.28</td>
<td align="left" rowspan="1" colspan="1">&lt;0.0001</td>
</tr>
<tr>
<td align="left" rowspan="1" colspan="1">Ticlopidine</td>
<td align="left" rowspan="1" colspan="1">4643</td>
<td align="left" rowspan="1" colspan="1">0.75</td>
<td align="left" rowspan="1" colspan="1">29727</td>
<td align="left" rowspan="1" colspan="1">3.74</td>
<td align="left" rowspan="1" colspan="1">&lt;0.0001</td>
</tr>
<tr>
<td align="left" rowspan="1" colspan="1">Clopidogrel</td>
<td align="left" rowspan="1" colspan="1">5491</td>
<td align="left" rowspan="1" colspan="1">0.89</td>
<td align="left" rowspan="1" colspan="1">32008</td>
<td align="left" rowspan="1" colspan="1">4.02</td>
<td align="left" rowspan="1" colspan="1">&lt;0.0001</td>
</tr>
<tr>
<td align="left" rowspan="1" colspan="1">Dipyridamole</td>
<td align="left" rowspan="1" colspan="1">40354</td>
<td align="left" rowspan="1" colspan="1">6.51</td>
<td align="left" rowspan="1" colspan="1">210556</td>
<td align="left" rowspan="1" colspan="1">26.47</td>
<td align="left" rowspan="1" colspan="1">&lt;0.0001</td>
</tr>
<tr>
<td align="left" rowspan="1" colspan="1">Non-steroidal anti-inflammatory drugs (excluding aspirin)</td>
<td align="left" rowspan="1" colspan="1">229967</td>
<td align="left" rowspan="1" colspan="1">37.13</td>
<td align="left" rowspan="1" colspan="1">596320</td>
<td align="left" rowspan="1" colspan="1">74.98</td>
<td align="left" rowspan="1" colspan="1">&lt;0.0001</td>
</tr>
</tbody>
</table>
</alternatives></table-wrap>
<p><xref ref-type="table" rid="pone-0109852-t002">Table 2</xref> shows the incidences of thyroid cancer between ever-users and never-users of metformin, and among the different categories of the dose-response parameters for metformin exposure. During follow-up, a total of 2,297 (0.16%) patients developed thyroid cancer. Among them, 1,614 were never-users and 683 were ever-users of metformin at entry. The incidence rate in never- and ever-users of metformin was 87.33 and 24.09 per 100,000 person-years, respectively.</p>
<table-wrap id="pone-0109852-t002" position="float"><object-id pub-id-type="doi">10.1371/journal.pone.0109852.t002</object-id><label>Table 2</label><caption>
<title>Incidence of thyroid cancer by metformin exposure at entry.</title>
</caption><alternatives><graphic id="pone-0109852-t002-2" position="float" mimetype="image" xlink:href="info:doi/10.1371/journal.pone.0109852.t002" xlink:type="simple"/>
<table><colgroup span="1"><col align="left" span="1"/><col align="center" span="1"/><col align="center" span="1"/><col align="center" span="1"/><col align="center" span="1"/><col align="center" span="1"/></colgroup>
<thead>
<tr>
<td align="left" rowspan="1" colspan="1">Metformin use</td>
<td align="left" rowspan="1" colspan="1">Case number</td>
<td align="left" rowspan="1" colspan="1">Incident thyroid cancer</td>
<td align="left" rowspan="1" colspan="1">%</td>
<td align="left" rowspan="1" colspan="1">Person-years</td>
<td align="left" rowspan="1" colspan="1">Incidence rate</td>
</tr>
<tr>
<td align="left" rowspan="1" colspan="1"/>
<td align="left" rowspan="1" colspan="1"/>
<td align="left" rowspan="1" colspan="1"/>
<td align="left" rowspan="1" colspan="1"/>
<td align="left" rowspan="1" colspan="1"/>
<td align="left" rowspan="1" colspan="1">(per 100,000 person-years)</td>
</tr>
</thead>
<tbody>
<tr>
<td align="left" rowspan="1" colspan="1">Never users</td>
<td align="left" rowspan="1" colspan="1">619402</td>
<td align="left" rowspan="1" colspan="1">1614</td>
<td align="left" rowspan="1" colspan="1">0.26</td>
<td align="left" rowspan="1" colspan="1">1848266.92</td>
<td align="left" rowspan="1" colspan="1">87.33</td>
</tr>
<tr>
<td align="left" rowspan="1" colspan="1">Ever users</td>
<td align="left" rowspan="1" colspan="1">795321</td>
<td align="left" rowspan="1" colspan="1">683</td>
<td align="left" rowspan="1" colspan="1">0.09</td>
<td align="left" rowspan="1" colspan="1">2835264.08</td>
<td align="left" rowspan="1" colspan="1">24.09</td>
</tr>
<tr>
<td align="left" rowspan="1" colspan="1"><italic>P</italic> value</td>
<td align="left" rowspan="1" colspan="1"/>
<td align="left" rowspan="1" colspan="1"/>
<td align="left" rowspan="1" colspan="1">0.0222</td>
<td align="left" rowspan="1" colspan="1"/>
<td align="left" rowspan="1" colspan="1"/>
</tr>
<tr>
<td colspan="4" align="left" rowspan="1"><bold>Cumulative duration of therapy (months)</bold></td>
<td align="left" rowspan="1" colspan="1"/>
<td align="left" rowspan="1" colspan="1"/>
</tr>
<tr>
<td align="left" rowspan="1" colspan="1">Never users</td>
<td align="left" rowspan="1" colspan="1">619402</td>
<td align="left" rowspan="1" colspan="1">1614</td>
<td align="left" rowspan="1" colspan="1">0.26</td>
<td align="left" rowspan="1" colspan="1">1848266.92</td>
<td align="left" rowspan="1" colspan="1">87.33</td>
</tr>
<tr>
<td align="left" rowspan="1" colspan="1">&lt;9.13</td>
<td align="left" rowspan="1" colspan="1">262339</td>
<td align="left" rowspan="1" colspan="1">257</td>
<td align="left" rowspan="1" colspan="1">0.10</td>
<td align="left" rowspan="1" colspan="1">905836.25</td>
<td align="left" rowspan="1" colspan="1">28.37</td>
</tr>
<tr>
<td align="left" rowspan="1" colspan="1">9.13–37.00</td>
<td align="left" rowspan="1" colspan="1">262486</td>
<td align="left" rowspan="1" colspan="1">211</td>
<td align="left" rowspan="1" colspan="1">0.08</td>
<td align="left" rowspan="1" colspan="1">945139.58</td>
<td align="left" rowspan="1" colspan="1">22.32</td>
</tr>
<tr>
<td align="left" rowspan="1" colspan="1">&gt;37.00</td>
<td align="left" rowspan="1" colspan="1">270496</td>
<td align="left" rowspan="1" colspan="1">215</td>
<td align="left" rowspan="1" colspan="1">0.08</td>
<td align="left" rowspan="1" colspan="1">984288.25</td>
<td align="left" rowspan="1" colspan="1">21.84</td>
</tr>
<tr>
<td align="left" rowspan="1" colspan="1"><italic>P</italic> value</td>
<td align="left" rowspan="1" colspan="1"/>
<td align="left" rowspan="1" colspan="1"/>
<td align="left" rowspan="1" colspan="1">0.0067</td>
<td align="left" rowspan="1" colspan="1"/>
<td align="left" rowspan="1" colspan="1"/>
</tr>
<tr>
<td colspan="3" align="left" rowspan="1"><bold>Cumulative dose (mg)</bold></td>
<td align="left" rowspan="1" colspan="1"/>
<td align="left" rowspan="1" colspan="1"/>
<td align="left" rowspan="1" colspan="1"/>
</tr>
<tr>
<td align="left" rowspan="1" colspan="1">Never users</td>
<td align="left" rowspan="1" colspan="1">619402</td>
<td align="left" rowspan="1" colspan="1">1614</td>
<td align="left" rowspan="1" colspan="1">0.26</td>
<td align="left" rowspan="1" colspan="1">1848266.92</td>
<td align="left" rowspan="1" colspan="1">87.33</td>
</tr>
<tr>
<td align="left" rowspan="1" colspan="1">&lt;264,000</td>
<td align="left" rowspan="1" colspan="1">262425</td>
<td align="left" rowspan="1" colspan="1">258</td>
<td align="left" rowspan="1" colspan="1">0.10</td>
<td align="left" rowspan="1" colspan="1">908265.75</td>
<td align="left" rowspan="1" colspan="1">28.41</td>
</tr>
<tr>
<td align="left" rowspan="1" colspan="1">264,000–1,263,000</td>
<td align="left" rowspan="1" colspan="1">262430</td>
<td align="left" rowspan="1" colspan="1">217</td>
<td align="left" rowspan="1" colspan="1">0.08</td>
<td align="left" rowspan="1" colspan="1">943853.92</td>
<td align="left" rowspan="1" colspan="1">22.99</td>
</tr>
<tr>
<td align="left" rowspan="1" colspan="1">&gt;1,263,000</td>
<td align="left" rowspan="1" colspan="1">270466</td>
<td align="left" rowspan="1" colspan="1">208</td>
<td align="left" rowspan="1" colspan="1">0.08</td>
<td align="left" rowspan="1" colspan="1">983144.42</td>
<td align="left" rowspan="1" colspan="1">21.16</td>
</tr>
<tr>
<td align="left" rowspan="1" colspan="1"><italic>P</italic> value</td>
<td align="left" rowspan="1" colspan="1"/>
<td align="left" rowspan="1" colspan="1"/>
<td align="left" rowspan="1" colspan="1">0.0043</td>
<td align="left" rowspan="1" colspan="1"/>
<td align="left" rowspan="1" colspan="1"/>
</tr>
</tbody>
</table>
</alternatives></table-wrap>
<p><xref ref-type="table" rid="pone-0109852-t003">Table 3</xref> shows the fully adjusted hazard ratios with regards to different categories of metformin exposure in Models I, II and III. In the models evaluating the overall hazard ratios for ever-users versus never-users, all of the hazard ratios showed a significantly lower risk associated with metformin use. In the models evaluating the dose-response exposure to metfomrin, a lower risk could be seen in all tertiles of the dose-response parameters, with significant <italic>P</italic>-values for the trend. The dose-response effect in Models I was not as remarkable as in Models II, suggesting potentially biased estimates resulting from the high correlation between use of metformin and sulfonylurea in Models I.</p>
<table-wrap id="pone-0109852-t003" position="float"><object-id pub-id-type="doi">10.1371/journal.pone.0109852.t003</object-id><label>Table 3</label><caption>
<title>Metformin exposure at entry and hazard ratios for thyroid cancer.</title>
</caption><alternatives><graphic id="pone-0109852-t003-3" position="float" mimetype="image" xlink:href="info:doi/10.1371/journal.pone.0109852.t003" xlink:type="simple"/>
<table><colgroup span="1"><col align="left" span="1"/><col align="center" span="1"/><col align="center" span="1"/><col align="center" span="1"/><col align="center" span="1"/><col align="center" span="1"/><col align="center" span="1"/><col align="center" span="1"/><col align="center" span="1"/><col align="center" span="1"/></colgroup>
<thead>
<tr>
<td align="left" rowspan="1" colspan="1">Metformin use</td>
<td colspan="3" align="left" rowspan="1">Models I</td>
<td colspan="3" align="left" rowspan="1">Models II</td>
<td colspan="3" align="left" rowspan="1">Models III</td>
</tr>
<tr>
<td align="left" rowspan="1" colspan="1"/>
<td align="left" rowspan="1" colspan="1">HR</td>
<td align="left" rowspan="1" colspan="1">95% CI</td>
<td align="left" rowspan="1" colspan="1"><italic>P</italic></td>
<td align="left" rowspan="1" colspan="1">HR</td>
<td align="left" rowspan="1" colspan="1">95% CI</td>
<td align="left" rowspan="1" colspan="1"><italic>P</italic></td>
<td align="left" rowspan="1" colspan="1">HR</td>
<td align="left" rowspan="1" colspan="1">95% CI</td>
<td align="left" rowspan="1" colspan="1"><italic>P</italic></td>
</tr>
</thead>
<tbody>
<tr>
<td align="left" rowspan="1" colspan="1">Ever-users</td>
<td align="left" rowspan="1" colspan="1">0.683</td>
<td align="left" rowspan="1" colspan="1">(0.598–0.780)</td>
<td align="left" rowspan="1" colspan="1">&lt;0.0001</td>
<td align="left" rowspan="1" colspan="1">0.421</td>
<td align="left" rowspan="1" colspan="1">(0.334–0.530)</td>
<td align="left" rowspan="1" colspan="1">&lt;0.0001</td>
<td align="left" rowspan="1" colspan="1">0.432</td>
<td align="left" rowspan="1" colspan="1">(0.336–0.555)</td>
<td align="left" rowspan="1" colspan="1">&lt;0.0001</td>
</tr>
<tr>
<td colspan="4" align="left" rowspan="1"><bold>Cumulative duration of therapy (months)</bold></td>
<td align="left" rowspan="1" colspan="1"/>
<td align="left" rowspan="1" colspan="1"/>
<td align="left" rowspan="1" colspan="1"/>
<td align="left" rowspan="1" colspan="1"/>
<td align="left" rowspan="1" colspan="1"/>
<td align="left" rowspan="1" colspan="1"/>
</tr>
<tr>
<td align="left" rowspan="1" colspan="1">&lt;9.1</td>
<td align="left" rowspan="1" colspan="1">0.699</td>
<td align="left" rowspan="1" colspan="1">(0.601–0.813)</td>
<td align="left" rowspan="1" colspan="1">&lt;0.0001</td>
<td align="left" rowspan="1" colspan="1">0.439</td>
<td align="left" rowspan="1" colspan="1">(0.336–0.574)</td>
<td align="left" rowspan="1" colspan="1">&lt;0.0001</td>
<td align="left" rowspan="1" colspan="1">0.461</td>
<td align="left" rowspan="1" colspan="1">(0.347–0.611)</td>
<td align="left" rowspan="1" colspan="1">&lt;0.0001</td>
</tr>
<tr>
<td align="left" rowspan="1" colspan="1">9.1–36.9</td>
<td align="left" rowspan="1" colspan="1">0.655</td>
<td align="left" rowspan="1" colspan="1">(0.547–0.785)</td>
<td align="left" rowspan="1" colspan="1">&lt;0.0001</td>
<td align="left" rowspan="1" colspan="1">0.396</td>
<td align="left" rowspan="1" colspan="1">(0.249–0.630)</td>
<td align="left" rowspan="1" colspan="1">&lt;0.0001</td>
<td align="left" rowspan="1" colspan="1">0.426</td>
<td align="left" rowspan="1" colspan="1">(0.253–0.717)</td>
<td align="left" rowspan="1" colspan="1">0.0013</td>
</tr>
<tr>
<td align="left" rowspan="1" colspan="1">&gt;36.9</td>
<td align="left" rowspan="1" colspan="1">0.677</td>
<td align="left" rowspan="1" colspan="1">(0.554–0.826)</td>
<td align="left" rowspan="1" colspan="1">0.0001</td>
<td align="left" rowspan="1" colspan="1">0.339</td>
<td align="left" rowspan="1" colspan="1">(0.150–0.765)</td>
<td align="left" rowspan="1" colspan="1">0.0092</td>
<td align="left" rowspan="1" colspan="1">0.159</td>
<td align="left" rowspan="1" colspan="1">(0.039–0.642)</td>
<td align="left" rowspan="1" colspan="1">0.0098</td>
</tr>
<tr>
<td align="left" rowspan="1" colspan="1"><italic>P</italic>-trend</td>
<td align="left" rowspan="1" colspan="1"/>
<td align="left" rowspan="1" colspan="1"/>
<td align="left" rowspan="1" colspan="1">&lt;0.0001</td>
<td align="left" rowspan="1" colspan="1"/>
<td align="left" rowspan="1" colspan="1"/>
<td align="left" rowspan="1" colspan="1">&lt;0.0001</td>
<td align="left" rowspan="1" colspan="1"/>
<td align="left" rowspan="1" colspan="1"/>
<td align="left" rowspan="1" colspan="1">&lt;0.0001</td>
</tr>
<tr>
<td colspan="4" align="left" rowspan="1"><bold>Cumulative dose (mg)</bold></td>
<td align="left" rowspan="1" colspan="1"/>
<td align="left" rowspan="1" colspan="1"/>
<td align="left" rowspan="1" colspan="1"/>
<td align="left" rowspan="1" colspan="1"/>
<td align="left" rowspan="1" colspan="1"/>
<td align="left" rowspan="1" colspan="1"/>
</tr>
<tr>
<td align="left" rowspan="1" colspan="1">&lt;263,000</td>
<td align="left" rowspan="1" colspan="1">0.691</td>
<td align="left" rowspan="1" colspan="1">(0.594–0.803)</td>
<td align="left" rowspan="1" colspan="1">&lt;0.0001</td>
<td align="left" rowspan="1" colspan="1">0.433</td>
<td align="left" rowspan="1" colspan="1">(0.333–0.564)</td>
<td align="left" rowspan="1" colspan="1">&lt;0.0001</td>
<td align="left" rowspan="1" colspan="1">0.439</td>
<td align="left" rowspan="1" colspan="1">(0.331–0.583)</td>
<td align="left" rowspan="1" colspan="1">&lt;0.0001</td>
</tr>
<tr>
<td align="left" rowspan="1" colspan="1">263,000–1,260,000</td>
<td align="left" rowspan="1" colspan="1">0.675</td>
<td align="left" rowspan="1" colspan="1">(0.564–0.808)</td>
<td align="left" rowspan="1" colspan="1">&lt;0.0001</td>
<td align="left" rowspan="1" colspan="1">0.408</td>
<td align="left" rowspan="1" colspan="1">(0.257–0.650)</td>
<td align="left" rowspan="1" colspan="1">0.0002</td>
<td align="left" rowspan="1" colspan="1">0.475</td>
<td align="left" rowspan="1" colspan="1">(0.287–0.788)</td>
<td align="left" rowspan="1" colspan="1">0.0039</td>
</tr>
<tr>
<td align="left" rowspan="1" colspan="1">&gt;1,260,000</td>
<td align="left" rowspan="1" colspan="1">0.667</td>
<td align="left" rowspan="1" colspan="1">(0.543–0.819)</td>
<td align="left" rowspan="1" colspan="1">0.0001</td>
<td align="left" rowspan="1" colspan="1">0.314</td>
<td align="left" rowspan="1" colspan="1">(0.117–0.848)</td>
<td align="left" rowspan="1" colspan="1">0.0222</td>
<td align="left" rowspan="1" colspan="1">0.123</td>
<td align="left" rowspan="1" colspan="1">(0.017–0.880)</td>
<td align="left" rowspan="1" colspan="1">0.0369</td>
</tr>
<tr>
<td align="left" rowspan="1" colspan="1"><italic>P</italic>-trend</td>
<td align="left" rowspan="1" colspan="1"/>
<td align="left" rowspan="1" colspan="1"/>
<td align="left" rowspan="1" colspan="1">&lt;0.0001</td>
<td align="left" rowspan="1" colspan="1"/>
<td align="left" rowspan="1" colspan="1"/>
<td align="left" rowspan="1" colspan="1">&lt;0.0001</td>
<td align="left" rowspan="1" colspan="1"/>
<td align="left" rowspan="1" colspan="1"/>
<td align="left" rowspan="1" colspan="1">&lt;0.0001</td>
</tr>
</tbody>
</table>
</alternatives><table-wrap-foot><fn id="nt101"><label/><p>Referent group: never-users of metformin; HR: hazard ratio, CI: confidence interval.</p></fn><fn id="nt102"><label/><p>Models I: Fully adjusted models conducted in the whole cohort.</p></fn><fn id="nt103"><label/><p>Models II: Fully adjusted models conducted after excluding users of both metformin and sulfonylurea.</p></fn><fn id="nt104"><label/><p>Models III: Fully adjusted models conducted after excluding users of antidiabetic drugs other than metformin.</p></fn></table-wrap-foot></table-wrap>
<p><xref ref-type="table" rid="pone-0109852-t004">Table 4</xref> shows the fully adjusted hazard ratios for thyroid cancer in the additional sensitivity analyses. The results suggested that the protective effect of metformin on thyroid cancer was not restricted to a certain group of age or sex; and was not affected by excluding users of insulin, sulfonylurea, and insulin/and or sulfonylurea, respectively, by previous diagnosis of other cancers or by potential detection examinations.</p>
<table-wrap id="pone-0109852-t004" position="float"><object-id pub-id-type="doi">10.1371/journal.pone.0109852.t004</object-id><label>Table 4</label><caption>
<title>Additional sensitivity analyses for metformin and thyroid cancer.</title>
</caption><alternatives><graphic id="pone-0109852-t004-4" position="float" mimetype="image" xlink:href="info:doi/10.1371/journal.pone.0109852.t004" xlink:type="simple"/>
<table><colgroup span="1"><col align="left" span="1"/><col align="center" span="1"/><col align="center" span="1"/><col align="center" span="1"/></colgroup>
<thead>
<tr>
<td align="left" rowspan="1" colspan="1">Model</td>
<td align="left" rowspan="1" colspan="1">Fully adjusted HR</td>
<td align="left" rowspan="1" colspan="1">95% CI</td>
<td align="left" rowspan="1" colspan="1"><italic>P</italic>-value</td>
</tr>
</thead>
<tbody>
<tr>
<td align="left" rowspan="1" colspan="1">Men</td>
<td align="left" rowspan="1" colspan="1">0.770</td>
<td align="left" rowspan="1" colspan="1">(0.602–0.985)</td>
<td align="left" rowspan="1" colspan="1">0.0379</td>
</tr>
<tr>
<td align="left" rowspan="1" colspan="1">Women</td>
<td align="left" rowspan="1" colspan="1">0.651</td>
<td align="left" rowspan="1" colspan="1">(0.555–0.762)</td>
<td align="left" rowspan="1" colspan="1">&lt;0.0001</td>
</tr>
<tr>
<td align="left" rowspan="1" colspan="1">Age &lt;50 years</td>
<td align="left" rowspan="1" colspan="1">0.576</td>
<td align="left" rowspan="1" colspan="1">(0.437–0.759)</td>
<td align="left" rowspan="1" colspan="1">&lt;0.0001</td>
</tr>
<tr>
<td align="left" rowspan="1" colspan="1">Age ≥50 years</td>
<td align="left" rowspan="1" colspan="1">0.732</td>
<td align="left" rowspan="1" colspan="1">(0.628–0.853)</td>
<td align="left" rowspan="1" colspan="1">&lt;0.0001</td>
</tr>
<tr>
<td align="left" rowspan="1" colspan="1">Excluding patients with a diagnosis of cancers other than thyroid cancer</td>
<td align="left" rowspan="1" colspan="1">0.613</td>
<td align="left" rowspan="1" colspan="1">(0.538–0.699)</td>
<td align="left" rowspan="1" colspan="1">&lt;0.0001</td>
</tr>
<tr>
<td align="left" rowspan="1" colspan="1">Excluding users of insulin</td>
<td align="left" rowspan="1" colspan="1">0.682</td>
<td align="left" rowspan="1" colspan="1">(0.594–0.782)</td>
<td align="left" rowspan="1" colspan="1">&lt;0.0001</td>
</tr>
<tr>
<td align="left" rowspan="1" colspan="1">Excluding users of sulfonylurea</td>
<td align="left" rowspan="1" colspan="1">0.434</td>
<td align="left" rowspan="1" colspan="1">(0.344–0.548)</td>
<td align="left" rowspan="1" colspan="1">&lt;0.0001</td>
</tr>
<tr>
<td align="left" rowspan="1" colspan="1">Excluding users of insulin and/or sulfonylurea</td>
<td align="left" rowspan="1" colspan="1">0.436</td>
<td align="left" rowspan="1" colspan="1">(0.344–0.552)</td>
<td align="left" rowspan="1" colspan="1">&lt;0.0001</td>
</tr>
<tr>
<td align="left" rowspan="1" colspan="1">Additional adjustment for potential detection examination</td>
<td align="left" rowspan="1" colspan="1">0.667</td>
<td align="left" rowspan="1" colspan="1">(0.584–0.761)</td>
<td align="left" rowspan="1" colspan="1">&lt;0.0001</td>
</tr>
</tbody>
</table>
</alternatives><table-wrap-foot><fn id="nt105"><label/><p>Referent group: never-users of metformin.</p></fn><fn id="nt106"><label/><p>HR: hazard ratio, CI: confidence interval.</p></fn></table-wrap-foot></table-wrap></sec><sec id="s4">
<title>Discussion</title>
<p>Observational studies suggested that metformin may be associated with a reduced risk of some cancer involving the bladder, breast, liver, and colorectum <xref ref-type="bibr" rid="pone.0109852-Tseng10">[14]</xref>–<xref ref-type="bibr" rid="pone.0109852-Franciosi1">[16]</xref>. However, whether metformin use can be associated with a reduced risk of thyroid cancer has not been investigated previously <xref ref-type="bibr" rid="pone.0109852-Franciosi1">[16]</xref>, <xref ref-type="bibr" rid="pone.0109852-Rizos1">[29]</xref>. This is the first observational study that clearly demonstrated a protective effect of metformin on thyroid cancer risk in patients with type 2 diabetes (<xref ref-type="table" rid="pone-0109852-t002">Tables 2</xref>, <xref ref-type="table" rid="pone-0109852-t003">3</xref> and <xref ref-type="table" rid="pone-0109852-t004">4</xref>).</p>
<p>Several randomized clinical trials are being conducted to evaluate the potential usefulness of metformin as an adjuvant to other chemotherapeutic agents on some solid cancers like the breast, endometrial, prostate, and lung cancer <xref ref-type="bibr" rid="pone.0109852-Kourelis1">[31]</xref>. However, clinical trials focusing specifically on the effect of metformin on thyroid cancer are still lacking. This study provided an important rationale for future in-depth investigation on metformin for the prevention and treatment of thyroid cancer.</p>
<p>A large number (<italic>n</italic> = 1,556,791) of the patients with a diagnosis of diabetes did not have reimbursement data after study entry and had been excluded from the analyses. This could be a main source of bias in the study. It is assumable that this population of excluded diabetic patients might have mainly composed of patients being on diet control without any pharmacological intervention. The consistent finding in the comparison of metformin-treated patients to patients on diet control alone conducted in Models III of <xref ref-type="table" rid="pone-0109852-t003">Table 3</xref> would obviate the concern of this potential bias.</p>
<p>The present study suggested that a significantly lower risk of thyroid cancer could be observed with a cumulative duration of 9 months or a cumulative dose of 263,000 mg (<xref ref-type="table" rid="pone-0109852-t003">Table 3</xref>). This time window for a protective effect of metformin may be supported by a small clinical trial showing that metformin use for 6 months may significantly reduce the size of thyroid nodules <xref ref-type="bibr" rid="pone.0109852-Rezznico1">[28]</xref>, and by another study showing that the adjusted hazard ratio for prostate cancer-specific mortality was 0.76 (95% confidence interval: 0.64–0.89) for each additional 6 months of metformin use <xref ref-type="bibr" rid="pone.0109852-Margel1">[32]</xref>.</p>
<p>If insulin resistance is the underlying cause of thyroid cancer as advocated by Gursoy <xref ref-type="bibr" rid="pone.0109852-Gursoy1">[10]</xref> and metformin treatment in patients with type 2 diabetes would reduce the incidence of thyroid cancer (<xref ref-type="table" rid="pone-0109852-t002">Tables 2</xref>, <xref ref-type="table" rid="pone-0109852-t003">3</xref> and <xref ref-type="table" rid="pone-0109852-t004">4</xref>), it is expected that the incidence of thyroid cancer should be increased gradually from obesity, impaired glucose tolerance through the early stage of type 2 diabetes when they were put on diet control without pharmacological intervention, but the risk would decrease when metformin was initiated. However, such a temporal change in thyroid cancer incidence becomes more complicated when the disease progresses to the development of diabetes complications, when other clinical comorbidities set in, or when multiple drugs are used. Because most patients with type 2 diabetes require multiple antidiabetic drugs for controlling their blood glucose <xref ref-type="bibr" rid="pone.0109852-Willey1">[33]</xref>, the joint effects and interactions among the various antidiabetic drugs are interesting and important. However, these are out of the scope of the present study and await future investigations.</p>
<p>The anti-cancer effects of metformin may probably involve the activation of the AMPK, inhibition of the mTOR pathway, and inhibition of insulin-like growth factors <xref ref-type="bibr" rid="pone.0109852-Aljada1">[34]</xref>. All of these have been demonstrated in <italic>in vitro</italic> studies conducted in thyroid cancer cell lines <xref ref-type="bibr" rid="pone.0109852-KluboGwiezdzinska1">[24]</xref>, <xref ref-type="bibr" rid="pone.0109852-Chen1">[25]</xref>, in women with insulin resistance and benign thyroid nodules <xref ref-type="bibr" rid="pone.0109852-Rezznico1">[28]</xref> and in patients with type 2 diabetes <xref ref-type="bibr" rid="pone.0109852-Ittermann1">[35]</xref>. The suppression on TSH by metformin observed in humans <xref ref-type="bibr" rid="pone.0109852-Vigersky1">[26]</xref>, <xref ref-type="bibr" rid="pone.0109852-Cappelli1">[36]</xref> may also contribute to the lower risk of thyroid cancer in metformin users, although this beneficial effect can not be confirmed by another recent study <xref ref-type="bibr" rid="pone.0109852-Dez1">[27]</xref>.</p>
<p>Leptin, a hormone produced by adipocytes and regulates energy balance in the brain, signals the expression of thryotropin-releasing hormone, leading to increased secretion of TSH <xref ref-type="bibr" rid="pone.0109852-Nar1">[37]</xref>. Therefore, one of the possible mechanisms explaining the inhibitory effect of metformin on TSH secretion may be through its leptin inhibition <xref ref-type="bibr" rid="pone.0109852-Nar1">[37]</xref>. Recent basic researches also suggested that metformin may sensitize thyroid cancer cells to oxidative stress <xref ref-type="bibr" rid="pone.0109852-KluboGwiezdzinska2">[38]</xref>, inhibit thyroid cancer stem cells <xref ref-type="bibr" rid="pone.0109852-Chen1">[25]</xref>, <xref ref-type="bibr" rid="pone.0109852-Malaguarnera1">[39]</xref>, cause cell cycle arrest at G0/G1 phase <xref ref-type="bibr" rid="pone.0109852-Chen1">[25]</xref>, induce apoptosis <xref ref-type="bibr" rid="pone.0109852-Chen1">[25]</xref>, inhibit colony formation <xref ref-type="bibr" rid="pone.0109852-Chen1">[25]</xref>, inhibit stimulation of mitogen-activated protein kinase by insulin <xref ref-type="bibr" rid="pone.0109852-Chen1">[25]</xref>, and inhibit growth of doxorubicin-resistant thyroid carcinoma cells <xref ref-type="bibr" rid="pone.0109852-Chen1">[25]</xref>. The growth inhibitory effect of metformin is not only demonstrated in thyroid carcinoma cells, a recent study also demonstrates such a growth inhibitory effect on medullary thyroid cancer cells <xref ref-type="bibr" rid="pone.0109852-KluboGwiezdzinska1">[24]</xref>. Metformin may have an advantage of inducing growth arrest specifically in cancer stem cells through the inhibition of Akt, which is not affected in differentiated cells <xref ref-type="bibr" rid="pone.0109852-Wrth1">[40]</xref>, <xref ref-type="bibr" rid="pone.0109852-Wrth2">[41]</xref>.</p>
<p>There are several strengths in the present study. First, we made a special request to include all patients diagnosed as having diabetes from the NHI database covering the whole period since its availability in 1996. Such an approach avoided the possibility of selection bias and insufficient cases of thyroid cancer for subgroup analyses. In the absence of a special request, the usually provided NHI database is a 1 million random sample of the general population, and the number of diabetic patients derived from such a 1 million sample is surely too small for the analyses of the association between the use of anti-diabetic drugs and some cancers. Second, the consistency of a lower risk of thyroid cancer in metformin users in the sensitivity analyses strengthened the preventive role of metformin on thyroid cancer. Third, the database included outpatients and inpatients, and we included diagnoses from both sources. The use of medical records also reduced the bias related to self-reporting.</p>
<p>The limitations of the study may include a lack of the histological types of thyroid cancer for analysis. However, because thyroid papillary cancer represents 80.5% and 87.1% of thyroid cancer in men and women, respectively, in Taiwan <xref ref-type="bibr" rid="pone.0109852-Tseng20">[42]</xref>, the findings should better be applied to thyroid papillary cancer. Second, although some cases of thyroid cancer may have been misclassified, such an occurrence was probably low because labeled diagnoses should be printed on all prescriptions handed out to patients in Taiwan. Mislabeling of a cancer diagnosis would not be acceptable to the patients when they saw the diagnosis. Third, ionizing radiation has been implicated as a risk factor for thyroid cancer <xref ref-type="bibr" rid="pone.0109852-Shih1">[43]</xref>. A confounding effect due to the lack of such data collection could not be excluded. Fourth, we did not have biochemical data for evaluating their impacts.</p>
<p>In summary, this study supports a protective effect of metformin on the development of thyroid cancer in Taiwanese patients with type 2 diabetes. The uses of metformin for reversing the increasing trend of thyroid cancer incidence in the general population and for the treatment of thyroid cancer are worthy of further investigation.</p>
</sec></body>
<back><ref-list>
<title>References</title>
<ref id="pone.0109852-Arcidiacono1"><label>1</label>
<mixed-citation publication-type="journal" xlink:type="simple"><name name-style="western"><surname>Arcidiacono</surname><given-names>B</given-names></name>, <name name-style="western"><surname>Iiritano</surname><given-names>S</given-names></name>, <name name-style="western"><surname>Nocera</surname><given-names>A</given-names></name>, <name name-style="western"><surname>Possidente</surname><given-names>K</given-names></name>, <name name-style="western"><surname>Nevolo</surname><given-names>MT</given-names></name>, <etal>et al</etal>. (<year>2012</year>) <article-title>Insulin resistance and cancer risk: an overview of the pathogenetic mechanisms</article-title>. <source>Exp Diabetes Res</source> <volume>2012</volume>: <fpage>789174</fpage>.</mixed-citation>
</ref>
<ref id="pone.0109852-Nicolucci1"><label>2</label>
<mixed-citation publication-type="journal" xlink:type="simple"><name name-style="western"><surname>Nicolucci</surname><given-names>A</given-names></name> (<year>2010</year>) <article-title>Epidemiological aspects of neoplasms in diabetes</article-title>. <source>Acta Diabetol</source> <volume>47</volume>: <fpage>87</fpage>–<lpage>95</lpage>.</mixed-citation>
</ref>
<ref id="pone.0109852-Tseng1"><label>3</label>
<mixed-citation publication-type="journal" xlink:type="simple"><name name-style="western"><surname>Tseng</surname><given-names>CH</given-names></name> (<year>2011</year>) <article-title>Diabetes conveys a higher risk of gastric cancer mortality despite an age-standardised decreasing trend in the general population in Taiwan</article-title>. <source>Gut</source> <volume>60</volume>: <fpage>774</fpage>–<lpage>779</lpage>.</mixed-citation>
</ref>
<ref id="pone.0109852-Tseng2"><label>4</label>
<mixed-citation publication-type="journal" xlink:type="simple"><name name-style="western"><surname>Tseng</surname><given-names>CH</given-names></name>, <name name-style="western"><surname>Chong</surname><given-names>CK</given-names></name>, <name name-style="western"><surname>Tseng</surname><given-names>CP</given-names></name>, <name name-style="western"><surname>Chan</surname><given-names>TT</given-names></name> (<year>2009</year>) <article-title>Age-related risk of mortality from bladder cancer in diabetic patients: A 12-year follow-up of a national cohort in Taiwan</article-title>. <source>Ann Med</source> <volume>41</volume>: <fpage>371</fpage>–<lpage>379</lpage>.</mixed-citation>
</ref>
<ref id="pone.0109852-Tseng3"><label>5</label>
<mixed-citation publication-type="journal" xlink:type="simple"><name name-style="western"><surname>Tseng</surname><given-names>CH</given-names></name> (<year>2011</year>) <article-title>Diabetes and risk of bladder cancer: A study using the National Health Insurance database in Taiwan</article-title>. <source>Diabetologia</source> <volume>54</volume>: <fpage>2009</fpage>–<lpage>2015</lpage>.</mixed-citation>
</ref>
<ref id="pone.0109852-Tseng4"><label>6</label>
<mixed-citation publication-type="journal" xlink:type="simple"><name name-style="western"><surname>Tseng</surname><given-names>CH</given-names></name> (<year>2012</year>) <article-title>Diabetes and non-Hodgkin's lymphoma: Analyses of prevalence and annual incidence in 2005 using the National Health Insurance database in Taiwan</article-title>. <source>Ann Oncol</source> <volume>23</volume>: <fpage>153</fpage>–<lpage>158</lpage>.</mixed-citation>
</ref>
<ref id="pone.0109852-Tseng5"><label>7</label>
<mixed-citation publication-type="journal" xlink:type="simple"><name name-style="western"><surname>Tseng</surname><given-names>CH</given-names></name> (<year>2012</year>) <article-title>Diabetes, insulin use, and non-Hodgkin lymphoma mortality in Taiwan</article-title>. <source>Metabolism</source> <volume>61</volume>: <fpage>1003</fpage>–<lpage>1009</lpage>.</mixed-citation>
</ref>
<ref id="pone.0109852-Tseng6"><label>8</label>
<mixed-citation publication-type="journal" xlink:type="simple"><name name-style="western"><surname>Tseng</surname><given-names>CH</given-names></name> (<year>2013</year>) <article-title>New-onset diabetes with a history of dyslipidemia predicts pancreatic cancer</article-title>. <source>Pancreas</source> <volume>42</volume>: <fpage>42</fpage>–<lpage>48</lpage>.</mixed-citation>
</ref>
<ref id="pone.0109852-Dong1"><label>9</label>
<mixed-citation publication-type="journal" xlink:type="simple"><name name-style="western"><surname>Dong</surname><given-names>X</given-names></name>, <name name-style="western"><surname>Li</surname><given-names>Y</given-names></name>, <name name-style="western"><surname>Tang</surname><given-names>H</given-names></name>, <name name-style="western"><surname>Chang</surname><given-names>P</given-names></name>, <name name-style="western"><surname>Hess</surname><given-names>KR</given-names></name>, <etal>et al</etal>. (<year>2012</year>) <article-title>Insulin-like growth factor axis gene polymorphisms modify risk of pancreatic cancer</article-title>. <source>Cancer Epidemiol</source> <volume>36</volume>: <fpage>206</fpage>–<lpage>211</lpage>.</mixed-citation>
</ref>
<ref id="pone.0109852-Gursoy1"><label>10</label>
<mixed-citation publication-type="journal" xlink:type="simple"><name name-style="western"><surname>Gursoy</surname><given-names>A</given-names></name> (<year>2010</year>) <article-title>Rising thyroid cancer incidence in the world might be related to insulin resistance</article-title>. <source>Med Hypotheses</source> <volume>74</volume>: <fpage>35</fpage>–<lpage>36</lpage>.</mixed-citation>
</ref>
<ref id="pone.0109852-Tseng7"><label>11</label>
<mixed-citation publication-type="journal" xlink:type="simple"><name name-style="western"><surname>Tseng</surname><given-names>CH</given-names></name> (<year>2012</year>) <article-title>Thyroid cancer risk is not increased in diabetic patients</article-title>. <source>PLoS One</source> <volume>7</volume>: <fpage>e53096</fpage>.</mixed-citation>
</ref>
<ref id="pone.0109852-Tseng8"><label>12</label>
<mixed-citation publication-type="journal" xlink:type="simple"><name name-style="western"><surname>Tseng</surname><given-names>CH</given-names></name> (<year>2012</year>) <article-title>Diabetes, metformin use, and colon cancer: A population-based cohort study in Taiwan</article-title>. <source>Eur J Endocrinol</source> <volume>167</volume>: <fpage>409</fpage>–<lpage>416</lpage>.</mixed-citation>
</ref>
<ref id="pone.0109852-Tseng9"><label>13</label>
<mixed-citation publication-type="journal" xlink:type="simple"><name name-style="western"><surname>Tseng</surname><given-names>CH</given-names></name> (<year>2013</year>) <article-title>Benign prostatic hyperplasia is a significant risk factor for bladder cancer in diabetic patients: a population-based cohort study using the National Health Insurance in Taiwan</article-title>. <source>BMC Cancer</source> <volume>13</volume>: <fpage>7</fpage>.</mixed-citation>
</ref>
<ref id="pone.0109852-Tseng10"><label>14</label>
<mixed-citation publication-type="journal" xlink:type="simple"><name name-style="western"><surname>Tseng</surname><given-names>CH</given-names></name> (<year>2014</year>) <article-title>Metformin may reduce bladder cancer risk in Taiwanese patients with type 2 diabetes</article-title>. <source>Acta Diabetol</source> <volume>51</volume>: <fpage>295</fpage>–<lpage>303</lpage>.</mixed-citation>
</ref>
<ref id="pone.0109852-Tseng11"><label>15</label>
<mixed-citation publication-type="journal" xlink:type="simple"><name name-style="western"><surname>Tseng</surname><given-names>CH</given-names></name> (<year>2014</year>) <article-title>Metformin may reduce breast cancer risk in Taiwanese women with type 2 diabetes</article-title>. <source>Breast Cancer Res Treat</source> <volume>145</volume>: <fpage>785</fpage>–<lpage>790</lpage>.</mixed-citation>
</ref>
<ref id="pone.0109852-Franciosi1"><label>16</label>
<mixed-citation publication-type="journal" xlink:type="simple"><name name-style="western"><surname>Franciosi</surname><given-names>M</given-names></name>, <name name-style="western"><surname>Lucisano</surname><given-names>G</given-names></name>, <name name-style="western"><surname>Lapice</surname><given-names>E</given-names></name>, <name name-style="western"><surname>Strippoli</surname><given-names>GF</given-names></name>, <name name-style="western"><surname>Pellegrini</surname><given-names>F</given-names></name>, <etal>et al</etal>. (<year>2013</year>) <article-title>Metformin therapy and risk of cancer in patients with type 2 diabetes: systematic review</article-title>. <source>PLoS One</source> <volume>8</volume>: <fpage>e71583</fpage>.</mixed-citation>
</ref>
<ref id="pone.0109852-Tseng12"><label>17</label>
<mixed-citation publication-type="journal" xlink:type="simple"><name name-style="western"><surname>Tseng</surname><given-names>CH</given-names></name> (<year>2013</year>) <article-title>Diabetes, insulin use, smoking, and pancreatic cancer mortality in Taiwan</article-title>. <source>Acta Diabetol</source> <volume>50</volume>: <fpage>879</fpage>–<lpage>886</lpage>.</mixed-citation>
</ref>
<ref id="pone.0109852-Tseng13"><label>18</label>
<mixed-citation publication-type="journal" xlink:type="simple"><name name-style="western"><surname>Tseng</surname><given-names>CH</given-names></name> (<year>2013</year>) <article-title>Type 2 diabetes, smoking, insulin use and mortality from hepatocellular carcinoma: a 12-year follow-up of a national cohort in Taiwan</article-title>. <source>Hepatol Int</source> <volume>7</volume>: <fpage>693</fpage>–<lpage>702</lpage>.</mixed-citation>
</ref>
<ref id="pone.0109852-Tseng14"><label>19</label>
<mixed-citation publication-type="journal" xlink:type="simple"><name name-style="western"><surname>Tseng</surname><given-names>CH</given-names></name> (<year>2013</year>) <article-title>Insulin use and smoking jointly increase the risk of bladder cancer mortality in patients with type 2 diabetes</article-title>. <source>Clin Genitourin Cancer</source> <volume>11</volume>: <fpage>508</fpage>–<lpage>514</lpage>.</mixed-citation>
</ref>
<ref id="pone.0109852-Tseng15"><label>20</label>
<mixed-citation publication-type="journal" xlink:type="simple"><name name-style="western"><surname>Tseng</surname><given-names>CH</given-names></name> (<year>2012</year>) <article-title>Pioglitazone and bladder cancer: a population-based study of Taiwanese</article-title>. <source>Diabetes Care</source> <volume>35</volume>: <fpage>278</fpage>–<lpage>280</lpage>.</mixed-citation>
</ref>
<ref id="pone.0109852-Tseng16"><label>21</label>
<mixed-citation publication-type="journal" xlink:type="simple"><name name-style="western"><surname>Tseng</surname><given-names>CH</given-names></name>, <name name-style="western"><surname>Tseng</surname><given-names>FH</given-names></name> (<year>2012</year>) <article-title>Peroxisome proliferator-activated receptor agonists and bladder cancer: lessons from animal studies</article-title>. <source>J Environ Sci Health C Environ Carcinog Ecotoxicol Rev</source> <volume>30</volume>: <fpage>368</fpage>–<lpage>402</lpage>.</mixed-citation>
</ref>
<ref id="pone.0109852-Tseng17"><label>22</label>
<mixed-citation publication-type="journal" xlink:type="simple"><name name-style="western"><surname>Tseng</surname><given-names>CH</given-names></name> (<year>2014</year>) <article-title>A review on thiazolidinediones and bladder cancer in human studies</article-title>. <source>J Environ Sci Health C Environ Carcinog Ecotoxicol Rev</source> <volume>32</volume>: <fpage>1</fpage>–<lpage>45</lpage>.</mixed-citation>
</ref>
<ref id="pone.0109852-Tseng18"><label>23</label>
<mixed-citation publication-type="journal" xlink:type="simple"><name name-style="western"><surname>Tseng</surname><given-names>CH</given-names></name> (<year>2013</year>) <article-title>Rosiglitazone is not associated with an increased risk of bladder cancer</article-title>. <source>Cancer Epidemiol</source> <volume>37</volume>: <fpage>385</fpage>–<lpage>389</lpage>.</mixed-citation>
</ref>
<ref id="pone.0109852-KluboGwiezdzinska1"><label>24</label>
<mixed-citation publication-type="journal" xlink:type="simple"><name name-style="western"><surname>Klubo-Gwiezdzinska</surname><given-names>J</given-names></name>, <name name-style="western"><surname>Jensen</surname><given-names>K</given-names></name>, <name name-style="western"><surname>Costello</surname><given-names>J</given-names></name>, <name name-style="western"><surname>Patel</surname><given-names>A</given-names></name>, <name name-style="western"><surname>Hoperia</surname><given-names>V</given-names></name>, <etal>et al</etal>. (<year>2012</year>) <article-title>Metformin inhibits growth and decreases resistance to anoikis in medullary thyroid cancer cells</article-title>. <source>Endocr Relat Cancer</source> <volume>19</volume>: <fpage>447</fpage>–<lpage>456</lpage>.</mixed-citation>
</ref>
<ref id="pone.0109852-Chen1"><label>25</label>
<mixed-citation publication-type="journal" xlink:type="simple"><name name-style="western"><surname>Chen</surname><given-names>G</given-names></name>, <name name-style="western"><surname>Xu</surname><given-names>S</given-names></name>, <name name-style="western"><surname>Renko</surname><given-names>K</given-names></name>, <name name-style="western"><surname>Derwahl</surname><given-names>M</given-names></name> (<year>2012</year>) <article-title>Metformin inhibits growth of thyroid carcinoma cells, suppresses self-renewal of derived cancer stem cells, and potentiates the effect of chemotherapeutic agents</article-title>. <source>J Clin Endocrinol Metab</source> <volume>97</volume>: <fpage>E510</fpage>–<lpage>520</lpage>.</mixed-citation>
</ref>
<ref id="pone.0109852-Vigersky1"><label>26</label>
<mixed-citation publication-type="journal" xlink:type="simple"><name name-style="western"><surname>Vigersky</surname><given-names>RA</given-names></name>, <name name-style="western"><surname>Filmore-Nassar</surname><given-names>A</given-names></name>, <name name-style="western"><surname>Glass</surname><given-names>AR</given-names></name> (<year>2006</year>) <article-title>Thyrotropin suppression by metformin</article-title>. <source>J Clin Endocrinol Metab</source> <volume>91</volume>: <fpage>225</fpage>–<lpage>227</lpage>.</mixed-citation>
</ref>
<ref id="pone.0109852-Dez1"><label>27</label>
<mixed-citation publication-type="journal" xlink:type="simple"><name name-style="western"><surname>Díez</surname><given-names>JJ</given-names></name>, <name name-style="western"><surname>Iglesias</surname><given-names>P</given-names></name> (<year>2013</year>) <article-title>Relationship between serum thyrotropin concentrations and metformin therapy in euthyroid patients with type 2 diabetes</article-title>. <source>Clin Endocrinol (Oxf)</source> <volume>78</volume>: <fpage>505</fpage>–<lpage>511</lpage>.</mixed-citation>
</ref>
<ref id="pone.0109852-Rezznico1"><label>28</label>
<mixed-citation publication-type="journal" xlink:type="simple"><name name-style="western"><surname>Rezzónico</surname><given-names>J</given-names></name>, <name name-style="western"><surname>Rezzónico</surname><given-names>M</given-names></name>, <name name-style="western"><surname>Pusiol</surname><given-names>E</given-names></name>, <name name-style="western"><surname>Pitoia</surname><given-names>F</given-names></name>, <name name-style="western"><surname>Niepomniszcze</surname><given-names>H</given-names></name> (<year>2011</year>) <article-title>Metformin treatment for small benign thyroid nodules in patients with insulin resistance</article-title>. <source>Metab Syndr Relat Disord</source> <volume>9</volume>: <fpage>69</fpage>–<lpage>75</lpage>.</mixed-citation>
</ref>
<ref id="pone.0109852-Rizos1"><label>29</label>
<mixed-citation publication-type="journal" xlink:type="simple"><name name-style="western"><surname>Rizos</surname><given-names>CV</given-names></name>, <name name-style="western"><surname>Elisaf</surname><given-names>MS</given-names></name> (<year>2013</year>) <article-title>Metformin and cancer</article-title>. <source>Eur J Pharmacol</source> <volume>705</volume>: <fpage>96</fpage>–<lpage>108</lpage>.</mixed-citation>
</ref>
<ref id="pone.0109852-Tseng19"><label>30</label>
<mixed-citation publication-type="journal" xlink:type="simple"><name name-style="western"><surname>Tseng</surname><given-names>CH</given-names></name> (<year>2014</year>) <article-title>Treatment with human insulin does not increase thyroid cancer risk in patients with type 2 diabetes</article-title>. <source>Eur J Clin Invest</source> <volume>44</volume>: <fpage>736</fpage>–<lpage>742</lpage>.</mixed-citation>
</ref>
<ref id="pone.0109852-Kourelis1"><label>31</label>
<mixed-citation publication-type="journal" xlink:type="simple"><name name-style="western"><surname>Kourelis</surname><given-names>TV</given-names></name>, <name name-style="western"><surname>Siegel</surname><given-names>RD</given-names></name> (<year>2012</year>) <article-title>Metformin and cancer: new applications for an old drug</article-title>. <source>Med Oncol</source> <volume>29</volume>: <fpage>1314</fpage>–<lpage>1327</lpage>.</mixed-citation>
</ref>
<ref id="pone.0109852-Margel1"><label>32</label>
<mixed-citation publication-type="journal" xlink:type="simple"><name name-style="western"><surname>Margel</surname><given-names>D</given-names></name>, <name name-style="western"><surname>Urbach</surname><given-names>DR</given-names></name>, <name name-style="western"><surname>Lipscombe</surname><given-names>LL</given-names></name>, <name name-style="western"><surname>Bell</surname><given-names>CM</given-names></name>, <name name-style="western"><surname>Kulkarni</surname><given-names>G</given-names></name>, <etal>et al</etal>. (<year>2013</year>) <article-title>Metformin use and all-cause and prostate cancer-specific mortality among men with diabetes</article-title>. <source>J Clin Oncol</source> <volume>31</volume>: <fpage>3069</fpage>–<lpage>3075</lpage>.</mixed-citation>
</ref>
<ref id="pone.0109852-Willey1"><label>33</label>
<mixed-citation publication-type="journal" xlink:type="simple"><name name-style="western"><surname>Willey</surname><given-names>CJ</given-names></name>, <name name-style="western"><surname>Andrade</surname><given-names>SE</given-names></name>, <name name-style="western"><surname>Cohen</surname><given-names>J</given-names></name>, <name name-style="western"><surname>Fuller</surname><given-names>JC</given-names></name>, <name name-style="western"><surname>Gurwitz</surname><given-names>JH</given-names></name> (<year>2006</year>) <article-title>Polypharmacy with oral antidiabetic agents: an indicator of poor glycemic control</article-title>. <source>Am J Manag Care</source> <volume>12</volume>: <fpage>435</fpage>–<lpage>440</lpage>.</mixed-citation>
</ref>
<ref id="pone.0109852-Aljada1"><label>34</label>
<mixed-citation publication-type="journal" xlink:type="simple"><name name-style="western"><surname>Aljada</surname><given-names>A</given-names></name>, <name name-style="western"><surname>Mousa</surname><given-names>SA</given-names></name> (<year>2012</year>) <article-title>Metformin and neoplasia: Implications and indications</article-title>. <source>Pharmacol Ther</source> <volume>133</volume>: <fpage>108</fpage>–<lpage>115</lpage>.</mixed-citation>
</ref>
<ref id="pone.0109852-Ittermann1"><label>35</label>
<mixed-citation publication-type="journal" xlink:type="simple"><name name-style="western"><surname>Ittermann</surname><given-names>T</given-names></name>, <name name-style="western"><surname>Markus</surname><given-names>MR</given-names></name>, <name name-style="western"><surname>Schipf</surname><given-names>S</given-names></name>, <name name-style="western"><surname>Derwahl</surname><given-names>M</given-names></name>, <name name-style="western"><surname>Meisinger</surname><given-names>C</given-names></name>, <etal>et al</etal>. (<year>2013</year>) <article-title>Metformin inhibits goitrogenous effects of type 2 diabetes</article-title>. <source>Eur J Endocrinol</source> <volume>169</volume>: <fpage>9</fpage>–<lpage>15</lpage>.</mixed-citation>
</ref>
<ref id="pone.0109852-Cappelli1"><label>36</label>
<mixed-citation publication-type="journal" xlink:type="simple"><name name-style="western"><surname>Cappelli</surname><given-names>C</given-names></name>, <name name-style="western"><surname>Rotondi</surname><given-names>M</given-names></name>, <name name-style="western"><surname>Pirola</surname><given-names>I</given-names></name>, <name name-style="western"><surname>Agosti</surname><given-names>B</given-names></name>, <name name-style="western"><surname>Formenti</surname><given-names>A</given-names></name>, <etal>et al</etal>. <article-title>Thyreotropin levels in diabetic patients on metformin treatment</article-title>. <source>Eur J Endocrinol</source> <volume>167</volume>: <fpage>261</fpage>–<lpage>265</lpage>.</mixed-citation>
</ref>
<ref id="pone.0109852-Nar1"><label>37</label>
<mixed-citation publication-type="journal" xlink:type="simple"><name name-style="western"><surname>Nar</surname><given-names>A</given-names></name>, <name name-style="western"><surname>Gedik</surname><given-names>O</given-names></name> (<year>2009</year>) <article-title>The effect of metformin on leptin in obese patients with type 2 diabetes mellitus and nonalcoholic fatty liver disease</article-title>. <source>Acta Diabetol</source> <volume>46</volume>: <fpage>113</fpage>–<lpage>118</lpage>.</mixed-citation>
</ref>
<ref id="pone.0109852-KluboGwiezdzinska2"><label>38</label>
<mixed-citation publication-type="journal" xlink:type="simple"><name name-style="western"><surname>Klubo-Gwiezdzinska</surname><given-names>J</given-names></name>, <name name-style="western"><surname>Costello</surname><given-names>J</given-names><suffix>Jr</suffix></name>, <name name-style="western"><surname>Patel</surname><given-names>A</given-names></name>, <name name-style="western"><surname>Bauer</surname><given-names>A</given-names></name>, <name name-style="western"><surname>Jensen</surname><given-names>K</given-names></name>, <etal>et al</etal>. (<year>2013</year>) <article-title>Treatment with metformin is associated with higher remission rate in diabetic patients with thyroid cancer</article-title>. <source>J Clin Endocrinol Metab</source> <volume>98</volume>: <fpage>3269</fpage>–<lpage>3279</lpage>.</mixed-citation>
</ref>
<ref id="pone.0109852-Malaguarnera1"><label>39</label>
<mixed-citation publication-type="journal" xlink:type="simple"><name name-style="western"><surname>Malaguarnera</surname><given-names>R</given-names></name>, <name name-style="western"><surname>Frasca</surname><given-names>F</given-names></name>, <name name-style="western"><surname>Garozzo</surname><given-names>A</given-names></name>, <name name-style="western"><surname>Gianì</surname><given-names>F</given-names></name>, <name name-style="western"><surname>Pandini</surname><given-names>G</given-names></name>, <etal>et al</etal>. (<year>2011</year>) <article-title>Insulin receptor isoforms and insulin-like growth factor receptor in human follicular cell precursors from papillary thyroid cancer and normal thyroid</article-title>. <source>J Clin Endocrinol Metab</source> <volume>96</volume>: <fpage>766</fpage>–<lpage>774</lpage>.</mixed-citation>
</ref>
<ref id="pone.0109852-Wrth1"><label>40</label>
<mixed-citation publication-type="journal" xlink:type="simple"><name name-style="western"><surname>Würth</surname><given-names>R</given-names></name>, <name name-style="western"><surname>Pattarozzi</surname><given-names>A</given-names></name>, <name name-style="western"><surname>Gatti</surname><given-names>M</given-names></name>, <name name-style="western"><surname>Bajetto</surname><given-names>A</given-names></name>, <name name-style="western"><surname>Corsaro</surname><given-names>A</given-names></name>, <etal>et al</etal>. (<year>2013</year>) <article-title>Metformin selectively affects human glioblastoma tumor-initiating cell viability: A role for metformin-induced inhibition of Akt</article-title>. <source>Cell Cycle</source> <volume>12</volume>: <fpage>145</fpage>–<lpage>156</lpage>.</mixed-citation>
</ref>
<ref id="pone.0109852-Wrth2"><label>41</label>
<mixed-citation publication-type="journal" xlink:type="simple"><name name-style="western"><surname>Würth</surname><given-names>R</given-names></name>, <name name-style="western"><surname>Barbieri</surname><given-names>F</given-names></name>, <name name-style="western"><surname>Florio</surname><given-names>T</given-names></name> (<year>2014</year>) <article-title>New molecules and old drugs as emerging approaches to selectively target human glioblastoma cancer stem cells</article-title>. <source>Biomed Res Int</source> <volume>2014</volume>: <fpage>126586</fpage>.</mixed-citation>
</ref>
<ref id="pone.0109852-Tseng20"><label>42</label>
<mixed-citation publication-type="journal" xlink:type="simple"><name name-style="western"><surname>Tseng</surname><given-names>CH</given-names></name> (<year>2013</year>) <article-title>Diabetes and thyroid cancer mortality: a 12-year prospective follow-up of Taiwanese</article-title>. <source>Eur J Clin Invest</source> <volume>43</volume>: <fpage>595</fpage>–<lpage>601</lpage>.</mixed-citation>
</ref>
<ref id="pone.0109852-Shih1"><label>43</label>
<mixed-citation publication-type="journal" xlink:type="simple"><name name-style="western"><surname>Shih</surname><given-names>SR</given-names></name>, <name name-style="western"><surname>Chiu</surname><given-names>WY</given-names></name>, <name name-style="western"><surname>Chang</surname><given-names>TC</given-names></name>, <name name-style="western"><surname>Tseng</surname><given-names>CH</given-names></name> (<year>2012</year>) <article-title>Diabetes and thyroid cancer risk: literature review</article-title>. <source>Exp Diabetes Res</source> <volume>2012</volume>: <fpage>578285</fpage>.</mixed-citation>
</ref>
</ref-list></back>
</article>