<?xml version="1.0" encoding="UTF-8"?>
<!DOCTYPE article
  PUBLIC "-//NLM//DTD Journal Publishing DTD v3.0 20080202//EN" "http://dtd.nlm.nih.gov/publishing/3.0/journalpublishing3.dtd">
<article xmlns:mml="http://www.w3.org/1998/Math/MathML" xmlns:xlink="http://www.w3.org/1999/xlink" article-type="research-article" dtd-version="3.0" xml:lang="en">
  <front>
    <journal-meta>
      <journal-id journal-id-type="nlm-ta">PLoS ONE</journal-id>
      <journal-id journal-id-type="publisher-id">plos</journal-id>
      <journal-id journal-id-type="pmc">plosone</journal-id>
      <journal-title-group>
        <journal-title>PLoS ONE</journal-title>
      </journal-title-group>
      <issn pub-type="epub">1932-6203</issn>
      <publisher>
        <publisher-name>Public Library of Science</publisher-name>
        <publisher-loc>San Francisco, USA</publisher-loc>
      </publisher>
    </journal-meta>
    <article-meta>
      <article-id pub-id-type="publisher-id">PONE-D-12-19822</article-id>
      <article-id pub-id-type="doi">10.1371/journal.pone.0053096</article-id>
      <article-categories>
        <subj-group subj-group-type="heading">
          <subject>Research Article</subject>
        </subj-group>
        <subj-group subj-group-type="Discipline-v2">
          <subject>Biology</subject>
          <subj-group>
            <subject>Anatomy and physiology</subject>
            <subj-group>
              <subject>Endocrine system</subject>
              <subj-group>
                <subject>Diabetic endocrinology</subject>
              </subj-group>
            </subj-group>
          </subj-group>
        </subj-group>
        <subj-group subj-group-type="Discipline-v2">
          <subject>Medicine</subject>
          <subj-group>
            <subject>Anatomy and physiology</subject>
            <subj-group>
              <subject>Endocrine system</subject>
              <subj-group>
                <subject>Diabetic endocrinology</subject>
              </subj-group>
            </subj-group>
          </subj-group>
          <subj-group>
            <subject>Endocrinology</subject>
            <subj-group>
              <subject>Diabetic endocrinology</subject>
            </subj-group>
          </subj-group>
          <subj-group>
            <subject>Epidemiology</subject>
          </subj-group>
          <subj-group>
            <subject>Non-clinical medicine</subject>
            <subj-group>
              <subject>Health care policy</subject>
              <subj-group>
                <subject>Health risk analysis</subject>
              </subj-group>
            </subj-group>
          </subj-group>
          <subj-group>
            <subject>Oncology</subject>
            <subj-group>
              <subject>Cancers and neoplasms</subject>
              <subj-group>
                <subject>Endocrine tumors</subject>
              </subj-group>
            </subj-group>
            <subj-group>
              <subject>Cancer risk factors</subject>
            </subj-group>
          </subj-group>
        </subj-group>
        <subj-group subj-group-type="Discipline">
          <subject>Diabetes and Endocrinology</subject>
          <subject>Public Health and Epidemiology</subject>
          <subject>Physiology</subject>
          <subject>Oncology</subject>
          <subject>Non-Clinical Medicine</subject>
        </subj-group>
      </article-categories>
      <title-group>
        <article-title>Thyroid Cancer Risk Is Not Increased in Diabetic Patients</article-title>
        <alt-title alt-title-type="running-head">Diabetes and Thyroid Cancer</alt-title>
      </title-group>
      <contrib-group>
        <contrib contrib-type="author" xlink:type="simple">
          <name name-style="western">
            <surname>Tseng</surname>
            <given-names>Chin-Hsiao</given-names>
          </name>
          <xref ref-type="aff" rid="aff1">
            <sup>1</sup>
          </xref>
          <xref ref-type="aff" rid="aff2">
            <sup>2</sup>
          </xref>
          <xref ref-type="aff" rid="aff3">
            <sup>3</sup>
          </xref>
          <xref ref-type="corresp" rid="cor1">
            <sup>*</sup>
          </xref>
        </contrib>
      </contrib-group>
      <aff id="aff1">
        <label>1</label>
        <addr-line>Department of Internal Medicine, National Taiwan University College of Medicine, Taipei, Taiwan</addr-line>
      </aff>
      <aff id="aff2">
        <label>2</label>
        <addr-line>Division of Endocrinology and Metabolism, Department of Internal Medicine, National Taiwan University Hospital, Taipei, Taiwan</addr-line>
      </aff>
      <aff id="aff3">
        <label>3</label>
        <addr-line>Division of Environmental Health and Occupational Medicine of the National Health Research Institutes, Taipei, Taiwan</addr-line>
      </aff>
      <contrib-group>
        <contrib contrib-type="editor" xlink:type="simple">
          <name name-style="western">
            <surname>Fusco</surname>
            <given-names>Alfredo</given-names>
          </name>
          <role>Editor</role>
          <xref ref-type="aff" rid="edit1"/>
        </contrib>
      </contrib-group>
      <aff id="edit1">
        <addr-line>Consiglio Nazionale delle Ricerche (CNR), Italy</addr-line>
      </aff>
      <author-notes>
        <corresp id="cor1">* E-mail: <email xlink:type="simple">ccktsh@ms6.hinet.net</email></corresp>
        <fn fn-type="conflict">
          <p>The author has declared that no competing interests exist.</p>
        </fn>
        <fn fn-type="con">
          <p>Analyzed the data: CHT. Wrote the paper: CHT.</p>
        </fn>
      </author-notes>
      <pub-date pub-type="collection">
        <year>2012</year>
      </pub-date>
      <pub-date pub-type="epub">
        <day>27</day>
        <month>12</month>
        <year>2012</year>
      </pub-date>
      <volume>7</volume>
      <issue>12</issue>
      <elocation-id>e53096</elocation-id>
      <history>
        <date date-type="received">
          <day>9</day>
          <month>7</month>
          <year>2012</year>
        </date>
        <date date-type="accepted">
          <day>23</day>
          <month>11</month>
          <year>2012</year>
        </date>
      </history>
      <permissions>
        <copyright-year>2012</copyright-year>
        <copyright-holder>Chin-Hsiao Tseng</copyright-holder>
        <license xlink:type="simple">
          <license-p>This is an open-access article distributed under the terms of the Creative Commons Attribution License, which permits unrestricted use, distribution, and reproduction in any medium, provided the original author and source are credited.</license-p>
        </license>
      </permissions>
      <abstract>
        <sec>
          <title>Objective</title>
          <p>This study evaluated thyroid cancer risk with regards to diabetes status and diabetes duration, and with the use of anti-diabetic drugs including sulfonylurea, metformin, insulin, acarbose, pioglitazone and rosiglitazone, by using a population-based reimbursement database in Taiwan.</p>
        </sec>
        <sec>
          <title>Methods</title>
          <p>A random sample of 1,000,000 subjects covered by the National Health Insurance was recruited. After excluding patients with type 1 diabetes, 999730 subjects (495673 men and 504057 women) were recruited into the analyses. Logistic regression estimated the odds ratios (OR) and their 95% confidence intervals (CI) for independent variables including age, sex, diabetes status/duration, anti-diabetic drugs, other medications, comorbidities, living regions, occupation and examinations that might potentially lead to the diagnosis of thyroid cancer in various models.</p>
        </sec>
        <sec>
          <title>Results</title>
          <p>The diabetic patients had a significantly higher probability of receiving potential detection examinations (6.38% vs. 5.83%, <italic>P</italic>&lt;0.0001). After multivariable-adjustment, the OR (95% CI) for diabetes status was 0.816 (0.652–1.021); and for diabetes duration &lt;1 year, 1–3 years, 3–5 years and ≥5 years vs. non-diabetes was 0.071 (0.010–0.507), 0.450 (0.250–0.813), 0.374 (0.203–0.689) and 1.159 (0.914–1.470), respectively. Among the anti-diabetic agents, only sulfonylurea was significantly associated with thyroid cancer, OR (95% CI): 1.882 (1.202–2.947). The OR (95% CI) for insulin, metformin, acarbose, pioglitazone and rosiglitazone was 1.701 (0.860–3.364), 0.696 (0.419–1.155), 0.581 (0.202–1.674), 0.522 (0.069–3.926) and 0.669 (0.230–1.948), respectively. Furthermore, patients with benign thyroid disease or other cancer, living in Kao-Ping/Eastern regions, or receiving potential detection examinations might have a significantly higher risk; and male sex, hypertension, dyslipidemia, chronic obstructive pulmonary disease, vascular complications or use of statin, aspirin or non-steroidal anti-inflammatory drugs might be associated with a significantly lower risk.</p>
        </sec>
        <sec>
          <title>Conclusions</title>
          <p>There is a lack of an overall association between diabetes and thyroid cancer, but patients with diabetes duration &lt;5 years have a significantly lower risk. Sulfonylurea may increase the risk of thyroid cancer.</p>
        </sec>
      </abstract>
      <funding-group>
        <funding-statement>This author has no support or funding to report.</funding-statement>
      </funding-group>
      <counts>
        <page-count count="6"/>
      </counts>
    </article-meta>
  </front>
  <body>
    <sec id="s1">
      <title>Introduction</title>
      <p>The incidence of thyroid cancer is increasing worldwide <xref ref-type="bibr" rid="pone.0053096-Davies1">[1]</xref>–<xref ref-type="bibr" rid="pone.0053096-McNally1">[4]</xref>. In the USA it increased by 2.4-fold from 1973 to 2002 <xref ref-type="bibr" rid="pone.0053096-Davies1">[1]</xref>; and in Taiwan it increased from an age-standardized rate of 1.44 per 100,000 in 1980–1984 to 5.68 per 100,000 in 2000–2006 <xref ref-type="bibr" rid="pone.0053096-Chiang1">[2]</xref>. Women have a higher incidence of thyroid cancer than their male counterparts in different ethnicities <xref ref-type="bibr" rid="pone.0053096-Chiang1">[2]</xref>, <xref ref-type="bibr" rid="pone.0053096-Roche1">[3]</xref>. Although such an increasing trend can be partially explained by the enhanced detection of early-stage tumors by the use of thyroid ultrasound and ultrasound-guided fine needle aspiration cytology examination, these cannot explain the increasing rates preceding the widespread use of the ultrasound and the increased incidence of large (&gt;5 cm) papillary thyroid cancer <xref ref-type="bibr" rid="pone.0053096-Shih1">[5]</xref>. Environmental exposure to ionizing radiation and benign thyroid conditions are well recognized risk factors for thyroid cancer and may also contribute to such an increasing incidence <xref ref-type="bibr" rid="pone.0053096-Roche1">[3]</xref>.</p>
      <p>Patients with type 2 diabetes mellitus have an increased risk of cancer involving liver, colon, endometrium, pancreas, urinary bladder and breast <xref ref-type="bibr" rid="pone.0053096-Giovannucci1">[6]</xref>, <xref ref-type="bibr" rid="pone.0053096-Tseng1">[7]</xref>. However, whether diabetic patients may have a higher risk of thyroid cancer is rarely studied and the findings from different studies are inconclusive <xref ref-type="bibr" rid="pone.0053096-Shih1">[5]</xref>. Several features of diabetes may potentially affect the mitogenic pathways of the follicular cells and may increase the risk of thyroid cancer in the diabetic patients <xref ref-type="bibr" rid="pone.0053096-Shih1">[5]</xref>. The proposed mechanisms for such a potential link include insulin resistance, increased insulin level, increased glucose or triglycerides, obesity and increased level of thyroid-stimulating hormone (TSH) <xref ref-type="bibr" rid="pone.0053096-Shih1">[5]</xref>.</p>
      <p>A US prospective study observed a non-significantly higher risk of total thyroid cancer associated with diabetes, hazard ratio (95% confidence interval): 1.25 (0.95–1.64) <xref ref-type="bibr" rid="pone.0053096-AschebrookKilfoy1">[8]</xref>. A recent meta-analysis including 5 US-based prospective cohort studies concluded that self-reported diabetes has no overall association with thyroid cancer, with hazard ratio (95% confidence interval): 1.08 (0.83–1.40) <xref ref-type="bibr" rid="pone.0053096-Kitahara1">[9]</xref>. An Israeli retrospective cohort study also did not show a significant association between diabetes and thyroid cancer in either men or women <xref ref-type="bibr" rid="pone.0053096-Chodick1">[10]</xref>. However, another 12-year prospective follow-up study including seven population-based cohorts in Norway, Austria and Sweden concluded that there was an inverse association between blood glucose and thyroid cancer risk in women, but not in men <xref ref-type="bibr" rid="pone.0053096-Almquist1">[11]</xref>.</p>
      <p>Studies conducted in the Asian populations are still scarce and results are also controversial. A hospital-based case-control study from China suggested that higher fasting plasma glucose and diabetes history are both significantly associated with a higher risk of thyroid cancer <xref ref-type="bibr" rid="pone.0053096-Zhan1">[12]</xref>. However, a hospital-based study in Taiwan contradictorily showed that diabetes was associated with a significantly lower risk of thyroid cancer <xref ref-type="bibr" rid="pone.0053096-Chiou1">[13]</xref>. To our knowledge, there has not been any population-based study conducted in the Asian populations and the association between anti-diabetic drugs and thyroid cancer has not been extensively investigated.</p>
      <p>By using the population-based reimbursement database of the National Health Insurance (NHI) of Taiwan, the aims of the present study were to evaluate 1) whether diabetic patients might have an increased risk of thyroid cancer in terms of diabetes status and diabetes duration; and 2) whether the anti-diabetic drugs, including insulin, sulfonylurea, metformin, acarbose, pioglitazone and rosiglitazone, might be associated with thyroid cancer.</p>
    </sec>
    <sec id="s2" sec-type="materials|methods">
      <title>Materials and Methods</title>
      <p>A single-payer NHI program was launched on March 1, 1995 in Taiwan. According to the Ministry of the Interior of Taiwan, in 2005, more than 98.0% of the Taiwanese population was covered by the NHI <xref ref-type="bibr" rid="pone.0053096-Tseng1">[7]</xref>. Each year, the Bureau of NHI collects data, including registration files and original claims data for reimbursement, and sends them to the National Health Research Institutes, the only institutes approved, as per local regulations, for managing academic research databases. The data files are then de-identified by scrambling the identification codes of patients and medical facilities for the protection of privacy. From January 1, 2005 to January 1, 2006, there were approximately 25.68 million beneficiaries in the NHI program according to the Registry for Beneficiaries data files. The National Health Research Institutes randomly sampled 1,000,000 beneficiaries from this registry file and created the Longitudinal Health Insurance Database 2005 (LHID 2005) by compiling all of the reimbursement data files for these sampled individuals for academic research <xref ref-type="bibr" rid="pone.0053096-Tseng1">[7]</xref>. The random sample was representative of the whole population <xref ref-type="bibr" rid="pone.0053096-Tseng1">[7]</xref>. The LHID 2005 was approved for use in this study, and the database contained all longitudinal reimbursement information of the random sample from 1996 to the end of 2005. Sex, birth date, medications, and diagnostic codes based on the International Classification of Diseases, Ninth Revision, Clinical Modification (ICD-9-CM) were retrieved for analyses. Diabetes was coded 250.1–250.9, and thyroid cancer 193. To assure the correct temporal sequence between cause and effect (thyroid cancer), diabetes status/duration, comorbidities, examinations and medications were counted only as they appeared before thyroid cancer in patients having a diagnosis of thyroid cancer.</p>
      <p>After excluding patients with type 1 diabetes (in Taiwan, patients with type 1 diabetes were issued a “Severe Morbidity Card” after certified diagnosis), a total of 999730 subjects (495673 men and 504057 women) were recruited into the analyses.</p>
      <p>To compare whether diabetic patients had a higher probability of receiving examinations that might potentially lead to the diagnosis of thyroid cancer than non-diabetic subjects, the following examinations were analyzed by Chi-square test: 1) thyroid sonography; 2) thyroid aspiration; 3) thyroid function test (T3, T4 and TSH); and 4) any of the above (considered as “potential detection examinations” in the following analyses).</p>
      <p>Logistic regression models were created with diabetes being considered either as diabetes status (yes versus no: “diabetes status model”) or diabetes duration (non-diabetes, &lt;1, 1–3, 3–5 and ≥5 years: “diabetes duration model”). Thyroid cancer was the dependent variable and the models were adjusted for age, sex, comorbidities, medications, living region, occupation and potential detection examinations. The comorbidities (ICD-9-CM codes) included hypertension (401–405), chronic obstructive pulmonary disease (490–496, a surrogate for smoking), stroke (430–438), nephropathy (580–589), ischemic heart disease (410–414), peripheral arterial disease (250.7, 785.4, 443.81, 440–448), eye disease (250.5, 362.0, 369, 366.41, 365.44), obesity (278), dyslipidemia (272.0–272.4), benign thyroid disease (240–246) and other cancer (140–208, excluding 193). Medications included in the full models were statin, fibrate, angiotensin-converting enzyme inhibitors and/or angiotensin receptor blockers, calcium channel blockers, sulfonylurea, metformin, insulin, acarbose, pioglitazone, rosiglitazone, aspirin, ticlopidine, clopidogrel, dipyridamole, and non-steroidal anti-inflammatory drugs (other than aspirin). Occupation was categorized as I: civil servants, teachers, employees of governmental or private business, professionals and technicians; II: people without particular employers, self-employed or seamen, III: farmers or fishermen; and IV: low-income families supported by social welfare or veterans. Living region was categorized as Taipei, Northern, Central, Southern and Kao-Ping/Eastern.</p>
      <p>Analyses were conducted using SAS statistical software, version 9.1 (SAS Institute, Cary, NC). Data were expressed as mean (standard deviation) for continuous variables or number (%) for categorical variables. <italic>P</italic>&lt;0.05 was considered as statistically significant.</p>
    </sec>
    <sec id="s3">
      <title>Results</title>
      <p><xref ref-type="table" rid="pone-0053096-t001">Table 1</xref> compares the frequency of examinations that might potentially lead to the diagnosis of thyroid cancer between diabetic and non-diabetic subjects. It is evident that the diabetic patients had a significantly higher probability of receiving these examinations.</p>
      <table-wrap id="pone-0053096-t001" position="float">
        <object-id pub-id-type="doi">10.1371/journal.pone.0053096.t001</object-id>
        <label>Table 1</label>
        <caption>
          <title>Comparisons of examinations potentially leading to diagnosis of thyroid cancer between patients with and without diabetes mellitus.</title>
        </caption>
        <alternatives>
          <graphic id="pone-0053096-t001-1" position="float" mimetype="image" xlink:href="info:doi/10.1371/journal.pone.0053096.t001" xlink:type="simple"/>
          <table>
            <colgroup span="1">
              <col align="left" span="1"/>
              <col align="center" span="1"/>
              <col align="center" span="1"/>
              <col align="center" span="1"/>
              <col align="center" span="1"/>
              <col align="center" span="1"/>
            </colgroup>
            <thead>
              <tr>
                <td align="left" rowspan="1" colspan="1"/>
                <td colspan="4" align="left" rowspan="1">Diabetes mellitus</td>
                <td align="left" rowspan="1" colspan="1"/>
              </tr>
              <tr>
                <td align="left" rowspan="1" colspan="1">Examination</td>
                <td colspan="2" align="left" rowspan="1">No</td>
                <td colspan="2" align="left" rowspan="1">Yes</td>
                <td align="left" rowspan="1" colspan="1"><italic>P</italic> value</td>
              </tr>
              <tr>
                <td align="left" rowspan="1" colspan="1"/>
                <td align="left" rowspan="1" colspan="1">n</td>
                <td align="left" rowspan="1" colspan="1">%</td>
                <td align="left" rowspan="1" colspan="1">n</td>
                <td align="left" rowspan="1" colspan="1">%</td>
                <td align="left" rowspan="1" colspan="1"/>
              </tr>
            </thead>
            <tbody>
              <tr>
                <td align="left" rowspan="1" colspan="1"/>
                <td align="left" rowspan="1" colspan="1">883802</td>
                <td align="left" rowspan="1" colspan="1"/>
                <td align="left" rowspan="1" colspan="1">115928</td>
                <td align="left" rowspan="1" colspan="1"/>
                <td align="left" rowspan="1" colspan="1"/>
              </tr>
              <tr>
                <td colspan="6" align="left" rowspan="1">
                  <bold>Thyroid sonography</bold>
                </td>
              </tr>
              <tr>
                <td align="left" rowspan="1" colspan="1">No</td>
                <td align="left" rowspan="1" colspan="1">880044</td>
                <td align="left" rowspan="1" colspan="1">99.57</td>
                <td align="left" rowspan="1" colspan="1">114805</td>
                <td align="left" rowspan="1" colspan="1">99.03</td>
                <td align="left" rowspan="1" colspan="1">&lt;0.0001</td>
              </tr>
              <tr>
                <td align="left" rowspan="1" colspan="1">Yes</td>
                <td align="left" rowspan="1" colspan="1">3758</td>
                <td align="left" rowspan="1" colspan="1">0.43</td>
                <td align="left" rowspan="1" colspan="1">1123</td>
                <td align="left" rowspan="1" colspan="1">0.97</td>
                <td align="left" rowspan="1" colspan="1"/>
              </tr>
              <tr>
                <td colspan="2" align="left" rowspan="1">
                  <bold>Thyroid aspiration</bold>
                </td>
                <td align="left" rowspan="1" colspan="1"/>
                <td align="left" rowspan="1" colspan="1"/>
                <td align="left" rowspan="1" colspan="1"/>
                <td align="left" rowspan="1" colspan="1"/>
              </tr>
              <tr>
                <td align="left" rowspan="1" colspan="1">No</td>
                <td align="left" rowspan="1" colspan="1">880957</td>
                <td align="left" rowspan="1" colspan="1">99.68</td>
                <td align="left" rowspan="1" colspan="1">114904</td>
                <td align="left" rowspan="1" colspan="1">99.12</td>
                <td align="left" rowspan="1" colspan="1">0.0007</td>
              </tr>
              <tr>
                <td align="left" rowspan="1" colspan="1">Yes</td>
                <td align="left" rowspan="1" colspan="1">2845</td>
                <td align="left" rowspan="1" colspan="1">0.32</td>
                <td align="left" rowspan="1" colspan="1">1024</td>
                <td align="left" rowspan="1" colspan="1">0.88</td>
                <td align="left" rowspan="1" colspan="1"/>
              </tr>
              <tr>
                <td colspan="2" align="left" rowspan="1">
                  <bold>Thyroid function test</bold>
                </td>
                <td align="left" rowspan="1" colspan="1"/>
                <td align="left" rowspan="1" colspan="1"/>
                <td align="left" rowspan="1" colspan="1"/>
                <td align="left" rowspan="1" colspan="1"/>
              </tr>
              <tr>
                <td align="left" rowspan="1" colspan="1">No</td>
                <td align="left" rowspan="1" colspan="1">833176</td>
                <td align="left" rowspan="1" colspan="1">94.27</td>
                <td align="left" rowspan="1" colspan="1">97210</td>
                <td align="left" rowspan="1" colspan="1">83.85</td>
                <td align="left" rowspan="1" colspan="1">&lt;0.0001</td>
              </tr>
              <tr>
                <td align="left" rowspan="1" colspan="1">Yes</td>
                <td align="left" rowspan="1" colspan="1">50626</td>
                <td align="left" rowspan="1" colspan="1">5.73</td>
                <td align="left" rowspan="1" colspan="1">18718</td>
                <td align="left" rowspan="1" colspan="1">16.15</td>
                <td align="left" rowspan="1" colspan="1"/>
              </tr>
              <tr>
                <td colspan="5" align="left" rowspan="1">
                  <bold>Potential detection examinations (any of the above)</bold>
                </td>
                <td align="left" rowspan="1" colspan="1"/>
              </tr>
              <tr>
                <td align="left" rowspan="1" colspan="1">No</td>
                <td align="left" rowspan="1" colspan="1">832268</td>
                <td align="left" rowspan="1" colspan="1">94.17</td>
                <td align="left" rowspan="1" colspan="1">96944</td>
                <td align="left" rowspan="1" colspan="1">83.62</td>
                <td align="left" rowspan="1" colspan="1">&lt;0.0001</td>
              </tr>
              <tr>
                <td align="left" rowspan="1" colspan="1">Yes</td>
                <td align="left" rowspan="1" colspan="1">51534</td>
                <td align="left" rowspan="1" colspan="1">5.83</td>
                <td align="left" rowspan="1" colspan="1">18984</td>
                <td align="left" rowspan="1" colspan="1">6.38</td>
                <td align="left" rowspan="1" colspan="1"/>
              </tr>
            </tbody>
          </table>
        </alternatives>
      </table-wrap>
      <p><xref ref-type="table" rid="pone-0053096-t002">Table 2</xref> shows the adjusted odds ratios for all covariates derived from the “diabetes status model”. Diabetes status was not significantly associated with thyroid cancer. Age and women consistently showed an increased risk. With regards to comorbidities, hypertension, dyslipidemia, chronic obstructive pulmonary disease, stroke, nephropathy, ischemic heart disease, peripheral arterial disease and eye disease were all significantly associated with a lower risk; while benign thyroid disease and other cancer showed a significantly higher risk. For the medications, statin, aspirin and non-steroidal anti-inflammatory drugs were significantly associated with a lower risk, but sulfonylurea showed a significantly higher risk. People living in the Kao-Ping/Eastern regions and patients receiving potential detection examinations had significantly higher risk.</p>
      <table-wrap id="pone-0053096-t002" position="float">
        <object-id pub-id-type="doi">10.1371/journal.pone.0053096.t002</object-id>
        <label>Table 2</label>
        <caption>
          <title>Adjusted odds ratios for thyroid cancer in diabetes status model.</title>
        </caption>
        <alternatives>
          <graphic id="pone-0053096-t002-2" position="float" mimetype="image" xlink:href="info:doi/10.1371/journal.pone.0053096.t002" xlink:type="simple"/>
          <table>
            <colgroup span="1">
              <col align="left" span="1"/>
              <col align="center" span="1"/>
              <col align="center" span="1"/>
              <col align="center" span="1"/>
              <col align="center" span="1"/>
              <col align="center" span="1"/>
            </colgroup>
            <thead>
              <tr>
                <td align="left" rowspan="1" colspan="1">Variables</td>
                <td align="left" rowspan="1" colspan="1">Interpretation</td>
                <td align="left" rowspan="1" colspan="1">Thyroid cancer case number</td>
                <td align="left" rowspan="1" colspan="1">OR</td>
                <td align="left" rowspan="1" colspan="1">95% CI</td>
                <td align="left" rowspan="1" colspan="1"><italic>P</italic> value</td>
              </tr>
            </thead>
            <tbody>
              <tr>
                <td align="left" rowspan="1" colspan="1">
                  <bold>
                    <italic>Basic characteristics</italic>
                  </bold>
                </td>
                <td align="left" rowspan="1" colspan="1"/>
                <td align="left" rowspan="1" colspan="1"/>
                <td align="left" rowspan="1" colspan="1"/>
                <td align="left" rowspan="1" colspan="1"/>
                <td align="left" rowspan="1" colspan="1"/>
              </tr>
              <tr>
                <td align="left" rowspan="1" colspan="1">Age</td>
                <td align="left" rowspan="1" colspan="1">Every 1-year increment</td>
                <td align="left" rowspan="1" colspan="1">943</td>
                <td align="left" rowspan="1" colspan="1">1.057</td>
                <td align="left" rowspan="1" colspan="1">(1.053, 1.062)</td>
                <td align="left" rowspan="1" colspan="1">&lt;0.0001</td>
              </tr>
              <tr>
                <td align="left" rowspan="1" colspan="1">Sex</td>
                <td align="left" rowspan="1" colspan="1">Men vs. Women</td>
                <td align="left" rowspan="1" colspan="1">186/757</td>
                <td align="left" rowspan="1" colspan="1">0.424</td>
                <td align="left" rowspan="1" colspan="1">(0.358, 0.503)</td>
                <td align="left" rowspan="1" colspan="1">&lt;0.0001</td>
              </tr>
              <tr>
                <td align="left" rowspan="1" colspan="1">Diabetes status</td>
                <td align="left" rowspan="1" colspan="1">Yes vs. No</td>
                <td align="left" rowspan="1" colspan="1">149/794</td>
                <td align="left" rowspan="1" colspan="1">0.816</td>
                <td align="left" rowspan="1" colspan="1">(0.652, 1.021)</td>
                <td align="left" rowspan="1" colspan="1">0.0756</td>
              </tr>
              <tr>
                <td align="left" rowspan="1" colspan="1">Living region</td>
                <td align="left" rowspan="1" colspan="1">Northern vs. Taipei</td>
                <td align="left" rowspan="1" colspan="1">105/367</td>
                <td align="left" rowspan="1" colspan="1">0.855</td>
                <td align="left" rowspan="1" colspan="1">(0.686, 1.066)</td>
                <td align="left" rowspan="1" colspan="1">0.1632</td>
              </tr>
              <tr>
                <td align="left" rowspan="1" colspan="1"/>
                <td align="left" rowspan="1" colspan="1">Central vs. Taipei</td>
                <td align="left" rowspan="1" colspan="1">162/367</td>
                <td align="left" rowspan="1" colspan="1">0.951</td>
                <td align="left" rowspan="1" colspan="1">(0.786, 1.150)</td>
                <td align="left" rowspan="1" colspan="1">0.6017</td>
              </tr>
              <tr>
                <td align="left" rowspan="1" colspan="1"/>
                <td align="left" rowspan="1" colspan="1">Southern vs. Taipei</td>
                <td align="left" rowspan="1" colspan="1">123/367</td>
                <td align="left" rowspan="1" colspan="1">0.991</td>
                <td align="left" rowspan="1" colspan="1">(0.800, 1.227)</td>
                <td align="left" rowspan="1" colspan="1">0.9324</td>
              </tr>
              <tr>
                <td align="left" rowspan="1" colspan="1"/>
                <td align="left" rowspan="1" colspan="1">Kao-Ping/Eastern vs. Taipei</td>
                <td align="left" rowspan="1" colspan="1">186/367</td>
                <td align="left" rowspan="1" colspan="1">1.203</td>
                <td align="left" rowspan="1" colspan="1">(1.002, 1.444)</td>
                <td align="left" rowspan="1" colspan="1">0.0475</td>
              </tr>
              <tr>
                <td align="left" rowspan="1" colspan="1">Occupation<xref ref-type="table-fn" rid="nt101">*</xref></td>
                <td align="left" rowspan="1" colspan="1">II vs. I</td>
                <td align="left" rowspan="1" colspan="1">197/445</td>
                <td align="left" rowspan="1" colspan="1">1.146</td>
                <td align="left" rowspan="1" colspan="1">(0.965, 1.360)</td>
                <td align="left" rowspan="1" colspan="1">0.1199</td>
              </tr>
              <tr>
                <td align="left" rowspan="1" colspan="1"/>
                <td align="left" rowspan="1" colspan="1">III vs. I</td>
                <td align="left" rowspan="1" colspan="1">143/445</td>
                <td align="left" rowspan="1" colspan="1">0.917</td>
                <td align="left" rowspan="1" colspan="1">(0.744, 1.131)</td>
                <td align="left" rowspan="1" colspan="1">0.4187</td>
              </tr>
              <tr>
                <td align="left" rowspan="1" colspan="1"/>
                <td align="left" rowspan="1" colspan="1">IV vs. I</td>
                <td align="left" rowspan="1" colspan="1">158/445</td>
                <td align="left" rowspan="1" colspan="1">0.855</td>
                <td align="left" rowspan="1" colspan="1">(0.707, 1.033)</td>
                <td align="left" rowspan="1" colspan="1">0.1037</td>
              </tr>
              <tr>
                <td align="left" rowspan="1" colspan="1">Potential detection examinations</td>
                <td align="left" rowspan="1" colspan="1">Yes vs. No</td>
                <td align="left" rowspan="1" colspan="1">446/497</td>
                <td align="left" rowspan="1" colspan="1">1.313</td>
                <td align="left" rowspan="1" colspan="1">(1.082, 1.594)</td>
                <td align="left" rowspan="1" colspan="1">0.0058</td>
              </tr>
              <tr>
                <td align="left" rowspan="1" colspan="1">
                  <bold>
                    <italic>Comorbidities</italic>
                  </bold>
                </td>
                <td align="left" rowspan="1" colspan="1"/>
                <td align="left" rowspan="1" colspan="1"/>
                <td align="left" rowspan="1" colspan="1"/>
                <td align="left" rowspan="1" colspan="1"/>
                <td align="left" rowspan="1" colspan="1"/>
              </tr>
              <tr>
                <td align="left" rowspan="1" colspan="1">Hypertension</td>
                <td align="left" rowspan="1" colspan="1">Yes vs. No</td>
                <td align="left" rowspan="1" colspan="1">181/762</td>
                <td align="left" rowspan="1" colspan="1">0.612</td>
                <td align="left" rowspan="1" colspan="1">(0.479, 0.781)</td>
                <td align="left" rowspan="1" colspan="1">&lt;0.0001</td>
              </tr>
              <tr>
                <td align="left" rowspan="1" colspan="1">COPD</td>
                <td align="left" rowspan="1" colspan="1">Yes vs. No</td>
                <td align="left" rowspan="1" colspan="1">147/796</td>
                <td align="left" rowspan="1" colspan="1">0.432</td>
                <td align="left" rowspan="1" colspan="1">(0.359, 0.520)</td>
                <td align="left" rowspan="1" colspan="1">&lt;0.0001</td>
              </tr>
              <tr>
                <td align="left" rowspan="1" colspan="1">Stroke</td>
                <td align="left" rowspan="1" colspan="1">Yes vs. No</td>
                <td align="left" rowspan="1" colspan="1">52/891</td>
                <td align="left" rowspan="1" colspan="1">0.627</td>
                <td align="left" rowspan="1" colspan="1">(0.462, 0.851)</td>
                <td align="left" rowspan="1" colspan="1">0.0027</td>
              </tr>
              <tr>
                <td align="left" rowspan="1" colspan="1">Nephropathy</td>
                <td align="left" rowspan="1" colspan="1">Yes vs. No</td>
                <td align="left" rowspan="1" colspan="1">50/893</td>
                <td align="left" rowspan="1" colspan="1">0.619</td>
                <td align="left" rowspan="1" colspan="1">(0.460, 0.833)</td>
                <td align="left" rowspan="1" colspan="1">0.0015</td>
              </tr>
              <tr>
                <td align="left" rowspan="1" colspan="1">Ischemic heart disease</td>
                <td align="left" rowspan="1" colspan="1">Yes vs. No</td>
                <td align="left" rowspan="1" colspan="1">81/862</td>
                <td align="left" rowspan="1" colspan="1">0.506</td>
                <td align="left" rowspan="1" colspan="1">(0.389, 0.659)</td>
                <td align="left" rowspan="1" colspan="1">&lt;0.0001</td>
              </tr>
              <tr>
                <td align="left" rowspan="1" colspan="1">Peripheral arterial disease</td>
                <td align="left" rowspan="1" colspan="1">Yes vs. No</td>
                <td align="left" rowspan="1" colspan="1">34/909</td>
                <td align="left" rowspan="1" colspan="1">0.675</td>
                <td align="left" rowspan="1" colspan="1">(0.473, 0.962)</td>
                <td align="left" rowspan="1" colspan="1">0.0298</td>
              </tr>
              <tr>
                <td align="left" rowspan="1" colspan="1">Eye disease</td>
                <td align="left" rowspan="1" colspan="1">Yes vs. No</td>
                <td align="left" rowspan="1" colspan="1">6/937</td>
                <td align="left" rowspan="1" colspan="1">0.406</td>
                <td align="left" rowspan="1" colspan="1">(0.174, 0.945)</td>
                <td align="left" rowspan="1" colspan="1">0.0366</td>
              </tr>
              <tr>
                <td align="left" rowspan="1" colspan="1">Obesity</td>
                <td align="left" rowspan="1" colspan="1">Yes vs. No</td>
                <td align="left" rowspan="1" colspan="1">7/936</td>
                <td align="left" rowspan="1" colspan="1">0.577</td>
                <td align="left" rowspan="1" colspan="1">(0.273, 1.221)</td>
                <td align="left" rowspan="1" colspan="1">0.1504</td>
              </tr>
              <tr>
                <td align="left" rowspan="1" colspan="1">Dyslipidemia</td>
                <td align="left" rowspan="1" colspan="1">Yes vs. No</td>
                <td align="left" rowspan="1" colspan="1">97/846</td>
                <td align="left" rowspan="1" colspan="1">0.463</td>
                <td align="left" rowspan="1" colspan="1">(0.361, 0.593)</td>
                <td align="left" rowspan="1" colspan="1">&lt;0.0001</td>
              </tr>
              <tr>
                <td align="left" rowspan="1" colspan="1">Benign thyroid disease</td>
                <td align="left" rowspan="1" colspan="1">Yes vs. No</td>
                <td align="left" rowspan="1" colspan="1">550/393</td>
                <td align="left" rowspan="1" colspan="1">23.094</td>
                <td align="left" rowspan="1" colspan="1">(18.868, 28.267)</td>
                <td align="left" rowspan="1" colspan="1">&lt;0.0001</td>
              </tr>
              <tr>
                <td align="left" rowspan="1" colspan="1">Other cancer</td>
                <td align="left" rowspan="1" colspan="1">Yes vs. No</td>
                <td align="left" rowspan="1" colspan="1">97/846</td>
                <td align="left" rowspan="1" colspan="1">1.608</td>
                <td align="left" rowspan="1" colspan="1">(1.291, 2.002)</td>
                <td align="left" rowspan="1" colspan="1">&lt;0.0001</td>
              </tr>
              <tr>
                <td align="left" rowspan="1" colspan="1">
                  <bold>
                    <italic>Anti-diabetic drugs</italic>
                  </bold>
                </td>
                <td align="left" rowspan="1" colspan="1"/>
                <td align="left" rowspan="1" colspan="1"/>
                <td align="left" rowspan="1" colspan="1"/>
                <td align="left" rowspan="1" colspan="1"/>
                <td align="left" rowspan="1" colspan="1"/>
              </tr>
              <tr>
                <td align="left" rowspan="1" colspan="1">Sulfonylurea</td>
                <td align="left" rowspan="1" colspan="1">Yes vs. No</td>
                <td align="left" rowspan="1" colspan="1">52/891</td>
                <td align="left" rowspan="1" colspan="1">1.882</td>
                <td align="left" rowspan="1" colspan="1">(1.202, 2.947)</td>
                <td align="left" rowspan="1" colspan="1">0.0057</td>
              </tr>
              <tr>
                <td align="left" rowspan="1" colspan="1">Metformin</td>
                <td align="left" rowspan="1" colspan="1">Yes vs. No</td>
                <td align="left" rowspan="1" colspan="1">37/906</td>
                <td align="left" rowspan="1" colspan="1">0.696</td>
                <td align="left" rowspan="1" colspan="1">(0.419, 1.155)</td>
                <td align="left" rowspan="1" colspan="1">0.1606</td>
              </tr>
              <tr>
                <td align="left" rowspan="1" colspan="1">Insulin</td>
                <td align="left" rowspan="1" colspan="1">Yes vs. No</td>
                <td align="left" rowspan="1" colspan="1">11/932</td>
                <td align="left" rowspan="1" colspan="1">1.701</td>
                <td align="left" rowspan="1" colspan="1">(0.860, 3.364)</td>
                <td align="left" rowspan="1" colspan="1">0.1268</td>
              </tr>
              <tr>
                <td align="left" rowspan="1" colspan="1">Acarbose</td>
                <td align="left" rowspan="1" colspan="1">Yes vs. No</td>
                <td align="left" rowspan="1" colspan="1">4/939</td>
                <td align="left" rowspan="1" colspan="1">0.581</td>
                <td align="left" rowspan="1" colspan="1">(0.202, 1.674)</td>
                <td align="left" rowspan="1" colspan="1">0.3146</td>
              </tr>
              <tr>
                <td align="left" rowspan="1" colspan="1">Pioglitazone</td>
                <td align="left" rowspan="1" colspan="1">Yes vs. No</td>
                <td align="left" rowspan="1" colspan="1">1/942</td>
                <td align="left" rowspan="1" colspan="1">0.522</td>
                <td align="left" rowspan="1" colspan="1">(0.069, 3.926)</td>
                <td align="left" rowspan="1" colspan="1">0.5276</td>
              </tr>
              <tr>
                <td align="left" rowspan="1" colspan="1">Rosiglitazone</td>
                <td align="left" rowspan="1" colspan="1">Yes vs. No</td>
                <td align="left" rowspan="1" colspan="1">4/939</td>
                <td align="left" rowspan="1" colspan="1">0.669</td>
                <td align="left" rowspan="1" colspan="1">(0.230, 1.948)</td>
                <td align="left" rowspan="1" colspan="1">0.4613</td>
              </tr>
              <tr>
                <td align="left" rowspan="1" colspan="1">
                  <bold>
                    <italic>Other medications</italic>
                  </bold>
                </td>
                <td align="left" rowspan="1" colspan="1"/>
                <td align="left" rowspan="1" colspan="1"/>
                <td align="left" rowspan="1" colspan="1"/>
                <td align="left" rowspan="1" colspan="1"/>
                <td align="left" rowspan="1" colspan="1"/>
              </tr>
              <tr>
                <td align="left" rowspan="1" colspan="1">Statin</td>
                <td align="left" rowspan="1" colspan="1">Yes vs. No</td>
                <td align="left" rowspan="1" colspan="1">28/915</td>
                <td align="left" rowspan="1" colspan="1">0.552</td>
                <td align="left" rowspan="1" colspan="1">(0.360, 0.844)</td>
                <td align="left" rowspan="1" colspan="1">0.0061</td>
              </tr>
              <tr>
                <td align="left" rowspan="1" colspan="1">Fibrate</td>
                <td align="left" rowspan="1" colspan="1">Yes vs. No</td>
                <td align="left" rowspan="1" colspan="1">39/904</td>
                <td align="left" rowspan="1" colspan="1">1.376</td>
                <td align="left" rowspan="1" colspan="1">(0.957, 1.976)</td>
                <td align="left" rowspan="1" colspan="1">0.0847</td>
              </tr>
              <tr>
                <td align="left" rowspan="1" colspan="1">ACEI/ARB</td>
                <td align="left" rowspan="1" colspan="1">Yes vs. No</td>
                <td align="left" rowspan="1" colspan="1">115/828</td>
                <td align="left" rowspan="1" colspan="1">0.886</td>
                <td align="left" rowspan="1" colspan="1">(0.675, 1.163)</td>
                <td align="left" rowspan="1" colspan="1">0.3825</td>
              </tr>
              <tr>
                <td align="left" rowspan="1" colspan="1">Calcium channel blocker</td>
                <td align="left" rowspan="1" colspan="1">Yes vs. No</td>
                <td align="left" rowspan="1" colspan="1">158/785</td>
                <td align="left" rowspan="1" colspan="1">1.255</td>
                <td align="left" rowspan="1" colspan="1">(0.990, 1.592)</td>
                <td align="left" rowspan="1" colspan="1">0.0609</td>
              </tr>
              <tr>
                <td align="left" rowspan="1" colspan="1">Aspirin</td>
                <td align="left" rowspan="1" colspan="1">Yes vs. No</td>
                <td align="left" rowspan="1" colspan="1">138/805</td>
                <td align="left" rowspan="1" colspan="1">0.767</td>
                <td align="left" rowspan="1" colspan="1">(0.627, 0.939)</td>
                <td align="left" rowspan="1" colspan="1">0.0101</td>
              </tr>
              <tr>
                <td align="left" rowspan="1" colspan="1">Ticlopidine</td>
                <td align="left" rowspan="1" colspan="1">Yes vs. No</td>
                <td align="left" rowspan="1" colspan="1">7/936</td>
                <td align="left" rowspan="1" colspan="1">1.242</td>
                <td align="left" rowspan="1" colspan="1">(0.572, 2.697)</td>
                <td align="left" rowspan="1" colspan="1">0.5843</td>
              </tr>
              <tr>
                <td align="left" rowspan="1" colspan="1">Clopidogrel</td>
                <td align="left" rowspan="1" colspan="1">Yes vs. No</td>
                <td align="left" rowspan="1" colspan="1">1/942</td>
                <td align="left" rowspan="1" colspan="1">0.197</td>
                <td align="left" rowspan="1" colspan="1">(0.027, 1.428)</td>
                <td align="left" rowspan="1" colspan="1">0.1079</td>
              </tr>
              <tr>
                <td align="left" rowspan="1" colspan="1">Dipyridamole</td>
                <td align="left" rowspan="1" colspan="1">Yes vs. No</td>
                <td align="left" rowspan="1" colspan="1">122/821</td>
                <td align="left" rowspan="1" colspan="1">0.974</td>
                <td align="left" rowspan="1" colspan="1">(0.780, 1.217)</td>
                <td align="left" rowspan="1" colspan="1">0.8171</td>
              </tr>
              <tr>
                <td align="left" rowspan="1" colspan="1">NSAID</td>
                <td align="left" rowspan="1" colspan="1">Yes vs. No</td>
                <td align="left" rowspan="1" colspan="1">827/116</td>
                <td align="left" rowspan="1" colspan="1">0.102</td>
                <td align="left" rowspan="1" colspan="1">(0.082, 0.127)</td>
                <td align="left" rowspan="1" colspan="1">&lt;0.0001</td>
              </tr>
            </tbody>
          </table>
        </alternatives>
        <table-wrap-foot>
          <fn id="nt101">
            <label>*</label>
            <p>Categories of occupation are explained in <xref ref-type="sec" rid="s2">Materials and Methods</xref>. OR: odds ratio; CI: confidence interval; COPD: chronic obstructive pulmonary disease; ACEI/ARB: angiotensin converting enzyme inhibitor/angiotensin receptor blocker; NSAID: non-steroidal anti-inflammatory drugs, other than aspirin.</p>
          </fn>
        </table-wrap-foot>
      </table-wrap>
      <p><xref ref-type="table" rid="pone-0053096-t003">Table 3</xref> shows the adjusted odds ratios for the various diabetes durations in the “diabetes duration model”. Patients with a diabetes duration &lt;5 years showed significantly lower risk of thyroid cancer and those having a diabetes duration ≥5 years showed a neutral association. The adjusted odds ratios for the other independent variables in this “diabetes duration model” were not shown in the table because they did not differ remarkably from their corresponding values in the “diabetes status model” as shown in <xref ref-type="table" rid="pone-0053096-t002">Table 2</xref>.</p>
      <table-wrap id="pone-0053096-t003" position="float">
        <object-id pub-id-type="doi">10.1371/journal.pone.0053096.t003</object-id>
        <label>Table 3</label>
        <caption>
          <title>Adjusted odds ratios for thyroid cancer in diabetes duration model<xref ref-type="table-fn" rid="nt102">*</xref>.</title>
        </caption>
        <alternatives>
          <graphic id="pone-0053096-t003-3" position="float" mimetype="image" xlink:href="info:doi/10.1371/journal.pone.0053096.t003" xlink:type="simple"/>
          <table>
            <colgroup span="1">
              <col align="left" span="1"/>
              <col align="center" span="1"/>
              <col align="center" span="1"/>
              <col align="center" span="1"/>
              <col align="center" span="1"/>
              <col align="center" span="1"/>
            </colgroup>
            <thead>
              <tr>
                <td align="left" rowspan="1" colspan="1">Variables</td>
                <td align="left" rowspan="1" colspan="1">Interpretation</td>
                <td align="left" rowspan="1" colspan="1">Thyroid cancer case number</td>
                <td align="left" rowspan="1" colspan="1">OR</td>
                <td align="left" rowspan="1" colspan="1">95% CI</td>
                <td align="left" rowspan="1" colspan="1"><italic>P</italic> value</td>
              </tr>
            </thead>
            <tbody>
              <tr>
                <td align="left" rowspan="1" colspan="1">Diabetes duration</td>
                <td align="left" rowspan="1" colspan="1">&lt;1 year vs. Non-diabetes</td>
                <td align="left" rowspan="1" colspan="1">1/794</td>
                <td align="left" rowspan="1" colspan="1">0.071</td>
                <td align="left" rowspan="1" colspan="1">(0.010, 0.507)</td>
                <td align="left" rowspan="1" colspan="1">0.0084</td>
              </tr>
              <tr>
                <td align="left" rowspan="1" colspan="1"/>
                <td align="left" rowspan="1" colspan="1">1–3 years vs. Non-diabetes</td>
                <td align="left" rowspan="1" colspan="1">12/794</td>
                <td align="left" rowspan="1" colspan="1">0.450</td>
                <td align="left" rowspan="1" colspan="1">(0.250, 0.813)</td>
                <td align="left" rowspan="1" colspan="1">0.0081</td>
              </tr>
              <tr>
                <td align="left" rowspan="1" colspan="1"/>
                <td align="left" rowspan="1" colspan="1">3–5 years vs. Non-diabetes</td>
                <td align="left" rowspan="1" colspan="1">11/794</td>
                <td align="left" rowspan="1" colspan="1">0.374</td>
                <td align="left" rowspan="1" colspan="1">(0.203, 0.689)</td>
                <td align="left" rowspan="1" colspan="1">0.0016</td>
              </tr>
              <tr>
                <td align="left" rowspan="1" colspan="1"/>
                <td align="left" rowspan="1" colspan="1">≥5 years vs. Non-diabetes</td>
                <td align="left" rowspan="1" colspan="1">125/794</td>
                <td align="left" rowspan="1" colspan="1">1.159</td>
                <td align="left" rowspan="1" colspan="1">(0.914, 1.470)</td>
                <td align="left" rowspan="1" colspan="1">0.2224</td>
              </tr>
            </tbody>
          </table>
        </alternatives>
        <table-wrap-foot>
          <fn id="nt102">
            <label>*</label>
            <p>Other independent variables included in the model are the same as those shown in <xref ref-type="table" rid="pone-0053096-t002">Table 2</xref>, except “diabetes status”. The OR (95% CI) for the other variables are not remarkably different from those shown in <xref ref-type="table" rid="pone-0053096-t002">Table 2</xref> and are not shown here. OR: odds ratio; CI: confidence interval.</p>
          </fn>
        </table-wrap-foot>
      </table-wrap>
    </sec>
    <sec id="s4">
      <title>Discussion</title>
      <p>In consistent with most previous studies <xref ref-type="bibr" rid="pone.0053096-Chiang1">[2]</xref>, <xref ref-type="bibr" rid="pone.0053096-Roche1">[3]</xref>, thyroid cancer risk is significantly higher in women than in men (<xref ref-type="table" rid="pone-0053096-t002">Table 2</xref>), supporting a potential role of estrogen in the growth and progression of thyroid cancer <xref ref-type="bibr" rid="pone.0053096-Chen1">[14]</xref>. However, this study did not support an overall higher risk of thyroid cancer in patient with diabetes after multivariable adjustment (<xref ref-type="table" rid="pone-0053096-t002">Table 2</xref>). Actually when categorized by diabetes duration, those with a diabetes duration of &lt;5 years might show a significantly lower risk of thyroid cancer (“diabetes duration model” in <xref ref-type="table" rid="pone-0053096-t003">Table 3</xref>). Although diabetic patients might have a higher probability of receiving examinations that might potentially lead to the diagnosis of thyroid cancer (<xref ref-type="table" rid="pone-0053096-t001">Table 1</xref>), the findings could not be explained by such a detection bias (<xref ref-type="table" rid="pone-0053096-t002">Tables 2</xref> and <xref ref-type="table" rid="pone-0053096-t003">3</xref>).</p>
      <p>A significantly lower risk of thyroid cancer in patients having diabetes diagnosed for &lt;5 years was not previously reported. However, this was in line with the 12-year prospective follow-up study conducted in Europe showing an inverse association between blood glucose level and thyroid cancer risk <xref ref-type="bibr" rid="pone.0053096-Almquist1">[11]</xref>. Insulin resistance with elevated circulating insulin level is a cardinal feature of type 2 diabetes mellitus at the early stage, which has always been suggested as the etiology of diabetes-related cancer <xref ref-type="bibr" rid="pone.0053096-Giovannucci1">[6]</xref>. The observation of a lower risk of thyroid cancer in patients with diabetes duration &lt;5 years (<xref ref-type="table" rid="pone-0053096-t003">Table 3</xref>) may argue against such a hypothetical role of insulin resistance/hyperinsulinemia in the development of thyroid cancer, as advocated by some investigators <xref ref-type="bibr" rid="pone.0053096-Shih1">[5]</xref>. However, other possibilities may also explain such a finding. For example, metformin may improve insulin resistance and reduce insulin level, counteracting the related mechanisms leading to thyroid proliferation or cancer <xref ref-type="bibr" rid="pone.0053096-Shih1">[5]</xref>. Metformin may also reduce TSH level, decrease the size of benign thyroid nodules, suppresses the growth of thyroid carcinoma cells, and has multi-faceted properties protecting against cancer with the potential to be used for the treatment of thyroid cancer <xref ref-type="bibr" rid="pone.0053096-Shih1">[5]</xref>. In patients with new-onset diabetes, metformin is very effective for glucose control and it is always recommended as the first-line therapy in these patients <xref ref-type="bibr" rid="pone.0053096-Inzucchi1">[15]</xref>. Therefore, it is possible that the widely used metformin in patients with early diabetes may protect against the development of thyroid cancer, as observed in the present study (<xref ref-type="table" rid="pone-0053096-t003">Table 3</xref>). It is true that, though not statistically significant, metformin use was associated with a lower risk of thyroid cancer in the present study (<xref ref-type="table" rid="pone-0053096-t002">Table 2</xref>). Although TSH level, a predictor for thyroid cancer <xref ref-type="bibr" rid="pone.0053096-Kim1">[16]</xref>, may be elevated in patients with type 2 diabetes in some studies <xref ref-type="bibr" rid="pone.0053096-Farasat1">[17]</xref>, <xref ref-type="bibr" rid="pone.0053096-Kadiyala1">[18]</xref>, this could not be confirmed in a recent study conducted in our Taiwanese population <xref ref-type="bibr" rid="pone.0053096-Wang1">[19]</xref> or in studies from other ethnicities <xref ref-type="bibr" rid="pone.0053096-Tarcin1">[20]</xref>. Furthermore, TSH did not correlate significantly with body mass index, fasting plasma glucose, hemoglobin A<sub>1C</sub>, insulin level or insulin resistance index in patients with diabetes in a Pakistani study <xref ref-type="bibr" rid="pone.0053096-Farasat1">[17]</xref>. It is not known whether the elevated TSH levels in the diabetic patients may only be observed in those with prolonged diabetes duration when sulfonylurea is added in the therapy regimen (to be discussed below).</p>
      <p>The risk in patients with a diabetes duration ≥5 years became neutral (“diabetes duration model” in <xref ref-type="table" rid="pone-0053096-t003">Table 3</xref>). One of the explanations is that with prolonged duration of diabetes, the interplay of the use of various anti-diabetic drugs and medications used for other comorbidities might have jointly influenced the risk of thyroid cancer in the diabetic patients. Addition of sulfonylurea is always considered when metformin alone can not satisfactorily lower blood glucose level in the diabetic patients <xref ref-type="bibr" rid="pone.0053096-Inzucchi1">[15]</xref>. Therefore, when diabetes progressed, the use of sulfonylurea might have increased the risk of thyroid cancer (<xref ref-type="table" rid="pone-0053096-t002">Table 2</xref>, to be discussed below). But this would also be counteracted by other protective drugs such as statin or aspirin (<xref ref-type="table" rid="pone-0053096-t002">Table 2</xref>, to be discussed below) for the treatment of dyslipidemia or cardiovascular disease, which are commonly seen in patients with a longer duration of diabetes.</p>
      <p>First generation sulfonylureas have been well known to exert anti-thyroidal effects and may be goitrogenic in animals <xref ref-type="bibr" rid="pone.0053096-Hershman1">[21]</xref> or human beings <xref ref-type="bibr" rid="pone.0053096-Nikkila1">[22]</xref>. These effects might lead to clinical or subclinical hypothyroidism with elevated TSH. It has been shown that a higher level of TSH, even within the normal range, may increase the risk of thyroid cancer <xref ref-type="bibr" rid="pone.0053096-Kim1">[16]</xref>. Therefore, it is biologically plausible that thyroid cancer might be induced by prolonged use of sulfonylurea, resulting from a persistently higher level of TSH even within the normal range. Although such a goitrogenic effect is rarer in patients receiving second generation sulfonylurea, a more recent study still favored such a possibility <xref ref-type="bibr" rid="pone.0053096-Guney1">[23]</xref>.</p>
      <p>Both insulin and sulfonylurea may increase insulin level, but only the use of sulfonylurea showed a significantly higher risk of thyroid cancer (<xref ref-type="table" rid="pone-0053096-t002">Table 2</xref>). This could possibly be explained by the different effects of insulin on the thyroid gland. Insulin may augment thyroid hormone transcriptional action <xref ref-type="bibr" rid="pone.0053096-Hu1">[24]</xref>, and reduce TSH level probably through the effect of hypoglycemia on pituitary-thyroid secretory activity <xref ref-type="bibr" rid="pone.0053096-Schultes1">[25]</xref>. These are contradictory to the anti-thyroidal and TSH-elevating effects of sulfonylurea. The differential risk associated with sulfonylurea and insulin also suggested that hyperinsulinemia or insulin resistance alone might not be responsible for thyroid cell proliferation in patients with type 2 diabetes.</p>
      <p>Many <italic>in vitro</italic> studies have suggested an inhibitory role of statin on the proliferation of thyroid cancer cell lines; and statins have been proposed as potential therapeutic agents for human thyroid cancer <xref ref-type="bibr" rid="pone.0053096-Hegeds1">[26]</xref>. Similarly aspirin or non-steroidal anti-inflammatory drugs may exert anti-proliferative effects on thyroid cancer cells <xref ref-type="bibr" rid="pone.0053096-Cho1">[27]</xref>. The results of the present study strongly supported these observations and suggested a potential role of statin and/or aspirin on the prevention of thyroid cancer. In patients with a longer duration of diabetes, dyslipidemia and cardiovascular disease may set in and the use of statin or aspirin may increase. Therefore, the interplay between the anti-diabetic drugs and the medications used for the treatment of comorbidites might have led to a neutral risk of thyroid cancer seen in patients with a diabetes duration ≥5 years (<xref ref-type="table" rid="pone-0053096-t003">Table 3</xref>).</p>
      <p>It is interesting to observe a lower risk of thyroid cancer associated with atherosclerotic disease or its associated risk factors such as hypertension, dyslipidemia, chronic obstructive pulmonary disease (a surrogate for smoking), and various macro- or microvascular diseases in this study (<xref ref-type="table" rid="pone-0053096-t002">Table 2</xref>). Increased vascularity is an important feature of thyroid cancer <xref ref-type="bibr" rid="pone.0053096-Papini1">[28]</xref>, therefore it is not surprising to see such a negative association between thyroid cancer and atherosclerotic risk factors or vascular diseases. The negative association has not been reported previously and has an implication that vascular requirement might be important for the development of thyroid cancer. This observation may also explain the result of a pooled analysis of five prospective studies in the US showing a reduced risk of thyroid cancer among smokers with hazard ratio (95% confidence interval) of 0.68 (0.55–0.85) <xref ref-type="bibr" rid="pone.0053096-Kitahara2">[29]</xref>. Another explanation for the lower risk of thyroid cancer associated with the vascular diseases is that these patients might have a higher probability of being treated with statin or aspirin, which have been shown to be preventive for thyroid cancer in previous studies <xref ref-type="bibr" rid="pone.0053096-Hegeds1">[26]</xref>, <xref ref-type="bibr" rid="pone.0053096-Cho1">[27]</xref> and in the present study (<xref ref-type="table" rid="pone-0053096-t002">Table 2</xref>). Although it is biologically plausible for a lower risk of thyroid cancer associated with these vascular diseases or their risk factors as discussed above, the accuracy of the diagnosis of these comorbidities by using the ICD-9-CM codes is not known and therefore the findings should better be reconfirmed by future studies.</p>
      <p>Obesity has been shown to be an important risk factor for thyroid cancer in studies conducted in western countries <xref ref-type="bibr" rid="pone.0053096-Almquist1">[11]</xref>. However, contradictory finding of a negative association between body mass index and thyroid cancer risk was observed in a case-control study from China <xref ref-type="bibr" rid="pone.0053096-Zhan1">[12]</xref>. Another recent study also contrarily suggested that women with morbid obesity may have a lower prevalence of thyroid nodules <xref ref-type="bibr" rid="pone.0053096-Cappelli1">[30]</xref>. Although the present study showed a lack of association between obesity diagnosis and thyroid cancer (<xref ref-type="table" rid="pone-0053096-t002">Table 2</xref>), it should be recognized that in clinical practice, we do not usually label a patient with the diagnosis of obesity unless he or she is rather obese (probably when the body mass index is &gt;30 kg/m<sup>2</sup>), when the use of some weight loosing agents are required and the labeling of an obesity diagnosis is necessary for reimbursement purpose. Furthermore, we did not have anthropometric data, such as body mass index or waist circumference, for analysis in this investigation. Therefore, future studies are required to explore the role of obesity in the development of thyroid cancer in our population. However, there remains a possibility that these obese patients might have been more vigorously treated with statin or aspirin for their higher risk of vascular complications; and these medications might have exerted some preventive effects on thyroid cancer.</p>
      <p>The present study was in line with several previous studies showing benign thyroid disease as a significant risk factor for thyroid cancer <xref ref-type="bibr" rid="pone.0053096-Roche1">[3]</xref>. Such an association either indicated a misdiagnosis of a malignant lesion as a benign thyroid condition, or that some benign thyroid disease may progress to malignancy.</p>
      <p>Some studies suggested an association between high levels of socioeconomic status and thyroid cancer, but others found a negative association or a lack of association <xref ref-type="bibr" rid="pone.0053096-Roche1">[3]</xref>. People living in Kao-Ping/Eastern regions had a significantly higher risk of thyroid cancer (<xref ref-type="table" rid="pone-0053096-t002">Table 2</xref>), which might suggest some unknown geographically or socioeconomically related risk factors. Because ionizing radiation is a well recognized risk factor for thyroid cancer <xref ref-type="bibr" rid="pone.0053096-Roche1">[3]</xref>, it is not known whether inappropriately higher use of medically diagnostic or therapeutic radiation could be responsible. Some environmental chemicals may disrupt thyroid function and increase the risk of thyroid cancer, these include dioxins and polyhalogenated aromatic hydrocarbons <xref ref-type="bibr" rid="pone.0053096-Roche1">[3]</xref>. Therefore, a serious and vigorous look for the possibility of a higher exposure to these environmental chemicals among residents in the Kao-Ping/Eastern regions of Taiwan should be warranted. Although nonionizing radiation such as the ultraviolet radiation may cause skin cancer, its link with other cancer such as thyroid cancer is less well documented. The Kao-Ping/Eastern regions in Taiwan are mainly under-developed and less urbanized. Most people living in these regions are farmers or fishermen, and they might have a higher chance of exposure to ultraviolet radiation from sunlight. The observation of a higher risk of thyroid cancer among these residents (<xref ref-type="table" rid="pone-0053096-t002">Table 2</xref>) has paved a way to the investigation on the possible link between sunlight exposure and thyroid cancer.</p>
      <p>Although some cases of thyroid cancer may have been misclassified, such an occurrence was probably low in the present study because labeled diagnoses should be printed on all prescriptions handed out to patients in Taiwan. Mislabeling of a cancer diagnosis would not be acceptable to patients when they saw the diagnosis. In secondary sensitivity analyses when the definition of thyroid cancer was restricted to the patients who had been issued a Severe Morbidity Card bearing a diagnosis of thyroid cancer, the results were similar and the conclusions remained unchanged (data not shown). The impact of a higher probability of receiving potential detection examinations in the diabetic patients was also minimal, because the odds ratios seen in <xref ref-type="table" rid="pone-0053096-t002">Tables 2</xref> and <xref ref-type="table" rid="pone-0053096-t003">3</xref> would not remarkably change if the covariate of “potential detection examinations” was not entered into the models (data not shown).</p>
      <p>This study has several strengths. It is population-based with a large nationally representative sample. The database included outpatients and inpatients and we caught the diagnoses from both sources. The use of medical record also reduced the potential bias related to self-reporting. We also excluded patients with type 1 diabetes to analyze the association specifically in patients with type 2 diabetes.</p>
      <p>Limitations included a lack of actual measurement of anthropometric factors, smoking, alcohol drinking, family history, physical activity, lifestyle, diet, hormones and genetic parameters. In addition, we did not have biochemical data for evaluating their impact. Finally, it would be very important to know the histological feature of the thyroid cancer under study, but the present study was not able to evaluate the histological patterns, molecular markers or clinical stages because of lack of such information. However, according to the Taiwan Cancer Registry, papillary cancer represents 78.1% and 86.0% of all pathologically proven thyroid cancer in men and women, respectively <xref ref-type="bibr" rid="pone.0053096-Bureau1">[31]</xref>, the findings of the present study might better be applied to thyroid papillary cancer.</p>
      <p>In summary, this study shows a lack of an overall association between diabetes and thyroid cancer. Actually patients with diabetes duration &lt;5 years may show a significantly reduced risk. With prolonged diabetes duration, a neutral association is observed. Hypertension, dyslipidemia, chronic obstructive pulmonary disease, and various macro- and microvascular diseases are consistently associated with a lower risk of thyroid cancer, indicating the importance of vascular requirement for the development of thyroid cancer. Statin, aspirin or non-steroidal anti-inflammatory drugs may be associated with a lower risk, but sulfonylurea may increase the risk of thyroid cancer.</p>
    </sec>
  </body>
  <back>
    <ref-list>
      <title>References</title>
      <ref id="pone.0053096-Davies1">
        <label>1</label>
        <mixed-citation publication-type="journal" xlink:type="simple"><name name-style="western"><surname>Davies</surname><given-names>L</given-names></name>, <name name-style="western"><surname>Welch</surname><given-names>HG</given-names></name> (<year>2007</year>) <article-title>Increasing incidence of thyroid cancer in the United States, 1973–2002</article-title>. <source>JAMA</source> <volume>295</volume>: <fpage>2164</fpage>–<lpage>2167</lpage>.</mixed-citation>
      </ref>
      <ref id="pone.0053096-Chiang1">
        <label>2</label>
        <mixed-citation publication-type="journal" xlink:type="simple"><name name-style="western"><surname>Chiang</surname><given-names>CJ</given-names></name>, <name name-style="western"><surname>Chen</surname><given-names>YC</given-names></name>, <name name-style="western"><surname>Chen</surname><given-names>CJ</given-names></name>, <name name-style="western"><surname>You</surname><given-names>SL</given-names></name>, <name name-style="western"><surname>Lai</surname><given-names>MS</given-names></name>, <etal>et al</etal>. (<year>2010</year>) <article-title>Cancer trends in Taiwan</article-title>. <source>Jpn J Clin Oncol</source> <volume>40</volume>: <fpage>897</fpage>–<lpage>904</lpage>.</mixed-citation>
      </ref>
      <ref id="pone.0053096-Roche1">
        <label>3</label>
        <mixed-citation publication-type="journal" xlink:type="simple"><name name-style="western"><surname>Roche</surname><given-names>LM</given-names></name>, <name name-style="western"><surname>Niu</surname><given-names>X</given-names></name>, <name name-style="western"><surname>Pawlish</surname><given-names>KS</given-names></name>, <name name-style="western"><surname>Henry</surname><given-names>KA</given-names></name> (<year>2011</year>) <article-title>Thyroid cancer incidence in New Jersey: time trend, birth cohort and socioeconomic status analysis (1979–2006)</article-title>. <source>J Environ Public Health</source> <volume>2011</volume>: <fpage>850105</fpage>.</mixed-citation>
      </ref>
      <ref id="pone.0053096-McNally1">
        <label>4</label>
        <mixed-citation publication-type="journal" xlink:type="simple"><name name-style="western"><surname>McNally</surname><given-names>RJ</given-names></name>, <name name-style="western"><surname>Blakey</surname><given-names>K</given-names></name>, <name name-style="western"><surname>James</surname><given-names>PW</given-names></name>, <name name-style="western"><surname>Gomez Pozo</surname><given-names>B</given-names></name>, <name name-style="western"><surname>Basta</surname><given-names>NO</given-names></name>, <etal>et al</etal>. (<year>2012</year>) <article-title>Increasing incidence of thyroid cancer in Great Britain, 1976–2005: age-period-cohort analysis</article-title>. <source>Eur J Epidemiol</source> <volume>27</volume>: <fpage>615</fpage>–<lpage>622</lpage>.</mixed-citation>
      </ref>
      <ref id="pone.0053096-Shih1">
        <label>5</label>
        <mixed-citation publication-type="journal" xlink:type="simple"><name name-style="western"><surname>Shih</surname><given-names>SR</given-names></name>, <name name-style="western"><surname>Chiu</surname><given-names>WY</given-names></name>, <name name-style="western"><surname>Chang</surname><given-names>TC</given-names></name>, <name name-style="western"><surname>Tseng</surname><given-names>CH</given-names></name> (<year>2012</year>) <article-title>Diabetes and thyroid cancer risk: literature review</article-title>. <source>Exp Diabetes Res</source> <volume>2012</volume>: <fpage>578285</fpage>.</mixed-citation>
      </ref>
      <ref id="pone.0053096-Giovannucci1">
        <label>6</label>
        <mixed-citation publication-type="journal" xlink:type="simple"><name name-style="western"><surname>Giovannucci</surname><given-names>E</given-names></name>, <name name-style="western"><surname>Harlan</surname><given-names>DM</given-names></name>, <name name-style="western"><surname>Archer</surname><given-names>MC</given-names></name>, <name name-style="western"><surname>Bergenstal</surname><given-names>RM</given-names></name>, <name name-style="western"><surname>Gapstur</surname><given-names>SM</given-names></name>, <etal>et al</etal>. (<year>2010</year>) <article-title>Diabetes and cancer: a consensus report</article-title>. <source>Diabetes Care</source> <volume>33</volume>: <fpage>1674</fpage>–<lpage>1685</lpage>.</mixed-citation>
      </ref>
      <ref id="pone.0053096-Tseng1">
        <label>7</label>
        <mixed-citation publication-type="journal" xlink:type="simple"><name name-style="western"><surname>Tseng</surname><given-names>CH</given-names></name> (<year>2012</year>) <article-title>Diabetes, metformin use, and colon cancer: A population-based cohort study in Taiwan</article-title>. <source>Eur J Endocrinol</source> <volume>167</volume>: <fpage>409</fpage>–<lpage>416</lpage>.</mixed-citation>
      </ref>
      <ref id="pone.0053096-AschebrookKilfoy1">
        <label>8</label>
        <mixed-citation publication-type="journal" xlink:type="simple"><name name-style="western"><surname>Aschebrook-Kilfoy</surname><given-names>B</given-names></name>, <name name-style="western"><surname>Sabra</surname><given-names>MM</given-names></name>, <name name-style="western"><surname>Brenner</surname><given-names>A</given-names></name>, <name name-style="western"><surname>Moore</surname><given-names>SC</given-names></name>, <name name-style="western"><surname>Ron</surname><given-names>E</given-names></name>, <etal>et al</etal>. (<year>2011</year>) <article-title>Diabetes and thyroid cancer risk in the National Institutes of Health-AARP Diet and Health Study</article-title>. <source>Thyroid</source> <volume>21</volume>: <fpage>957</fpage>–<lpage>963</lpage>.</mixed-citation>
      </ref>
      <ref id="pone.0053096-Kitahara1">
        <label>9</label>
        <mixed-citation publication-type="journal" xlink:type="simple"><name name-style="western"><surname>Kitahara</surname><given-names>CM</given-names></name>, <name name-style="western"><surname>Platz</surname><given-names>EA</given-names></name>, <name name-style="western"><surname>Beane Freeman</surname><given-names>LE</given-names></name>, <name name-style="western"><surname>Black</surname><given-names>A</given-names></name>, <name name-style="western"><surname>Hsing</surname><given-names>AW</given-names></name>, <etal>et al</etal>. (<year>2012</year>) <article-title>Physical activity, diabetes, and thyroid cancer risk: a pooled analysis of five prospective studies</article-title>. <source>Cancer Causes Control</source> <volume>23</volume>: <fpage>463</fpage>–<lpage>471</lpage>.</mixed-citation>
      </ref>
      <ref id="pone.0053096-Chodick1">
        <label>10</label>
        <mixed-citation publication-type="journal" xlink:type="simple"><name name-style="western"><surname>Chodick</surname><given-names>G</given-names></name>, <name name-style="western"><surname>Heymann</surname><given-names>AD</given-names></name>, <name name-style="western"><surname>Rosenmann</surname><given-names>L</given-names></name>, <name name-style="western"><surname>Green</surname><given-names>MS</given-names></name>, <name name-style="western"><surname>Flash</surname><given-names>S</given-names></name>, <etal>et al</etal>. (<year>2010</year>) <article-title>Diabetes and risk of incident cancer: a large population-based cohort study in Israel</article-title>. <source>Cancer Causes Control</source> <volume>21</volume>: <fpage>879</fpage>–<lpage>887</lpage>.</mixed-citation>
      </ref>
      <ref id="pone.0053096-Almquist1">
        <label>11</label>
        <mixed-citation publication-type="journal" xlink:type="simple"><name name-style="western"><surname>Almquist</surname><given-names>M</given-names></name>, <name name-style="western"><surname>Johansen</surname><given-names>D</given-names></name>, <name name-style="western"><surname>Björge</surname><given-names>T</given-names></name>, <name name-style="western"><surname>Ulmer</surname><given-names>H</given-names></name>, <name name-style="western"><surname>Lindkvist</surname><given-names>B</given-names></name>, <etal>et al</etal>. (<year>2011</year>) <article-title>Metabolic factors and risk of thyroid cancer in the Metabolic syndrome and Cancer project (Me-Can)</article-title>. <source>Cancer Causes Control</source> <volume>22</volume>: <fpage>743</fpage>–<lpage>751</lpage>.</mixed-citation>
      </ref>
      <ref id="pone.0053096-Zhan1">
        <label>12</label>
        <mixed-citation publication-type="journal" xlink:type="simple"><name name-style="western"><surname>Zhan</surname><given-names>YS</given-names></name>, <name name-style="western"><surname>Feng</surname><given-names>L</given-names></name>, <name name-style="western"><surname>Tang</surname><given-names>SH</given-names></name>, <name name-style="western"><surname>Li</surname><given-names>WG</given-names></name>, <name name-style="western"><surname>Xu</surname><given-names>M</given-names></name>, <etal>et al</etal>. (<year>2010</year>) <article-title>Glucose metabolism disorders in cancer patients in a Chinese population</article-title>. <source>Med Oncol</source> <volume>27</volume>: <fpage>177</fpage>–<lpage>184</lpage>.</mixed-citation>
      </ref>
      <ref id="pone.0053096-Chiou1">
        <label>13</label>
        <mixed-citation publication-type="journal" xlink:type="simple"><name name-style="western"><surname>Chiou</surname><given-names>WK</given-names></name>, <name name-style="western"><surname>Huang</surname><given-names>BY</given-names></name>, <name name-style="western"><surname>Chou</surname><given-names>WY</given-names></name>, <name name-style="western"><surname>Weng</surname><given-names>HF</given-names></name>, <name name-style="western"><surname>Lin</surname><given-names>JD</given-names></name> (<year>2011</year>) <article-title>Incidences of cancers in diabetic and non-diabetic hospitalized adult patients in Taiwan</article-title>. <source>Asian Pac J Cancer Prev</source> <volume>12</volume>: <fpage>1577</fpage>–<lpage>1581</lpage>.</mixed-citation>
      </ref>
      <ref id="pone.0053096-Chen1">
        <label>14</label>
        <mixed-citation publication-type="journal" xlink:type="simple"><name name-style="western"><surname>Chen</surname><given-names>GG</given-names></name>, <name name-style="western"><surname>Vlantis</surname><given-names>AC</given-names></name>, <name name-style="western"><surname>Zeng</surname><given-names>Q</given-names></name>, <name name-style="western"><surname>van Hasselt</surname><given-names>CA</given-names></name> (<year>2008</year>) <article-title>Regulation of cell growth by estrogen signaling and potential targets in thyroid cancer</article-title>. <source>Curr Cancer Drug Targets</source> <volume>8</volume>: <fpage>367</fpage>–<lpage>377</lpage>.</mixed-citation>
      </ref>
      <ref id="pone.0053096-Inzucchi1">
        <label>15</label>
        <mixed-citation publication-type="journal" xlink:type="simple"><name name-style="western"><surname>Inzucchi</surname><given-names>SE</given-names></name>, <name name-style="western"><surname>Bergenstal</surname><given-names>RM</given-names></name>, <name name-style="western"><surname>Buse</surname><given-names>JB</given-names></name>, <name name-style="western"><surname>Diamant</surname><given-names>M</given-names></name>, <name name-style="western"><surname>Ferrannini</surname><given-names>E</given-names></name>, <etal>et al</etal>. (<year>2012</year>) <article-title>Management of Hyperglycemia in Type 2 Diabetes: A Patient-Centered Approach: Position Statement of the American Diabetes Association (ADA) and the European Association for the Study of Diabetes (EASD)</article-title>. <source>Diabetes Care</source> <volume>35</volume>: <fpage>1364</fpage>–<lpage>1379</lpage>.</mixed-citation>
      </ref>
      <ref id="pone.0053096-Kim1">
        <label>16</label>
        <mixed-citation publication-type="journal" xlink:type="simple"><name name-style="western"><surname>Kim</surname><given-names>HK</given-names></name>, <name name-style="western"><surname>Yoon</surname><given-names>JH</given-names></name>, <name name-style="western"><surname>Kim</surname><given-names>SJ</given-names></name>, <name name-style="western"><surname>Cho</surname><given-names>JS</given-names></name>, <name name-style="western"><surname>Kweon</surname><given-names>SS</given-names></name>, <etal>et al</etal>. (<year>2012</year>) <article-title>Higher TSH level is a risk factor for differentiated thyroid cancer</article-title>. <source>Clin Endocrinol (Oxf)</source> 2012 Aug 27. doi: 10.1111/cen.12027. [Epub ahead of print].</mixed-citation>
      </ref>
      <ref id="pone.0053096-Farasat1">
        <label>17</label>
        <mixed-citation publication-type="journal" xlink:type="simple"><name name-style="western"><surname>Farasat</surname><given-names>T</given-names></name>, <name name-style="western"><surname>Cheema</surname><given-names>AM</given-names></name>, <name name-style="western"><surname>Khan</surname><given-names>MN</given-names></name> (<year>2011</year>) <article-title>Relationship of thyroid hormones with serum fasting insulin and insulin resistance in euthyroid glycemic anomalies</article-title>. <source>Pakistan J Zool</source> <volume>43</volume>: <fpage>379</fpage>–<lpage>386</lpage>.</mixed-citation>
      </ref>
      <ref id="pone.0053096-Kadiyala1">
        <label>18</label>
        <mixed-citation publication-type="journal" xlink:type="simple"><name name-style="western"><surname>Kadiyala</surname><given-names>R</given-names></name>, <name name-style="western"><surname>Peter</surname><given-names>R</given-names></name>, <name name-style="western"><surname>Okosieme</surname><given-names>OE</given-names></name> (<year>2010</year>) <article-title>Thyroid dysfunction in patients with diabetes: clinical implications and screening strategies</article-title>. <source>Int J Clin Pract</source> <volume>64</volume>: <fpage>1130</fpage>–<lpage>1139</lpage>.</mixed-citation>
      </ref>
      <ref id="pone.0053096-Wang1">
        <label>19</label>
        <mixed-citation publication-type="journal" xlink:type="simple"><name name-style="western"><surname>Wang</surname><given-names>CY</given-names></name>, <name name-style="western"><surname>Chang</surname><given-names>TC</given-names></name>, <name name-style="western"><surname>Chen</surname><given-names>MF</given-names></name> (<year>2012</year>) <article-title>Associations between subclinical thyroid disease and metabolic syndrome</article-title>. <source>Endocr J</source> <volume>59</volume>: <fpage>911</fpage>–<lpage>917</lpage>.</mixed-citation>
      </ref>
      <ref id="pone.0053096-Tarcin1">
        <label>20</label>
        <mixed-citation publication-type="journal" xlink:type="simple"><name name-style="western"><surname>Tarcin</surname><given-names>O</given-names></name>, <name name-style="western"><surname>Abanonu</surname><given-names>GB</given-names></name>, <name name-style="western"><surname>Yazici</surname><given-names>D</given-names></name>, <name name-style="western"><surname>Tarcin</surname><given-names>O</given-names></name> (<year>2012</year>) <article-title>Association of metabolic syndrome parameters with TT3 and FT3/FT4 ratio in obese Turkish population</article-title>. <source>Metab Syndr Relat Disord</source> <volume>10</volume>: <fpage>137</fpage>–<lpage>142</lpage>.</mixed-citation>
      </ref>
      <ref id="pone.0053096-Hershman1">
        <label>21</label>
        <mixed-citation publication-type="journal" xlink:type="simple"><name name-style="western"><surname>Hershman</surname><given-names>JM</given-names></name>, <name name-style="western"><surname>Konerding</surname><given-names>K</given-names></name> (<year>1968</year>) <article-title>Effects of sulfonylurea drugs on the thyroid and serum protein binding of thyroxine in the rat</article-title>. <source>Endocrinology</source> <volume>83</volume>: <fpage>74</fpage>–<lpage>78</lpage>.</mixed-citation>
      </ref>
      <ref id="pone.0053096-Nikkila1">
        <label>22</label>
        <mixed-citation publication-type="journal" xlink:type="simple"><name name-style="western"><surname>Nikkila</surname><given-names>EA</given-names></name>, <name name-style="western"><surname>Jakobson</surname><given-names>T</given-names></name>, <name name-style="western"><surname>Jokipii</surname><given-names>SG</given-names></name>, <name name-style="western"><surname>Karlsson</surname><given-names>K</given-names></name> (<year>1960</year>) <article-title>Thyroid function in diabetic patients under long-term sulfonylurea treatment</article-title>. <source>Acta Endocrinol (Copenh)</source> <volume>33</volume>: <fpage>623</fpage>–<lpage>629</lpage>.</mixed-citation>
      </ref>
      <ref id="pone.0053096-Guney1">
        <label>23</label>
        <mixed-citation publication-type="journal" xlink:type="simple"><name name-style="western"><surname>Guney</surname><given-names>E</given-names></name>, <name name-style="western"><surname>Efe</surname><given-names>B</given-names></name>, <name name-style="western"><surname>Kebapci</surname><given-names>M</given-names></name>, <name name-style="western"><surname>Entok</surname><given-names>E</given-names></name>, <name name-style="western"><surname>Erenoglu</surname><given-names>E</given-names></name> (<year>1999</year>) <article-title>Effects of second generation sulfonylureas on the thyroid</article-title>. <source>Turkish Journal of Endocrinology and Metabolism</source> <volume>4</volume>: <fpage>173</fpage>–<lpage>176</lpage>.</mixed-citation>
      </ref>
      <ref id="pone.0053096-Hu1">
        <label>24</label>
        <mixed-citation publication-type="journal" xlink:type="simple"><name name-style="western"><surname>Hu</surname><given-names>RM</given-names></name>, <name name-style="western"><surname>Wu</surname><given-names>LM</given-names></name>, <name name-style="western"><surname>Frank</surname><given-names>HJ</given-names></name>, <name name-style="western"><surname>Pedram</surname><given-names>A</given-names></name>, <name name-style="western"><surname>Levin</surname><given-names>ER</given-names></name> (<year>1994</year>) <article-title>Insulin stimulates thyroid hormone receptor alpha gene expression in cultured bovine aortic endothelial cells</article-title>. <source>Mol Cell Endocrinol</source> <volume>103</volume>: <fpage>65</fpage>–<lpage>71</lpage>.</mixed-citation>
      </ref>
      <ref id="pone.0053096-Schultes1">
        <label>25</label>
        <mixed-citation publication-type="journal" xlink:type="simple"><name name-style="western"><surname>Schultes</surname><given-names>B</given-names></name>, <name name-style="western"><surname>Oltmanns</surname><given-names>KM</given-names></name>, <name name-style="western"><surname>Kern</surname><given-names>W</given-names></name>, <name name-style="western"><surname>Born</surname><given-names>J</given-names></name>, <name name-style="western"><surname>Fehm</surname><given-names>HL</given-names></name>, <etal>et al</etal>. (<year>2002</year>) <article-title>Acute and prolonged effects of insulin-induced hypoglycemia on the pituitary-thyroid axis in humans</article-title>. <source>Metabolism</source> <volume>51</volume>: <fpage>1370</fpage>–<lpage>1374</lpage>.</mixed-citation>
      </ref>
      <ref id="pone.0053096-Hegeds1">
        <label>26</label>
        <mixed-citation publication-type="journal" xlink:type="simple"><name name-style="western"><surname>Hegedüs</surname><given-names>L</given-names></name> (<year>2008</year>) <article-title>The potential antigoitrogenic effect of HMG-CoA reductase inhibitors (statins) in man</article-title>. <source>Clin Endocrinol (Oxf)</source> <volume>68</volume>: <fpage>2</fpage>–<lpage>3</lpage>.</mixed-citation>
      </ref>
      <ref id="pone.0053096-Cho1">
        <label>27</label>
        <mixed-citation publication-type="journal" xlink:type="simple"><name name-style="western"><surname>Cho</surname><given-names>NL</given-names></name>, <name name-style="western"><surname>Lin</surname><given-names>CI</given-names></name>, <name name-style="western"><surname>Whang</surname><given-names>EE</given-names></name>, <name name-style="western"><surname>Carothers</surname><given-names>AM</given-names></name>, <name name-style="western"><surname>Moore</surname><given-names>FD</given-names><suffix>Jr</suffix></name>, <etal>et al</etal>. (<year>2010</year>) <article-title>Sulindac reverses aberrant expression and localization of beta-catenin in papillary thyroid cancer cells with the BRAFV600E mutation</article-title>. <source>Thyroid</source> <volume>20</volume>: <fpage>615</fpage>–<lpage>622</lpage>.</mixed-citation>
      </ref>
      <ref id="pone.0053096-Papini1">
        <label>28</label>
        <mixed-citation publication-type="journal" xlink:type="simple"><name name-style="western"><surname>Papini</surname><given-names>E</given-names></name>, <name name-style="western"><surname>Guglielmi</surname><given-names>R</given-names></name>, <name name-style="western"><surname>Bianchini</surname><given-names>A</given-names></name>, <name name-style="western"><surname>Crescenzi</surname><given-names>A</given-names></name>, <name name-style="western"><surname>Taccogna</surname><given-names>S</given-names></name>, <etal>et al</etal>. (<year>2002</year>) <article-title>Risk of malignancy in nonpalpable thyroid nodules: predictive value of ultrasound and color-Doppler features</article-title>. <source>J Clin Endocrinol Metab</source> <volume>87</volume>: <fpage>1941</fpage>–<lpage>1946</lpage>.</mixed-citation>
      </ref>
      <ref id="pone.0053096-Kitahara2">
        <label>29</label>
        <mixed-citation publication-type="journal" xlink:type="simple"><name name-style="western"><surname>Kitahara</surname><given-names>CM</given-names></name>, <name name-style="western"><surname>Linet</surname><given-names>MS</given-names></name>, <name name-style="western"><surname>Beane Freeman</surname><given-names>LE</given-names></name>, <name name-style="western"><surname>Check</surname><given-names>DP</given-names></name>, <name name-style="western"><surname>Church</surname><given-names>TR</given-names></name>, <etal>et al</etal>. (<year>2012</year>) <article-title>Cigarette smoking, alcohol intake, and thyroid cancer risk: a pooled analysis of five prospective studies in the United States</article-title>. <source>Cancer Causes Control</source> <volume>23</volume>: <fpage>1615</fpage>–<lpage>1624</lpage>.</mixed-citation>
      </ref>
      <ref id="pone.0053096-Cappelli1">
        <label>30</label>
        <mixed-citation publication-type="journal" xlink:type="simple"><name name-style="western"><surname>Cappelli</surname><given-names>C</given-names></name>, <name name-style="western"><surname>Pirola</surname><given-names>I</given-names></name>, <name name-style="western"><surname>Mittempergher</surname><given-names>F</given-names></name>, <name name-style="western"><surname>De Martino</surname><given-names>E</given-names></name>, <name name-style="western"><surname>Casella</surname><given-names>C</given-names></name>, <etal>et al</etal>. (<year>2012</year>) <article-title>Morbid obesity in women is associated to a lower prevalence of thyroid nodules</article-title>. <source>Obes Surg</source> <volume>22</volume>: <fpage>460</fpage>–<lpage>464</lpage>.</mixed-citation>
      </ref>
      <ref id="pone.0053096-Bureau1">
        <label>31</label>
        <mixed-citation publication-type="other" xlink:type="simple">Bureau of Health Promotion. Cancer Registry Annual Report 2007. Taiwan: Department of Health, Executive Yuan, 2010.</mixed-citation>
      </ref>
    </ref-list>
  </back>
</article>