<?xml version="1.0" encoding="UTF-8"?>
<!DOCTYPE article
  PUBLIC "-//NLM//DTD Journal Publishing DTD v3.0 20080202//EN" "http://dtd.nlm.nih.gov/publishing/3.0/journalpublishing3.dtd">
<article xmlns:mml="http://www.w3.org/1998/Math/MathML" xmlns:xlink="http://www.w3.org/1999/xlink" article-type="correction" dtd-version="3.0" xml:lang="EN"><front><journal-meta><journal-id journal-id-type="publisher-id">plos</journal-id><journal-id journal-id-type="publisher">pcbi</journal-id><journal-id journal-id-type="allenpress-id">plcb</journal-id><journal-id journal-id-type="nlm-ta">PLoS Comput Biol</journal-id><journal-id journal-id-type="pmc">ploscomp</journal-id><!--===== Grouping journal title elements =====--><journal-title-group><journal-title>PLoS Computational Biology</journal-title></journal-title-group><issn pub-type="ppub">1553-734X</issn><issn pub-type="epub">1553-7358</issn><publisher><publisher-name>Public Library of Science</publisher-name><publisher-loc>San Francisco, USA</publisher-loc></publisher></journal-meta><article-meta><article-id pub-id-type="doi">10.1371/journal.pcbi.0030047</article-id><article-id pub-id-type="publisher-id">07-PLCB-CN-0034</article-id><article-id pub-id-type="sici">plcb-03-02-17</article-id><article-categories><subj-group subj-group-type="heading"><subject>Correction</subject></subj-group><subj-group subj-group-type="Discipline"><subject>Evolutionary Biology</subject><subject>Evolutionary Biology</subject></subj-group><subj-group subj-group-type="System Taxonomy"><subject>Evolution</subject></subj-group></article-categories><title-group><article-title>Correction: The Genome: An Outsider's View</article-title><alt-title alt-title-type="running-head">correction</alt-title></title-group><contrib-group><contrib contrib-type="author" xlink:type="simple"><name name-style="western"><surname>Zimmer</surname><given-names>Carl</given-names></name></contrib></contrib-group><pub-date pub-type="ppub"><month>2</month><year>2007</year></pub-date><pub-date pub-type="epub"><day>23</day><month>2</month><year>2007</year></pub-date><volume>3</volume><issue>2</issue><elocation-id>e47</elocation-id><!--===== Grouping copyright info into permissions =====--><permissions><copyright-year>2007</copyright-year><copyright-holder>Public Library of Science</copyright-holder><license><license-p>This is an open-access article distributed under the terms of the Creative Commons Attribution License, which permits unrestricted use, distribution, and reproduction in any medium, provided the original work is properly cited.</license-p></license></permissions><related-article page="e156" related-article-type="corrected-article" vol="2" xlink:href="info:doi/10.1371/journal.pcbi.0020156" xlink:title="Perspectives" xlink:type="simple">
				<article-title>The Genome: An Outsider's View</article-title>
			</related-article><counts><page-count count="1"/></counts></article-meta></front><body><sec id="s1"><title/><p>In <italic>PLoS Computational Biology,</italic> vol 2, issue 12: doi:<ext-link ext-link-type="doi" xlink:href="http://dx.doi.org/10.1371/journal.pcbi.0020156" xlink:type="simple">10.1371/journal.pcbi.0020156</ext-link></p><p>In the Acknowledgments section of this Perspective, the spelling of the name of Pavel Pevzner was incorrect.</p></sec></body></article>