<?xml version="1.0" encoding="UTF-8"?>
<!DOCTYPE article
  PUBLIC "-//NLM//DTD Journal Publishing DTD v3.0 20080202//EN" "http://dtd.nlm.nih.gov/publishing/3.0/journalpublishing3.dtd">
<article xmlns:mml="http://www.w3.org/1998/Math/MathML" xmlns:xlink="http://www.w3.org/1999/xlink" article-type="research-article" dtd-version="3.0" xml:lang="EN">
<front>
<journal-meta><journal-id journal-id-type="nlm-ta">PLoS ONE</journal-id><journal-id journal-id-type="publisher-id">plos</journal-id><journal-id journal-id-type="pmc">plosone</journal-id><!--===== Grouping journal title elements =====--><journal-title-group><journal-title>PLoS ONE</journal-title></journal-title-group><issn pub-type="epub">1932-6203</issn><publisher>
<publisher-name>Public Library of Science</publisher-name>
<publisher-loc>San Francisco, USA</publisher-loc></publisher></journal-meta>
<article-meta><article-id pub-id-type="publisher-id">07-PONE-RA-01944R1</article-id><article-id pub-id-type="doi">10.1371/journal.pone.0001021</article-id><article-categories><subj-group subj-group-type="heading"><subject>Research Article</subject></subj-group><subj-group subj-group-type="Discipline"><subject>Evolutionary Biology</subject><subject>Genetics and Genomics</subject><subject>Physiology/Integrative Physiology</subject></subj-group></article-categories><title-group><article-title>Maladaptation and the Paradox of Robustness in Evolution</article-title><alt-title alt-title-type="running-head">Paradox of Robustness</alt-title></title-group><contrib-group>
<contrib contrib-type="author" xlink:type="simple"><name name-style="western"><surname>Frank</surname><given-names>Steven A.</given-names></name><xref ref-type="aff" rid="aff1"/><xref ref-type="corresp" rid="cor1"><sup>*</sup></xref></contrib>
</contrib-group><aff id="aff1">          <addr-line>Department of Ecology and Evolutionary Biology, University of California at Irvine, Irvine, California, United States of America</addr-line>       </aff><contrib-group>
<contrib contrib-type="editor" xlink:type="simple"><name name-style="western"><surname>Barton</surname><given-names>Nick</given-names></name>
<role>Academic Editor</role>
<xref ref-type="aff" rid="edit1"/></contrib>
</contrib-group><aff id="edit1">University of Edinburgh, United Kingdom</aff><author-notes>
<corresp id="cor1">* To whom correspondence should be addressed. E-mail: <email xlink:type="simple">safrank@uci.edu</email></corresp>
<fn fn-type="con"><p>Wrote the paper: SF.</p></fn>
<fn fn-type="conflict"><p>The author has declared that no competing interests exist.</p></fn></author-notes><pub-date pub-type="collection"><year>2007</year></pub-date><pub-date pub-type="epub"><day>10</day><month>10</month><year>2007</year></pub-date><volume>2</volume><issue>10</issue><elocation-id>e1021</elocation-id><history>
<date date-type="received"><day>6</day><month>8</month><year>2007</year></date>
<date date-type="accepted"><day>24</day><month>9</month><year>2007</year></date>
</history><!--===== Grouping copyright info into permissions =====--><permissions><copyright-year>2007</copyright-year><copyright-holder>Steven Frank</copyright-holder><license><license-p>This is an open-access article distributed under the terms of the Creative Commons Attribution License, which permits unrestricted use, distribution, and reproduction in any medium, provided the original author and source are credited.</license-p></license></permissions><abstract><sec>
<title>Background</title>
<p>Organisms use a variety of mechanisms to protect themselves against perturbations. For example, repair mechanisms fix damage, feedback loops keep homeostatic systems at their setpoints, and biochemical filters distinguish signal from noise. Such buffering mechanisms are often discussed in terms of robustness, which may be measured by reduced sensitivity of performance to perturbations.</p>
</sec><sec>
<title>Methodology/Principal Findings</title>
<p>I use a mathematical model to analyze the evolutionary dynamics of robustness in order to understand aspects of organismal design by natural selection. I focus on two characters: one character performs an adaptive task; the other character buffers the performance of the first character against perturbations. Increased perturbations favor enhanced buffering and robustness, which in turn decreases sensitivity and reduces the intensity of natural selection on the adaptive character. Reduced selective pressure on the adaptive character often leads to a less costly, lower performance trait.</p>
</sec><sec>
<title>Conclusions/Significance</title>
<p>The paradox of robustness arises from evolutionary dynamics: enhanced robustness causes an evolutionary reduction in the adaptive performance of the target character, leading to a degree of maladaptation compared to what could be achieved by natural selection in the absence of robustness mechanisms. Over evolutionary time, buffering traits may become layered on top of each other, while the underlying adaptive traits become replaced by cheaper, lower performance components. The paradox of robustness has widespread implications for understanding organismal design.</p>
</sec></abstract><funding-group><funding-statement>National Science Foundation grant DEB-0089741 and National Institute of General Medical Sciences MIDAS Program grant U01-GM-76499 support the research of this author.</funding-statement></funding-group><counts><page-count count="6"/></counts></article-meta>
</front>
<body><sec id="s1">
<title>Introduction</title>
<p>I argue that robustness creates a directionality in the evolutionary history of life. Each increase in robustness reduces the sensitivity of certain organismal traits to environmental perturbations <xref ref-type="bibr" rid="pone.0001021-deVisser1">[1]</xref>–<xref ref-type="bibr" rid="pone.0001021-Alon1">[5]</xref>. Reduced sensitivity often means that degradation in the trait has less consequence for organismal fitness. If a degraded trait does not reduce fitness as much as it would have before protection by a robustness mechanism, then natural selection will often favor a less costly, lower performance trait. Over time, the dynamics play out as follows: robustness mechanisms reduce sensitivity; those traits buffered by robustness degrade to lower performing and less costly states; new robustness mechanisms arise; and the cycle continues. Buffering traits become layered on top of each other, while the underlying traits become replaced by cheaper, lower performance components.</p>
<p>To fix ideas, I begin with a particular example and then follow with a general formulation of the robustness paradox. In the introductory example, the adaptive character is a receptor that distinguishes between correct and incorrect ligands. The level of perturbation arises from the cost of incorrect binding. Misbinding depends on the abundance of alternative ligands, which sets the level of background noise from which the receptor must distinguish the correct signal. To study this problem, I follow the classic model of kinetic proofreading <xref ref-type="bibr" rid="pone.0001021-Hopfield1">[6]</xref> as formulated by Alon <xref ref-type="bibr" rid="pone.0001021-Alon1">[5]</xref>.</p>
<sec id="s1a">
<title>Relation to past research</title>
<p>Studies of robustness have followed distinct lines of thought and distinct literatures. Before proceeding with my own analyses, it is useful to place my approach within the context of these existing lines of thought.</p>
<p>Recently, the most widely discussed research arises from the study of genetic robustness: the mechanisms that reduce the sensitivity of organismal performance to inherited mutations <xref ref-type="bibr" rid="pone.0001021-deVisser1">[1]</xref>, <xref ref-type="bibr" rid="pone.0001021-Wagner1">[4]</xref>. That research typically considers how organisms evolve to protect themselves against perturbations from the environment, perturbations during development, or perturbations from inherited mutations. Buffering mechanisms that protect against those various kinds of perturbations have the consequence of reducing the sensitivity of the organism to an inherited mutation, even if the original buffering mechanism arose to protect against environmental or developmental perturbations. Reduced sensitivity to inherited mutations slows the rate at which natural selection clears deleterious mutations from the population. Slower clearance of deleterious mutations increases the accumulation over time of genetic variability.</p>
<p>This view of genetic robustness plays a key role in understanding the evolutionary forces that shape genetic variation. In this case, the particular argument depends on the balance between natural selection and mutation: on one side, robustness reduces sensitivity to genetic (mutational) perturbations and therefore weakens the force of natural selection; on the other side, the weakened force of selection must be balanced against the continual evolutionary pressure from new mutations.</p>
<p>This argument about the balance between mutation and selection may be important for understanding genetic variation. But it does not help in understanding the evolutionary design of organismal characters. The problem is that mutation is a relatively weak evolutionary force, so changes in the balance between mutation and selection usually do not cause major changes in the design of the key performance characteristics of organisms.</p>
<p>By contrast, a completely distinct line of thought and literature focuses on the costs and benefits of key performance characteristics in the face of environmental perturbations <xref ref-type="bibr" rid="pone.0001021-Alexander1">[7]</xref>–<xref ref-type="bibr" rid="pone.0001021-Diamond1">[9]</xref>. This literature emphasizes safety factors in design, that is, excess capacity of characters that protect against failure in the face of rare perturbations. Safety factors are just another name for buffering or robustness, in that such factors reduce the sensitivity of the organism to perturbations. The literature on safety factors emphasizes a cost-benefit analysis. Safety factors are costly, and so must provide sufficient benefit in protecting against perturbations in order to offset their costs. By such cost-benefit analysis, one may analyze the variability in safety factors found in different characters, such as bones or respiratory capacity of lungs.</p>
<p>I initiate in this paper a different argument that derives aspects from the two prior traditions. On the one hand, I focus on how costs and benefits shape key performance characters, like the work on safety factors. On the other hand, I emphasize the dynamics of evolutionary change, as in the literature on genetic robustness. Joining cost-benefit analysis with evolutionary dynamics leads me to study how key performance characters change evolutionarily in response to changes in robustness or, similarly, to changes in safety factors.</p>
</sec><sec id="s1b">
<title>Overview of the argument</title>
<p>The broad subjects of robustness and safety factors cover many different kinds of problems. I focus narrowly on my single point: the cost-benefit analysis of performance traits leads to interesting conclusions about the joint evolution of robustness and decay.</p>
<p>I begin with the explicit example of kinetic proofreading to clarify key aspects of my argument. In particular, the example shows how I separate between traits that buffer the organism from perturbations and traits that directly perform an important function. Increased buffering alters the balance between costs and benefits for the direct performance character. I study the joint evolution of the two characters: buffering and direct performance. The evolutionary dynamics of these two characters leads to my conclusions about how increases in robustness may lead to the decay or maladaptation of direct performance characters.</p>
<p>After I develop the particular example to illustrate my key points, I then turn to a general analysis of the problem. The general analysis provides insight into any system that can be understood in terms of distinct buffering and direct performance characters. Along the way, I derive measures for robustness and maladaptation. Those measures clarify how to think about the evolutionary dynamics.</p>
<p>I develop measures of robustness and maladaptation in terms of the shapes of fitness surfaces. That approach shares certain features with prior work, for example, that by Rice <xref ref-type="bibr" rid="pone.0001021-Rice1">[10]</xref>. The common use of such fitness surfaces is not surprising. Ultimately, to understand evolutionary dynamics, one must implicitly or explicitly be tracking how changes in characters alter fitness surfaces and, in turn, how altered fitness surfaces influence the evolution of characters.</p>
</sec></sec><sec id="s2">
<title>Results</title>
<sec id="s2a">
<title>Cost-benefit analysis: an example</title>
<p>In this biochemical example, the receptor binding kinetics of correct and incorrect ligands differ only in their off-rates, the rates at which the bound ligands release from the receptor. The correct ligand releases at rate <italic>k;</italic> the incorrect ligands release at rate <italic>k</italic>(1+<italic>δ</italic>). Kinetic proofreading arises from the delay time, <italic>τ</italic>, between initial binding and when the bound ligand induces a signal in the receptor. With this setup, the probability that a correct initial binding yields a signal is <italic>e</italic><sup>−<italic>kτ</italic></sup>, and the probability that an incorrect initial binding yields a signal is <italic>e</italic><sup>−<italic>k</italic>(1+<italic>δ</italic>)<italic>τ</italic></sup>. The ratio of correct to incorrect signals is <italic>e<sup>δkτ</sup></italic>. An increased delay, <italic>τ</italic>, enhances the ratio of accurate to inaccurate signals. Note that <italic>kτ</italic> always occurs as a pair, so, without loss of generality, I set <italic>k</italic> = 1 and absorb that parameter into values of <italic>τ</italic>.</p>
<p>This model of kinetic proofreading has provided much insight into several aspects of molecular recognition <xref ref-type="bibr" rid="pone.0001021-Alon1">[5]</xref>, <xref ref-type="bibr" rid="pone.0001021-McKeithan1">[11]</xref>, <xref ref-type="bibr" rid="pone.0001021-Goldstein1">[12]</xref>. However, the simple ratio of correct to incorrect signals, <italic>e<sup>δτ</sup></italic>, is incomplete from an evolutionary perspective. The ratio depends on two characters: <italic>δ</italic> sets the intrinsic discriminatory power of the receptor to distinguish correct and incorrect ligands; <italic>τ</italic> sets the strength of the filter that separates correct recognition from perturbations that increase with the abundance of incorrect ligands. Increases in either the direct adaptive character, <italic>δ</italic>, or in the buffer against perturbation, <italic>τ</italic>, raise the success ratio. Certainly, natural selection will not increase both characters without bound. So, how does natural selection jointly shape the direct adaptive character and the buffer against perturbation?</p>
<p>An increase in the buffering character, <italic>τ</italic>, lowers the probability that any ligand induces a signal. Thus, a rise in <italic>τ</italic> reduces the correct signals as well as the incorrect signals. The benefit arises because the incorrect signals are reduced more than the correct signals, but a full analysis must also account for how increases in <italic>τ</italic> reduce the correct signal probability. In addition, the simple formulation does not provide any limit on how <italic>δ</italic> will evolve: without any explicit constraint, the receptor would evolve ever increasing discriminatory power by raising <italic>δ</italic> until incorrect ligands fell off at very high rates.</p>
<p>We can account for all costs and benefits on both characters by formulating fitness, or performance, as<disp-formula><graphic mimetype="image" position="float" xlink:href="info:doi/10.1371/journal.pone.0001021.e001" xlink:type="simple"/><label>(1)</label></disp-formula>where <italic>e</italic><sup>−<italic>cδ</italic></sup> is the cost imposed on receptor function for an increased ability to discriminate against incorrect ligands; <italic>e</italic><sup>−<italic>τ</italic></sup> is the probability of a correct ligand signal per correct ligand binding; and <italic>be</italic><sup>−(1+<italic>δ</italic>)<italic>τ</italic></sup> is the probability of an incorrect ligand signal per incorrect ligand binding weighted by the intensity and cost of such perturbations, <italic>b</italic>. Thus, we have two character values, <italic>δ</italic> for direct discrimination against incorrect signals and <italic>τ</italic> as a buffer that reduces the sensitivity to incorrect signals. Two parameters influence how those characters determine fitness: <italic>c</italic> sets the cost of direct discrimination, and <italic>b</italic> sets the intensity of external perturbations.</p>
<p>The solid lines in <xref ref-type="fig" rid="pone-0001021-g001">Figure 1A–F</xref> show the optimum values for the buffer character, <italic>τ</italic>*, and the direct adaptive character, <italic>δ</italic>*, for different intensities of perturbation, <italic>b</italic>, and costs for the direct character, <italic>c</italic>. To obtain the joint optimum, {<italic>δ</italic>*,<italic>τ</italic>*}, I let both characters evolve in response to each other.</p>
<fig id="pone-0001021-g001" position="float"><object-id pub-id-type="doi">10.1371/journal.pone.0001021.g001</object-id><label>Figure 1</label><caption>
<title>Joint evolution of a direct character, <italic>δ</italic>, that filters signal from noise, and a buffering character, <italic>τ</italic>, that reduces the sensitivity of the direct character to perturbations.</title>
<p>The intensity of perturbations rises with the cost of incorrect signals, <italic>b</italic>. The direct character has an independent cost, <italic>c</italic>. (A–C) The optimal value of the buffering character, <italic>τ</italic>*, when both the buffering character and the direct character evolve freely. (D–F) The optimal value of the direct character. The solid line shows <italic>δ</italic>*, when both the direct and buffering character evolve freely. The dashed line shows <inline-formula><inline-graphic mimetype="image" xlink:href="info:doi/10.1371/journal.pone.0001021.e002" xlink:type="simple"/></inline-formula>, the evolutionary response of the direct character when the buffering character is constrained to <inline-formula><inline-graphic mimetype="image" xlink:href="info:doi/10.1371/journal.pone.0001021.e003" xlink:type="simple"/></inline-formula>, as explained in the text. (G–I) The ratio of fitness, <italic>w</italic>, when both characters evolve freely to {<italic>δ</italic>*,<italic>τ</italic>*} relative to when <italic>τ</italic> is fixed and <italic>δ</italic> evolves freely to the point <inline-formula><inline-graphic mimetype="image" xlink:href="info:doi/10.1371/journal.pone.0001021.e004" xlink:type="simple"/></inline-formula>. The ratio shows the net benefit of robustness in terms of enhanced fitness from buffering against perturbations.</p>
</caption><graphic mimetype="image" position="float" xlink:href="info:doi/10.1371/journal.pone.0001021.g001" xlink:type="simple"/></fig>
<p>How much does the buffer character reduce the performance of the direct character by shielding the direct character from the consequences of perturbations? To study that question, I set the buffer character to a fixed value, <inline-formula><inline-graphic mimetype="image" xlink:href="info:doi/10.1371/journal.pone.0001021.e005" xlink:type="simple"/></inline-formula>, the optimum value of <italic>τ</italic> when <italic>b</italic> = 1. I then increased <italic>b</italic>, forcing the direct character, <italic>δ</italic>, to respond fully to the rising intensity of perturbations without the benefit of being protected by enhanced buffering.</p>
<p>The dashed lines in <xref ref-type="fig" rid="pone-0001021-g001">Figure 1D–F</xref> show the optimum value of the direct character, <inline-formula><inline-graphic mimetype="image" xlink:href="info:doi/10.1371/journal.pone.0001021.e006" xlink:type="simple"/></inline-formula>, given a fixed buffering character, <inline-formula><inline-graphic mimetype="image" xlink:href="info:doi/10.1371/journal.pone.0001021.e007" xlink:type="simple"/></inline-formula>. In the absence of protection by enhanced buffering, the direct character evolves to significantly higher levels of performance in response to rising perturbations. The decline of the solid lines relative to the dashed lines shows the degree of reduced performance for the direct character caused by enhanced buffering. To measure reduced performance of the direct character, <italic>δ</italic>, note that <italic>e</italic><sup>−(1+<italic>δ</italic>)<italic>τ</italic></sup> measures the probability of a false signal caused by binding an incorrect ligand. One way to measure the decline in performance between <inline-formula><inline-graphic mimetype="image" xlink:href="info:doi/10.1371/journal.pone.0001021.e008" xlink:type="simple"/></inline-formula> (dashed lines) and <italic>δ</italic>* (solid lines) in <xref ref-type="fig" rid="pone-0001021-g001">Figure 1D–F</xref>, holding other factors constant, is by the logarithm of the ratio of false signal probabilities given a fixed value of <italic>τ</italic>,<disp-formula><graphic mimetype="image" position="float" xlink:href="info:doi/10.1371/journal.pone.0001021.e009" xlink:type="simple"/><label>(2)</label></disp-formula>thus, the distance between the dashed and solid lines provides a reasonable measure of the reduced performance of the direct character caused by an evolutionary response to buffering. Put another way, the robustness provided by the evolution of the buffering character, <italic>τ</italic>, leads to maladaptation in the character that directly affects the phenotype under study—in this case, the filtering of false signals.</p>
</sec><sec id="s2b">
<title>The meaning of maladaptation</title>
<p>By <italic>maladaptation</italic>, I mean the decrease in the performance of a character relative to what could be achieved by natural selection in the absence of robustness mechanisms. For example, corrective lenses for vision, by buffering against genetic and developmental perturbations, may reduce native visual acuity over evolutionary time, even though net acuity—native acuity plus corrective lenses—may increase. In that regard, I consider the loss of native acuity to be maladaptation. It would be more precise to say that visual acuity suffers partial maladaptation, holding constant the buffering mechanism of corrective lenses. Because we often evaluate direct performance, holding other characters constant, it is useful to consider the reduced direct performance that results from the introduction of a distinct character that acts as a buffer against perturbations.</p>
</sec><sec id="s2c">
<title>Alternative ways to view robustness</title>
<p>I now turn to the problem of measuring robustness. Robustness means reduced sensitivity to perturbation. Reduced sensitivity typically acts by a buffer that lowers the intensity of natural selection on the direct character; the lower intensity of selection is what leads to a decay in performance of the direct character. In the particular example here, how does the buffering character, <italic>τ</italic>, reduce sensitivity of the direct character, <italic>δ</italic>?</p>
<p>One way to measure reduced sensitivity is to start at a particular optimum, {<italic>δ</italic>*,<italic>τ</italic>*}, and then analyze how a small increase in <italic>τ</italic> reduces the intensity of natural selection on <italic>δ</italic>. This measure provides insight into a necessary condition for <italic>τ</italic> to be considered a robustness mechanism: greater buffering must reduce sensitivity of some direct character. I discuss this measure below.</p>
<p>A second measure emphasizes the evolutionary dynamics in response to increased perturbations and the consequences for the accumulation of deleterious genetic variation by mutation pressure. Suppose, for some level of perturbation, <italic>b</italic><sub>1</sub>, we are at an optimum {<italic>δ</italic><sub>1</sub>*,<italic>τ</italic><sub>1</sub>*|<italic>b</italic><sub>1</sub>}. Perturbations subsequently increase to <italic>b</italic><sub>2</sub>, leading eventually to a new optimum {<italic>δ</italic><sub>2</sub>*,<italic>τ</italic><sub>2</sub>*|<italic>b</italic><sub>2</sub>}, where, in response to greater perturbations, buffering has increased, <italic>τ</italic><sub>2</sub>*&gt;<italic>τ</italic><sub>1</sub>*. With increased buffering under perturbation conditions <italic>b</italic><sub>2</sub>, how has the sensitivity of <italic>δ</italic> changed? In particular, how does a given fractional change in <italic>δ</italic> affect fitness under the stronger buffering condition <italic>b</italic><sub>2</sub> relative to the weaker buffering condition <italic>b</italic><sub>1</sub>?</p>
</sec><sec id="s2d">
<title>The paradox of robustness in the kinetic proofreading example</title>
<p>For the particular model of kinetic proofreading in Equation 1, <xref ref-type="fig" rid="pone-0001021-g002">Figure 2</xref> shows the reduction in sensitivity to fluctuations in <italic>δ</italic> under the stronger buffering condition. Here, reduced sensitivity means a smaller effect on fitness for a given percentage change in <italic>δ</italic>. With reduced sensitivity, the intensity of natural selection has declined, and thus mutations that cause deviations in the direct character, <italic>δ</italic>, will spread more easily, causing decay in the direct performance of the adaptive character. Such decay further exacerbates the maladaptation caused by robustness.</p>
<fig id="pone-0001021-g002" position="float"><object-id pub-id-type="doi">10.1371/journal.pone.0001021.g002</object-id><label>Figure 2</label><caption>
<title>Reduced sensitivity caused by robustness that buffers against perturbations.</title>
<p>Calculated as log<sub>2</sub>(γ), where γ is defined in Equation 3, and ε = 0.01.</p>
</caption><graphic mimetype="image" position="float" xlink:href="info:doi/10.1371/journal.pone.0001021.g002" xlink:type="simple"/></fig>
<p>This example of kinetic proofreading illustrates the paradox of robustness. As mechanisms that increase robustness spread, the system gains increasing fitness by reduced sensitivity to perturbations. However, reduced sensitivity causes the performance of direct characters to decay, leading to greater maladaptation of the direct characters when measured by holding constant other characters. The decay arises from two processes. First, greater buffering reduces the benefit provided by the direct character, favoring the use of less costly components or cheaper designs. Second, greater buffering, by reducing the intensity of natural selection acting on the direct characters, allows greater accumulation of mutations that decay performance of the direct characters. In general, mutation is a relatively weak force. Thus, the first process, in which natural selection favors the use of cheaper designs, will usually dominate the second process, in which mutation accumulation decays performance.</p>
<p>I have, thus far, presented all of my analyses and quantitative measures in terms of the particular example of kinetic proofreading. That example fixed ideas and showed how one must analyze the joint evolution of two characters to understand the evolutionary dynamics of robustness. I now turn to a more general quantitative analysis that facilitates application to other problems.</p>
</sec><sec id="s2e">
<title>General measures of robustness</title>
<p>For a buffering character to qualify as a robustness mechanism, it must reduce the sensitivity to perturbations of a direct character. Denote, as above, a buffering character, <italic>τ</italic>, a direct character, <italic>δ</italic>, and the intensity of perturbation, <italic>b</italic>. Here, these values are not tied to a particular model, but represent the general expression of the problem. Let system performance, or fitness, be <italic>w</italic>(<italic>δ</italic>,<italic>τ</italic>,<italic>b</italic>). For <italic>b</italic> to act as a perturbation, an increase in <italic>b</italic> must reduce <italic>w</italic>, that is, <italic>∂w/∂b&lt;0</italic>. For <italic>τ</italic> to act as a buffer against perturbation, an increase in <italic>τ</italic> must reduce the negative effect of increasing perturbation,<disp-formula><graphic mimetype="image" position="float" xlink:href="info:doi/10.1371/journal.pone.0001021.e010" xlink:type="simple"/></disp-formula>At a local optimum, {<italic>δ</italic>*,<italic>τ</italic>*|<italic>b</italic>*}, local sensitivity of fitness to changes in the direct character can be measured by the curvature of the fitness function at the optimum<disp-formula><graphic mimetype="image" position="float" xlink:href="info:doi/10.1371/journal.pone.0001021.e011" xlink:type="simple"/></disp-formula>where the value of σ is negative because the second derivative decreases around a local optimum. The buffer character reduces local sensitivity of the direct character by an amount measured by the degree to which an increase in buffering, <italic>τ</italic>, reduces the curvature of the fitness function in relation to the direct character: reduced curvature means that σ becomes less negative (closer to zero), causing a flattening of the fitness curve near the optimum. This reduction in curvature, a measure of robustness, can be expressed by<disp-formula><graphic mimetype="image" position="float" xlink:href="info:doi/10.1371/journal.pone.0001021.e012" xlink:type="simple"/></disp-formula>These definitions of local sensitivity define robustness induced by the character <italic>τ</italic> in relation to fitness and in relation to a direct character, <italic>δ</italic>. One may often wish to have a global measure of changes in sensitivity of the direct character to changes in <italic>τ</italic>, in order to predict the amount of additional genetic variation that may accumulate by mutation in response to reduced selective intensity on <italic>δ</italic>. Suppose we wish to compare the system at two different points. To obtain the first point, which we use for reference values, we first calculate the optimum at <inline-formula><inline-graphic mimetype="image" xlink:href="info:doi/10.1371/journal.pone.0001021.e013" xlink:type="simple"/></inline-formula>. We then calculate the constrained optima <inline-formula><inline-graphic mimetype="image" xlink:href="info:doi/10.1371/journal.pone.0001021.e014" xlink:type="simple"/></inline-formula> for <italic>b</italic>&gt;<italic>b̂</italic>, in which we keep <inline-formula><inline-graphic mimetype="image" xlink:href="info:doi/10.1371/journal.pone.0001021.e015" xlink:type="simple"/></inline-formula> and thereby force all changes in response to increased perturbations to be made via the direct character, <italic>δ</italic>. This setup provides reference values for the system when it is forced to adjust to increased perturbations without the benefit of increasing robustness via the buffering character, <italic>τ</italic>. We compare these reference points, with <italic>τ</italic> constrained not change, against optima that result when the system is allowed to enhance buffering in response to increased perturbation. In particular, we start at the same point, <inline-formula><inline-graphic mimetype="image" xlink:href="info:doi/10.1371/journal.pone.0001021.e016" xlink:type="simple"/></inline-formula>, but as <italic>b</italic> increases, we allow both <italic>δ</italic>* and <italic>τ</italic>* to change, in general, causing <inline-formula><inline-graphic mimetype="image" xlink:href="info:doi/10.1371/journal.pone.0001021.e017" xlink:type="simple"/></inline-formula> and <inline-formula><inline-graphic mimetype="image" xlink:href="info:doi/10.1371/journal.pone.0001021.e018" xlink:type="simple"/></inline-formula>.</p>
<p>With these definitions, we can develop a global measure for the change in the sensitivity of the direct character, <italic>δ</italic>, to a change in <italic>τ</italic>, in order to predict the amount of additional genetic variation that may accumulate by mutation in response to reduced selective intensity on <italic>δ</italic>. We compare the system at the two different optima described in the previous paragraph. In this case, we measure global sensitivity, γ, by the change in relative fitness for a fractional change, ε, in the optimum of the direct character, <italic>δ</italic><sub>opt</sub>, that is, <italic>δ</italic> = <italic>δ</italic><sub>opt</sub>(1−ε), yielding<disp-formula><graphic mimetype="image" position="float" xlink:href="info:doi/10.1371/journal.pone.0001021.e019" xlink:type="simple"/><label>(3)</label></disp-formula>In general, γ&lt;1 when <italic>τ</italic> acts as a robustness mechanism that reduces the sensitivity of performance to fluctuations in <italic>δ</italic>. <xref ref-type="fig" rid="pone-0001021-g002">Figure 2</xref> plots log<sub>2</sub>(γ) for the particular example of kinetic proofreading.</p>
</sec><sec id="s2f">
<title>A general measure of maladaptation shaped by cost and benefit</title>
<p>Finally, we need a measure of maladaptation that describes the partial decay in performance caused by evolution of the direct character to a lower cost solution in response to the protection provided by robustness mechanisms. As with sensitivity, I begin with a local measure, then develop a global measure. For the local measure, I start at a local optimum {<italic>δ</italic>*,<italic>τ</italic>*}, and use the chain rule to partition how <italic>δ</italic>* changes in response to an increase in perturbation<disp-formula><graphic mimetype="image" position="float" xlink:href="info:doi/10.1371/journal.pone.0001021.e020" xlink:type="simple"/></disp-formula>In general, a robustness mechanism implies that buffering increases in response to an increase in perturbations, d<italic>τ</italic>*/d<italic>b</italic>&gt;0, and an increase in buffering causes a partial reduction in the direct character by the protection afforded against perturbations, <inline-formula><inline-graphic mimetype="image" xlink:href="info:doi/10.1371/journal.pone.0001021.e021" xlink:type="simple"/></inline-formula>. Thus, the response of the buffering character, <italic>τ</italic>, causes <italic>δ</italic>* to increase in response to enhanced perturbations by less than it would in the absence of buffering—the term<disp-formula><graphic mimetype="image" position="float" xlink:href="info:doi/10.1371/journal.pone.0001021.e022" xlink:type="simple"/></disp-formula>measures the local pressure causing maladaptation of <italic>δ</italic>.</p>
<p>A global measure of maladaptation requires comparison of two local optima. For one of the optima, we constrain <italic>τ</italic> to be unchanging in response to perturbation, forming a reference point against which we can compare the response of <italic>δ</italic> when <italic>τ</italic> is not constrained. As before, we begin at the point <inline-formula><inline-graphic mimetype="image" xlink:href="info:doi/10.1371/journal.pone.0001021.e023" xlink:type="simple"/></inline-formula>. As <italic>b</italic> increases, we constrain one point to keep a fixed value of <inline-formula><inline-graphic mimetype="image" xlink:href="info:doi/10.1371/journal.pone.0001021.e024" xlink:type="simple"/></inline-formula>, yielding the reference optimum <inline-formula><inline-graphic mimetype="image" xlink:href="info:doi/10.1371/journal.pone.0001021.e025" xlink:type="simple"/></inline-formula>, and compare that optimum to the one that arises when both <italic>δ</italic> and <italic>τ</italic> evolve jointly to the point {<italic>δ</italic>*,<italic>τ</italic>*|<italic>b</italic>}. A global measure of maladaptation compares the partial direct performance of <italic>δ</italic> in the absence of enhanced buffering compared with enhanced buffering, at a value <italic>b</italic>&gt;<italic>bˆ</italic>, yielding<disp-formula><graphic mimetype="image" position="float" xlink:href="info:doi/10.1371/journal.pone.0001021.e026" xlink:type="simple"/></disp-formula>where <italic>P</italic>(<sup>.</sup>) measures partial direct performance, holding constant other factors. The best definition of <italic>P</italic>(<sup>.</sup>) may depend on the particular problem and on the factors one wishes to emphasize. In my example of kinetic proofreading, the logarithm of the ratio of false signal probabilities given a fixed value of <italic>τ</italic> was given by Equation 2: in that particular example <italic>P</italic>(<italic>δ</italic>) = <italic>δτ</italic> is a linear function of the direct character, <italic>δ</italic>.</p>
</sec></sec><sec id="s3">
<title>Discussion</title>
<p>The paradox of robustness arises because each increase in buffering causes the evolution of reduced performance by direct adaptive characters. This feedback between robustness and the direct characters that are protected from perturbations leads to a directionality in evolution: enhanced robustness protects against perturbations and increases fitness; direct characters decay because they are shielded from perturbations; enhanced robustness, once in place, cannot easily be removed, because the decay of the original direct characters causes the system to depend on the new protections against perturbations. In consequence, additional robustness mechanisms will, over time, be layered on top of the system; direct characters will decay; and new protections against perturbations will follow. Other factors will, of course, come into play, but evolutionary dynamics drives systems in the direction of repeated rounds of enhanced robustness and decay.</p>
<p>The fundamental logic of this theory holds without doubt. But how important has the dynamics of robustness and decay been in the history of life? I suggest two empirical approaches. The first approach applies experimental evolution of microbes. One may identify characters that perform some direct adaptive function, such as distinguishing correct from false signals or repairing damage. To the extent that those characters have a cost, robustness mechanisms that lessen the fitness sensitivity of the direct characters to perturbations should lead to the decay in the performance of the direct characters.</p>
<p>The second approach analyzes the phylogenetic history of robustness mechanisms that buffer against perturbations. The history of homeostasis provides a promising line of work. With each homeostatic innovation, how did the existing mechanisms that buffer against perturbations respond? Was there a net improvement in the total capacity of the system to deal with environmental perturbations, yet a decay in individual components of the overall homeostatic process? In general, does enhanced robustness lead to improved system performance but also the evolution of less costly, lower performance components?</p>
</sec><sec id="s4">
<title>Materials and Methods</title>
<p>The <italic>Results</italic> section includes the full methods for this study.</p>
</sec></body>
<back>
<ack>
<p>I was helped by discussions with David Krakauer.</p>
</ack>
<ref-list>
<title>References</title>
<ref id="pone.0001021-deVisser1"><label>1</label><element-citation publication-type="journal" xlink:type="simple">             <person-group person-group-type="author">
<name name-style="western"><surname>de Visser</surname><given-names>JA</given-names></name>
<name name-style="western"><surname>Hermisson</surname><given-names>J</given-names></name>
<name name-style="western"><surname>Wagner</surname><given-names>GP</given-names></name>
<name name-style="western"><surname>Ancel Meyers</surname><given-names>L</given-names></name>
<name name-style="western"><surname>Bagheri-Chaichian</surname><given-names>H</given-names></name>
<etal/></person-group>             <year>2003</year>             <article-title>Perspective: Evolution and detection of genetic robustness.</article-title>             <source>Evolution</source>             <volume>57</volume>             <fpage>1959</fpage>             <lpage>1972</lpage>          </element-citation></ref>
<ref id="pone.0001021-Frank1"><label>2</label><element-citation publication-type="journal" xlink:type="simple">             <person-group person-group-type="author">
<name name-style="western"><surname>Frank</surname><given-names>SA</given-names></name>
</person-group>             <year>2004</year>             <article-title>Genetic variation in cancer predisposition: mutational decay of a robust genetic control network.</article-title>             <source>Proc Natl Acad Sci U S A</source>             <volume>101</volume>             <fpage>8061</fpage>             <lpage>8065</lpage>          </element-citation></ref>
<ref id="pone.0001021-Kitano1"><label>3</label><element-citation publication-type="journal" xlink:type="simple">             <person-group person-group-type="author">
<name name-style="western"><surname>Kitano</surname><given-names>H</given-names></name>
</person-group>             <year>2004</year>             <article-title>Biological robustness.</article-title>             <source>Nat Rev Genet</source>             <volume>5</volume>             <fpage>826</fpage>             <lpage>837</lpage>          </element-citation></ref>
<ref id="pone.0001021-Wagner1"><label>4</label><element-citation publication-type="book" xlink:type="simple">             <person-group person-group-type="author">
<name name-style="western"><surname>Wagner</surname><given-names>A</given-names></name>
</person-group>             <year>2005</year>             <article-title>Robustness and Evolvability in Living Systems.</article-title>             <publisher-loc>Princeton, NJ</publisher-loc>             <publisher-name>Princeton University Press</publisher-name>          </element-citation></ref>
<ref id="pone.0001021-Alon1"><label>5</label><element-citation publication-type="book" xlink:type="simple">             <person-group person-group-type="author">
<name name-style="western"><surname>Alon</surname><given-names>U</given-names></name>
</person-group>             <year>2007</year>             <article-title>An Introduction to Systems Biology: Design Principles of Biological Circuits.</article-title>             <publisher-loc>Boca Raton</publisher-loc>             <publisher-name>Chapman &amp; Hall</publisher-name>          </element-citation></ref>
<ref id="pone.0001021-Hopfield1"><label>6</label><element-citation publication-type="journal" xlink:type="simple">             <person-group person-group-type="author">
<name name-style="western"><surname>Hopfield</surname><given-names>JJ</given-names></name>
</person-group>             <year>1974</year>             <article-title>Kinetic proofreading: a new mechanism for reducing errors in biosynthetic processes requiring high specificity.</article-title>             <source>Proc Natl Acad Sci U S A</source>             <volume>71</volume>             <fpage>4135</fpage>             <lpage>4139</lpage>          </element-citation></ref>
<ref id="pone.0001021-Alexander1"><label>7</label><element-citation publication-type="journal" xlink:type="simple">             <person-group person-group-type="author">
<name name-style="western"><surname>Alexander</surname><given-names>RM</given-names></name>
</person-group>             <year>1981</year>             <article-title>Factors of safety in the structure of animals.</article-title>             <source>Sci Prog</source>             <volume>67</volume>             <fpage>109</fpage>             <lpage>130</lpage>          </element-citation></ref>
<ref id="pone.0001021-Weibel1"><label>8</label><element-citation publication-type="book" xlink:type="simple">             <person-group person-group-type="editor">
<name name-style="western"><surname>Weibel</surname><given-names>ER</given-names></name>
<name name-style="western"><surname>Taylor</surname><given-names>CR</given-names></name>
<name name-style="western"><surname>Bolis</surname><given-names>L</given-names></name>
</person-group>             <year>1998</year>             <article-title>Principles of Animal Design.</article-title>             <publisher-loc>Cambridge, UK</publisher-loc>             <publisher-name>Cambridge University Press</publisher-name>          </element-citation></ref>
<ref id="pone.0001021-Diamond1"><label>9</label><element-citation publication-type="journal" xlink:type="simple">             <person-group person-group-type="author">
<name name-style="western"><surname>Diamond</surname><given-names>J</given-names></name>
</person-group>             <year>2002</year>             <article-title>Quantitative evolutionary design.</article-title>             <source>J Physiol</source>             <volume>542</volume>             <fpage>337</fpage>             <lpage>345</lpage>          </element-citation></ref>
<ref id="pone.0001021-Rice1"><label>10</label><element-citation publication-type="journal" xlink:type="simple">             <person-group person-group-type="author">
<name name-style="western"><surname>Rice</surname><given-names>SH</given-names></name>
</person-group>             <year>1998</year>             <article-title>The evolution of canalization and the breaking of von Baer's laws: modeling the evolution of development with epistasis.</article-title>             <source>Evolution</source>             <volume>52</volume>             <fpage>647</fpage>             <lpage>657</lpage>          </element-citation></ref>
<ref id="pone.0001021-McKeithan1"><label>11</label><element-citation publication-type="journal" xlink:type="simple">             <person-group person-group-type="author">
<name name-style="western"><surname>McKeithan</surname><given-names>TW</given-names></name>
</person-group>             <year>1995</year>             <article-title>Kinetic proofreading in T-cell receptor signal transduction.</article-title>             <source>Proc Natl Acad Sci U S A</source>             <volume>92</volume>             <fpage>5042</fpage>             <lpage>5046</lpage>          </element-citation></ref>
<ref id="pone.0001021-Goldstein1"><label>12</label><element-citation publication-type="journal" xlink:type="simple">             <person-group person-group-type="author">
<name name-style="western"><surname>Goldstein</surname><given-names>B</given-names></name>
<name name-style="western"><surname>Faeder</surname><given-names>JR</given-names></name>
<name name-style="western"><surname>Hlavacek</surname><given-names>WS</given-names></name>
</person-group>             <year>2004</year>             <article-title>Mathematical and computational models of immune-receptor signalling.</article-title>             <source>Nat Rev Immunol</source>             <volume>4</volume>             <fpage>445</fpage>             <lpage>456</lpage>          </element-citation></ref>
</ref-list>

</back>
</article>