<?xml version="1.0" encoding="UTF-8"?>
<!DOCTYPE article
  PUBLIC "-//NLM//DTD Journal Publishing DTD v3.0 20080202//EN" "http://dtd.nlm.nih.gov/publishing/3.0/journalpublishing3.dtd">
<article xmlns:mml="http://www.w3.org/1998/Math/MathML" xmlns:xlink="http://www.w3.org/1999/xlink" article-type="letter" dtd-version="3.0" xml:lang="EN">
  <front>
    <journal-meta><journal-id journal-id-type="publisher-id">plos</journal-id><journal-id journal-id-type="publisher">pmed</journal-id><journal-id journal-id-type="nlm-ta">PLoS Med</journal-id><journal-id journal-id-type="pmc">plosmed</journal-id><!--===== Grouping journal title elements =====--><journal-title-group><journal-title>PLoS Medicine</journal-title></journal-title-group><issn pub-type="epub">1549-1676</issn><issn pub-type="ppub">1549-1277</issn><publisher>
        <publisher-name>Public Library of Science</publisher-name>
        <publisher-loc>San Francisco, USA</publisher-loc>
      </publisher></journal-meta>
    <article-meta><article-id pub-id-type="doi">10.1371/journal.pmed.0020048</article-id><article-categories>
        <subj-group subj-group-type="heading">
          <subject>Correspondence</subject>
        </subj-group>
        <subj-group subj-group-type="Discipline">
          <subject>Public Health and Epidemiology</subject>
        </subj-group>
        <subj-group subj-group-type="System Taxonomy">
          <subject>Clinical trials</subject>
          <subject>Medical journals</subject>
          <subject>Editorial policies (including conflicts of interest)</subject>
        </subj-group>
      </article-categories><title-group><article-title>Unregistered Trials Are Unethical</article-title><alt-title alt-title-type="running-head">Correspondence</alt-title></title-group><contrib-group>
        <contrib contrib-type="author" xlink:type="simple">
          <name name-style="western">
            <surname>Krishnan</surname>
            <given-names>Eswar</given-names>
          </name>
          <xref ref-type="aff" rid="aff1">
            <sup>1</sup>
          </xref>
          <xref ref-type="corresp" rid="n1">
            <sup>*</sup>
          </xref>
        </contrib>
      </contrib-group><aff id="aff1">
<label>1</label>
				
				<addr-line>Arthritis and Osteoporosis Center, Reading, Pennsylvania, United States of America</addr-line>
				
			</aff><author-notes>
        <corresp id="n1">E-mail: <email xlink:type="simple">eswar_krishnan@hotmail.com</email></corresp>
      <fn fn-type="conflict" id="n2">
        <p> I continue to work with the pharmaceutical industry in developing clinical protocols and enrolling patients for clinical trials. I have received monetary compensation for consulting for this activity.</p>
      </fn></author-notes><pub-date pub-type="ppub">
        <month>2</month>
        <year>2005</year>
      </pub-date><pub-date pub-type="epub">
        <day>22</day>
        <month>2</month>
        <year>2005</year>
      </pub-date><volume>2</volume><issue>2</issue><elocation-id>e48</elocation-id><!--===== Grouping copyright info into permissions =====--><permissions><copyright-year>2005</copyright-year><copyright-holder>Eswar Krishnan</copyright-holder><license><license-p>This is an open-access article distributed under the terms of the Creative Commons Attribution License, which permits unrestricted use, distribution, and reproduction in any medium, provided the original work is properly cited.</license-p></license></permissions><related-article page="e46" related-article-type="companion" vol="2" xlink:href="info:doi/10.1371/journal.pmed.0010046" xlink:title="editorial" xlink:type="simple">
				<article-title>From Registration to Publication</article-title>
			</related-article></article-meta>
  </front>
  <body>
    <sec id="s1">
      <title/>
      <p>Current journal requirements forcing clinical trials to be registered [<xref ref-type="bibr" rid="pmed-0020048-b1">1</xref>] are insufficient and are unlikely to solve the problem of negative trials never even making it to a journal. Most of the patients consenting to clinical trials do so out of altruism. It is a great betrayal of their trust to suppress clinical trial data. I suggest that institutional review boards refuse to allow human experimentation unless the protocol is filed in a central (online) repository. The primary data should also be required to be in the public domain (say, within 1–2 years after completion). Data obtained by appealing to altrusitic instincts, similar to money in public charities, are not proprietary information, nor can physicians cash out the trust of their patients. In reality, it is the pharmaceutical industry that stands to gain the most if data are made public as such data inform future research and help smaller, innovative companies avoid redundancy. Voluntarily sticking to higher standards of ethics will raise societal respect for the industry (currently being battered for greed) and attract a more talented workforce, and may even help the current efforts to reform the tort law.</p>
    </sec>
  </body>
  <back>
    <ref-list>
      <title>References</title>
      <ref id="pmed-0020048-b1">
        <label>1</label>
        <nlm-citation publication-type="journal" xlink:type="simple">
          <collab xlink:type="simple">[No authors listed]</collab>
          <article-title>From registration to publication.</article-title>
          <source>PLoS Med</source>
          <year>2004</year>
          <volume>1</volume>
          <fpage>e46</fpage>
          
        </nlm-citation>
      </ref>
    </ref-list>
    
  </back>
</article>