<?xml version="1.0" encoding="UTF-8"?>
<!DOCTYPE article
  PUBLIC "-//NLM//DTD Journal Publishing DTD v3.0 20080202//EN" "http://dtd.nlm.nih.gov/publishing/3.0/journalpublishing3.dtd">
<article xmlns:mml="http://www.w3.org/1998/Math/MathML" xmlns:xlink="http://www.w3.org/1999/xlink" article-type="article-commentary" dtd-version="3.0" xml:lang="EN">
  <front>
    <journal-meta><journal-id journal-id-type="publisher-id">plos</journal-id><journal-id journal-id-type="publisher">pmed</journal-id><journal-id journal-id-type="allenpress-id">plme</journal-id><journal-id journal-id-type="nlm-ta">PLoS Med</journal-id><journal-id journal-id-type="pmc">plosmed</journal-id><!--===== Grouping journal title elements =====--><journal-title-group><journal-title>PLoS Medicine</journal-title></journal-title-group><issn pub-type="ppub">1549-1277</issn><issn pub-type="epub">1549-1676</issn><publisher>
        <publisher-name>Public Library of Science</publisher-name>
        <publisher-loc>San Francisco, USA</publisher-loc>
      </publisher></journal-meta>
    <article-meta><article-id pub-id-type="doi">10.1371/journal.pmed.0050098</article-id><article-id pub-id-type="publisher-id">08-PLME-P-0724R1</article-id><article-categories>
        <subj-group subj-group-type="heading">
          <subject>Perspective</subject>
        </subj-group>
        <subj-group subj-group-type="Discipline">
          <subject>Respiratory Medicine</subject>
          <subject>Respiratory Medicine</subject>
        </subj-group>
        <subj-group subj-group-type="System Taxonomy">
          <subject>Interstitial lung disease</subject>
          <subject>Respiratory Medicine</subject>
          <subject>Chronic obstructive airways disease</subject>
          <subject>Case-control studies</subject>
        </subj-group>
      </article-categories><title-group><article-title>A Blood Test for Lung Fibrosis</article-title><alt-title alt-title-type="running-head">Perspective</alt-title></title-group><contrib-group>
        <contrib contrib-type="author" xlink:type="simple">
          <name name-style="western">
            <surname>Barnes</surname>
            <given-names>Peter J</given-names>
          </name>
        </contrib>
      </contrib-group><author-notes>
        <fn fn-type="current-aff" id="n3">
          <p>Peter J. Barnes is at the National Heart and Lung Institute, Imperial College London, London, United Kingdom. E-mail: <email xlink:type="simple">p.j.barnes@imperial.ac.uk</email></p>
        </fn>
      <fn fn-type="conflict" id="n2">
        <p> The author has declared that no competing interests exist.</p>
      </fn></author-notes><pub-date pub-type="ppub">
        <month>4</month>
        <year>2008</year>
      </pub-date><pub-date pub-type="epub">
        <day>29</day>
        <month>4</month>
        <year>2008</year>
      </pub-date><volume>5</volume><issue>4</issue><elocation-id>e98</elocation-id><!--===== Grouping copyright info into permissions =====--><permissions><copyright-year>2008</copyright-year><copyright-holder> Peter J. Barnes</copyright-holder><license><license-p>This is an open-access article distributed under the terms of the Creative Commons Attribution License, which permits unrestricted use, distribution, and reproduction in any medium, provided the original author and source are credited.</license-p></license></permissions><related-article ext-link-type="doi" id="RA1" page="e93" related-article-type="companion" vol="5" xlink:href="info:doi/10.1371/journal.pmed.0050093" xlink:title="Research Article" xlink:type="simple">
				<article-title>MMP1 and MMP7 as Potential Peripheral Blood Biomarkers in Idiopathic Pulmonary Fibrosis</article-title>
			</related-article><abstract abstract-type="toc">
        <p>Peter Barnes discusses a new study on the role of two matrix metalloproteinases, MMP1 (collagenase) and MMP7 (matrilysin), as possible biomarkers of idiopathic pulmonary fibrosis.</p>
      </abstract><funding-group><funding-statement> The author received no specific funding for this article.</funding-statement></funding-group><counts>
        <page-count count="2"/>
      </counts><!--===== Restructure custom-meta-wrap to custom-meta-group =====--><custom-meta-group>
        <custom-meta>
          <meta-name>citation</meta-name>
          <meta-value>Barnes PJ (2008) A blood test for lung fibrosis? PLoS Med 5(4): e98. doi:<ext-link ext-link-type="doi" xlink:href="http://dx.doi.org/10.1371/journal.pmed.0050098" xlink:type="simple">10.1371/journal.pmed.0050098</ext-link></meta-value>
        </custom-meta>
      </custom-meta-group></article-meta>
  </front>
  <body>
    <sec id="s1">
      <title/>
      <p>Idiopathic pulmonary fibrosis (IPF) is a disease of unknown aetiology and uncertain pathogenesis, and there are no effective therapies. IPF, also known as usual interstitial pneumonia and cryptogenic fibrosing alveolitis, is a chronic progressive disease in which excessive deposition of extracellular matrix leads to irreversible scarring of interstitial lung tissue with consequent reduction in gas diffusion and loss of lung volumes. This is a devastating disease with an average survival of less than three years from the time of diagnosis [<xref ref-type="bibr" rid="pmed-0050098-b001">1</xref>]. There is therefore a pressing need to understand more about the underlying cellular, molecular, and genetic mechanisms in order to more effectively monitor the disease, follow its progression, and most importantly to develop effective treatments. Understanding the fibrotic process also has implications for other chronic fibrotic diseases, such as cirrhosis, and for fibrosis of small airways, which is the main lesion of chronic obstructive pulmonary disease.</p>
    </sec>
    <sec id="s2">
      <title>Pathology of IPF</title>
      <p>Pulmonary fibrosis results from injury to alveolar epithelial cells and represents a repair process that is inappropriate. The cause of the original injury is unknown, and there may be several causal mechanisms and pathways that all end up with excessive and progressive scarring of the lung. A major problem in clinical research in this disease is the late presentation of clinical symptoms, as shortness of breath on exertion only becomes apparent when less than 50% of lung capacity remains. By this stage the disease is essentially untreatable and has a poor prognosis.</p>
      <p>The disease is patchy, and the characteristic histological feature of IPF is the presence of fibroblastic foci with areas of fibrosis. There is usually a low-grade inflammation, but the role of inflammation is controversial as there are often few inflammatory cells and there is no significant therapeutic benefit of anti-inflammatory treatments, such as corticosteroids and azathioprine. The absence of response to anti-inflammatory treatment suggests that fibrosis may develop as the consequence of an abnormal wound healing response to some type of chronic alveolar epithelial injury [<xref ref-type="bibr" rid="pmed-0050098-b002">2</xref>]. However, inflammation may play a more important role in the early stages of disease and may then disappear.</p>
      <boxed-text id="pmed-0050098-box001" position="float">
        <sec>
          <title>Linked Research Article</title>
          <p>This Perspective discusses the following new study published in <italic>PLoS Medicine</italic>:</p>
          <p>Rosas IO, Richards TJ, Konishi K, Zhang Y, Gibson K, et al. (2008) MMP1 and MMP7 as potential peripheral blood biomarkers in idiopathic pulmonary fibrosis. PLoS Med 5(4): e93. doi:<ext-link ext-link-type="doi" xlink:href="http://dx.doi.org/10.1371/journal.pmed.0050093" xlink:type="simple">10.1371/journal.pmed.0050093</ext-link></p>
          <p>Naftali Kaminski and colleagues find increased levels of specific proteins in the bloodstream of individuals with idiopathic pulmonary fibrosis, and suggest that these proteins may ultimately provide a biomarker for the disease.</p>
        </sec>
      </boxed-text>
      <p>The trigger that initiates the alveolar injury in IPF is unknown, but there is increasing recognition that there may be many causes and that many different interacting pathways may be activated to produce the abnormal healing response, based in part on genetic susceptibility [<xref ref-type="bibr" rid="pmed-0050098-b003">3</xref>]. The genes that determine susceptibility to IPF have not yet been identified, but there is particular interest in genes that regulate tissue repair [<xref ref-type="bibr" rid="pmed-0050098-b004">4</xref>]. Important clues may be provided by familial pulmonary fibrosis, which is a rare dominant trait with incomplete penetrance.</p>
    </sec>
    <sec id="s3">
      <title>The Challenge of Identifying Possible Biomarkers</title>
      <p>In view of the complexity of IPF it has been difficult to identify useful biomarkers in bronchoalveolar lavage or blood, particularly ones that might be clinically useful in differentiating IPF from other pulmonary fibrotic diseases such as hypersensitivity pneumonitis (HP) and non-specific interstitial pneumonia (NSIP). Gene microarray of lung biopsies from patients with IPF reveals a distinct pattern, with increased expression of tissue remodelling, epithelial, and myofibroblast genes, whereas HP shows a greater expression of inflammatory and immune genes [<xref ref-type="bibr" rid="pmed-0050098-b005">5</xref>]. Matrix metalloproteinases (MMPs), especially MMP7, also show increased gene expression in IPF lungs [<xref ref-type="bibr" rid="pmed-0050098-b006">6</xref>]. Interestingly, NSIP, which is often difficult to differentiate from IPF and HP, shows a different pattern of gene expression, although some cases resemble the profile of either IPF or HP. These studies imply that different patterns of biomarkers might distinguish these different types of pulmonary fibrosis, and they suggest that blood markers could be identified for this purpose.</p>
      <p>There has been an extensive search for such biomarkers of IPF, with interest in the increased plasma concentrations of surfactant proteins and the fibrogenic cytokine osteopontin [<xref ref-type="bibr" rid="pmed-0050098-b007">7</xref>,<xref ref-type="bibr" rid="pmed-0050098-b008">8</xref>]. In a new study published in this issue of <italic>PLoS Medicine</italic>, Naftali Kaminski and colleagues assayed 49 plasma proteins in a relatively large number of patients with IPF (74 patients with IPF and 53 healthy controls) and showed that five of these proteins distinguished IPF from controls [<xref ref-type="bibr" rid="pmed-0050098-b009">9</xref>]. The concentrations of two of these proteins, MMP1 (collagenase) and MMP7 (matrilysin), were also raised in lung tissue and bronchoalveolar lavage of patients with IPF. Furthermore, MMP1 and MMP7 plasma concentrations were greater in patients with IPF than in patients with other chronic fibrotic lung diseases, including chronic obstructive pulmonary disease, sarcoidosis, and HP. Patients with NISP were not included in this study, but it is likely that such patients would show similar changes in MMP1 and MMP7 to those seen in patients with IPF, as increased expression of MMP1 and MMP7 has previously been reported in lung tissue and bronchoalveolar lavage fluid of patients with both IPF and NSIP [<xref ref-type="bibr" rid="pmed-0050098-b010">10</xref>,<xref ref-type="bibr" rid="pmed-0050098-b011">11</xref>]. Elevated plasma MMP7 was found in patients with IPF with asymptomatic disease, albeit at lower concentrations than in symptomatic disease, and correlated with reduced gas diffusion and lung volumes. These findings suggest that MMP7 levels may be used as an early marker of disease and may be useful in monitoring disease progression.</p>
      <p>Kaminski and colleagues' findings have biological plausibility, as abnormal expression of MMPs have previously been reported in lungs of patients with IPF [<xref ref-type="bibr" rid="pmed-0050098-b010">10</xref>,<xref ref-type="bibr" rid="pmed-0050098-b012">12</xref>], and this family of more than 20 enzymes regulates the turnover of all extracellular matrix proteins. MMP1 is not normally expressed and degrades fibrillar collagen, whereas MMP7 degrades other extracellular matrix proteins and is involved in tissue remodelling. These MMPs may be produced by alveolar epithelial cells in response to injury, or perhaps to inflammatory mediators and oxidative stress in parallel with fibrogenic mediators such as transforming growth factor-β (TGF-β) (<xref ref-type="fig" rid="pmed-0050098-g001">Figure 1</xref>). Whether they play a role in counteracting fibrosis or may contribute to pathogenesis is unclear, but it is likely that they are a signature of tissue remodelling. MMPs may generate neutrophil chemotactic peptides from extracellular matrix proteins [<xref ref-type="bibr" rid="pmed-0050098-b013">13</xref>], which may link neutrophilic inflammation to IPF, and this may further stimulate fibrosis through the release of reactive oxygen species and TGF-β. However, in mice with targeted disruption of the <italic>MMP7</italic> gene there is a reduction in the fibrotic response to bleomycin, suggesting that it may have a profibrotic role [<xref ref-type="bibr" rid="pmed-0050098-b006">6</xref>].</p>
      <fig id="pmed-0050098-g001" position="float">
        <object-id pub-id-type="doi">10.1371/journal.pmed.0050098.g001</object-id>
        <label>Figure 1</label>
        <caption>
          <title>Mechanisms of IPF</title>
          <p>Injury of alveolar epithelial cells releases fibrogenic mediators, such as TGF-β, which stimulate myofibroblasts to produce extracellular matrix proteins. Matrix metalloproteinases MMP1 and MMP7 are also produced and may reflect tissue remodelling or contribute to fibrosis through recruitment of neutrophils, which release reactive oxygen species and TGF-β. Increased plasma concentrations of MMPs may therefore reflect increased extracellular matrix turnover and disease activity.</p>
        </caption>
        <graphic mimetype="image" position="float" xlink:href="info:doi/10.1371/journal.pmed.0050098.g001" xlink:type="simple"/>
      </fig>
    </sec>
    <sec id="s4">
      <title>Moving Towards Clinical Application</title>
      <p>What is the clinical relevance of these findings? Elevation of plasma MMP1 and MMP7 may help to confirm a diagnosis of IPF and probably NSIP, and help to distinguish these diseases from HP, sarcoidosis, and perhaps other fibrotic lung diseases. However, a normal individual value does not exclude these diagnoses, as there is considerable overlap between levels of these MMPs in healthy people and patients with other chronic lung diseases. However, the plasma concentrations of MMP7 may be useful in following disease progression and even in facilitating early diagnosis. This marker is unlikely to be useful in screening for IPF, as it is an uncommon disease. It is not yet known whether plasma MMP1 and MMP7 are useful indicators of rapid disease progression or may be used for early detection of acute exacerbations. What this study tells us about disease mechanisms and future therapy is uncertain, as the roles of MMPs in the pathogenesis of IPF are far from clear.</p>
    </sec>
  </body>
  <back>
    <glossary>
      <title>Abbreviations</title>
      <def-list>
        <def-item>
          <term>HP</term>
          <def>
            <p>hypersensitivity pneumonitis</p>
          </def>
        </def-item>
        <def-item>
          <term>IPF</term>
          <def>
            <p>idiopathic pulmonary fibrosis</p>
          </def>
        </def-item>
        <def-item>
          <term>MMP</term>
          <def>
            <p>matrix metalloproteinase</p>
          </def>
        </def-item>
        <def-item>
          <term>NSIP</term>
          <def>
            <p>non-specific interstitial pneumonia</p>
          </def>
        </def-item>
        <def-item>
          <term>TGF-β</term>
          <def>
            <p>transforming growth factor-β</p>
          </def>
        </def-item>
      </def-list>
    </glossary>
    <ref-list>
      <title>References</title>
      <ref id="pmed-0050098-b001">
        <label>1</label>
        <element-citation publication-type="journal" xlink:type="simple">
					<person-group><name name-style="western"><surname>Strieter</surname><given-names>RM</given-names></name></person-group>
					<year>2005</year>
					<article-title>Pathogenesis and natural history of usual interstitial pneumonia: The whole story or the last chapter of a long novel.</article-title>
					<source>Chest</source>
					<volume>128</volume>
					<fpage>526S</fpage>
					<lpage>532S</lpage>
				</element-citation>
      </ref>
      <ref id="pmed-0050098-b002">
        <label>2</label>
        <element-citation publication-type="journal" xlink:type="simple">
					<person-group><name name-style="western"><surname>Selman</surname><given-names>M</given-names></name><name name-style="western"><surname>King</surname><given-names>TE</given-names></name><name name-style="western"><surname>Pardo</surname><given-names>A</given-names></name></person-group>
					<year>2001</year>
					<article-title>Idiopathic pulmonary fibrosis: Prevailing and evolving hypotheses about its pathogenesis and implications for therapy.</article-title>
					<source>Ann Intern Med</source>
					<volume>134</volume>
					<fpage>136</fpage>
					<lpage>151</lpage>
				</element-citation>
      </ref>
      <ref id="pmed-0050098-b003">
        <label>3</label>
        <element-citation publication-type="journal" xlink:type="simple">
					<person-group><name name-style="western"><surname>Maher</surname><given-names>TM</given-names></name><name name-style="western"><surname>Wells</surname><given-names>AU</given-names></name><name name-style="western"><surname>Laurent</surname><given-names>GJ</given-names></name></person-group>
					<year>2007</year>
					<article-title>Idiopathic pulmonary fibrosis: Multiple causes and multiple mechanisms.</article-title>
					<source>Eur Respir J</source>
					<volume>30</volume>
					<fpage>835</fpage>
					<lpage>839</lpage>
				</element-citation>
      </ref>
      <ref id="pmed-0050098-b004">
        <label>4</label>
        <element-citation publication-type="journal" xlink:type="simple">
					<person-group><name name-style="western"><surname>Lawson</surname><given-names>WE</given-names></name><name name-style="western"><surname>Loyd</surname><given-names>JE</given-names></name></person-group>
					<year>2006</year>
					<article-title>The genetic approach in pulmonary fibrosis: Can it provide clues to this complex disease.</article-title>
					<source>Proc Am Thorac Soc</source>
					<volume>3</volume>
					<fpage>345</fpage>
					<lpage>349</lpage>
				</element-citation>
      </ref>
      <ref id="pmed-0050098-b005">
        <label>5</label>
        <element-citation publication-type="journal" xlink:type="simple">
					<person-group><name name-style="western"><surname>Selman</surname><given-names>M</given-names></name><name name-style="western"><surname>Pardo</surname><given-names>A</given-names></name><name name-style="western"><surname>Barrera</surname><given-names>L</given-names></name><name name-style="western"><surname>Estrada</surname><given-names>A</given-names></name><name name-style="western"><surname>Watson</surname><given-names>SR</given-names></name><etal/></person-group>
					<year>2006</year>
					<article-title>Gene expression profiles distinguish idiopathic pulmonary fibrosis from hypersensitivity pneumonitis.</article-title>
					<source>Am J Respir Crit Care Med</source>
					<volume>173</volume>
					<fpage>188</fpage>
					<lpage>198</lpage>
				</element-citation>
      </ref>
      <ref id="pmed-0050098-b006">
        <label>6</label>
        <element-citation publication-type="journal" xlink:type="simple">
					<person-group><name name-style="western"><surname>Zuo</surname><given-names>F</given-names></name><name name-style="western"><surname>Kaminski</surname><given-names>N</given-names></name><name name-style="western"><surname>Eugui</surname><given-names>E</given-names></name><name name-style="western"><surname>Allard</surname><given-names>J</given-names></name><name name-style="western"><surname>Yakhini</surname><given-names>Z</given-names></name><etal/></person-group>
					<year>2002</year>
					<article-title>Gene expression analysis reveals matrilysin as a key regulator of pulmonary fibrosis in mice and humans.</article-title>
					<source>Proc Natl Acad Sci U S A</source>
					<volume>99</volume>
					<fpage>6292</fpage>
					<lpage>6297</lpage>
				</element-citation>
      </ref>
      <ref id="pmed-0050098-b007">
        <label>7</label>
        <element-citation publication-type="journal" xlink:type="simple">
					<person-group><name name-style="western"><surname>Takahashi</surname><given-names>H</given-names></name><name name-style="western"><surname>Shiratori</surname><given-names>M</given-names></name><name name-style="western"><surname>Kanai</surname><given-names>A</given-names></name><name name-style="western"><surname>Chiba</surname><given-names>H</given-names></name><name name-style="western"><surname>Kuroki</surname><given-names>Y</given-names></name><etal/></person-group>
					<year>2006</year>
					<article-title>Monitoring markers of disease activity for interstitial lung diseases with serum surfactant proteins A and D.</article-title>
					<source>Respirology</source>
					<volume>11</volume>
					<issue>Suppl</issue>
					<fpage>S51</fpage>
					<lpage>S54</lpage>
				</element-citation>
      </ref>
      <ref id="pmed-0050098-b008">
        <label>8</label>
        <element-citation publication-type="journal" xlink:type="simple">
					<person-group><name name-style="western"><surname>Kadota</surname><given-names>J</given-names></name><name name-style="western"><surname>Mizunoe</surname><given-names>S</given-names></name><name name-style="western"><surname>Mito</surname><given-names>K</given-names></name><name name-style="western"><surname>Mukae</surname><given-names>H</given-names></name><name name-style="western"><surname>Yoshioka</surname><given-names>S</given-names></name><etal/></person-group>
					<year>2005</year>
					<article-title>High plasma concentrations of osteopontin in patients with interstitial pneumonia.</article-title>
					<source>Respir Med</source>
					<volume>99</volume>
					<fpage>111</fpage>
					<lpage>117</lpage>
				</element-citation>
      </ref>
      <ref id="pmed-0050098-b009">
        <label>9</label>
        <element-citation publication-type="journal" xlink:type="simple">
					<person-group><name name-style="western"><surname>Rosas</surname><given-names>IO</given-names></name><name name-style="western"><surname>Richards</surname><given-names>TJ</given-names></name><name name-style="western"><surname>Konishi</surname><given-names>K</given-names></name><name name-style="western"><surname>Zhang</surname><given-names>Y</given-names></name><name name-style="western"><surname>Gibson</surname><given-names>K</given-names></name><etal/></person-group>
					<year>2008</year>
					<article-title>MMP1 and MMP7 as potential peripheral blood biomarkers in idiopathic pulmonary fibrosis.</article-title>
					<source>PLoS Med</source>
					<volume>5</volume>
					<fpage>e93</fpage>
					<comment>doi:<ext-link ext-link-type="doi" xlink:href="http://dx.doi.org/10.1371/journal.pmed.0050093" xlink:type="simple">10.1371/journal.pmed.0050093</ext-link></comment>
				</element-citation>
      </ref>
      <ref id="pmed-0050098-b010">
        <label>10</label>
        <element-citation publication-type="journal" xlink:type="simple">
					<person-group><name name-style="western"><surname>Cosgrove</surname><given-names>GP</given-names></name><name name-style="western"><surname>Schwarz</surname><given-names>MI</given-names></name><name name-style="western"><surname>Geraci</surname><given-names>MW</given-names></name><name name-style="western"><surname>Brown</surname><given-names>KK</given-names></name><name name-style="western"><surname>Worthen</surname><given-names>GS</given-names></name></person-group>
					<year>2002</year>
					<article-title>Overexpression of matrix metalloproteinase-7 in pulmonary fibrosis.</article-title>
					<source>Chest</source>
					<volume>121</volume>
					<fpage>25S</fpage>
					<lpage>26S</lpage>
				</element-citation>
      </ref>
      <ref id="pmed-0050098-b011">
        <label>11</label>
        <element-citation publication-type="journal" xlink:type="simple">
					<person-group><name name-style="western"><surname>Vuorinen</surname><given-names>K</given-names></name><name name-style="western"><surname>Myllarniemi</surname><given-names>M</given-names></name><name name-style="western"><surname>Lammi</surname><given-names>L</given-names></name><name name-style="western"><surname>Piirila</surname><given-names>P</given-names></name><name name-style="western"><surname>Rytila</surname><given-names>P</given-names></name><etal/></person-group>
					<year>2007</year>
					<article-title>Elevated matrilysin levels in bronchoalveolar lavage fluid do not distinguish idiopathic pulmonary fibrosis from other interstitial lung diseases.</article-title>
					<source>APMIS</source>
					<volume>115</volume>
					<fpage>969</fpage>
					<lpage>975</lpage>
				</element-citation>
      </ref>
      <ref id="pmed-0050098-b012">
        <label>12</label>
        <element-citation publication-type="journal" xlink:type="simple">
					<person-group><name name-style="western"><surname>Pardo</surname><given-names>A</given-names></name><name name-style="western"><surname>Selman</surname><given-names>M</given-names></name></person-group>
					<year>2006</year>
					<article-title>Matrix metalloproteases in aberrant fibrotic tissue remodeling.</article-title>
					<source>Proc Am Thorac Soc</source>
					<volume>3</volume>
					<fpage>383</fpage>
					<lpage>388</lpage>
				</element-citation>
      </ref>
      <ref id="pmed-0050098-b013">
        <label>13</label>
        <element-citation publication-type="journal" xlink:type="simple">
					<person-group><name name-style="western"><surname>Weathington</surname><given-names>NM</given-names></name><name name-style="western"><surname>van Houwelingen</surname><given-names>AH</given-names></name><name name-style="western"><surname>Noerager</surname><given-names>BD</given-names></name><name name-style="western"><surname>Jackson</surname><given-names>PL</given-names></name><name name-style="western"><surname>Kraneveld</surname><given-names>AD</given-names></name><etal/></person-group>
					<year>2006</year>
					<article-title>A novel peptide CXCR ligand derived from extracellular matrix degradation during airway inflammation.</article-title>
					<source>Nat Med</source>
					<volume>12</volume>
					<fpage>317</fpage>
					<lpage>323</lpage>
				</element-citation>
      </ref>
    </ref-list>
    
  </back>
</article>