<?xml version="1.0" encoding="UTF-8"?>
<!DOCTYPE article
  PUBLIC "-//NLM//DTD Journal Publishing DTD v3.0 20080202//EN" "http://dtd.nlm.nih.gov/publishing/3.0/journalpublishing3.dtd">
<article xmlns:mml="http://www.w3.org/1998/Math/MathML" xmlns:xlink="http://www.w3.org/1999/xlink" article-type="research-article" dtd-version="3.0" xml:lang="EN">
  <front>
    <journal-meta><journal-id journal-id-type="nlm-ta">PLoS ONE</journal-id><journal-id journal-id-type="publisher-id">plos</journal-id><journal-id journal-id-type="pmc">plosone</journal-id><!--===== Grouping journal title elements =====--><journal-title-group><journal-title>PLoS ONE</journal-title></journal-title-group><issn pub-type="epub">1932-6203</issn><publisher>
        <publisher-name>Public Library of Science</publisher-name>
        <publisher-loc>San Francisco, USA</publisher-loc>
      </publisher></journal-meta>
    <article-meta><article-id pub-id-type="publisher-id">PONE-D-11-06215</article-id><article-id pub-id-type="doi">10.1371/journal.pone.0022710</article-id><article-categories>
        <subj-group subj-group-type="heading">
          <subject>Research Article</subject>
        </subj-group>
        <subj-group subj-group-type="Discipline-v2">
          <subject>Biology</subject>
          <subj-group>
            <subject>Evolutionary biology</subject>
            <subj-group>
              <subject>Paleontology</subject>
              <subj-group>
                <subject>Vertebrate paleontology</subject>
              </subj-group>
            </subj-group>
          </subj-group>
          <subj-group>
            <subject>Paleontology</subject>
            <subj-group>
              <subject>Vertebrate paleontology</subject>
            </subj-group>
          </subj-group>
        </subj-group>
        <subj-group subj-group-type="Discipline-v2">
          <subject>Earth sciences</subject>
          <subj-group>
            <subject>Paleontology</subject>
            <subj-group>
              <subject>Vertebrate paleontology</subject>
            </subj-group>
          </subj-group>
        </subj-group>
        <subj-group subj-group-type="Discipline">
          <subject>Evolutionary Biology</subject>
        </subj-group>
      </article-categories><title-group><article-title>A Subadult Specimen of <italic>Rubeosaurus ovatus</italic> (Dinosauria: Ceratopsidae), with Observations on Other Ceratopsids from the Two Medicine Formation</article-title><alt-title alt-title-type="running-head">Subadult <italic>Rubeosaurus</italic></alt-title></title-group><contrib-group>
        <contrib contrib-type="author" xlink:type="simple">
          <name name-style="western">
            <surname>McDonald</surname>
            <given-names>Andrew T.</given-names>
          </name>
          <xref ref-type="aff" rid="aff1"/>
          <xref ref-type="corresp" rid="cor1">
            <sup>*</sup>
          </xref>
        </contrib>
      </contrib-group><aff id="aff1">          <addr-line>Department of Earth and Environmental Science, University of Pennsylvania, Philadelphia, Pennsylvania, United States of America</addr-line>       </aff><contrib-group>
        <contrib contrib-type="editor" xlink:type="simple">
          <name name-style="western">
            <surname>Farke</surname>
            <given-names>Andrew Allen</given-names>
          </name>
          <role>Editor</role>
          <xref ref-type="aff" rid="edit1"/>
        </contrib>
      </contrib-group><aff id="edit1">Raymond M. Alf Museum of Paleontology, United States of America</aff><author-notes>
        <corresp id="cor1">* E-mail: <email xlink:type="simple">mcandr@sas.upenn.edu</email></corresp>
        <fn fn-type="con">
          <p>Conceived and designed the experiments: ATM. Performed the experiments: ATM. Analyzed the data: ATM. Contributed reagents/materials/analysis tools: ATM. Wrote the paper: ATM.</p>
        </fn>
      <fn fn-type="conflict">
        <p>The author has declared that no competing interests exist.</p>
      </fn></author-notes><pub-date pub-type="collection">
        <year>2011</year>
      </pub-date><pub-date pub-type="epub">
        <day>10</day>
        <month>8</month>
        <year>2011</year>
      </pub-date><volume>6</volume><issue>8</issue><elocation-id>e22710</elocation-id><history>
        <date date-type="received">
          <day>4</day>
          <month>4</month>
          <year>2011</year>
        </date>
        <date date-type="accepted">
          <day>28</day>
          <month>6</month>
          <year>2011</year>
        </date>
      </history><!--===== Grouping copyright info into permissions =====--><permissions><copyright-year>2011</copyright-year><copyright-holder>Andrew T. McDonald</copyright-holder><license><license-p>This is an open-access article distributed under the terms of the Creative Commons Attribution License, which permits unrestricted use, distribution, and reproduction in any medium, provided the original author and source are credited.</license-p></license></permissions><abstract>
        <sec>
          <title>Background</title>
          <p>Centrosaurine ceratopsids are well known from the middle Campanian Upper Two Medicine Formation of Montana. Four taxa have been named: <italic>Brachyceratops montanensis</italic>, <italic>Rubeosaurus ovatus</italic>, <italic>Einiosaurus procurvicornis</italic>, and <italic>Achelousaurus horneri</italic>. <italic>Rubeosaurus</italic> has been historically the most enigmatic of these taxa; only two specimens, the holotype caudal parietal bar and a referred incomplete skull, have been assigned to <italic>Rubeosaurus</italic>.</p>
        </sec>
        <sec>
          <title>Methodology/Principal Findings</title>
          <p>A revised interpretation of the parietal processes of USNM 14765, the partial skeleton of a subadult centrosaurine formerly referred to <italic>Brachyceratops</italic>, indicates that it shares a P5 spike with the holotype of <italic>Rubeosaurus ovatus</italic> and should therefore be referred to that taxon. <italic>Brachyceratops</italic> is considered a <italic>nomen dubium</italic>.</p>
        </sec>
        <sec>
          <title>Conclusions/Significance</title>
          <p>USNM 14765 provides additional anatomical information for <italic>Rubeosaurus ovatus</italic>. These new data are incorporated into a recent phylogenetic analysis of centrosaurine relationships; <italic>Rubeosaurus</italic> appears as the sister taxon of a clade composed of <italic>Einiosaurus</italic>, <italic>Achelousaurus</italic>, and <italic>Pachyrhinosaurus</italic>.</p>
        </sec>
      </abstract><funding-group><funding-statement>The author's research was facilitated by travel funds from the Department of Earth and Environmental Science, University of Pennsylvania (<ext-link ext-link-type="uri" xlink:href="http://www.sas.upenn.edu/earth/" xlink:type="simple">http://www.sas.upenn.edu/earth/</ext-link>). The funders had no role in study design, data collection and analysis, decision to publish, or preparation of the manuscript.</funding-statement></funding-group><counts>
        <page-count count="12"/>
      </counts></article-meta>
  </front>
  <body>
    <sec id="s1">
      <title>Introduction</title>
      <p>Centrosaurine ceratopsids are among the most ornate dinosaurs, sporting all manner of spikes, hooks, and protuberances on their parietosquamosal frills. Distinguished primarily by the morphologies of their cranial ornamentation, centrosaurines include <italic>Diabloceratops eatoni</italic> <xref ref-type="bibr" rid="pone.0022710-Kirkland1">[1]</xref>, <italic>Albertaceratops nesmoi</italic> <xref ref-type="bibr" rid="pone.0022710-Ryan1">[2]</xref>, <italic>Avaceratops lammersi</italic> <xref ref-type="bibr" rid="pone.0022710-Dodson1">[3]</xref>, <xref ref-type="bibr" rid="pone.0022710-Penkalski1">[4]</xref>, <italic>Sinoceratops zhuchengensis</italic> <xref ref-type="bibr" rid="pone.0022710-Xu1">[5]</xref>, an unnamed centrosaurine from the Belly River Group <xref ref-type="bibr" rid="pone.0022710-Farke1">[6]</xref>, <italic>Centrosaurus brinkmani</italic> <xref ref-type="bibr" rid="pone.0022710-Ryan2">[7]</xref>, <italic>Centrosaurus apertus</italic> <xref ref-type="bibr" rid="pone.0022710-Lambe1">[8]</xref>, <xref ref-type="bibr" rid="pone.0022710-Ryan3">[9]</xref>, <italic>Styracosaurus albertensis</italic> <xref ref-type="bibr" rid="pone.0022710-Lambe2">[10]</xref>, <xref ref-type="bibr" rid="pone.0022710-Ryan4">[11]</xref>, <italic>Rubeosaurus ovatus</italic> <xref ref-type="bibr" rid="pone.0022710-Gilmore1">[12]</xref>, <xref ref-type="bibr" rid="pone.0022710-McDonald1">[13]</xref>, <italic>Einiosaurus procurvicornis</italic> <xref ref-type="bibr" rid="pone.0022710-Sampson1">[14]</xref>, <italic>Achelousaurus horneri</italic> <xref ref-type="bibr" rid="pone.0022710-Sampson1">[14]</xref>, <italic>Pachyrhinosaurus canadensis</italic> <xref ref-type="bibr" rid="pone.0022710-Sternberg1">[15]</xref>, <xref ref-type="bibr" rid="pone.0022710-Langston1">[16]</xref>, and <italic>Pachyrhinosaurus lakustai</italic> <xref ref-type="bibr" rid="pone.0022710-Currie1">[17]</xref>. Many centrosaurines, such as <italic>Centrosaurus</italic>, <italic>Styracosaurus</italic>, <italic>Einiosaurus</italic>, and <italic>Pachyrhinosaurus</italic>, are known from multiple skulls and skeletons or bone bed material. Others, such as <italic>Diabloceratops</italic>, <italic>Albertaceratops</italic>, <italic>Sinoceratops</italic>, and <italic>Achelousaurus</italic>, are known from isolated but well preserved specimens. In contrast, <italic>Rubeosaurus</italic> is based upon highly incomplete material and historically has been among the most mysterious ceratopsids.</p>
      <p><italic>Rubeosaurus ovatus</italic> was originally named as a new species of <italic>Styracosaurus</italic> by Gilmore <xref ref-type="bibr" rid="pone.0022710-Gilmore1">[12]</xref> based upon the caudal parietal bar of a large centrosaurine from the Upper Two Medicine Formation of Montana (<xref ref-type="fig" rid="pone-0022710-g001">Fig. 1</xref>) <xref ref-type="bibr" rid="pone.0022710-McDonald1">[13]</xref>, <xref ref-type="bibr" rid="pone.0022710-Sampson1">[14]</xref>. This specimen, USNM 11869, exhibits an unusual feature: medially inclined P3 spikes. Even with the flurry of new centrosaurines discovered in the last two decades, this morphology remains unique to USNM 11869 and therefore can be considered an autapomorphy of <italic>Rubeosaurus ovatus</italic>. McDonald and Horner <xref ref-type="bibr" rid="pone.0022710-McDonald1">[13]</xref> described an incomplete centrosaurine skull, MOR 492, from approximately the same stratigraphic level as USNM 11869; MOR 492 was referred to <italic>R. ovatus</italic> due to the inferred medial inclination of the larger of the two preserved parietal spikes, which was interpreted as a P3. The referral of MOR 492 added considerably to the known anatomy of <italic>R. ovatus</italic>, especially concerning the nasal and postorbital ornamentation, and encouraged the first life restoration of the species (<xref ref-type="fig" rid="pone-0022710-g002">Fig. 2</xref>). A phylogenetic analysis suggested that <italic>R. ovatus</italic> was not congeneric with <italic>Styracosaurus albertensis</italic>, but instead closely related to <italic>Einiosaurus procurvicornis</italic>, prompting the erection of the new genus <italic>Rubeosaurus</italic> <xref ref-type="bibr" rid="pone.0022710-McDonald1">[13]</xref>.</p>
      <fig id="pone-0022710-g001" position="float">
        <object-id pub-id-type="doi">10.1371/journal.pone.0022710.g001</object-id>
        <label>Figure 1</label>
        <caption>
          <title>USNM 11869, holotype of <italic>Rubeosaurus ovatus</italic>.</title>
          <p>Caudal parietal bar in dorsal view. <italic>Abbreviations</italic>: <italic>LP2</italic>, left P2 process; <italic>LP3</italic>, left P3 process; <italic>LP4</italic>, left P4 process; <italic>LP5</italic>, left P5 process; <italic>RP2</italic>, right P2 process; <italic>RP3</italic>, right P3 process; <italic>RP4</italic>, right P4 process. Scale bar equals 10 cm. Copyright Smithsonian Institution, all rights reserved.</p>
        </caption>
        <graphic mimetype="image" position="float" xlink:href="info:doi/10.1371/journal.pone.0022710.g001" xlink:type="simple"/>
      </fig>
      <fig id="pone-0022710-g002" position="float">
        <object-id pub-id-type="doi">10.1371/journal.pone.0022710.g002</object-id>
        <label>Figure 2</label>
        <caption>
          <title>Life restoration of <italic>Rubeosaurus ovatus</italic>.</title>
          <p>Nasal and postorbital ornamentation based upon MOR 492, parietal ornamentation based upon USNM 11869. Artwork by Lukas Panzarin. This is the color version of the restoration that appeared in McDonald and Horner <xref ref-type="bibr" rid="pone.0022710-McDonald1">[13]</xref>.</p>
        </caption>
        <graphic mimetype="image" position="float" xlink:href="info:doi/10.1371/journal.pone.0022710.g002" xlink:type="simple"/>
      </fig>
      <p>Recent examination of USNM 14765, a nearly complete but disarticulated centrosaurine skull with a partial postcranium described by Gilmore in 1939 <xref ref-type="bibr" rid="pone.0022710-Gilmore2">[18]</xref>, revealed features shared with USNM 11869, the holotype of <italic>Rubeosaurus ovatus</italic>. Thus, USNM 14765 is referred herein to <italic>R. ovatus</italic> and is the first immature individual of this species to be recognized. The preserved skull elements of USNM 14765 supplement USNM 11869 and MOR 492 and provide additional information on the skull of <italic>Rubeosaurus</italic>. These new data are incorporated into the most recent phylogenetic analysis of centrosaurine relationships <xref ref-type="bibr" rid="pone.0022710-Farke1">[6]</xref>. The reassessment of USNM 14765 also encouraged a fresh evaluation of MOR 492. In addition to the three specimens of <italic>Rubeosaurus ovatus</italic>, several fragmentary but intriguing ceratopsid specimens from the Upper Two Medicine Formation were considered.</p>
      <p>Institutional Abbreviations: MOR, Museum of the Rockies, Bozeman, Montana, USA; USNM, National Museum of Natural History, Washington, D.C., USA.</p>
    </sec>
    <sec id="s2">
      <title>Results and Discussion</title>
      <sec id="s2a">
        <title>1. <italic>Rubeosaurus ovatus</italic></title>
        <p>
          <bold>Systematic Paleontology.</bold>
        </p>
        <p>Dinosauria Owen, 1842 <xref ref-type="bibr" rid="pone.0022710-Owen1">[19]</xref></p>
        <p>Ornithischia Seeley, 1887 <xref ref-type="bibr" rid="pone.0022710-Seeley1">[20]</xref></p>
        <p>Ceratopsia Marsh, 1890 <xref ref-type="bibr" rid="pone.0022710-Marsh1">[21]</xref></p>
        <p>Ceratopsidae Marsh, 1888 <xref ref-type="bibr" rid="pone.0022710-Marsh2">[22]</xref></p>
        <p>Centrosaurinae Lambe, 1915 <xref ref-type="bibr" rid="pone.0022710-Lambe3">[23]</xref></p>
        <p><italic>Rubeosaurus</italic> McDonald and Horner, 2010 <xref ref-type="bibr" rid="pone.0022710-McDonald1">[13]</xref></p>
        <p><italic>Rubeosaurus ovatus</italic> Gilmore, 1930 <xref ref-type="bibr" rid="pone.0022710-Gilmore1">[12]</xref></p>
        <p>
          <bold>Synonymies.</bold>
        </p>
        <p>1930 <italic>Styracosaurus ovatus</italic> Gilmore, p. 36</p>
        <p>2010 <italic>Rubeosaurus ovatus</italic> McDonald and Horner, p. 157</p>
        <sec id="s2a1">
          <title>Holotype</title>
          <p>USNM 11869, caudal parietal bar.</p>
        </sec>
        <sec id="s2a2">
          <title>Referred Material</title>
          <p>MOR 492, incomplete skull including partial fused left and right nasals (the left and right premaxillary processes of the nasals are also present; these have been broken off at their bases (fig. 1B, C in <xref ref-type="bibr" rid="pone.0022710-McDonald1">[13]</xref>), partial left premaxilla, partial left postorbital, proximal portion of median parietal bar, and right lateral parietal bar. USNM 14765, partial skull and postcranium including rostral, partial left premaxilla, a fragment of the nasal horncore, partial right maxilla, left circumorbital region (lacrimal, palpebral, prefrontal, postorbital, and jugal), supraoccipital, partial parietal, a dorsal vertebra, a dorsal rib, left scapula, right and left femora, and two phalanges.</p>
        </sec>
        <sec id="s2a3">
          <title>Specific Diagnosis (as for genus by monotypy; modified from McDonald and Horner <xref ref-type="bibr" rid="pone.0022710-McDonald1">[13]</xref>)</title>
          <p>Centrosaurine ceratopsid diagnosed by a single autapomorphy: medially inclined P3 spikes. Also distinguished by the following unique combination of characters: elongate, tapering nasal horncore as in <italic>Sinoceratops zhuchengensis</italic>, <italic>Centrosaurus brinkmani</italic>, <italic>Centrosaurus apertus</italic>, <italic>Styracosaurus albertensis</italic>, and <italic>Einiosaurus procurvicornis</italic>; nasal horncore erect as in <italic>Sinoceratops zhuchengensis</italic>, <italic>Centrosaurus brinkmani</italic>, <italic>Centrosaurus apertus</italic>, and <italic>Styracosaurus albertensis</italic>; short, dorsally-projecting postorbital horncore with rounded apex as in unmodified adult specimens of <italic>Styracosaurus albertensis</italic> and <italic>Einiosaurus procurvicornis</italic>; P3 spike as in adult specimens of <italic>Styracosaurus albertensis</italic>, <italic>Einiosaurus procurvicornis</italic>, <italic>Achelousaurus horneri</italic>, <italic>Pachyrhinosaurus canadensis</italic>, and <italic>Pachyrhinosaurus lakustai</italic>; P3 spike is straight as in <italic>Einiosaurus procurvicornis</italic>; P4 spike as in adult specimens of <italic>Styracosaurus albertensis</italic>; tapering P5 spike shorter than the P3 and P4 as in adult specimens of <italic>Styracosaurus albertensis</italic>.</p>
        </sec>
        <sec id="s2a4">
          <title>Locality and Horizon</title>
          <p>All specimens were found in the vicinity of Landslide Butte on the Blackfeet Nation, Glacier County, Montana. The exact localities of USNM 11869 and USNM 14765 are unknown. Precise locality data for MOR 492 are on file at the Museum of the Rockies. USNM 11869 and MOR 492 were both collected in the Upper Two Medicine Formation, approximately 60 meters below the contact with the overlying Bearpaw Formation <xref ref-type="bibr" rid="pone.0022710-McDonald1">[13]</xref>, in rocks dating to 75-74 Ma (middle Campanian) <xref ref-type="bibr" rid="pone.0022710-Rogers1">[24]</xref>, <xref ref-type="bibr" rid="pone.0022710-Gradstein1">[25]</xref>. According to Gilmore (p. 12 in <xref ref-type="bibr" rid="pone.0022710-Gilmore2">[18]</xref>), USNM 14765 was collected about one mile from the type quarry of <italic>Brachyceratops</italic> at “approximately the same level in the formation”. If accurate, this means that USNM 14765 was also collected approximately 60 meters below the Two Medicine-Bearpaw contact. Specimens of <italic>Einiosaurus procurvicornis</italic> are known from approximately 45 meters below the contact, while those of <italic>Achelousaurus horneri</italic> came from approximately 20 meters below the contact <xref ref-type="bibr" rid="pone.0022710-Sampson1">[14]</xref>.</p>
        </sec>
        <sec id="s2a5">
          <title>Note on <italic>Brachyceratops</italic></title>
          <p>Before elaborating further on the new findings concerning <italic>Rubeosaurus</italic>, it is necessary to thoroughly address <italic>Brachyceratops montanensis</italic>, the first centrosaurine named from the Two Medicine Formation <xref ref-type="bibr" rid="pone.0022710-Gilmore3">[26]</xref>, <xref ref-type="bibr" rid="pone.0022710-Gilmore4">[27]</xref>. <italic>Brachyceratops</italic> was named by Gilmore in 1914 <xref ref-type="bibr" rid="pone.0022710-Gilmore3">[26]</xref> based upon the remains of five individuals from the same quarry. The type quarry of <italic>Brachyceratops</italic> is approximately 60 meters below the contact between the Two Medicine and Bearpaw formations <xref ref-type="bibr" rid="pone.0022710-Sampson1">[14]</xref>, at the same stratigraphic level as USNM 11869 and MOR 492, the holotype and referred specimens of <italic>Rubeosaurus</italic> <xref ref-type="bibr" rid="pone.0022710-McDonald1">[13]</xref>. Thus, the taxonomic decision that immediately arises is whether to consider <italic>Rubeosaurus ovatus</italic> a junior synonym of <italic>Brachyceratops montanensis</italic>. This possibility was also raised by Dodson <xref ref-type="bibr" rid="pone.0022710-Dodson2">[28]</xref>.</p>
          <p>As thoroughly explicated by Sampson et al. <xref ref-type="bibr" rid="pone.0022710-Sampson2">[29]</xref>, the holotype (USNM 7951) and other specimens from the type quarry of <italic>Brachyceratops</italic> are juvenile centrosaurines. USNM 7951 exhibits an unfused nasal horncore, a feature concordant with juvenile status (<xref ref-type="fig" rid="pone-0022710-g003">Fig. 3A</xref>). Furthermore, the two well preserved partial parietals from the <italic>Brachyceratops</italic> quarry (USNM 7951 and 7950; <xref ref-type="fig" rid="pone-0022710-g003">Fig. 3B, C</xref>) are missing most of their caudal bars and do not display features that could be classified as incipient versions of the diagnostic epiparietal morphologies in the frills of adult <italic>Rubeosaurus</italic>, <italic>Einiosaurus</italic>, or <italic>Achelousaurus</italic>. Finally, no elements from the <italic>Brachyceratops</italic> quarry exhibit autapomorphies or a unique combination of characters by which the taxon could be diagnosed. <italic>Brachyceratops montanensis</italic> should therefore be considered a <italic>nomen dubium</italic>.</p>
          <fig id="pone-0022710-g003" position="float">
            <object-id pub-id-type="doi">10.1371/journal.pone.0022710.g003</object-id>
            <label>Figure 3</label>
            <caption>
              <title>Morphology of <italic>Brachyceratops montanensis</italic>.</title>
              <p>Unfused right and left halves of the nasal horncore of USNM 7951 (holotype) in (A) left lateral view. Parietal of USNM 7951 (holotype) in (B) dorsal view. Parietal of USNM 7950 in (C) dorsal view. <italic>Abbreviations</italic>: <italic>Lnh</italic>, left half of nasal horncore; <italic>Rnh</italic>, right half of nasal horncore. Scale bars equal 10 cm. Copyright Smithsonian Institution, all rights reserved.</p>
            </caption>
            <graphic mimetype="image" position="float" xlink:href="info:doi/10.1371/journal.pone.0022710.g003" xlink:type="simple"/>
          </fig>
          <p>Gilmore <xref ref-type="bibr" rid="pone.0022710-Gilmore2">[18]</xref> referred USNM 14765 to <italic>Brachyceratops</italic> as a putative adult, an assignment upheld by Dodson <xref ref-type="bibr" rid="pone.0022710-Dodson2">[28]</xref>. However, the current study concurs with Sampson et al. <xref ref-type="bibr" rid="pone.0022710-Sampson2">[29]</xref> that USNM 14765 is a subadult. The parietal of USNM 14765 exhibits less extensive long-grained bone texture than the parietals of <italic>Brachyceratops</italic>, though a combination of long-grained and mottled bone texture is still present <xref ref-type="bibr" rid="pone.0022710-Sampson2">[29]</xref>, suggesting that USNM 14765 is an immature centrosaurine <xref ref-type="bibr" rid="pone.0022710-TumarkinDeratzian1">[30]</xref>; Brown et al. <xref ref-type="bibr" rid="pone.0022710-Brown1">[31]</xref> assigned USNM 14765 to their stage D. Moreover, USNM 14765 does not share any features exclusively with specimens from the <italic>Brachyceratops</italic> quarry.</p>
          <p>The erect, slightly recurved nasal horncore of MOR 492 (<xref ref-type="fig" rid="pone-0022710-g004">Fig. 4</xref>) does resemble that of USNM 7951; however, it is apparent from other centrosaurines that such horncores in immature individuals, such as USNM 7951, could potentially develop into a variety of adult morphologies and not necessarily into the tall, recurved horncore of MOR 492. The recurved nasal horncores of juvenile and subadult <italic>Einiosaurus procurvicornis</italic> (<xref ref-type="fig" rid="pone-0022710-g005">Fig. 5A–C</xref>) grew into the strongly procurved horncores of adults (<xref ref-type="fig" rid="pone-0022710-g005">Fig. 5D–F</xref>) <xref ref-type="bibr" rid="pone.0022710-Sampson1">[14]</xref>, <xref ref-type="bibr" rid="pone.0022710-Sampson2">[29]</xref>, while those of subadult <italic>Achelousaurus horneri</italic> (<xref ref-type="fig" rid="pone-0022710-g006">Fig. 6A</xref>) grew into pachyostotic bosses restricted to the nasals (<xref ref-type="fig" rid="pone-0022710-g006">Fig. 6B</xref>) <xref ref-type="bibr" rid="pone.0022710-Sampson1">[14]</xref>, <xref ref-type="bibr" rid="pone.0022710-Sampson2">[29]</xref>. In perhaps the most extreme example, the nasal horncores of juvenile and subadult <italic>Pachyrhinosaurus lakustai</italic> developed into massive pachyostotic bosses that extend onto the prefrontals <xref ref-type="bibr" rid="pone.0022710-Currie1">[17]</xref>. To assign MOR 492 to the same taxon as USNM 7951 because of gross similarity in the shapes of their nasal horncores would be to ignore the ontogenetic changes in those other centrosaurines. The similarity of juveniles across centrosaurine species and lack of diagnostic features in the material of <italic>Brachyceratops</italic> mean that there is simply too much uncertainty regarding the morphology of <italic>Brachyceratops</italic> to assign additional specimens (i.e. USNM 11869, USNM 14765, and MOR 492) to the taxon.</p>
          <fig id="pone-0022710-g004" position="float">
            <object-id pub-id-type="doi">10.1371/journal.pone.0022710.g004</object-id>
            <label>Figure 4</label>
            <caption>
              <title>MOR 492, nasals of <italic>Rubeosaurus ovatus</italic>.</title>
              <p>Fused left and right nasals in (A) right lateral and (B) left lateral views. <italic>Abbreviations</italic>: <italic>bnh</italic>, base of nasal horncore; <italic>bpmp</italic>, base of premaxillary process; <italic>prfc</italic>, prefrontal contact. Scale bar equals 10 cm.</p>
            </caption>
            <graphic mimetype="image" position="float" xlink:href="info:doi/10.1371/journal.pone.0022710.g004" xlink:type="simple"/>
          </fig>
          <fig id="pone-0022710-g005" position="float">
            <object-id pub-id-type="doi">10.1371/journal.pone.0022710.g005</object-id>
            <label>Figure 5</label>
            <caption>
              <title>Nasals of <italic>Einiosaurus procurvicornis</italic>.</title>
              <p>(A) MOR 373-DR-85, unfused right nasal in lateral view; (B) MOR 373-8-3-87-9, fused left and right nasals in right lateral view; (C) MOR 373-7-6-86-9, fused left and right nasals in left lateral view; (D) MOR 373-8-20-6-14, fused left and right nasals in left lateral view; (E) MOR 456-8-9-6-1 (holotype), fused left and right nasals in left lateral view; (F) MOR 456-8-13-7-5, fused left and right nasals in right lateral view. <italic>Abbreviations</italic>: <italic>bnh</italic>, base of nasal horncore; <italic>bpmp</italic>, base of premaxillary process; <italic>pmp</italic>, premaxillary process; <italic>prfc</italic>, prefrontal contact. Scale bars equal 10 cm.</p>
            </caption>
            <graphic mimetype="image" position="float" xlink:href="info:doi/10.1371/journal.pone.0022710.g005" xlink:type="simple"/>
          </fig>
          <fig id="pone-0022710-g006" position="float">
            <object-id pub-id-type="doi">10.1371/journal.pone.0022710.g006</object-id>
            <label>Figure 6</label>
            <caption>
              <title>Nasals of <italic>Achelousaurus horneri</italic>.</title>
              <p>(A) MOR 591, articulated rostral, premaxillae, nasals, and rostral portions of the maxillae in right lateral view; (B) MOR 485 (holotype), nasals in left dorsolateral view. Scale bar in A equals 10 cm. MOR 485 was photographed behind glass, so a scale bar could not be applied; for scale, see Sampson (fig. 3 in <xref ref-type="bibr" rid="pone.0022710-Sampson1">[14]</xref>).</p>
            </caption>
            <graphic mimetype="image" position="float" xlink:href="info:doi/10.1371/journal.pone.0022710.g006" xlink:type="simple"/>
          </fig>
        </sec>
        <sec id="s2a6">
          <title>Features of <italic>Rubeosaurus ovatus</italic>: USNM 11869, USNM 14765, and MOR 492</title>
          <p>The holotype of <italic>Rubeosaurus ovatus</italic>, USNM 11869, exhibits the sole autapomorphy of the taxon (medially-inclined P3 spikes). It also possesses elongate, laterally-inclined P4 spikes and a laterally-projecting left P5 spike that is considerably shorter than the left and right P3 and P4 spikes (<xref ref-type="fig" rid="pone-0022710-g001">Fig. 1</xref>). The medial-most epiparietals, the left and right P2 loci, are small, rounded, medially-inclined, and dorsoventrally compressed as in <italic>Einiosaurus procurvicornis</italic> (<xref ref-type="fig" rid="pone-0022710-g007">Fig. 7A, B, D, E</xref>), <italic>Achelousaurus horneri</italic> (<xref ref-type="fig" rid="pone-0022710-g008">Fig. 8A, B</xref>), and some specimens of <italic>Styracosaurus albertensis</italic> <xref ref-type="bibr" rid="pone.0022710-Ryan4">[11]</xref>. In contrast to <italic>Centrosaurus</italic> spp. <xref ref-type="bibr" rid="pone.0022710-Ryan2">[7]</xref>, <xref ref-type="bibr" rid="pone.0022710-Ryan3">[9]</xref> and <italic>Styracosaurus</italic> <xref ref-type="bibr" rid="pone.0022710-Ryan4">[11]</xref>, the P1 locus is absent as in <italic>Einiosaurus</italic> (<xref ref-type="fig" rid="pone-0022710-g007">Fig. 7A, B, D, E</xref>) <xref ref-type="bibr" rid="pone.0022710-Sampson1">[14]</xref>, <italic>Achelousaurus</italic> (<xref ref-type="fig" rid="pone-0022710-g008">Fig. 8A, B</xref>) <xref ref-type="bibr" rid="pone.0022710-Sampson1">[14]</xref>, and <italic>Pachyrhinosaurus</italic> spp. <xref ref-type="bibr" rid="pone.0022710-Langston1">[16]</xref>, <xref ref-type="bibr" rid="pone.0022710-Currie1">[17]</xref>.</p>
          <fig id="pone-0022710-g007" position="float">
            <object-id pub-id-type="doi">10.1371/journal.pone.0022710.g007</object-id>
            <label>Figure 7</label>
            <caption>
              <title>Parietals of <italic>Einiosaurus procurvicornis</italic>.</title>
              <p>(A) MOR 456-8-9-6-1 (holotype), parietal in dorsal view; (B) MOR 456-8-27-87-2, parietal in dorsal view; (C) MOR 373-001, right lateral parietal bar in dorsal view; (D) MOR 373-6-28-6-4, parietal in dorsal view; (E) MOR 373-7-9-87, parietal in dorsal view. <italic>Abbreviations</italic>: <italic>LP2</italic>, left P2 process; <italic>LP3</italic>, left P3 process; <italic>LP4</italic>, left P4 process; <italic>LP5</italic>, left P5 process; <italic>LP6</italic>, left P6 process; <italic>LP7</italic>, left P7 process; <italic>LP8</italic>, left P8 process; <italic>RP2</italic>, right P2 process; <italic>RP3</italic>, right P3 process; <italic>RP4</italic>, right P4 process; <italic>RP5</italic>, right P5 process; <italic>RP6</italic>, right P6 process; <italic>RP7</italic>, right P7 process. Scale bars equal 10 cm.</p>
            </caption>
            <graphic mimetype="image" position="float" xlink:href="info:doi/10.1371/journal.pone.0022710.g007" xlink:type="simple"/>
          </fig>
          <fig id="pone-0022710-g008" position="float">
            <object-id pub-id-type="doi">10.1371/journal.pone.0022710.g008</object-id>
            <label>Figure 8</label>
            <caption>
              <title>Parietals of <italic>Achelousaurus horneri</italic>.</title>
              <p>(A) MOR 485 (holotype), parietal in dorsal view; (B) MOR 571, parietal in dorsal view; (C) MOR 591, left lateral parietal bar in dorsal view. <italic>Abbreviations</italic>: <italic>LP2</italic>, left P2 process; <italic>LP3</italic>, left P3 process; <italic>LP4</italic>, left P4 process; <italic>LP5</italic>, left P5 process; <italic>LP6</italic>, left P6 process; <italic>LP7</italic>, left P7 process; <italic>RP2</italic>, right P2 process; <italic>RP3</italic>, right P3 process; <italic>RP4</italic>, right P4 process; <italic>RP5</italic>, right P5 process; <italic>RP6</italic>, right P6 process; <italic>RP7</italic>, right P7 process. Scale bars in B and C equal 10 cm. MOR 485 was photographed behind glass, so a scale bar could not be applied; for scale, see Sampson (fig. 3 in <xref ref-type="bibr" rid="pone.0022710-Sampson1">[14]</xref>).</p>
            </caption>
            <graphic mimetype="image" position="float" xlink:href="info:doi/10.1371/journal.pone.0022710.g008" xlink:type="simple"/>
          </fig>
          <p>As explained above, USNM 14765 is very likely a subadult centrosaurine. The postorbital of USNM 14765 exhibits a low, rounded horncore (<xref ref-type="fig" rid="pone-0022710-g009">Fig. 9A</xref>), similar to that of MOR 492 (<xref ref-type="fig" rid="pone-0022710-g009">Fig. 9B</xref>) <xref ref-type="bibr" rid="pone.0022710-McDonald1">[13]</xref> and to those of subadult and unmodified adult <italic>Styracosaurus albertensis</italic> <xref ref-type="bibr" rid="pone.0022710-Ryan4">[11]</xref> and <italic>Einiosaurus procurvicornis</italic> (<xref ref-type="fig" rid="pone-0022710-g009">Fig. 9C, D</xref>) <xref ref-type="bibr" rid="pone.0022710-Sampson1">[14]</xref>.</p>
          <fig id="pone-0022710-g009" position="float">
            <object-id pub-id-type="doi">10.1371/journal.pone.0022710.g009</object-id>
            <label>Figure 9</label>
            <caption>
              <title>Postorbitals of <italic>Rubeosaurus ovatus</italic> (A and B) and <italic>Einiosaurus procurvicornis</italic> (C and D).</title>
              <p>(A) USNM 14765, articulated left jugal, lacrimal, palpebral, prefrontal, and postorbital in lateral view (Copyright Smithsonian Institution, all rights reserved); (B) MOR 492, partial left postorbital in lateral view; (C) MOR 373-6-26-6-3, articulated right prefrontal, palpebral, and postorbital in lateral view; (D) MOR 373-6-24-6-4, right postorbital in lateral view. <italic>Abbreviations</italic>: <italic>bpoh</italic>, base of postorbital horncore; <italic>poh</italic>, postorbital horncore. Scale bars equal 10 cm.</p>
            </caption>
            <graphic mimetype="image" position="float" xlink:href="info:doi/10.1371/journal.pone.0022710.g009" xlink:type="simple"/>
          </fig>
          <p>The parietal of USNM 14765 is missing most of its left side (<xref ref-type="fig" rid="pone-0022710-g010">Fig. 10A, B</xref>). Gilmore's <xref ref-type="bibr" rid="pone.0022710-Gilmore2">[18]</xref> reconstruction of the parietal included small elliptical parietal fenestrae (<xref ref-type="fig" rid="pone-0022710-g010">Fig. 10A</xref>), whereas Dodson <xref ref-type="bibr" rid="pone.0022710-Dodson2">[28]</xref> raised the possibility that parietal fenestrae were absent. The area rostral to the purported right parietal fenestra is not as intact as Gilmore's reconstruction would suggest; it is not a continuous expanse of bone, but rather a collection of numerous small fragments suspended in filling substance (<xref ref-type="fig" rid="pone-0022710-g010">Fig. 10B</xref>). Thus, the right parietal fenestra could have been larger than that in Gilmore's reconstruction, but ultimately the size and even the presence of parietal fenestrae must remain ambiguous.</p>
          <fig id="pone-0022710-g010" position="float">
            <object-id pub-id-type="doi">10.1371/journal.pone.0022710.g010</object-id>
            <label>Figure 10</label>
            <caption>
              <title>USNM 14765, parietal of <italic>Rubeosaurus ovatus</italic>.</title>
              <p>(A) Original reconstruction of parietal in dorsal view (modified from Gilmore <xref ref-type="bibr" rid="pone.0022710-Gilmore2">[18]</xref>). (B) Parietal as preserved in dorsal view, with revised interpretation of the right parietal processes. (C) Left P2 and P3 parietal processes in dorsal view, showing breakage and displacement of fragments of the left P2. (D) Caudal parietal bar in dorsal view, showing extent of the broken edge along its caudal margin, which, in the revised interpretation of the parietal processes, represents the bases of the right P2 and P3 processes. (E) Parietal in dorsal view, with new reconstruction of the parietal processes. <italic>Abbreviations</italic>: <italic>BRP2</italic>, base of right P2 process; <italic>BRP3</italic>, base of right P3 process; <italic>BRP4</italic>, base of right P4 process; <italic>BRP6</italic>, base of right P6 process; <italic>BRP8</italic>, base of right P8 process; <italic>LP2</italic>, left P2 process; <italic>LP3</italic>, left P3 process; <italic>RP2</italic>, right P2 process; <italic>RP3</italic>, right P3 process; <italic>RP4</italic>, right P4 process; <italic>RP5</italic>, right P5 process; <italic>RP6</italic>, right P6 process; <italic>RP7</italic>, right P7 process; <italic>RP8</italic>, right P8 process. Scale bars in B–E equal 10 cm. B–E are Copyright Smithsonian Institution, all rights reserved.</p>
            </caption>
            <graphic mimetype="image" position="float" xlink:href="info:doi/10.1371/journal.pone.0022710.g010" xlink:type="simple"/>
          </fig>
          <p>The left parietal processes of USNM 14765 are a small caudomedially-directed medial-most process with a tapering nascent spike lateral to it on the caudal margin of the parietal (<xref ref-type="fig" rid="pone-0022710-g010">Fig. 10B, C</xref>). The locations and morphologies of these two processes on the parietal of USNM 14765 closely resemble those of the P2 and P3 processes of subadult and adult <italic>Styracosaurus albertensis</italic> <xref ref-type="bibr" rid="pone.0022710-Ryan4">[11]</xref>, <italic>Einiosaurus procurvicornis</italic> (<xref ref-type="fig" rid="pone-0022710-g007">Fig. 7A, B, D, E</xref>), and <italic>Achelousaurus horneri</italic> (<xref ref-type="fig" rid="pone-0022710-g008">Fig. 8A, B</xref>). Therefore, these two processes on USNM 14765 are interpreted as the left P2 and P3. The left P2 has suffered damage and consists of two obviously displaced fragments, so that this process probably appears more prominent than it actually was (<xref ref-type="fig" rid="pone-0022710-g010">Fig. 10C</xref>).</p>
          <p>A fresh examination of USNM 14765 led the author to reconsider the processes on the right side of the parietal. The original reconstruction of the parietal processes by Gilmore <xref ref-type="bibr" rid="pone.0022710-Gilmore2">[18]</xref> included six processes (P2–P7) on the right side of the parietal (<xref ref-type="fig" rid="pone-0022710-g010">Fig. 10A</xref>). However, the bone surface between the right P2 and P3 of Gilmore's reconstruction is actually a broken edge (<xref ref-type="fig" rid="pone-0022710-g010">Fig. 10D</xref>); thus, the extent of the broken edge along the caudal margin of the caudal parietal bar is greater than is shown in Gilmore's reconstruction. Furthermore, immediately lateral to this broken edge is a small section of unbroken bone that curves caudally as if forming the base of a parietal process (<xref ref-type="fig" rid="pone-0022710-g010">Fig. 10D</xref>). The continuous broken edge along the right half of the caudal parietal bar is considerably wider mediolaterally than the base of the left P2 process, suggesting that the broken edge actually represents the broken bases of two parietal processes rather than one (the right P2) as in Gilmore's reconstruction. The broken edge is herein interpreted as corresponding to the bases of the right tab-like P2 and immediately adjacent P3 spike; the bases of the P2 and P3 processes are closely adjacent on the left side of the parietal of USNM 14765 (<xref ref-type="fig" rid="pone-0022710-g010">Fig. 10B, C</xref>) and on both sides of the parietal of USNM 11869, the holotype of <italic>Rubeosaurus ovatus</italic> (<xref ref-type="fig" rid="pone-0022710-g001">Fig. 1</xref>). This reinterpretation of the right parietal processes of USNM 14765 means that the nascent spike preserved on the right lateral parietal bar is not the right P4 as in Gilmore's reconstruction, but rather the right P5 (<xref ref-type="fig" rid="pone-0022710-g010">Fig. 10B</xref>); this process is missing its tip, and so would have been even longer than what is preserved on USNM 14765. The presence of a P5 spike on the parietal of USNM 14765 has important ramifications for the affinities of the specimen.</p>
          <p>Incipient P5 spikes are also present on the parietals of subadult <italic>Styracosaurus</italic> (figs. 9A, 13A, 14A in <xref ref-type="bibr" rid="pone.0022710-Ryan4">[11]</xref>), but USNM 14765 differs from those specimens in lacking P1 processes on the dorsal surface of the parietal and thus should not be referred to <italic>Styracosaurus</italic>. USNM 14765 is also stratigraphically separated from specimens of <italic>Styracosaurus</italic> from the upper Dinosaur Park Formation of Alberta <xref ref-type="bibr" rid="pone.0022710-Ryan4">[11]</xref>, but came from approximately the same level as the holotype of <italic>Rubeosaurus</italic> in the Upper Two Medicine Formation (see “Locality and Horizon” above). Among centrosaurines from the Upper Two Medicine Formation, only USNM 11869, the holotype of <italic>Rubeosaurus</italic>, exhibits an unequivocal P5 spike. Specimens of <italic>Achelousaurus</italic> only have spikes at the P3 positions (<xref ref-type="fig" rid="pone-0022710-g008">Fig. 8</xref>). Some specimens of <italic>Einiosaurus</italic> bear a spike at the P4 position that is shorter than the P3 spike but larger than the adjacent P5 epiparietal (<xref ref-type="fig" rid="pone-0022710-g007">Fig. 7C–E</xref>), but none in which the lateral parietal bar is preserved display a P5 spike (<xref ref-type="fig" rid="pone-0022710-g007">Fig. 7A, C, E</xref>). Therefore, USNM 14765 may be referred to <italic>Rubeosaurus ovatus</italic>. The right P6 and P8 of USNM 14765 are broken at their bases, while approximately the rostral third of the right P7 is preserved (<xref ref-type="fig" rid="pone-0022710-g010">Fig. 10B</xref>). The new interpretation of the parietal prompted a novel reconstruction of the parietal processes of USNM 14765 (<xref ref-type="fig" rid="pone-0022710-g010">Fig. 10E</xref>). It must be noted that the reconstructed left P3 of USNM 14765 appears to project caudolaterally (<xref ref-type="fig" rid="pone-0022710-g010">Fig. 10E</xref>), different from the caudomedially inclined P3 processes of USNM 11869, the holotype of <italic>Rubeosaurus ovatus</italic> (<xref ref-type="fig" rid="pone-0022710-g001">Fig. 1</xref>); given that the ontogeny of <italic>Rubeosaurus</italic> is almost totally unknown, it is impossible to say whether the inclination of the P3 spikes changed during development or whether the caudolateral inclination of the left P3 of USNM 14765 could be related to postmortem damage.</p>
          <p>In addition to USNM 14765, another specimen, MOR 492, may be referred to <italic>Rubeosaurus ovatus</italic> <xref ref-type="bibr" rid="pone.0022710-McDonald1">[13]</xref>. MOR 492 represents either a late subadult or adult individual, as indicated by the presence of only rugose bone texture <xref ref-type="bibr" rid="pone.0022710-Sampson2">[29]</xref>–<xref ref-type="bibr" rid="pone.0022710-Brown1">[31]</xref> on the median and right lateral parietal bars. MOR 492 exhibits an elongate recurved nasal horncore (<xref ref-type="fig" rid="pone-0022710-g004">Fig. 4</xref>) and a low, rounded postorbital horncore (<xref ref-type="fig" rid="pone-0022710-g009">Fig. 9B</xref>). Preserved portions of the parietal include a partial median bar with a midline prominence, right lateral bar with a broken spike that fits onto its base, and a longer tapering spike broken distal to its base (<xref ref-type="fig" rid="pone-0022710-g011">Fig. 11</xref>). McDonald and Horner <xref ref-type="bibr" rid="pone.0022710-McDonald1">[13]</xref> interpreted the shorter of the two spikes as the right P4 process and the longer spike as a medially-inclined P3 process, and suggested that differences between MOR 492 and USNM 11869 (relatively short P4 spike and lack of a P5 spike in MOR 492) might indicate polymorphisms in the parietal processes of <italic>Rubeosaurus ovatus</italic>, similar to those reported for processes P6 and P7 in <italic>Styracosaurus albertensis</italic> <xref ref-type="bibr" rid="pone.0022710-Ryan4">[11]</xref>. However, recent comparison of the right lateral parietal bar of MOR 492 to parietals of <italic>Einiosaurus</italic> and to USNM 11869 suggests that the reconstructed orientation presented by McDonald and Horner (fig. 6B in <xref ref-type="bibr" rid="pone.0022710-McDonald1">[13]</xref>) is not the most likely interpretation. Instead, the shape of the right lateral parietal bar of MOR 492 appears to fit better with a revised interpretation of the shorter spike as the P5, and the progressively more rostral epiparietals as P6, P7, and P8 (<xref ref-type="fig" rid="pone-0022710-g011">Fig. 11A</xref>). The loose elongate spike could pertain to either the P4 or the P3 position; its orientation (i.e. caudomedially or caudolaterally inclined) is therefore unknown. The right lateral parietal bar of MOR 492 is difficult to interpret and future investigations could favor the original interpretation of McDonald and Horner <xref ref-type="bibr" rid="pone.0022710-McDonald1">[13]</xref>, the new interpretation propounded herein, or neither. As with USNM 14765, the presence of a P5 spike combined with stratigraphic congruence with USNM 11869 indicates that MOR 492 should be referred to <italic>Rubeosaurus ovatus</italic>. The revised interpretation of the parietal of MOR 492 removes evidence for polymorphisms in the parietal processes of <italic>Rubeosaurus</italic>; this is not to say that such variation in the parietal spikes of <italic>Rubeosaurus</italic> is impossible, only that MOR 492 should not be used as evidence for it.</p>
          <fig id="pone-0022710-g011" position="float">
            <object-id pub-id-type="doi">10.1371/journal.pone.0022710.g011</object-id>
            <label>Figure 11</label>
            <caption>
              <title>MOR 492, incomplete parietal of <italic>Rubeosaurus ovatus</italic>.</title>
              <p>(A) right lateral parietal bar in dorsal view; (B) partial median parietal bar in dorsal view; (C) P3 or P4 spike in dorsal view. <italic>Abbreviations</italic>: <italic>mdp</italic>, median prominence; <italic>RP5</italic>, right P5 process; <italic>RP6</italic>, right P6 process; <italic>RP7</italic>, right P7 process; <italic>RP8</italic>, right P8 process. Scale bars equal 10 cm.</p>
            </caption>
            <graphic mimetype="image" position="float" xlink:href="info:doi/10.1371/journal.pone.0022710.g011" xlink:type="simple"/>
          </fig>
        </sec>
        <sec id="s2a7">
          <title>Phylogenetic Analysis</title>
          <p>USNM 14765 includes the most complete skull of <italic>Rubeosaurus ovatus</italic> yet known and presents cranial elements that are either unknown or incomplete in USNM 11869 and MOR 492. To investigate whether new data from USNM 14765 would refine the phylogenetic affinities of <italic>Rubeosaurus</italic>, the specimen was incorporated into the phylogenetic analysis of Farke et al. <xref ref-type="bibr" rid="pone.0022710-Farke1">[6]</xref>, the most comprehensive analysis of centrosaurine relationships available. The revised codings for <italic>Rubeosaurus</italic> were based upon USNM 11869, USNM 14765, and MOR 492.</p>
          <p>The analysis resulted in three most parsimonious trees of 130 steps each, with CI = 0.746 and RI = 0.772; the strict consensus tree is shown in <xref ref-type="fig" rid="pone-0022710-g012">Figure 12</xref>. Bremer support values and bootstrap percentages are generally low (<xref ref-type="fig" rid="pone-0022710-g012">Fig. 12</xref>). <italic>Diabloceratops eatoni</italic>, <italic>Albertaceratops nesmoi</italic>, and <italic>Avaceratops lammersi</italic> appear as basal centrosaurines. An unresolved clade of derived centrosaurines consists of taxa from the middle Campanian of Alberta, including the unnamed new centrosaurine, <italic>Centrosaurus brinkmani</italic>, <italic>Centrosaurus apertus</italic>, and <italic>Styracosaurus albertensis</italic>, all of which exhibit P1 parietal processes. <italic>Rubeosaurus ovatus</italic> is the sister taxon of a clade composed of <italic>Einiosaurus procurvicornis</italic>, <italic>Achelousaurus horneri</italic>, <italic>Pachyrhinosaurus lakustai</italic>, and <italic>Pachyrhinosaurus canadensis</italic> (<xref ref-type="fig" rid="pone-0022710-g012">Fig. 12</xref>). This position is supported by two synapomorphies: 59<sup>0</sup> (shape of P2, low D-shaped process, wider than long <xref ref-type="bibr" rid="pone.0022710-Farke1">[6]</xref>) and 61<sup>1</sup> (shape of P3, elongate flattened process or spike <xref ref-type="bibr" rid="pone.0022710-Farke1">[6]</xref>). Although the results of this analysis support the generic distinction of <italic>Rubeosaurus ovatus</italic> from <italic>Styracosaurus albertensis</italic>, a detailed assessment of centrosaurine phylogeny and paleobiogeography would be premature in the face of new basal taxa still to be published <xref ref-type="bibr" rid="pone.0022710-Ryan5">[32]</xref>, <xref ref-type="bibr" rid="pone.0022710-Lund1">[33]</xref>.</p>
          <fig id="pone-0022710-g012" position="float">
            <object-id pub-id-type="doi">10.1371/journal.pone.0022710.g012</object-id>
            <label>Figure 12</label>
            <caption>
              <title>Phylogenetic relationships of <italic>Rubeosaurus ovatus</italic>.</title>
              <p>Strict consensus of three most parsimonious trees resulting from analysis of a data matrix modified from Farke et al. <xref ref-type="bibr" rid="pone.0022710-Farke1">[6]</xref>. Numbers 1–3 to the left of and below nodes are Bremer support values. Numbers 61–100 to the left of and below some nodes are bootstrap percentages.</p>
            </caption>
            <graphic mimetype="image" position="float" xlink:href="info:doi/10.1371/journal.pone.0022710.g012" xlink:type="simple"/>
          </fig>
        </sec>
      </sec>
      <sec id="s2b">
        <title>2. Indeterminate Two Medicine ceratopsids</title>
        <sec id="s2b1">
          <title>USNM 12745</title>
          <p>USNM 12745 was discovered during Gilmore's 1928 expedition to the Landslide Butte area, the same expedition that produced USNM 11869, the holotype of <italic>Rubeosaurus ovatus</italic>. Gilmore <xref ref-type="bibr" rid="pone.0022710-Gilmore2">[18]</xref> alluded to, but did not describe, this specimen and considered it referable to “<italic>Monoclonius flexus</italic>” ( = <italic>Centrosaurus apertus</italic> <xref ref-type="bibr" rid="pone.0022710-Ryan3">[9]</xref>, <xref ref-type="bibr" rid="pone.0022710-Dodson2">[28]</xref>). In addition to several appendicular elements and vertebrae, USNM 12745 also includes partial fused left and right nasals and the left and right postorbitals. The nasals bear a large and complete horncore that curves rostrally towards its tip (<xref ref-type="fig" rid="pone-0022710-g013">Fig. 13A</xref>). This rostral curvature suggests that USNM 12745 might pertain to a subadult <italic>Einiosaurus procurvicornis</italic> that died before it could develop the strongly procurving nasal horncore characteristic of adults (<xref ref-type="fig" rid="pone-0022710-g005">Fig. 5D–F</xref>) <xref ref-type="bibr" rid="pone.0022710-Sampson1">[14]</xref>. However, in the absence of diagnostic parietal ornamentation, this possibility cannot be verified and USNM 12745 is best considered indeterminate. The postorbitals of USNM 12745 exhibit low, rounded, dorsally-directed horncores (<xref ref-type="fig" rid="pone-0022710-g013">Fig. 13B, C</xref>); the left postorbital horncore is missing its apex.</p>
          <fig id="pone-0022710-g013" position="float">
            <object-id pub-id-type="doi">10.1371/journal.pone.0022710.g013</object-id>
            <label>Figure 13</label>
            <caption>
              <title>USNM 12745, indeterminate centrosaurine.</title>
              <p>Fused nasals in (A) right lateral view. Left (B) and right (C) postorbitals in lateral view. <italic>Abbreviations</italic>: <italic>poh</italic>, postorbital horncore. Scale bars equal 10 cm. Copyright Smithsonian Institution, all rights reserved.</p>
            </caption>
            <graphic mimetype="image" position="float" xlink:href="info:doi/10.1371/journal.pone.0022710.g013" xlink:type="simple"/>
          </fig>
        </sec>
        <sec id="s2b2">
          <title>USNM 16512</title>
          <p>USNM 16512 is a partial disarticulated centrosaurine skull collected during Gilmore's 1935 expedition to the Upper Two Medicine in the Landslide Butte area. The preserved elements include the left and right lacrimals, right palpebral, left and right jugals, partial left quadrate, partial left postorbital, left and right squamosals, and the right lateral parietal bar (<xref ref-type="fig" rid="pone-0022710-g014">Fig. 14</xref>). The left postorbital bears a short, rounded, dorsally-directed horncore like those of subadult and unmodified adult <italic>Styracosaurus</italic>, <italic>Rubeosaurus</italic>, and <italic>Einiosaurus</italic> (<xref ref-type="fig" rid="pone-0022710-g009">Fig. 9</xref>) <xref ref-type="bibr" rid="pone.0022710-Ryan4">[11]</xref>, <xref ref-type="bibr" rid="pone.0022710-McDonald1">[13]</xref>, <xref ref-type="bibr" rid="pone.0022710-Sampson1">[14]</xref>. The squamosals are of typical centrosaurine construction, with a distinct step in the contact with the parietal; the left squamosal bears four episquamosals, while the right has three. The right lateral bar is the only portion of the parietal present; it bears four epiparietals. The lack of the caudal parietal bar and nasals renders firm identification of USNM 16512 impossible. The presence of only adult bone texture on the right lateral parietal bar does indicate that the specimen is probably from either a late subadult or an adult individual, as this condition occurs in stages G, H, and I (adult) of Brown et al. <xref ref-type="bibr" rid="pone.0022710-Brown1">[31]</xref>.</p>
          <fig id="pone-0022710-g014" position="float">
            <object-id pub-id-type="doi">10.1371/journal.pone.0022710.g014</object-id>
            <label>Figure 14</label>
            <caption>
              <title>USNM 16512, indeterminate centrosaurine.</title>
              <p>Skull elements from the right side (except for the left postorbital and left quadrate, which have been reversed for the purpose of this figure) arranged in an approximation of life position. <italic>Abbreviations</italic>: <italic>j</italic>, jugal; <italic>l</italic>, lacrimal; <italic>p</italic>, lateral parietal bar; <italic>pap</italic>, palpebral; <italic>po</italic>, postorbital; <italic>q</italic>, quadrate; <italic>sq</italic>, squamosal. Scale bar equals 10 cm. Copyright Smithsonian Institution, all rights reserved.</p>
            </caption>
            <graphic mimetype="image" position="float" xlink:href="info:doi/10.1371/journal.pone.0022710.g014" xlink:type="simple"/>
          </fig>
        </sec>
        <sec id="s2b3">
          <title>MOR 449</title>
          <p>MOR 449 consists of partial fused left and right ceratopsid nasals, found near Landslide Butte at approximately the same stratigraphic level as specimens of <italic>Rubeosaurus</italic> and the type quarry of <italic>Brachyceratops</italic> <xref ref-type="bibr" rid="pone.0022710-McDonald1">[13]</xref>. The dorsal surface of the nasals bears the broken base of some manner of nasal ornamentation (<xref ref-type="fig" rid="pone-0022710-g015">Fig. 15</xref>). The seemingly wider base of this ornamentation compared to its length was used by McDonald and Horner <xref ref-type="bibr" rid="pone.0022710-McDonald1">[13]</xref> to argue for the possible presence of a second centrosaurine taxon 60 meters below the Bearpaw Formation, with a form of nasal ornamentation distinct from the laterally compressed horncore of MOR 492 (<italic>Rubeosaurus</italic>). However, the nasal horncore of MOR 492 has suffered some crushing and cracking (<xref ref-type="fig" rid="pone-0022710-g004">Fig. 4</xref>) that might make it appear more laterally compressed compared to MOR 449 than it actually was. Therefore, it is entirely possible that the broken base on MOR 449 supported an elongate, erect nasal horncore like that of MOR 492 and that MOR 449 could be referable to <italic>Rubeosaurus ovatus</italic>. However, in the absence of the rest of the nasal ornamentation, it is most prudent to simply regard MOR 449 as an indeterminate ceratopsid and to conclude that it does not indicate the presence of a second centrosaurine 60 meters below the top of the Two Medicine.</p>
          <fig id="pone-0022710-g015" position="float">
            <object-id pub-id-type="doi">10.1371/journal.pone.0022710.g015</object-id>
            <label>Figure 15</label>
            <caption>
              <title>MOR 449, indeterminate ceratopsid.</title>
              <p>Fused left and right nasals in (A) right lateral, (B) left lateral, (C) dorsal, and (D) rostral views. <italic>Abbreviations</italic>: <italic>bno</italic>, base of nasal ornamentation. Scale bar equals 10 cm.</p>
            </caption>
            <graphic mimetype="image" position="float" xlink:href="info:doi/10.1371/journal.pone.0022710.g015" xlink:type="simple"/>
          </fig>
        </sec>
        <sec id="s2b4">
          <title>MOR 464</title>
          <p>MOR 464 is a fragmentary skull from the vicinity of Landslide Butte that includes the basioccipital and several pieces of the parietal. A fragment of the left or right lateral parietal bar bears an epiparietal with its long axis oriented at an angle to the lateral margin of the parietal (<xref ref-type="fig" rid="pone-0022710-g016">Fig. 16A, B</xref>); this imbrication effect is present in adult centrosaurines <xref ref-type="bibr" rid="pone.0022710-Sampson2">[29]</xref> and indicates that MOR 464 represents such an animal. A different parietal fragment exhibits a raised broken surface that probably corresponds to the base of a parietal spike (<xref ref-type="fig" rid="pone-0022710-g016">Fig. 16C, D</xref>); however, because all three diagnostic centrosaurines from the Upper Two Medicine (<italic>Rubeosaurus</italic>, <italic>Einiosaurus</italic>, and <italic>Achelousaurus</italic>) exhibit at least one spike on either side of the parietal, this feature does not elucidate the affinities of MOR 464. Thus, MOR 464 is best considered an indeterminate centrosaurine.</p>
          <fig id="pone-0022710-g016" position="float">
            <object-id pub-id-type="doi">10.1371/journal.pone.0022710.g016</object-id>
            <label>Figure 16</label>
            <caption>
              <title>MOR 464, indeterminate centrosaurine.</title>
              <p>Fragment of lateral parietal bar in (A) dorsal and (B) lateral views. Fragment of caudal parietal bar in (C) dorsal and (D) caudal views. <italic>Abbreviations</italic>: <italic>bps</italic>, base of parietal spike; <italic>ep</italic>, epiparietal; <italic>rpf</italic>, rim of parietal fenestra. Scale bars equal 10 cm.</p>
            </caption>
            <graphic mimetype="image" position="float" xlink:href="info:doi/10.1371/journal.pone.0022710.g016" xlink:type="simple"/>
          </fig>
        </sec>
      </sec>
    </sec>
    <sec id="s3" sec-type="methods">
      <title>Methods</title>
      <p>The phylogenetic analysis utilized the matrix and character list of Farke et al. <xref ref-type="bibr" rid="pone.0022710-Farke1">[6]</xref>. In addition to further codings for <italic>Rubeosaurus</italic>, changes were made to the codings of several other taxa (S1, centrosaurine data matrix). Also, to format the matrix for use with TNT <xref ref-type="bibr" rid="pone.0022710-Goloboff1">[34]</xref>, hyphens (-) were replaced with question marks (?). Finally, two characters, 26 and 27 of Farke et al. <xref ref-type="bibr" rid="pone.0022710-Farke1">[6]</xref>, were slightly modified (S2, characters modified from Farke et al.). Otherwise, the data matrix and characters of Farke et al. <xref ref-type="bibr" rid="pone.0022710-Farke1">[6]</xref> remained unchanged. The matrix was analyzed in TNT using a traditional search. The tree bisection-reconnection algorithm was used with Wagner starting trees, a random seed of one, and 10,000 replicates with 10 trees saved per replication. Character 20 was ordered (additive in the terminology of TNT), as in Farke et al. <xref ref-type="bibr" rid="pone.0022710-Farke1">[6]</xref>. Bremer and bootstrap support were calculated in TNT; a standard bootstrap (sample with replacement in the terminology of TNT) calculation was carried out using a traditional search with 10,000 replicates and instruction to collapse groups with bootstrap percentages less than 50%.</p>
    </sec>
    <sec id="s4">
      <title>Supporting Information</title>
      <supplementary-material id="pone.0022710.s001" mimetype="application/x-excel" position="float" xlink:href="info:doi/10.1371/journal.pone.0022710.s001" xlink:type="simple">
        <label>Table S1</label>
        <caption>
          <p>
            <bold>Data matrix used in the phylogenetic analysis of Centrosaurinae.</bold>
          </p>
          <p>(XLS)</p>
        </caption>
      </supplementary-material>
      <supplementary-material id="pone.0022710.s002" mimetype="application/msword" position="float" xlink:href="info:doi/10.1371/journal.pone.0022710.s002" xlink:type="simple">
        <label>Table S2</label>
        <caption>
          <p>
            <bold>Changes made to the character list of Farke et al. </bold>
            <xref ref-type="bibr" rid="pone.0022710-Farke1">[<bold>6</bold>]</xref>
            <bold>.</bold>
          </p>
          <p>(DOC)</p>
        </caption>
      </supplementary-material>
    </sec>
  </body>
  <back>
    <ack>
      <p>I am very grateful to my advisor, Peter Dodson, for his unceasing support of my research and for our many illuminating discussions on ceratopsids and other paleontological matters. I thank Mark Loewen for providing an advance copy of the phylogenetic analysis from the description of the unnamed centrosaurine and Andrew Farke for permission to use the analysis in this paper. The following people provided access to specimens and invaluable assistance during my visits to their respective institutions: Denver Fowler and John Scannella (MOR), and Michael Brett-Surman and Matt Carrano (USNM). I thank Jack Horner for additional information and for permission to describe MOR specimens. Lukas Panzarin drew the superb life restoration of <italic>Rubeosaurus ovatus</italic> in <xref ref-type="fig" rid="pone-0022710-g002">Figure 2</xref>. I thank Andrew Farke, Robert Holmes, and an anonymous reviewer for critiques that improved the manuscript.</p>
    </ack>
    <ref-list>
      <title>References</title>
      <ref id="pone.0022710-Kirkland1">
        <label>1</label>
        <element-citation publication-type="other" xlink:type="simple">             <person-group person-group-type="author"><name name-style="western"><surname>Kirkland</surname><given-names>JI</given-names></name><name name-style="western"><surname>DeBlieux</surname><given-names>DD</given-names></name></person-group>             <year>2010</year>             <article-title>New basal centrosaurine ceratopsian skulls from the Wahweap Formation (Middle Campanian), Grant Staircase-Escalante National Monument, southern Utah.</article-title>             <person-group person-group-type="editor"><name name-style="western"><surname>Ryan</surname><given-names>MJ</given-names></name><name name-style="western"><surname>Chinnery-Allgeier</surname><given-names>BJ</given-names></name><name name-style="western"><surname>Eberth</surname><given-names>DA</given-names></name></person-group>             <source>New Perspectives on Horned Dinosaurs</source>             <publisher-loc>Bloomington</publisher-loc>             <publisher-name>Indiana University Press</publisher-name>             <fpage>117</fpage>             <lpage>140</lpage>          </element-citation>
      </ref>
      <ref id="pone.0022710-Ryan1">
        <label>2</label>
        <element-citation publication-type="journal" xlink:type="simple">             <person-group person-group-type="author"><name name-style="western"><surname>Ryan</surname><given-names>MJ</given-names></name></person-group>             <year>2007</year>             <article-title>A new basal centrosaurine ceratopsid from the Oldman Formation, southeastern Alberta.</article-title>             <source>Journal of Paleontology</source>             <volume>81</volume>             <fpage>376</fpage>             <lpage>396</lpage>          </element-citation>
      </ref>
      <ref id="pone.0022710-Dodson1">
        <label>3</label>
        <element-citation publication-type="journal" xlink:type="simple">             <person-group person-group-type="author"><name name-style="western"><surname>Dodson</surname><given-names>P</given-names></name></person-group>             <year>1986</year>             <article-title><italic>Avaceratops lammersi</italic>: a new ceratopsid from the Judith River Formation of Montana.</article-title>             <source>Proceedings of The Academy of Natural Sciences of Philadelphia</source>             <volume>138</volume>             <fpage>305</fpage>             <lpage>317</lpage>          </element-citation>
      </ref>
      <ref id="pone.0022710-Penkalski1">
        <label>4</label>
        <element-citation publication-type="journal" xlink:type="simple">             <person-group person-group-type="author"><name name-style="western"><surname>Penkalski</surname><given-names>P</given-names></name><name name-style="western"><surname>Dodson</surname><given-names>P</given-names></name></person-group>             <year>1999</year>             <article-title>The morphology and systematic of <italic>Avaceratops</italic>, a primitive horned dinosaur from the Judith River Formation (Late Campanian) of Montana, with the description of a second skull.</article-title>             <source>Journal of Vertebrate Paleontology</source>             <volume>19</volume>             <fpage>692</fpage>             <lpage>711</lpage>          </element-citation>
      </ref>
      <ref id="pone.0022710-Xu1">
        <label>5</label>
        <element-citation publication-type="journal" xlink:type="simple">             <person-group person-group-type="author"><name name-style="western"><surname>Xu</surname><given-names>X</given-names></name><name name-style="western"><surname>Wang</surname><given-names>K</given-names></name><name name-style="western"><surname>Zhao</surname><given-names>X</given-names></name><name name-style="western"><surname>Li</surname><given-names>D</given-names></name></person-group>             <year>2010</year>             <article-title>First ceratopsid dinosaur from China and its biogeographical implications.</article-title>             <source>Chinese Science Bulletin</source>             <volume>55</volume>             <fpage>1631</fpage>             <lpage>1635</lpage>          </element-citation>
      </ref>
      <ref id="pone.0022710-Farke1">
        <label>6</label>
        <element-citation publication-type="journal" xlink:type="simple">             <person-group person-group-type="author"><name name-style="western"><surname>Farke</surname><given-names>AA</given-names></name><name name-style="western"><surname>Ryan</surname><given-names>MJ</given-names></name><name name-style="western"><surname>Barrett</surname><given-names>PM</given-names></name><name name-style="western"><surname>Tanke</surname><given-names>DH</given-names></name><name name-style="western"><surname>Braman</surname><given-names>DR</given-names></name><etal/></person-group>             <article-title>A new centrosaurine from the Late Cretaceous of Alberta, Canada, and the evolution of parietal ornamentation in horned dinosaurs.</article-title>             <source>Acta Palaeontologica Polonica</source>             <comment>In press</comment>          </element-citation>
      </ref>
      <ref id="pone.0022710-Ryan2">
        <label>7</label>
        <element-citation publication-type="journal" xlink:type="simple">             <person-group person-group-type="author"><name name-style="western"><surname>Ryan</surname><given-names>MJ</given-names></name><name name-style="western"><surname>Russell</surname><given-names>AP</given-names></name></person-group>             <year>2005</year>             <article-title>A new centrosaurine ceratopsid from the Oldman Formation of Alberta and its implications for centrosaurine taxonomy and systematics.</article-title>             <source>Canadian Journal of Earth Sciences</source>             <volume>42</volume>             <fpage>1369</fpage>             <lpage>1387</lpage>          </element-citation>
      </ref>
      <ref id="pone.0022710-Lambe1">
        <label>8</label>
        <element-citation publication-type="journal" xlink:type="simple">             <person-group person-group-type="author"><name name-style="western"><surname>Lambe</surname><given-names>LM</given-names></name></person-group>             <year>1904</year>             <article-title>On the squamoso parietal crest of two species of horned dinosaurs from the Cretaceous of Alberta.</article-title>             <source>The Ottawa Naturalist</source>             <volume>18</volume>             <fpage>81</fpage>             <lpage>84</lpage>          </element-citation>
      </ref>
      <ref id="pone.0022710-Ryan3">
        <label>9</label>
        <element-citation publication-type="journal" xlink:type="simple">             <person-group person-group-type="author"><name name-style="western"><surname>Ryan</surname><given-names>MJ</given-names></name><name name-style="western"><surname>Russell</surname><given-names>AP</given-names></name><name name-style="western"><surname>Eberth</surname><given-names>DA</given-names></name><name name-style="western"><surname>Currie</surname><given-names>PJ</given-names></name></person-group>             <year>2001</year>             <article-title>The taphonomy of a <italic>Centrosaurus</italic> (Ornithischia: Ceratopsidae) bone bed from the Dinosaur Park Formation (Upper Campanian), Alberta, Canada, with comments on cranial ontogeny.</article-title>             <source>Palaios</source>             <volume>16</volume>             <fpage>482</fpage>             <lpage>506</lpage>          </element-citation>
      </ref>
      <ref id="pone.0022710-Lambe2">
        <label>10</label>
        <element-citation publication-type="journal" xlink:type="simple">             <person-group person-group-type="author"><name name-style="western"><surname>Lambe</surname><given-names>LM</given-names></name></person-group>             <year>1913</year>             <article-title>A new genus and species of Ceratopsia from the Belly River Formation of Alberta.</article-title>             <source>The Ottawa Naturalist</source>             <volume>27</volume>             <fpage>109</fpage>             <lpage>116</lpage>          </element-citation>
      </ref>
      <ref id="pone.0022710-Ryan4">
        <label>11</label>
        <element-citation publication-type="journal" xlink:type="simple">             <person-group person-group-type="author"><name name-style="western"><surname>Ryan</surname><given-names>MJ</given-names></name><name name-style="western"><surname>Holmes</surname><given-names>R</given-names></name><name name-style="western"><surname>Russell</surname><given-names>AP</given-names></name></person-group>             <year>2007</year>             <article-title>A revision of the Late Campanian centrosaurine ceratopsid genus <italic>Styracosaurus</italic> from the Western Interior of North America.</article-title>             <source>Journal of Vertebrate Paleontology</source>             <volume>27</volume>             <fpage>944</fpage>             <lpage>962</lpage>          </element-citation>
      </ref>
      <ref id="pone.0022710-Gilmore1">
        <label>12</label>
        <element-citation publication-type="journal" xlink:type="simple">             <person-group person-group-type="author"><name name-style="western"><surname>Gilmore</surname><given-names>CW</given-names></name></person-group>             <year>1930</year>             <article-title>On dinosaurian reptiles from the Two Medicine Formation of Montana.</article-title>             <source>Proceedings of the United States National Museum</source>             <volume>77</volume>             <fpage>1</fpage>             <lpage>39</lpage>          </element-citation>
      </ref>
      <ref id="pone.0022710-McDonald1">
        <label>13</label>
        <element-citation publication-type="other" xlink:type="simple">             <person-group person-group-type="author"><name name-style="western"><surname>McDonald</surname><given-names>AT</given-names></name><name name-style="western"><surname>Horner</surname><given-names>JR</given-names></name></person-group>             <year>2010</year>             <article-title>New material of “<italic>Styracosaurus</italic>” <italic>ovatus</italic> from the Two Medicine Formation of Montana.</article-title>             <person-group person-group-type="editor"><name name-style="western"><surname>Ryan</surname><given-names>MJ</given-names></name><name name-style="western"><surname>Chinnery-Allgeier</surname><given-names>BJ</given-names></name><name name-style="western"><surname>Eberth</surname><given-names>DA</given-names></name></person-group>             <source>New Perspectives on Horned Dinosaurs</source>             <publisher-loc>Bloomington</publisher-loc>             <publisher-name>Indiana University Press</publisher-name>             <fpage>156</fpage>             <lpage>168</lpage>          </element-citation>
      </ref>
      <ref id="pone.0022710-Sampson1">
        <label>14</label>
        <element-citation publication-type="journal" xlink:type="simple">             <person-group person-group-type="author"><name name-style="western"><surname>Sampson</surname><given-names>SD</given-names></name></person-group>             <year>1995</year>             <article-title>Two new horned dinosaurs from the Upper Cretaceous Two Medicine Formation of Montana; with a phylogenetic analysis of the Centrosaurinae (Ornithischia: Ceratopsidae).</article-title>             <source>Journal of Vertebrate Paleontology</source>             <volume>15</volume>             <fpage>743</fpage>             <lpage>760</lpage>          </element-citation>
      </ref>
      <ref id="pone.0022710-Sternberg1">
        <label>15</label>
        <element-citation publication-type="journal" xlink:type="simple">             <person-group person-group-type="author"><name name-style="western"><surname>Sternberg</surname><given-names>CM</given-names></name></person-group>             <year>1950</year>             <article-title><italic>Pachyrhinosaurus canadensis</italic>, representing a new family of the Ceratopsia, from southern Alberta.</article-title>             <source>National Museum of Canada Bulletin</source>             <volume>118</volume>             <fpage>109</fpage>             <lpage>120</lpage>          </element-citation>
      </ref>
      <ref id="pone.0022710-Langston1">
        <label>16</label>
        <element-citation publication-type="journal" xlink:type="simple">             <person-group person-group-type="author"><name name-style="western"><surname>Langston</surname><given-names>W</given-names><suffix>Jr</suffix></name></person-group>             <year>1975</year>             <article-title>The ceratopsian dinosaurs and associated lower vertebrates from the St. Mary River Formation (Maestrichtian) at Scabby Butte, southern Alberta.</article-title>             <source>Canadian Journal of Earth Sciences</source>             <volume>12</volume>             <fpage>1576</fpage>             <lpage>1608</lpage>          </element-citation>
      </ref>
      <ref id="pone.0022710-Currie1">
        <label>17</label>
        <element-citation publication-type="other" xlink:type="simple">             <person-group person-group-type="author"><name name-style="western"><surname>Currie</surname><given-names>PJ</given-names></name><name name-style="western"><surname>Langston</surname><given-names>W</given-names><suffix>Jr</suffix></name><name name-style="western"><surname>Tanke</surname><given-names>DH</given-names></name></person-group>             <year>2008</year>             <article-title>A new species of <italic>Pachyrhinosaurus</italic> (Dinosauria, Ceratopsidae) from the Upper Cretaceous of Alberta.</article-title>             <person-group person-group-type="editor"><name name-style="western"><surname>Currie</surname><given-names>PJ</given-names></name><name name-style="western"><surname>Langston</surname><given-names>W</given-names><suffix>Jr</suffix></name><name name-style="western"><surname>Tanke</surname><given-names>DH</given-names></name></person-group>             <source>A New Horned Dinosaur from an Upper Cretaceous Bone Bed in Alberta</source>             <publisher-loc>Ottawa</publisher-loc>             <publisher-name>NRC Research Press</publisher-name>             <fpage>1</fpage>             <lpage>108</lpage>          </element-citation>
      </ref>
      <ref id="pone.0022710-Gilmore2">
        <label>18</label>
        <element-citation publication-type="journal" xlink:type="simple">             <person-group person-group-type="author"><name name-style="western"><surname>Gilmore</surname><given-names>CW</given-names></name></person-group>             <year>1939</year>             <article-title>Ceratopsian dinosaurs from the Two Medicine Formation, Upper Cretaceous of Montana.</article-title>             <source>Proceedings of the United States National Museum</source>             <volume>87</volume>             <fpage>1</fpage>             <lpage>18</lpage>          </element-citation>
      </ref>
      <ref id="pone.0022710-Owen1">
        <label>19</label>
        <element-citation publication-type="journal" xlink:type="simple">             <person-group person-group-type="author"><name name-style="western"><surname>Owen</surname><given-names>R</given-names></name></person-group>             <year>1842</year>             <article-title>Report on British fossil reptiles, part II.</article-title>             <source>Reports of the British Association for the Advancement of Sciences</source>             <volume>11</volume>             <fpage>60</fpage>             <lpage>204</lpage>          </element-citation>
      </ref>
      <ref id="pone.0022710-Seeley1">
        <label>20</label>
        <element-citation publication-type="journal" xlink:type="simple">             <person-group person-group-type="author"><name name-style="western"><surname>Seeley</surname><given-names>HG</given-names></name></person-group>             <year>1887</year>             <article-title>On the classification of the fossil animals commonly named Dinosauria.</article-title>             <source>Proceedings of the Royal Society of London</source>             <volume>43</volume>             <fpage>165</fpage>             <lpage>171</lpage>          </element-citation>
      </ref>
      <ref id="pone.0022710-Marsh1">
        <label>21</label>
        <element-citation publication-type="journal" xlink:type="simple">             <person-group person-group-type="author"><name name-style="western"><surname>Marsh</surname><given-names>OC</given-names></name></person-group>             <year>1890</year>             <article-title>Additional characters of the Ceratopsidae with notice of new Cretaceous dinosaurs.</article-title>             <source>American Journal of Science</source>             <volume>38</volume>             <fpage>418</fpage>             <lpage>426</lpage>          </element-citation>
      </ref>
      <ref id="pone.0022710-Marsh2">
        <label>22</label>
        <element-citation publication-type="journal" xlink:type="simple">             <person-group person-group-type="author"><name name-style="western"><surname>Marsh</surname><given-names>OC</given-names></name></person-group>             <year>1888</year>             <article-title>A new family of horned Dinosauria from the Cretaceous.</article-title>             <source>American Journal of Science</source>             <volume>36</volume>             <fpage>477</fpage>             <lpage>478</lpage>          </element-citation>
      </ref>
      <ref id="pone.0022710-Lambe3">
        <label>23</label>
        <element-citation publication-type="journal" xlink:type="simple">             <person-group person-group-type="author"><name name-style="western"><surname>Lambe</surname><given-names>LM</given-names></name></person-group>             <year>1915</year>             <article-title>On <italic>Eoceratops canadensis</italic>, gen. nov., with remarks on other genera of Cretaceous horned dinosaurs.</article-title>             <source>Bulletin of the National Museum of Canada, Geological Series</source>             <volume>24</volume>             <fpage>1</fpage>             <lpage>49</lpage>          </element-citation>
      </ref>
      <ref id="pone.0022710-Rogers1">
        <label>24</label>
        <element-citation publication-type="journal" xlink:type="simple">             <person-group person-group-type="author"><name name-style="western"><surname>Rogers</surname><given-names>RR</given-names></name><name name-style="western"><surname>Swisher</surname><given-names>CC</given-names><suffix>III</suffix></name><name name-style="western"><surname>Horner</surname><given-names>JR</given-names></name></person-group>             <year>1993</year>             <article-title><sup>40</sup>Ar/<sup>39</sup>Ar age and correlation of the nonmarine Two Medicine Formation (Upper Cretaceous), northwestern Montana, U.S.A.</article-title>             <source>Canadian Journal of Earth Sciences</source>             <volume>30</volume>             <fpage>1066</fpage>             <lpage>1075</lpage>          </element-citation>
      </ref>
      <ref id="pone.0022710-Gradstein1">
        <label>25</label>
        <element-citation publication-type="journal" xlink:type="simple">             <person-group person-group-type="author"><name name-style="western"><surname>Gradstein</surname><given-names>FM</given-names></name><name name-style="western"><surname>Ogg</surname><given-names>JG</given-names></name><name name-style="western"><surname>van Kranendonk</surname><given-names>M</given-names></name></person-group>             <year>2008</year>             <article-title>On the Geologic Time Scale 2008.</article-title>             <source>Newsletters on Stratigraphy</source>             <volume>43</volume>             <fpage>5</fpage>             <lpage>13</lpage>          </element-citation>
      </ref>
      <ref id="pone.0022710-Gilmore3">
        <label>26</label>
        <element-citation publication-type="journal" xlink:type="simple">             <person-group person-group-type="author"><name name-style="western"><surname>Gilmore</surname><given-names>CW</given-names></name></person-group>             <year>1914</year>             <article-title>A new ceratopsian dinosaur from the Upper Cretaceous of Montana, with note on <italic>Hypacrosaurus</italic>.</article-title>             <source>Smithsonian Miscellaneous Collections</source>             <volume>63</volume>             <fpage>1</fpage>             <lpage>10</lpage>          </element-citation>
      </ref>
      <ref id="pone.0022710-Gilmore4">
        <label>27</label>
        <element-citation publication-type="journal" xlink:type="simple">             <person-group person-group-type="author"><name name-style="western"><surname>Gilmore</surname><given-names>CW</given-names></name></person-group>             <year>1917</year>             <article-title><italic>Brachyceratops</italic>, a ceratopsian dinosaur from the Two Medicine Formation of Montana, with notes on associated fossil reptiles.</article-title>             <source>United States Geological Survey Professional Paper</source>             <volume>103</volume>             <fpage>1</fpage>             <lpage>45</lpage>          </element-citation>
      </ref>
      <ref id="pone.0022710-Dodson2">
        <label>28</label>
        <element-citation publication-type="other" xlink:type="simple">             <person-group person-group-type="author"><name name-style="western"><surname>Dodson</surname><given-names>P</given-names></name></person-group>             <year>1990</year>             <article-title>On the status of the ceratopsids <italic>Monoclonius</italic> and <italic>Centrosaurus</italic>.</article-title>             <person-group person-group-type="editor"><name name-style="western"><surname>Carpenter</surname><given-names>K</given-names></name><name name-style="western"><surname>Currie</surname><given-names>PJ</given-names></name></person-group>             <source>Dinosaur Systematics: Approaches and Perspectives</source>             <publisher-loc>Cambridge</publisher-loc>             <publisher-name>Cambridge University Press</publisher-name>             <fpage>231</fpage>             <lpage>244</lpage>          </element-citation>
      </ref>
      <ref id="pone.0022710-Sampson2">
        <label>29</label>
        <element-citation publication-type="journal" xlink:type="simple">             <person-group person-group-type="author"><name name-style="western"><surname>Sampson</surname><given-names>SD</given-names></name><name name-style="western"><surname>Ryan</surname><given-names>MJ</given-names></name><name name-style="western"><surname>Tanke</surname><given-names>DH</given-names></name></person-group>             <year>1997</year>             <article-title>Craniofacial ontogeny in centrosaurine dinosaurs (Ornithischia: Ceratopsidae): taxonomic and behavioral implications.</article-title>             <source>Zoological Journal of the Linnean Society</source>             <volume>121</volume>             <fpage>293</fpage>             <lpage>337</lpage>          </element-citation>
      </ref>
      <ref id="pone.0022710-TumarkinDeratzian1">
        <label>30</label>
        <element-citation publication-type="other" xlink:type="simple">             <person-group person-group-type="author"><name name-style="western"><surname>Tumarkin-Deratzian</surname><given-names>AR</given-names></name></person-group>             <year>2010</year>             <article-title>Histological evaluation of ontogenetic bone surface texture changes in the frill of <italic>Centrosaurus apertus</italic>.</article-title>             <person-group person-group-type="editor"><name name-style="western"><surname>Ryan</surname><given-names>MJ</given-names></name><name name-style="western"><surname>Chinnery-Allgeier</surname><given-names>BJ</given-names></name><name name-style="western"><surname>Eberth</surname><given-names>DA</given-names></name></person-group>             <source>New Perspectives on Horned Dinosaurs</source>             <publisher-loc>Bloomington</publisher-loc>             <publisher-name>Indiana University Press</publisher-name>             <fpage>251</fpage>             <lpage>263</lpage>          </element-citation>
      </ref>
      <ref id="pone.0022710-Brown1">
        <label>31</label>
        <element-citation publication-type="journal" xlink:type="simple">             <person-group person-group-type="author"><name name-style="western"><surname>Brown</surname><given-names>CM</given-names></name><name name-style="western"><surname>Russell</surname><given-names>AP</given-names></name><name name-style="western"><surname>Ryan</surname><given-names>MJ</given-names></name></person-group>             <year>2009</year>             <article-title>Pattern and transition of surficial bone texture of the centrosaurine frill and their ontogenetic and taxonomic implications.</article-title>             <source>Journal of Vertebrate Paleontology</source>             <volume>29</volume>             <fpage>132</fpage>             <lpage>141</lpage>          </element-citation>
      </ref>
      <ref id="pone.0022710-Ryan5">
        <label>32</label>
        <element-citation publication-type="journal" xlink:type="simple">             <person-group person-group-type="author"><name name-style="western"><surname>Ryan</surname><given-names>M</given-names></name><name name-style="western"><surname>Evans</surname><given-names>D</given-names></name></person-group>             <year>2009</year>             <article-title>The oldest ceratopsid cranial material (Foremost Formation, middle Campanian) from North America.</article-title>             <source>Journal of Vertebrate Paleontology</source>             <volume>29</volume>             <supplement>Supplement to Number 3</supplement>             <fpage>174A</fpage>          </element-citation>
      </ref>
      <ref id="pone.0022710-Lund1">
        <label>33</label>
        <element-citation publication-type="journal" xlink:type="simple">             <person-group person-group-type="author"><name name-style="western"><surname>Lund</surname><given-names>E</given-names></name><name name-style="western"><surname>Sampson</surname><given-names>S</given-names></name><name name-style="western"><surname>Loewen</surname><given-names>M</given-names></name></person-group>             <year>2010</year>             <article-title>A new basal centrosaurine dinosaur (Ornithischia: Ceratopsidae) from the Upper Cretaceous of Utah: evidence of a previously unknown clade of southern centrosaurines from Laramidia.</article-title>             <source>Journal of Vertebrate Paleontology</source>             <volume>30</volume>             <supplement>Supplement to Number 3</supplement>             <fpage>125A</fpage>          </element-citation>
      </ref>
      <ref id="pone.0022710-Goloboff1">
        <label>34</label>
        <element-citation publication-type="journal" xlink:type="simple">             <person-group person-group-type="author"><name name-style="western"><surname>Goloboff</surname><given-names>PA</given-names></name><name name-style="western"><surname>Farris</surname><given-names>JS</given-names></name><name name-style="western"><surname>Nixon</surname><given-names>KC</given-names></name></person-group>             <year>2008</year>             <article-title>TNT, a free program for phylogenetic analysis.</article-title>             <source>Cladistics</source>             <volume>24</volume>             <fpage>774</fpage>             <lpage>786</lpage>          </element-citation>
      </ref>
    </ref-list>
    
  </back>
</article>