<?xml version="1.0" encoding="UTF-8"?>
<!DOCTYPE article
  PUBLIC "-//NLM//DTD Journal Publishing DTD v3.0 20080202//EN" "http://dtd.nlm.nih.gov/publishing/3.0/journalpublishing3.dtd">
<article xmlns:mml="http://www.w3.org/1998/Math/MathML" xmlns:xlink="http://www.w3.org/1999/xlink" article-type="discussion" dtd-version="3.0" xml:lang="EN">
<front>
<journal-meta><journal-id journal-id-type="nlm-ta">PLoS Med</journal-id><journal-id journal-id-type="publisher-id">PLoS</journal-id><journal-id journal-id-type="pmc">plosmed</journal-id><!--===== Grouping journal title elements =====--><journal-title-group><journal-title>PLoS Medicine</journal-title></journal-title-group><issn pub-type="epub">1549-1676</issn><publisher>
<publisher-name>Public Library of Science</publisher-name>
<publisher-loc>San Francisco, USA</publisher-loc></publisher></journal-meta>
<article-meta><article-id pub-id-type="publisher-id">09-PLME-ES-1204R2</article-id><article-id pub-id-type="doi">10.1371/journal.pmed.1000155</article-id><article-categories><subj-group subj-group-type="heading"><subject>Essay</subject></subj-group><subj-group subj-group-type="Discipline"><subject>Public Health and Epidemiology</subject><subject>Public Health and Epidemiology/Epidemiology</subject><subject>Public Health and Epidemiology/Global Health</subject><subject>Public Health and Epidemiology/Health Policy</subject><subject>Public Health and Epidemiology/Social and Behavioral Determinants of Health</subject></subj-group></article-categories><title-group><article-title>The Unequal World of Health Data</article-title></title-group><contrib-group>
<contrib contrib-type="author" xlink:type="simple"><name name-style="western"><surname>Byass</surname><given-names>Peter</given-names></name><xref ref-type="aff" rid="aff1"/><xref ref-type="corresp" rid="cor1"><sup>*</sup></xref></contrib>
</contrib-group><aff id="aff1">          <addr-line>Umeå Centre for Global Health Research, Department of Public Health and Clinical Medicine, Umeå University, Umeå, Sweden</addr-line>       </aff><author-notes>
<corresp id="cor1">* E-mail: <email xlink:type="simple">peter.byass@epiph.umu.se</email></corresp>
<fn fn-type="con"><p><ext-link ext-link-type="uri" xlink:href="http://www.icmje.org/" xlink:type="simple">ICMJE</ext-link> criteria for authorship read and met: PB.</p></fn>
<fn><p>The Essay section contains opinion pieces on topics of broad interest to a general medical audience.</p></fn>
<fn fn-type="conflict"><p>The authors have declared that no competing interests exist.</p></fn></author-notes><pub-date pub-type="collection"><month>11</month><year>2009</year></pub-date><pub-date pub-type="epub"><day>24</day><month>11</month><year>2009</year></pub-date><volume>6</volume><issue>11</issue><elocation-id>e1000155</elocation-id><!--===== Grouping copyright info into permissions =====--><permissions><copyright-year>2009</copyright-year><copyright-holder>Byass</copyright-holder><license><license-p>This is an open-access article distributed under the terms of the Creative Commons Attribution License, which permits unrestricted use, distribution, and reproduction in any medium, provided the original author and source are credited.</license-p></license></permissions><abstract abstract-type="toc">
<p>Peter Byass argues that less data are available on the health of the poor than of the rich, and discusses several alternative strategies to improve the representativeness of health data.</p>
</abstract><funding-group><funding-statement>No specific funding was received for this piece.</funding-statement></funding-group><counts><page-count count="3"/></counts></article-meta>
</front>
<body><boxed-text id="pmed-1000155-box001" position="float"><sec id="s1a">
<title>Summary Points</title>
<list list-type="bullet"><list-item>
<p>Health data, poverty, and inequality exist in a complex global co-dependency, therefore making meaningful comparisons of health across widely different settings challenging.</p>
</list-item><list-item>
<p>Less data exist on the health of the poor than of the rich, which in turn raises important questions as to how representative available data are in relation to populations that go uncounted.</p>
</list-item><list-item>
<p>Alternative strategies are needed to fill in inequitable gaps in data.</p>
</list-item><list-item>
<p>Poverty either in physical terms or in data does not justify the use of impoverished research methods or ethical standards. Reasonable, realistic, and contextually appropriate approaches to research are needed.</p>
</list-item></list>
</sec></boxed-text><sec id="s2">
<title>Health Data</title>
<p>Health data are a slippery commodity. It is not difficult to reach subjective agreement that such data are unequally distributed around the world, both in terms of quantity and quality. But objective assessments are more difficult, since they need to be based on data—and the data about the data may themselves be problematic or incomplete. Perhaps not surprisingly, therefore, literature is relatively scarce on the extent and quality of primary sources of health data on a global scale, even though there are many reports that present aggregated global data on various health issues <xref ref-type="bibr" rid="pmed.1000155-United1">[1]</xref>,<xref ref-type="bibr" rid="pmed.1000155-Joint1">[2]</xref>, sometimes giving the impression that those estimates carry a high degree of certainty.</p>
</sec><sec id="s3">
<title>Health Data, Information, Knowledge, and Publications</title>
<p>Having established that the quality of health data has contextual determinants, what are the implications for the global medical literature? Health data essentially lie at the bottom of a continuum that moves up through information, knowledge, and publications (publications in the medical literature and evidence-based policy initiatives somehow representing “wisdom”) <xref ref-type="bibr" rid="pmed.1000155-Rowley1">[3]</xref>. The concept of the “10/90 gap,” which characterises global disparity in terms of only 10% of research effort and resources being directed towards the 90% of need located among the globally disadvantaged, has largely been justified via bibliometric and research funding studies <xref ref-type="bibr" rid="pmed.1000155-Horton1">[4]</xref>–<xref ref-type="bibr" rid="pmed.1000155-Patel1">[8]</xref>, rather than in terms of data. This is not particularly surprising, given the relative ease of quantifying publications globally via databases such as PubMed (<ext-link ext-link-type="uri" xlink:href="http://www.pubmed.com" xlink:type="simple">www.pubmed.com</ext-link>), and analysing such data by place of origin. Bibliometric parameters may to some extent act as valid proxies for describing underlying sources of health data, but such links should not be accepted unquestioningly. Many health data are collected routinely without any intention of carrying out research, particularly in poorer settings, but may be just as important and valid as those that underlie the completed and published research counted bibliometrically.</p>
<p>It is also the case that the overall volume of health-related data is increasing exponentially, while the number of publications is advancing more linearly <xref ref-type="bibr" rid="pmed.1000155-Young1">[9]</xref>, and so data-to-publication relationships are in a continual state of change. Many health data never contribute to higher level outputs, but their inclusion in or exclusion from analytic processes are not necessarily related to their potential impact nor to the magnitude of health issues to which they pertain. It is interesting to see medical journals, most recently <italic>PLoS Medicine</italic> <xref ref-type="bibr" rid="pmed.1000155-PLoS1">[10]</xref>, more explicitly targeting subject matter linked to high-magnitude issues, the extent of which are revealed by analyses of health data.</p>
</sec><sec id="s4">
<title>Health Data and Poverty</title>
<p>Poverty in material terms is inextricably linked with poverty of data. <xref ref-type="fig" rid="pmed-1000155-g001">Figure 1</xref> shows as an example country data for per capita annual income and percentage of births registered, using WHOSIS data (<ext-link ext-link-type="uri" xlink:href="http://www.who.int/whosis" xlink:type="simple">www.who.int/whosis</ext-link>). Of 193 countries, 42 had missing data, and 94 (with an income range of purchasing power parity dollars [PPP$] 1,790 to PPP$60,870, with a mean of PPP$17,357) claimed virtually complete birth registration. By comparison, the 57 countries reporting lower levels of birth registration had an income range of PPP$270 to PPP$16,620, and a mean of PPP$2,675. If records of something as fundamental to health as individual birth registration data are so strongly dependent on economic status, questions have to be asked about the coverage and quality of other health data in poorer settings.</p>
<fig id="pmed-1000155-g001" position="float"><object-id pub-id-type="doi">10.1371/journal.pmed.1000155.g001</object-id><label>Figure 1</label><caption>
<title>Proportion of births registered versus per capita annual income (log scale) for 151 countries with available data (<ext-link ext-link-type="uri" xlink:href="http://www.who.int/whosis" xlink:type="simple">http://www.who.int/whosis</ext-link>).</title>
</caption><graphic mimetype="image" position="float" xlink:href="info:doi/10.1371/journal.pmed.1000155.g001" xlink:type="simple"/></fig>
<p>If incompleteness of data is a poverty-linked problem, then the representativity of those data that do exist becomes a crucial issue. This is especially true for data originating from health facilities, which depend critically on the self-selected population subgroup using a particular facility. One way of addressing these issues in settings that are unlikely to have complete coverage at high quality in the near future is to select a circumscribed population from which reasonably detailed, complete, and quality community-based data can be gathered longitudinally, such as is done by Health and Demographic Surveillance Sites (HDSS) within the Indepth Network <xref ref-type="bibr" rid="pmed.1000155-Evans1">[11]</xref>. Valid questions still arise as to how representative such sites may be of surrounding areas, but to some extent this can be checked by comparing results for key parameters with other kinds of survey data, such as national censuses or Demographic and Health Survey (DHS) data <xref ref-type="bibr" rid="pmed.1000155-Byass1">[12]</xref>. All of these strategies are to some extent compromises, compared with a commitment to detailed, on-going registration and surveillance of all individuals within a national population, such as has been practised, for example, for more than two centuries in Sweden <xref ref-type="bibr" rid="pmed.1000155-Sundin1">[13]</xref>. However, in countries where population-level services are highly resource-constrained, it is unreasonable to expect universal population-based registration to be implemented ahead of other more pressing priorities, and hence interim strategies such as the implementation of HDSSs are very important.</p>
</sec><sec id="s5">
<title>A Broad View of “Health” Data</title>
<p>So far, I have implied a relatively conventional view of health data, thinking in terms of data on patient treatment, disease occurrence, and similar entities. When applied to populations rather than facilities, demographic parameters have to be included in this scope—but, at least in richer parts of the world, these are often routinely available from civic data. However, the concept of health data can and should be widened further in order to understand what really goes on within populations. For example, major disease epidemics and mortality peaks in a rural Ethiopian community turned out to be explained by quite subtle variations in the seasonal patterns of rainfall <xref ref-type="bibr" rid="pmed.1000155-Emmelin1">[14]</xref>. Fortunately in this case, rainfall in the locality had been routinely recorded by official meteorological services, and post hoc analyses were possible.</p>
<p>Some degree of lateral thinking is sometimes needed to make connections between available data and population health. A particularly imaginative example of this type of thinking establishes correlations between night-time light, as seen by satellites, and poverty across Africa <xref ref-type="bibr" rid="pmed.1000155-Noor1">[15]</xref>. This analysis clearly shows that something as seemingly obscure as satellite data on night-time light are indeed valuable health data—and have the advantage of being available and regularly updated for the entire African continent, something that cannot be said for many more conventional sources of health data.</p>
<p>Complementary sources of health data are likely to become increasingly relevant as the spectre of climate change emerges with increasing importance in relation to some of the world's most vulnerable populations, for example in sub-Saharan Africa.</p>
</sec><sec id="s6">
<title>Health Data, Poverty, and Methods</title>
<p>If the quantity and quality of available health data, and hence of scientific manuscripts, are partly determined by poverty, then important questions arise as to how research findings from relatively impoverished settings can find their way into the global literature. While few would argue for blatant resource-dependent double standards in research methods or ethics, there is a delicate balance to be achieved between what is contextually good enough, feasible, and appropriate—with idealised and unattainable approaches falling away to one side, and “quick and dirty” techniques falling away on the other. Failing to reach the right balance here creates a two-way danger of bias: either publishing substandard research from poor settings because nothing better is available, or excluding results from poor settings from the literature because nothing is offered of sufficient quality.</p>
<p>An interesting methodological example illustrating this situation is around cause-of-death registration, concerning data that have long been considered essential for understanding population health and disease transition. In large parts of the world there are long-standing traditions of physician certification of death, usually made compulsory via agencies outwith the health sector. In other large parts of the world, deaths may not even be counted, let alone certified as to cause—and of course there is a substantial poverty gradient across these extremes.</p>
<p>In response to the paucity of cause-of-death data in the developing world, verbal autopsy (VA) methods have emerged in recent decades (in which data on circumstances of death are gathered during an interview with family or friends after the death, and subsequently interpreted as to cause) <xref ref-type="bibr" rid="pmed.1000155-Garenne1">[16]</xref>. With the benefit of hindsight, one can see that much of the earlier work on developing VA methods was based on an unstated assumption that the aim was to emulate physician certification using what might be a second-best method. Accordingly, very little critical attention has been given in VA work to the shortcomings of routine physician death certification, with a tendency to take physician reports of cause-of-death as a “gold standard.” The increasingly clear conclusion is that cause-of-death work on a global scale has to be based on a combination of physician certificate and VA data, in which the advantages and disadvantages of both methods are clearly discussed and understood, and in which any correlations between cause-of-death and poverty are very carefully interpreted in the light of the confounding between poverty and methodology.</p>
<p>And finally, there is also a need for a more honest debate as to how good is good enough in terms of health data. Many data gathering operations make the implicit assumption that their data should be 100% correct, even though most experienced data managers would acknowledge that this is an unrealistic ideal, particularly in poor environments. They would also be quick to agree that a large amount of their time and resources are spent on cleaning and correcting relatively small proportions of incorrect or missing data. But how many health policies have been wrongly implemented as a consequence of data errors? Unless data errors are made on a very large scale, or on a highly systematic (i.e., nonrandom) basis, they are unlikely to lead to reversals on conclusions of public health significance <xref ref-type="bibr" rid="pmed.1000155-Fottrell1">[17]</xref>.</p>
</sec><sec id="s7">
<title>Conclusion</title>
<p>Perhaps this Essay raises as many questions as it provides answers across this complex and sometimes dangerous mix of health data, poverty, and inequality. My hope in presenting this material is that it may help readers to understand some of the underlying issues when interpreting published work from around the world, which of necessity draws on multifarious health data from widely different settings.</p>
</sec></body>
<back><ref-list>
<title>References</title>
<ref id="pmed.1000155-United1"><label>1</label><element-citation publication-type="other" xlink:type="simple">             <collab xlink:type="simple">United Nations Children's Fund</collab>             <year>2008</year>             <article-title>The state of the world's children 2009.</article-title>             <publisher-loc>New York</publisher-loc>             <publisher-name>UNICEF</publisher-name>          </element-citation></ref>
<ref id="pmed.1000155-Joint1"><label>2</label><element-citation publication-type="other" xlink:type="simple">             <collab xlink:type="simple">Joint United Nations Programme on HIV/AIDS</collab>             <year>2008</year>             <article-title>Report on the global HIV/AIDS epidemic 2008.</article-title>             <publisher-loc>Geneva</publisher-loc>             <publisher-name>UNAIDS</publisher-name>          </element-citation></ref>
<ref id="pmed.1000155-Rowley1"><label>3</label><element-citation publication-type="journal" xlink:type="simple">             <person-group person-group-type="author">
<name name-style="western"><surname>Rowley</surname><given-names>J</given-names></name>
</person-group>             <year>2007</year>             <article-title>The wisdom hierarchy: representations of the DIKW hierarchy.</article-title>             <source>J Inf Sci</source>             <volume>33</volume>             <fpage>163</fpage>             <lpage>180</lpage>          </element-citation></ref>
<ref id="pmed.1000155-Horton1"><label>4</label><element-citation publication-type="journal" xlink:type="simple">             <person-group person-group-type="author">
<name name-style="western"><surname>Horton</surname><given-names>R</given-names></name>
</person-group>             <year>2000</year>             <article-title>North and South: bridging the information gap.</article-title>             <source>Lancet</source>             <volume>355</volume>             <fpage>2231</fpage>             <lpage>2236</lpage>          </element-citation></ref>
<ref id="pmed.1000155-Sumathipala1"><label>5</label><element-citation publication-type="journal" xlink:type="simple">             <person-group person-group-type="author">
<name name-style="western"><surname>Sumathipala</surname><given-names>A</given-names></name>
<name name-style="western"><surname>Siribaddana</surname><given-names>S</given-names></name>
<name name-style="western"><surname>Patel</surname><given-names>V</given-names></name>
</person-group>             <year>2004</year>             <article-title>Under-representation of developing countries in the research literature: ethical issues arising from a survey of five medical journals.</article-title>             <source>BMC Med Ethics</source>             <volume>5</volume>             <fpage>5</fpage>          </element-citation></ref>
<ref id="pmed.1000155-Uthman1"><label>6</label><element-citation publication-type="journal" xlink:type="simple">             <person-group person-group-type="author">
<name name-style="western"><surname>Uthman</surname><given-names>OA</given-names></name>
<name name-style="western"><surname>Uthman</surname><given-names>MB</given-names></name>
</person-group>             <year>2007</year>             <article-title>Geography of African biomedical publications: an analysis of 1996-2005 PubMed papers.</article-title>             <source>Int J Health Geogr</source>             <volume>6</volume>             <fpage>46</fpage>          </element-citation></ref>
<ref id="pmed.1000155-Vidyasagar1"><label>7</label><element-citation publication-type="journal" xlink:type="simple">             <person-group person-group-type="author">
<name name-style="western"><surname>Vidyasagar</surname><given-names>D</given-names></name>
</person-group>             <year>2006</year>             <article-title>Global notes: the 10/90 gap disparities in global health research.</article-title>             <source>J Perinatol</source>             <volume>26</volume>             <fpage>55</fpage>             <lpage>56</lpage>          </element-citation></ref>
<ref id="pmed.1000155-Patel1"><label>8</label><element-citation publication-type="journal" xlink:type="simple">             <person-group person-group-type="author">
<name name-style="western"><surname>Patel</surname><given-names>V</given-names></name>
</person-group>             <year>2007</year>             <article-title>Closing the 10/90 divide in global mental health research.</article-title>             <source>Acta Psychiatr Scand</source>             <volume>115</volume>             <fpage>257</fpage>             <lpage>259</lpage>          </element-citation></ref>
<ref id="pmed.1000155-Young1"><label>9</label><element-citation publication-type="journal" xlink:type="simple">             <person-group person-group-type="author">
<name name-style="western"><surname>Young</surname><given-names>NS</given-names></name>
<name name-style="western"><surname>Ioannidis</surname><given-names>JPA</given-names></name>
<name name-style="western"><surname>Al-Ubaydli</surname><given-names>O</given-names></name>
</person-group>             <year>2008</year>             <article-title>Why current publication practices may distort science.</article-title>             <source>PLoS Med</source>             <volume>5</volume>             <fpage>e201</fpage>             <comment>doi:<ext-link ext-link-type="uri" xlink:href="http://dx.doi.org/10.1371/journal.pmed.0050201" xlink:type="simple">10.1371/journal.pmed.0050201</ext-link></comment>          </element-citation></ref>
<ref id="pmed.1000155-PLoS1"><label>10</label><element-citation publication-type="journal" xlink:type="simple">             <collab xlink:type="simple">PLoS Medicine Editors</collab>             <year>2009</year>             <article-title>A medical journal for the world's health priorities.</article-title>             <source>PLoS Med</source>             <volume>6</volume>             <fpage>e1000072</fpage>             <comment>doi:<ext-link ext-link-type="uri" xlink:href="http://dx.doi.org/10.1371/journal.pmed.1000072" xlink:type="simple">10.1371/journal.pmed.1000072</ext-link></comment>          </element-citation></ref>
<ref id="pmed.1000155-Evans1"><label>11</label><element-citation publication-type="journal" xlink:type="simple">             <person-group person-group-type="author">
<name name-style="western"><surname>Evans</surname><given-names>T</given-names></name>
<name name-style="western"><surname>AbouZahr</surname><given-names>C</given-names></name>
</person-group>             <year>2008</year>             <article-title>INDEPTH @ 10: celebrate the past and illuminate the future.</article-title>             <source>Global Health Action</source>             <comment>doi:<ext-link ext-link-type="uri" xlink:href="http://dx.doi.org/10.3402/gha.v1i0.1899" xlink:type="simple">10.3402/gha.v1i0.1899</ext-link></comment>          </element-citation></ref>
<ref id="pmed.1000155-Byass1"><label>12</label><element-citation publication-type="journal" xlink:type="simple">             <person-group person-group-type="author">
<name name-style="western"><surname>Byass</surname><given-names>P</given-names></name>
<name name-style="western"><surname>Worku</surname><given-names>A</given-names></name>
<name name-style="western"><surname>Emmelin</surname><given-names>A</given-names></name>
<name name-style="western"><surname>Berhane</surname><given-names>Y</given-names></name>
</person-group>             <year>2007</year>             <article-title>DSS and DHS: longitudinal and cross-sectional viewpoints on child and adolescent mortality in Ethiopia.</article-title>             <source>Popul Health Metr</source>             <volume>5</volume>             <fpage>12</fpage>          </element-citation></ref>
<ref id="pmed.1000155-Sundin1"><label>13</label><element-citation publication-type="other" xlink:type="simple">             <person-group person-group-type="author">
<name name-style="western"><surname>Sundin</surname><given-names>J</given-names></name>
<name name-style="western"><surname>Willner</surname><given-names>S</given-names></name>
</person-group>             <year>2007</year>             <article-title>Social change and health in Sweden: 250 years of politics and practice.</article-title>             <publisher-loc>Stockholm</publisher-loc>             <publisher-name> Swedish National Institute of Public Health</publisher-name>             <comment>Available at: <ext-link ext-link-type="uri" xlink:href="http://www.fhi.se" xlink:type="simple">http://www.fhi.se</ext-link>. Accessed 25 October 2009</comment>          </element-citation></ref>
<ref id="pmed.1000155-Emmelin1"><label>14</label><element-citation publication-type="journal" xlink:type="simple">             <person-group person-group-type="author">
<name name-style="western"><surname>Emmelin</surname><given-names>A</given-names></name>
<name name-style="western"><surname>Fantahun</surname><given-names>M</given-names></name>
<name name-style="western"><surname>Berhane</surname><given-names>Y</given-names></name>
<name name-style="western"><surname>Wall</surname><given-names>S</given-names></name>
<name name-style="western"><surname>Byass</surname><given-names>P</given-names></name>
</person-group>             <year>2008</year>             <article-title>Vulnerability to episodes of extreme weather: Butajira, Ethiopia, 1998–1999.</article-title>             <source>Global Health Action</source>             <comment>doi:<ext-link ext-link-type="uri" xlink:href="http://dx.doi.org/10.3402/gha.v1i0.1829" xlink:type="simple">10.3402/gha.v1i0.1829</ext-link></comment>          </element-citation></ref>
<ref id="pmed.1000155-Noor1"><label>15</label><element-citation publication-type="journal" xlink:type="simple">             <person-group person-group-type="author">
<name name-style="western"><surname>Noor</surname><given-names>AM</given-names></name>
<name name-style="western"><surname>Alegana</surname><given-names>VA</given-names></name>
<name name-style="western"><surname>Gething</surname><given-names>PW</given-names></name>
<name name-style="western"><surname>Tatem</surname><given-names>AJ</given-names></name>
<name name-style="western"><surname>Snow</surname><given-names>RW</given-names></name>
</person-group>             <year>2008</year>             <article-title>Using remotely sensed night-time light as a proxy for poverty in Africa.</article-title>             <source>Popul Health Metr</source>             <volume>6</volume>             <fpage>5</fpage>          </element-citation></ref>
<ref id="pmed.1000155-Garenne1"><label>16</label><element-citation publication-type="journal" xlink:type="simple">             <person-group person-group-type="author">
<name name-style="western"><surname>Garenne</surname><given-names>M</given-names></name>
<name name-style="western"><surname>Faveau</surname><given-names>V</given-names></name>
</person-group>             <collab xlink:type="simple">Potentials and limits of verbal autopsies</collab>             <year>2006</year>             <article-title>Bull World Health Organ</article-title>             <volume>84</volume>             <fpage>164</fpage>          </element-citation></ref>
<ref id="pmed.1000155-Fottrell1"><label>17</label><element-citation publication-type="journal" xlink:type="simple">             <person-group person-group-type="author">
<name name-style="western"><surname>Fottrell</surname><given-names>E</given-names></name>
<name name-style="western"><surname>Byass</surname><given-names>P</given-names></name>
<name name-style="western"><surname>Berhane</surname><given-names>Y</given-names></name>
</person-group>             <year>2008</year>             <article-title>Demonstrating the robustness of population surveillance data: implications of error rates on demographic and mortality estimates.</article-title>             <source>BMC Med Res Methodol</source>             <volume>8</volume>             <fpage>13</fpage>          </element-citation></ref>
</ref-list><glossary><title>Abbreviations</title><def-list><def-item>
<term>VA</term>
<def>
<p>verbal autopsy</p>
</def>
</def-item></def-list></glossary>
<fn-group><fn fn-type="other"><p><bold>Provenance:</bold> Commissioned; externally peer reviewed.</p></fn></fn-group>
</back>
</article>