<?xml version="1.0" encoding="UTF-8"?>
<!DOCTYPE article
  PUBLIC "-//NLM//DTD Journal Publishing DTD v3.0 20080202//EN" "http://dtd.nlm.nih.gov/publishing/3.0/journalpublishing3.dtd">
<article xmlns:mml="http://www.w3.org/1998/Math/MathML" xmlns:xlink="http://www.w3.org/1999/xlink" article-type="article-commentary" dtd-version="3.0" xml:lang="EN">
  <front>
    <journal-meta><journal-id journal-id-type="publisher-id">plos</journal-id><journal-id journal-id-type="publisher">pmed</journal-id><journal-id journal-id-type="allenpress-id">plme</journal-id><journal-id journal-id-type="nlm-ta">PLoS Med</journal-id><journal-id journal-id-type="pmc">plosmed</journal-id><!--===== Grouping journal title elements =====--><journal-title-group><journal-title>PLoS Medicine</journal-title></journal-title-group><issn pub-type="ppub">1549-1277</issn><issn pub-type="epub">1549-1676</issn><publisher>
        <publisher-name>Public Library of Science</publisher-name>
        <publisher-loc>San Francisco, USA</publisher-loc>
      </publisher></journal-meta>
    <article-meta><article-id pub-id-type="doi">10.1371/journal.pmed.0040333</article-id><article-id pub-id-type="publisher-id">07-PLME-P-1696R1</article-id><article-categories>
        <subj-group subj-group-type="heading">
          <subject>Perspective</subject>
        </subj-group>
        <subj-group subj-group-type="Discipline">
          <subject>Public Health and Epidemiology</subject>
        </subj-group>
        <subj-group subj-group-type="System Taxonomy">
          <subject>Epidemiology</subject>
          <subject>Public Health</subject>
          <subject>Health care statistics</subject>
          <subject>International health</subject>
          <subject>Medicine in Developing Countries</subject>
        </subj-group>
      </article-categories><title-group><article-title>Who Needs Cause-of-Death Data?</article-title><alt-title alt-title-type="running-head">Who needs cause-of-death data?</alt-title></title-group><contrib-group>
        <contrib contrib-type="author" xlink:type="simple">
          <name name-style="western">
            <surname>Byass</surname>
            <given-names>Peter</given-names>
          </name>
        </contrib>
      </contrib-group><author-notes>
        <fn fn-type="current-aff" id="n3">
          <p>Peter Byass is at the Umeå International School of Public Health, Umeå, Sweden and Immpact (The Initiative for Maternal Mortality Programme Assessment), University of Aberdeen, Scotland. E-mail: <email xlink:type="simple">peter.byass@epiph.umu.se</email></p>
        </fn>
      <fn fn-type="conflict" id="n2">
        <p> The author has declared that no competing interests exist.</p>
      </fn></author-notes><pub-date pub-type="ppub">
        <month>11</month>
        <year>2007</year>
      </pub-date><pub-date pub-type="epub">
        <day>20</day>
        <month>11</month>
        <year>2007</year>
      </pub-date><volume>4</volume><issue>11</issue><elocation-id>e333</elocation-id><!--===== Grouping copyright info into permissions =====--><permissions><copyright-year>2007</copyright-year><copyright-holder> Peter Byass</copyright-holder><license><license-p>This is an open-access article distributed under the terms of the Creative Commons Attribution License, which permits unrestricted use, distribution, and reproduction in any medium, provided the original author and source are credited.</license-p></license></permissions><related-article ext-link-type="doi" id="RA1" page="e326" related-article-type="companion" vol="4" xlink:href="info:doi/10.1371/journal.pmed.0040326" xlink:title="Research Article" xlink:type="simple">
				<article-title>Estimating Population Cause-Specific Mortality Fractions from in-Hospital Mortality: Validation of a New Method</article-title>
			</related-article><related-article ext-link-type="doi" id="RA2" page="e327" related-article-type="companion" vol="4" xlink:href="info:doi/10.1371/journal.pmed.0040327" xlink:title="Research Article" xlink:type="simple">
				<article-title>Validation of the Symptom Pattern Method for Analyzing Verbal Autopsy Data</article-title>
			</related-article><abstract abstract-type="toc">
        <p>The author discusses two studies that report important methodological advances in determining cause of death, which is crucial for health planning and prioritization.</p>
      </abstract><funding-group><funding-statement> The author received no specific funding for this article.</funding-statement></funding-group><counts>
        <page-count count="2"/>
      </counts><!--===== Restructure custom-meta-wrap to custom-meta-group =====--><custom-meta-group>
        <custom-meta>
          <meta-name>citation</meta-name>
          <meta-value>Byass P (2007) Who needs cause-of-death data? PLoS Med 4(11): e333. doi:<ext-link ext-link-type="doi" xlink:href="http://dx.doi.org/10.1371/journal.pmed.0040333" xlink:type="simple">10.1371/journal.pmed.0040333</ext-link></meta-value>
        </custom-meta>
      </custom-meta-group></article-meta>
  </front>
  <body>
    <sec id="s1">
      <title/>
      <p>More than half of the world's deaths pass by undocumented as to cause [<xref ref-type="bibr" rid="pmed-0040333-b001">1</xref>]. Whilst the appropriate focus of health services may well be the care of the living, consistent and reliable cause-of-death data also constitute a crucial and major resource for health planning and prioritisation, and their lack in many settings is a major concern. Two new papers from Christopher Murray and colleagues in this issue of <italic>PLoS Medicine</italic> [<xref ref-type="bibr" rid="pmed-0040333-b002">2</xref>,<xref ref-type="bibr" rid="pmed-0040333-b003">3</xref>] report important methodological advances which should go some way towards filling these data gaps.</p>
    </sec>
    <sec id="s2">
      <title>The Inequalities of Dying</title>
      <p>To paraphrase George Orwell, all deaths are equal, but some are more equal than others. In particular, the chance of a death being registered and documented as to cause depends strongly on the socioeconomic status of the community and nation in which it occurs, and this is a major obstacle in coming to a meaningful global overview of mortality patterns.</p>
      <p>Whilst richer settings have traditionally aggregated physician death certificates and autopsy data as the basis for public health reporting, in poorer circumstances alternative approaches have to be used. Over the last 25 years, these strategies have often involved so-called “verbal autopsy” (VA)—interviewing relatives and witnesses of deaths and interpreting the interview material to arrive at cause(s) of death [<xref ref-type="bibr" rid="pmed-0040333-b004">4</xref>,<xref ref-type="bibr" rid="pmed-0040333-b005">5</xref>].</p>
      <p>Much VA interpretation has been undertaken by physicians (physician-coded verbal autopsy, PCVA), but this approach makes large demands on limited resources and can be inconsistent over time and place. Much work on VA methodology has concentrated on emulating individual physician death certification, often glossing over the considerable variability and imprecision with which death certificates, the supposed “gold standard,” are sometimes completed [<xref ref-type="bibr" rid="pmed-0040333-b006">6</xref>].</p>
      <boxed-text position="float">
        <sec>
          <title>Related Research Articles</title>
          <p>This Perspective discusses the following new studies published in <italic>PLoS Medicine</italic>:
					<list list-type="bullet"><list-item><p>Murray CJL, Lopez AD, Barofsky JT, Bryson-Cahn C, Lozano R (2007) Estimating population cause-specific mortality fractions from in-hospital mortality: Validation of a new method. PLoS Med 4(11): e326. doi:<ext-link ext-link-type="doi" xlink:href="http://dx.doi.org/10.1371/journal.pmed.0040326" xlink:type="simple">10.1371/journal.pmed.0040326</ext-link></p><p>Working in Mexico and using vital registration data, Chris Murray and colleagues achieved encouraging results with a new method to estimate population cause-specific mortality fractions.</p></list-item><list-item><p>Murray CJL, Lopez AD, Feehan DM, Peter ST, Yang G (2007) Validation of the symptom pattern method for analyzing verbal autopsy data. PLoS Med 4(11): e 327. doi:<ext-link ext-link-type="doi" xlink:href="http://dx.doi.org/10.1371/journal.pmed.0040327" xlink:type="simple">10.1371/journal.pmed.0040327</ext-link></p><p>Chris Murray and colleagues propose and, using data from China, validate a new strategy for analyzing verbal autopsy data that combines the advantages of previous methods.</p></list-item></list>
				</p>
        </sec>
      </boxed-text>
      <p>Newer approaches using computer models for interpreting VA data are now tending to supersede PCVA, both for populations in general [<xref ref-type="bibr" rid="pmed-0040333-b007">7</xref>,<xref ref-type="bibr" rid="pmed-0040333-b008">8</xref>] and for specific subgroups [<xref ref-type="bibr" rid="pmed-0040333-b009">9</xref>,<xref ref-type="bibr" rid="pmed-0040333-b010">10</xref>], putting more emphasis on cause-specific mortality fractions (CSMFs) than on individual causes.</p>
    </sec>
    <sec id="s3">
      <title>Who Really Needs What?</title>
      <p>Methodological advances in cause-of-death determination have not always been explicit about which gaps in the global data they seek to fill, and this has sometimes led to a confused overall picture. There are different levels at which data on mortality patterns are needed (i.e., from the local to the global) and various ways of meeting these needs, as shown in <xref ref-type="table" rid="pmed-0040333-t001">Table 1</xref>.</p>
      <table-wrap content-type="4col" id="pmed-0040333-t001" position="float"><object-id pub-id-type="doi">10.1371/journal.pmed.0040333.t001</object-id><label>Table 1</label><caption>
          <title>Cause-of-Death Data: Who, What, Why, and How CoDD, cause-of-death data.</title>
        </caption><graphic mimetype="image" position="float" xlink:href="info:doi/10.1371/journal.pmed.0040333.t001" xlink:type="simple"/><!-- <table frame="hsides" rules="groups"><colgroup><col id="tb1col1" align="left"/><col id="tb1col2" align="left"/><col id="tb1col3" align="left"/><col id="tb1col4" align="left"/></colgroup><thead><tr><td><bold>Who Needs CoDD?</bold></td><td><bold>What Kinds of CoDD Are Needed?</bold></td><td><bold>Why Are These CoDD Needed?</bold></td><td><bold>How Can CoDD Be Determined without Complete Vital Registration?</bold></td></tr></thead><tbody><tr><td>WHO and national/international bodies</td><td>Global and national cause-specific mortality estimates; ICD coding</td><td>Standardised, comparable estimates over time and place</td><td>Complex models applied to multiple data sources &lsqb;<xref ref-type="bibr" rid="pmed-0040333-b002">2</xref>,<xref ref-type="bibr" rid="pmed-0040333-b003">3</xref>&rsqb;</td></tr><tr><td>Local public health managers</td><td>Top-ranking causes of death and public health priorities</td><td>Monitoring trends over time and evaluating public health interventions</td><td>Simpler models for coding community-based VAs consistently &lsqb;<xref ref-type="bibr" rid="pmed-0040333-b007">7</xref>,<xref ref-type="bibr" rid="pmed-0040333-b008">8</xref>&rsqb;</td></tr><tr><td>Epidemiologists and health services researchers</td><td>Relating to specific populations and subgroups</td><td>Interpreting particular situations in terms of mortality patterns</td><td>Consistent models for VA coding; may need to be specialised &lsqb;<xref ref-type="bibr" rid="pmed-0040333-b009">9</xref>,<xref ref-type="bibr" rid="pmed-0040333-b010">10</xref>&rsqb;</td></tr><tr><td>Institutional managers and clinical auditors</td><td>Patterns of deaths within institutions and health care systems</td><td>Monitoring trends over time and within departments</td><td>Physician certification, medical record reviews, confidential enquiries</td></tr><tr><td>Medical and legal practitioners</td><td>Individual causes for particular cases</td><td>Following up consequences of individual deaths</td><td>Physician certification and/or autopsy</td></tr></tbody></table> --></table-wrap>
      <p>Murray and colleagues' new approach for estimating population CSMFs [<xref ref-type="bibr" rid="pmed-0040333-b003">3</xref>] within countries that have existing data on hospital deaths and partial vital registration is a big step forward from simply reporting facility-based data. Although it still depends on the availability of requisite data, it represents an important way forward for understanding mortality in transitional countries, without needing primary data capture.</p>
      <p>Their other paper [<xref ref-type="bibr" rid="pmed-0040333-b002">2</xref>] is a further development in the trend away from PCVA towards more cost-effective and consistent approaches to VA interpretation, with examples from China. Refinement of VA approaches remains a very important area of methodological development for settings where VA is the only realistic source of cause-specific mortality data, particularly in sub-Saharan Africa. However, applying this more sophisticated approach to VA interpretation globally would still require a large international database of symptom-level sensitivities.</p>
      <p>These new papers from Murray et al. can thus be contextualised as potentially filling important gaps at the global level, but other gaps will remain at various levels, requiring their own particular solutions. WHO has recently finalised a framework for an internationally standardised approach to VA integrated with the International Statistical Classification of Diseases and Related Health Problems, Tenth Revision (ICD-10) [<xref ref-type="bibr" rid="pmed-0040333-b011">11</xref>]. This new integrated approach is another major contribution at the global level, also making the case for VA-based approaches rather than post-hoc modelling of available mortality data into overall estimates.</p>
      <p>It is important here to distinguish clearly between using computer models to interpret case-by-case VA material (on which the widespread future utility of VA depends) and the direct modelling of mortality statistics (which is a second-best approach in the absence of detailed data). WHO's approach should also facilitate comparability between VA and aggregated death certificate data sources; however, ICD coding was not conceived primarily as a public health tool, and it may not be the best means for identifying local public health priorities from cause-of-death data. Tools enabling local health managers to readily monitor mortality patterns and identify priorities in their own local areas remain scarce.</p>
    </sec>
    <sec id="s4">
      <title>Completing the Picture</title>
      <p>Realistically, there will not be universal vital registration and individually based cause-of-death data on a worldwide basis anytime soon, no matter how useful such information might be in public health terms. Therefore a mixed-methods approach will continue to be used, combining data sources that are most appropriate to their particular settings, and meeting needs at different levels.</p>
      <p>Basing CSMF population estimates on hospital death data as proposed by Murray et al. [<xref ref-type="bibr" rid="pmed-0040333-b003">3</xref>] is a novel example of using existing data to fill information gaps. However, as with other approaches, Murray and colleagues' approach is context-dependent (requiring a reasonable proportion of deaths to occur in hospitals). Consistency and comparability are crucial aspects of combining data from a range of sources into a bigger picture, as well as an essential basis for monitoring trends over time. It is likely that further advances in computer models for interpreting cause of death from VAs will contribute by attaining greater accuracy, while inherently avoiding the vagaries of inter-observer subjectivity.</p>
      <p>Further thinking on the “cause-of-death” concept in public health terms, in addition to the traditional medical model, may also lead to helpful advances. For example, if a woman dies as a consequence of prolonged, obstructed labour during a period in which no medical personnel nor ambulance driver was available at her local health centre, it could be argued that the public health cause was “health systems failure.”</p>
      <p>The traditional structure of immediate, underlying, and secondary medical causes of death may also be less relevant to public health. More relevant is the concept that a particular death could have been due to two or three alternative causes that are not interdistinguishable on the basis of the available evidence but can each contribute fractionally to population CSMFs.</p>
    </sec>
    <sec id="s5">
      <title>Conclusion</title>
      <p>Today's world is a long way from having the comprehensive picture of mortality patterns needed for effective health planning. Murray and colleagues' new methods make important contributions to filling some gaps at the global level, but further methodological development and wider support for implementing cause-of-death surveillance are still needed at all levels in the world's poorest nations.</p>
    </sec>
  </body>
  <back>
    <glossary>
      <title>Abbreviations</title>
      <def-list>
        <def-item>
          <term>CSMF</term>
          <def>
            <p>cause-specific mortality fraction</p>
          </def>
        </def-item>
        <def-item>
          <term>PCVA</term>
          <def>
            <p>physician-coded verbal autopsy</p>
          </def>
        </def-item>
        <def-item>
          <term>VA</term>
          <def>
            <p>verbal autopsy</p>
          </def>
        </def-item>
      </def-list>
    </glossary>
    <ref-list>
      <title>References</title>
      <ref id="pmed-0040333-b001">
        <label>1</label>
        <element-citation publication-type="journal" xlink:type="simple">
					<person-group><name name-style="western"><surname>Mathers</surname><given-names>CD</given-names></name><name name-style="western"><surname>Ma Fat</surname><given-names>D</given-names></name><name name-style="western"><surname>Inoue</surname><given-names>M</given-names></name><name name-style="western"><surname>Rao</surname><given-names>C</given-names></name><name name-style="western"><surname>Lopez</surname><given-names>AD</given-names></name></person-group>
					<year>2005</year>
					<article-title>Counting the dead and what they died from: an assessment of the global status of cause of death data.</article-title>
					<source>Bull World Health Organ</source>
					<volume>83</volume>
					<fpage>171</fpage>
					<lpage>177</lpage>
				</element-citation>
      </ref>
      <ref id="pmed-0040333-b002">
        <label>2</label>
        <element-citation publication-type="journal" xlink:type="simple">
					<person-group><name name-style="western"><surname>Murray</surname><given-names>CJL</given-names></name><name name-style="western"><surname>Lopez</surname><given-names>AD</given-names></name><name name-style="western"><surname>Feehan</surname><given-names>DM</given-names></name><name name-style="western"><surname>Peter</surname><given-names>ST</given-names></name><name name-style="western"><surname>Yang</surname><given-names>G</given-names></name></person-group>
					<year>2007</year>
					<article-title>Validation of the symptom pattern method for analyzing verbal autopsy data.</article-title>
					<source>PLoS Med</source>
					<volume>4</volume>
					<fpage>e327</fpage>
					<comment>doi:<ext-link ext-link-type="doi" xlink:href="http://dx.doi.org/10.1371/journal.pmed.0040327" xlink:type="simple">10.1371/journal.pmed.0040327</ext-link></comment>
				</element-citation>
      </ref>
      <ref id="pmed-0040333-b003">
        <label>3</label>
        <element-citation publication-type="journal" xlink:type="simple">
					<person-group><name name-style="western"><surname>Murray</surname><given-names>CJL</given-names></name><name name-style="western"><surname>Lopez</surname><given-names>AD</given-names></name><name name-style="western"><surname>Barofsky</surname><given-names>JT</given-names></name><name name-style="western"><surname>Bryson-Cahn</surname><given-names>C</given-names></name><name name-style="western"><surname>Lozano</surname><given-names>R</given-names></name></person-group>
					<year>2007</year>
					<article-title>Estimating population cause specific mortality fractions from inhospital mortality: validation of a new method.</article-title>
					<source>PLoS Med</source>
					<volume>4</volume>
					<fpage>e326</fpage>
					<comment>doi:<ext-link ext-link-type="doi" xlink:href="http://dx.doi.org/10.1371/journal.pmed.0040326" xlink:type="simple">10.1371/journal.pmed.0040326</ext-link></comment>
				</element-citation>
      </ref>
      <ref id="pmed-0040333-b004">
        <label>4</label>
        <element-citation publication-type="journal" xlink:type="simple">
					<person-group><name name-style="western"><surname>Garenne</surname><given-names>M</given-names></name><name name-style="western"><surname>Fontaine</surname><given-names>O</given-names></name></person-group>
					<year>2007</year>
					<article-title>Assessing probable causes of deaths using a standardised questionnaire: A study in rural Senegal. Proceedings of the International Union for the Scientific Study of Population seminar, Sienna, 7–10 July 1986.</article-title>
					<source>Bull World Health Organ</source>
					<volume>84</volume>
					<fpage>248</fpage>
					<lpage>253</lpage>
				</element-citation>
      </ref>
      <ref id="pmed-0040333-b005">
        <label>5</label>
        <element-citation publication-type="journal" xlink:type="simple">
					<person-group><name name-style="western"><surname>Soleman</surname><given-names>N</given-names></name><name name-style="western"><surname>Chandramohan</surname><given-names>D</given-names></name><name name-style="western"><surname>Shibuya</surname><given-names>K</given-names></name></person-group>
					<year>2006</year>
					<article-title>Verbal autopsy: Current practices and challenges.</article-title>
					<source>Bull World Health Organ</source>
					<volume>84</volume>
					<fpage>239</fpage>
					<lpage>245</lpage>
				</element-citation>
      </ref>
      <ref id="pmed-0040333-b006">
        <label>6</label>
        <element-citation publication-type="journal" xlink:type="simple">
					<person-group><name name-style="western"><surname>Lahti</surname><given-names>RA</given-names></name><name name-style="western"><surname>Penttilä</surname><given-names>A</given-names></name></person-group>
					<year>2003</year>
					<article-title>Cause-of-death query in validation of death certification by expert panel; effects on mortality statistics in Finland, 1995.</article-title>
					<source>Forensic Sci Int</source>
					<volume>131</volume>
					<fpage>113</fpage>
					<lpage>124</lpage>
				</element-citation>
      </ref>
      <ref id="pmed-0040333-b007">
        <label>7</label>
        <element-citation publication-type="other" xlink:type="simple">
					<person-group><name name-style="western"><surname>King</surname><given-names>G</given-names></name><name name-style="western"><surname>Lu</surname><given-names>Y</given-names></name></person-group>
					<year>2007</year>
					<article-title>Verbal autopsy methods with multiple causes of death.</article-title>
					<source>Stat Sci</source>
					<comment>In press</comment>
				</element-citation>
      </ref>
      <ref id="pmed-0040333-b008">
        <label>8</label>
        <element-citation publication-type="journal" xlink:type="simple">
					<person-group><name name-style="western"><surname>Fantahun</surname><given-names>M</given-names></name><name name-style="western"><surname>Fottrell</surname><given-names>E</given-names></name><name name-style="western"><surname>Berhane</surname><given-names>Y</given-names></name><name name-style="western"><surname>Wall</surname><given-names>S</given-names></name><name name-style="western"><surname>Högberg</surname><given-names>U</given-names></name><etal/></person-group>
					<year>2006</year>
					<article-title>Assessing a new approach to verbal autopsy interpretation in a rural Ethiopian community: The InterVA model.</article-title>
					<source>Bull World Health Organ</source>
					<volume>84</volume>
					<fpage>204</fpage>
					<lpage>210</lpage>
				</element-citation>
      </ref>
      <ref id="pmed-0040333-b009">
        <label>9</label>
        <element-citation publication-type="journal" xlink:type="simple">
					<person-group><name name-style="western"><surname>Lopman</surname><given-names>BA</given-names></name><name name-style="western"><surname>Barnabas</surname><given-names>RV</given-names></name><name name-style="western"><surname>Boerma</surname><given-names>JT</given-names></name><name name-style="western"><surname>Chawira</surname><given-names>G</given-names></name><name name-style="western"><surname>Gaitskell</surname><given-names>K</given-names></name><etal/></person-group>
					<year>2006</year>
					<article-title>Creating and validating an algorithm to measure AIDS mortality in the adult population using verbal autopsy.</article-title>
					<source>PLoS Med</source>
					<volume>3</volume>
					<fpage>e312</fpage>
					<comment>doi:<ext-link ext-link-type="doi" xlink:href="http://dx.doi.org/10.1371/journal.pmed.0030312" xlink:type="simple">10.1371/journal.pmed.0030312</ext-link></comment>
				</element-citation>
      </ref>
      <ref id="pmed-0040333-b010">
        <label>10</label>
        <element-citation publication-type="journal" xlink:type="simple">
					<person-group><name name-style="western"><surname>Fottrell</surname><given-names>E</given-names></name><name name-style="western"><surname>Byass</surname><given-names>P</given-names></name><name name-style="western"><surname>Ouedraogo</surname><given-names>TW</given-names></name><name name-style="western"><surname>Tamini</surname><given-names>C</given-names></name><name name-style="western"><surname>Gbangou</surname><given-names>A</given-names></name><etal/></person-group>
					<year>2007</year>
					<article-title>Revealing the burden of maternal mortality: A probabilistic model for determining pregnancy-related causes of death from verbal autopsies.</article-title>
					<source>Popul Health Metr</source>
					<volume>5</volume>
					<fpage>1</fpage>
				</element-citation>
      </ref>
      <ref id="pmed-0040333-b011">
        <label>11</label>
        <element-citation publication-type="journal" xlink:type="simple">
					<person-group><name name-style="western"><surname>Baiden</surname><given-names>F</given-names></name><name name-style="western"><surname>Bawah</surname><given-names>A</given-names></name><name name-style="western"><surname>Biai</surname><given-names>S</given-names></name><name name-style="western"><surname>Binka</surname><given-names>F</given-names></name><name name-style="western"><surname>Boerma</surname><given-names>T</given-names></name><etal/></person-group>
					<year>2007</year>
					<article-title>Setting international standards for verbal autopsy.</article-title>
					<source>Bull World Health Organ</source>
					<volume>85</volume>
					<fpage>570</fpage>
					<lpage>571</lpage>
				</element-citation>
      </ref>
    </ref-list>
    
  </back>
</article>