<?xml version="1.0" encoding="UTF-8"?>
<!DOCTYPE article
  PUBLIC "-//NLM//DTD Journal Publishing DTD v3.0 20080202//EN" "http://dtd.nlm.nih.gov/publishing/3.0/journalpublishing3.dtd">
<article xmlns:mml="http://www.w3.org/1998/Math/MathML" xmlns:xlink="http://www.w3.org/1999/xlink" article-type="research-article" dtd-version="3.0" xml:lang="EN">
  <front>
    <journal-meta><journal-id journal-id-type="publisher-id">plos</journal-id><journal-id journal-id-type="nlm-ta">PLoS Genet</journal-id><journal-id journal-id-type="pmc">plosgen</journal-id><!--===== Grouping journal title elements =====--><journal-title-group><journal-title>PLoS Genetics</journal-title></journal-title-group><issn pub-type="ppub">1553-7390</issn><issn pub-type="epub">1553-7404</issn><publisher>
        <publisher-name>Public Library of Science</publisher-name>
        <publisher-loc>San Francisco, USA</publisher-loc>
      </publisher></journal-meta>
    <article-meta><article-id pub-id-type="publisher-id">PGENETICS-D-11-01600</article-id><article-id pub-id-type="doi">10.1371/journal.pgen.1002296</article-id><article-categories>
        <subj-group subj-group-type="heading">
          <subject>Perspective</subject>
        </subj-group>
        <subj-group subj-group-type="Discipline-v2">
          <subject>Biology</subject>
          <subj-group>
            <subject>Computational biology</subject>
            <subj-group>
              <subject>Genomics</subject>
              <subject>Molecular genetics</subject>
            </subj-group>
          </subj-group>
        </subj-group>
        <subj-group subj-group-type="Discipline">
          <subject>Computational Biology</subject>
        </subj-group>
      </article-categories><title-group><article-title>Transcriptional Robustness Complements Nonsense-Mediated Decay in Humans</article-title></title-group><contrib-group>
        <contrib contrib-type="author" xlink:type="simple">
          <name name-style="western">
            <surname>Wilke</surname>
            <given-names>Claus O.</given-names>
          </name>
          <xref ref-type="aff" rid="aff1"/>
          <xref ref-type="corresp" rid="cor1">
            <sup>*</sup>
          </xref>
        </contrib>
      </contrib-group><aff id="aff1">          <addr-line>Section of Integrative Biology, Center for Computational Biology and Bioinformatics, and Institute of Cell and Molecular Biology, The University of Texas at Austin, Austin, Texas, United States of America</addr-line>       </aff><contrib-group>
        <contrib contrib-type="editor" xlink:type="simple">
          <name name-style="western">
            <surname>Zhang</surname>
            <given-names>Jianzhi</given-names>
          </name>
          <role>Editor</role>
          <xref ref-type="aff" rid="edit1"/>
        </contrib>
      </contrib-group><aff id="edit1">University of Michigan, United States of America</aff><author-notes>
        <corresp id="cor1">* E-mail: <email xlink:type="simple">wilke@austin.utexas.edu</email></corresp>
      <fn fn-type="conflict">
        <p>The author has declared that no competing interests exist.</p>
      </fn></author-notes><pub-date pub-type="collection">
        <month>10</month>
        <year>2011</year>
      </pub-date><pub-date pub-type="epub">
        <day>13</day>
        <month>10</month>
        <year>2011</year>
      </pub-date><volume>7</volume><issue>10</issue><elocation-id>e1002296</elocation-id><!--===== Grouping copyright info into permissions =====--><permissions><copyright-year>2011</copyright-year><copyright-holder>Claus O. Wilke</copyright-holder><license><license-p>This is an open-access article distributed under the terms of the Creative Commons Attribution License, which permits unrestricted use, distribution, and reproduction in any medium, provided the original author and source are credited.</license-p></license></permissions><related-article ext-link-type="uri" id="RA1" related-article-type="companion" xlink:href="info:doi/10.1371/journal.pgen.1002276" xlink:type="simple"> <article-title>Preventing Dangerous Nonsense: Selection for Robustness to Transcriptional Error in Human Genes</article-title></related-article><funding-group><funding-statement>This work was supported by NIH grant R01 GM088344 to COW. The funder had no role in the preparation of the article.</funding-statement></funding-group><counts>
        <page-count count="2"/>
      </counts></article-meta>
  </front>
  <body>
    <sec id="s1">
      <title/>
      <p>In eukaryotes, gene expression is a complex, multi-step process involving transcription, splicing, translation, and post-translational modifications. At each individual step, errors can occur that lead to nonfunctional and potentially toxic proteins. Therefore, eukaryotes have evolved a wide array of solutions to minimize the risk of error.</p>
      <p>There are two fundamental strategies to minimize the production of harmful, erroneous proteins <xref ref-type="bibr" rid="pgen.1002296-Rajon1">[1]</xref>: Under the first, the <italic>global strategy</italic>, error rates are minimized directly, e.g., through improved proofreading. Thus, the global strategy yields improved gene-expression machinery. By contrast, under the second, the <italic>local strategy</italic>, sequences are encoded in such a way that errors are unlikely to occur at those sites where they would be particularly harmful. Thus, the local strategy produces sequences that are robust to the deleterious effects of errors. It minimizes the deleterious effects of errors rather than error rates directly. In this issue of <italic>PLoS Genetics</italic>, Cusack and colleagues <xref ref-type="bibr" rid="pgen.1002296-Cusack1">[2]</xref> provide an intriguing demonstration of how the local strategy can complement specific weaknesses of the global strategy.</p>
      <p>Cusack et al. study how the human genome has evolved to minimize the consequences of premature stop codons introduced by transcription errors. Transcripts containing such premature stop codons are usually degraded via nonsense-mediated decay (NMD). However, the dominant mode of NMD can only detect premature stop codons upstream of the last exonic junction (EJ), because its mode of action involves exonic junction complexes (EJCs) (<xref ref-type="fig" rid="pgen-1002296-g001">Figure 1</xref>). Therefore, single-exon genes and terminating exons in multi-exon genes are not well protected by NMD. Cusack et al. reason that these sequences can be protected from premature termination by encoding them in such a way that transcription errors are unlikely to introduce stop codons in the first place.</p>
      <fig id="pgen-1002296-g001" position="float">
        <object-id pub-id-type="doi">10.1371/journal.pgen.1002296.g001</object-id>
        <label>Figure 1</label>
        <caption>
          <title>EJC-dependent nonsense-mediated decay (NMD) <xref ref-type="bibr" rid="pgen.1002296-Garneau1">[4]</xref>.</title>
          <p>After splicing, exonic-junction complexes (EJCs) remain 20–24 nucleotides upstream of every exon junction. These EJCs are then bound by UPF2, one of the core proteins of NMD. When the first ribosome translates the mRNA, it displaces the EJCs. However, if the ribosome encounters a premature stop codon and stalls, it forms a complex with a downstream EJC, mediated by UPF2 and another complex called SURF. (The SURF complex is named after its constituent proteins <xref ref-type="bibr" rid="pgen.1002296-Kashima1">[5]</xref>.) This complex then initiates mRNA decay. Because EJC-dependent NMD requires a downstream EJC, it is only effective in the coding regions upstream of the last EJC (indicated in blue). It cannot detect any premature stop codons downstream of the last EJC (indicated in red). Note that an alternative, less potent mode of NMD takes place in the absence of the EJC <xref ref-type="bibr" rid="pgen.1002296-Bhler1">[6]</xref>.</p>
        </caption>
        <graphic mimetype="image" position="float" xlink:href="info:doi/10.1371/journal.pgen.1002296.g001" xlink:type="simple"/>
      </fig>
      <p>Of the 61 sense codons, 18 codons differ in exactly one nucleotide from a stop codon (see Figure 1 in <xref ref-type="bibr" rid="pgen.1002296-Cusack1">[2]</xref>). Thus, these 18 codons can be converted into a stop codon by a single transcription error. Cusack et al. refer to these codons as fragile. The remaining 43 sense codons are robust. Amino acids can similarly be classified as <italic>fragile</italic>, <italic>robust</italic>, or <italic>facultative</italic>: amino acids that can only be encoded by fragile codons are fragile, amino acids that can only be encoded by robust codons are robust, and amino acids that can be encoded by either fragile or robust codons are facultative. There are six fragile amino acids, ten robust amino acids, and four facultative amino acids. Since the facultative amino acids can be encoded with either fragile or robust codons, one way to reduce the risk of premature termination is to encode facultative amino acids preferentially with robust codons. A second level of protection comes from amino-acid choice. Proteins can be quite tolerant to amino-acid substitutions, and thus decreasing the number of fragile amino acids in favor of either more robust amino acids or facultative amino acids encoded by robust codons will also reduce the risk of premature termination. What Cusack et al. have shown is that the frequency of fragile codons in single-exon genes is significantly reduced via both avenues when compared to multi-exon genes. Similarly, the last exons of multi-exon genes show a significant reduction in fragile codons compared to preceding exons. The effect found by Cusack et al. is in the order of 10% to 20%.</p>
      <p>Cusack et al.'s analysis is purely statistical. In such an analysis, it is imperative to ascertain that results are not due to the influence of some confounding variable. For example, if single-exon genes differ in their GC content from multi-exon genes, for unrelated reasons, then this difference could cause an apparent reduction of fragile codons in single-exon genes. Cusack et al. have done a laudable job at ruling out a large number of such potential issues. They have also shown that comparable results are not found in the fly <italic>Drosophila melanogaster</italic>, for which EJC-dependent NMD is largely ineffective. As a whole, their analysis paints a convincing picture that selection removes fragile codons in sequence regions with impaired NMD.</p>
      <p>This analysis adds to a growing body of evidence demonstrating that nature frequently chooses to minimize the deleterious effects of errors rather than the error rates themselves <xref ref-type="bibr" rid="pgen.1002296-Drummond1">[3]</xref>. It remains an open question under what specific conditions selection should prefer increased robustness to errors over reduced error rates. We can speculate that evolutionary adaptations to reduce error rates will often be costly (in terms of additional energy spent) or inaccessible (if very different molecular machinery would be needed to have a substantial effect on error rates), whereas increased robustness is often free, or nearly so. In particular, in the present case, the EJC-dependent NMD would have to be replaced by a completely different mechanism to make NMD effective in single-exon genes or last exons. Such an alternative mechanism is certainly not easily evolutionarily accessible. Replacing fragile by robust codons, on the other hand, will in many cases carry no or at most a negligible selective cost.</p>
      <p>Selection can only act to remove fragile codons if a sufficient selective benefit can be derived from replacing a single fragile codon by a robust codon. Therefore, Cusack et al.'s findings imply that erroneous premature termination of protein synthesis can generate a significant cost on organism fitness. As a consequence, we can assume that some genetic diseases in humans will be caused either entirely or at least in part by such premature terminations. However, the genes causing these diseases will be difficult to identify. They will not contain any premature stop codons, only a propensity to cause harm if a premature stop codon is accidentally introduced by the transcription machinery.</p>
    </sec>
  </body>
  <back>
    <ref-list>
      <title>References</title>
      <ref id="pgen.1002296-Rajon1">
        <label>1</label>
        <element-citation publication-type="journal" xlink:type="simple">             <person-group person-group-type="author"><name name-style="western"><surname>Rajon</surname><given-names>E</given-names></name><name name-style="western"><surname>Masel</surname><given-names>J</given-names></name></person-group>             <year>2011</year>             <article-title>Evolution of molecular error rates and the consequences for evolvability.</article-title>             <source>Proc Natl Acad Sci U S A</source>             <volume>108</volume>             <fpage>1082</fpage>             <lpage>1087</lpage>          </element-citation>
      </ref>
      <ref id="pgen.1002296-Cusack1">
        <label>2</label>
        <element-citation publication-type="journal" xlink:type="simple">             <person-group person-group-type="author"><name name-style="western"><surname>Cusack</surname><given-names>BP</given-names></name><name name-style="western"><surname>Arndt</surname><given-names>PF</given-names></name><name name-style="western"><surname>Duret</surname><given-names>L</given-names></name><name name-style="western"><surname>Crollius</surname><given-names>HR</given-names></name></person-group>             <year>2011</year>             <article-title>Preventing dangerous nonsense: selection for robustness to transcriptional error in human genes.</article-title>             <source>PLoS Genet</source>             <volume>7</volume>             <fpage>e1002276</fpage>             <comment>doi:<ext-link ext-link-type="uri" xlink:href="http://dx.doi.org/10.1371/journal.pgen.1002276" xlink:type="simple">10.1371/journal.pgen.1002276</ext-link></comment>          </element-citation>
      </ref>
      <ref id="pgen.1002296-Drummond1">
        <label>3</label>
        <element-citation publication-type="journal" xlink:type="simple">             <person-group person-group-type="author"><name name-style="western"><surname>Drummond</surname><given-names>DA</given-names></name><name name-style="western"><surname>Wilke</surname><given-names>CO</given-names></name></person-group>             <year>2009</year>             <article-title>The evolutionary consequences of erroneous protein synthesis.</article-title>             <source>Nat Rev Genet</source>             <volume>10</volume>             <fpage>715</fpage>             <lpage>724</lpage>          </element-citation>
      </ref>
      <ref id="pgen.1002296-Garneau1">
        <label>4</label>
        <element-citation publication-type="journal" xlink:type="simple">             <person-group person-group-type="author"><name name-style="western"><surname>Garneau</surname><given-names>NL</given-names></name><name name-style="western"><surname>Wilusz</surname><given-names>J</given-names></name><name name-style="western"><surname>Wilusz</surname><given-names>CJ</given-names></name></person-group>             <year>2007</year>             <article-title>The highways and byways of mRNA decay.</article-title>             <source>Nat Rev Mol Cell Biol</source>             <volume>8</volume>             <fpage>113</fpage>             <lpage>126</lpage>          </element-citation>
      </ref>
      <ref id="pgen.1002296-Kashima1">
        <label>5</label>
        <element-citation publication-type="journal" xlink:type="simple">             <person-group person-group-type="author"><name name-style="western"><surname>Kashima</surname><given-names>I</given-names></name><name name-style="western"><surname>Yamashita</surname><given-names>A</given-names></name><name name-style="western"><surname>Izumi</surname><given-names>N</given-names></name><name name-style="western"><surname>Kataoka</surname><given-names>N</given-names></name><name name-style="western"><surname>Morishita</surname><given-names>R</given-names></name><etal/></person-group>             <year>2006</year>             <article-title>Binding of a novel SMG-1-Upf1-eRF1-eRF3 complex (SURF) to the exon junction complex triggers Upf1 phosphorylation and nonsense-mediated mRNA decay.</article-title>             <source>Genes Dev</source>             <volume>20</volume>             <fpage>355</fpage>             <lpage>367</lpage>          </element-citation>
      </ref>
      <ref id="pgen.1002296-Bhler1">
        <label>6</label>
        <element-citation publication-type="journal" xlink:type="simple">             <person-group person-group-type="author"><name name-style="western"><surname>Bühler</surname><given-names>M</given-names></name><name name-style="western"><surname>Steiner</surname><given-names>S</given-names></name><name name-style="western"><surname>Mohn</surname><given-names>F</given-names></name><name name-style="western"><surname>Paillusson</surname><given-names>A</given-names></name><name name-style="western"><surname>Mühlemann</surname><given-names>O</given-names></name></person-group>             <year>2006</year>             <article-title>EJC-independent degradation of nonsense immunoglobulin-mRNA depends on 3′ UTR length.</article-title>             <source>Nat Struct Mol Biol</source>             <volume>13</volume>             <fpage>462</fpage>             <lpage>464</lpage>          </element-citation>
      </ref>
    </ref-list>
    
  </back>
</article>