<?xml version="1.0" encoding="UTF-8"?>
<!DOCTYPE article
  PUBLIC "-//NLM//DTD Journal Publishing DTD v3.0 20080202//EN" "http://dtd.nlm.nih.gov/publishing/3.0/journalpublishing3.dtd">
<article xmlns:mml="http://www.w3.org/1998/Math/MathML" xmlns:xlink="http://www.w3.org/1999/xlink" article-type="research-article" dtd-version="3.0" xml:lang="EN">
  <front>
    <journal-meta><journal-id journal-id-type="nlm-ta">PLoS ONE</journal-id><journal-id journal-id-type="publisher-id">plos</journal-id><journal-id journal-id-type="pmc">plosone</journal-id><!--===== Grouping journal title elements =====--><journal-title-group><journal-title>PLoS ONE</journal-title></journal-title-group><issn pub-type="epub">1932-6203</issn><publisher>
        <publisher-name>Public Library of Science</publisher-name>
        <publisher-loc>San Francisco, USA</publisher-loc>
      </publisher></journal-meta>
    <article-meta><article-id pub-id-type="publisher-id">PONE-D-12-02015</article-id><article-id pub-id-type="doi">10.1371/journal.pone.0040558</article-id><article-categories>
        <subj-group subj-group-type="heading">
          <subject>Research Article</subject>
        </subj-group>
        <subj-group subj-group-type="Discipline-v2">
          <subject>Computer science</subject>
          <subj-group>
            <subject>Algorithms</subject>
          </subj-group>
          <subj-group>
            <subject>Computer applications</subject>
          </subj-group>
          <subj-group>
            <subject>Computing methods</subject>
          </subj-group>
          <subj-group>
            <subject>Information technology</subject>
          </subj-group>
          <subj-group>
            <subject>Software engineering</subject>
            <subj-group>
              <subject>Software tools</subject>
            </subj-group>
          </subj-group>
        </subj-group>
        <subj-group subj-group-type="Discipline-v2">
          <subject>Engineering</subject>
          <subj-group>
            <subject>Signal processing</subject>
            <subj-group>
              <subject>Image processing</subject>
            </subj-group>
          </subj-group>
        </subj-group>
        <subj-group subj-group-type="Discipline-v2">
          <subject>Mathematics</subject>
          <subj-group>
            <subject>Applied mathematics</subject>
            <subj-group>
              <subject>Algorithms</subject>
            </subj-group>
          </subj-group>
          <subj-group>
            <subject>Mathematical computing</subject>
          </subj-group>
        </subj-group>
        <subj-group subj-group-type="Discipline">
          <subject>Computer Science</subject>
          <subject>Mathematics</subject>
        </subj-group>
      </article-categories><title-group><article-title>Registration Accuracy and Quality of Real-Life Images</article-title><alt-title alt-title-type="running-head">Image Registration Accuracy and Quality</alt-title></title-group><contrib-group>
        <contrib contrib-type="author" xlink:type="simple">
          <name name-style="western">
            <surname>Hsu</surname>
            <given-names>Wei-Yen</given-names>
          </name>
          <xref ref-type="aff" rid="aff1"/>
          <xref ref-type="corresp" rid="cor1">
            <sup>*</sup>
          </xref>
        </contrib>
      </contrib-group><aff id="aff1">          <addr-line>Department of Information Management, National Chung Cheng University, Minhsiung Township, Chiayi County, Taiwan</addr-line>       </aff><contrib-group>
        <contrib contrib-type="editor" xlink:type="simple">
          <name name-style="western">
            <surname>Zuo</surname>
            <given-names>Xi-Nian</given-names>
          </name>
          <role>Editor</role>
          <xref ref-type="aff" rid="edit1"/>
        </contrib>
      </contrib-group><aff id="edit1">Institute of Psychology, Chinese Academy of Sciences, China</aff><author-notes>
        <corresp id="cor1">* E-mail: <email xlink:type="simple">shenswy@gmail.com</email></corresp>
        <fn fn-type="con">
          <p>Conceived and designed the experiments: WYH. Performed the experiments: WYH. Analyzed the data: WYH. Wrote the paper: WYH. Designed the software used in analysis: WYH.</p>
        </fn>
      <fn fn-type="conflict">
        <p>The author has declared that no competing interests exist.</p>
      </fn></author-notes><pub-date pub-type="collection">
        <year>2012</year>
      </pub-date><pub-date pub-type="epub">
        <day>19</day>
        <month>7</month>
        <year>2012</year>
      </pub-date><volume>7</volume><issue>7</issue><elocation-id>e40558</elocation-id><history>
        <date date-type="received">
          <day>20</day>
          <month>12</month>
          <year>2011</year>
        </date>
        <date date-type="accepted">
          <day>8</day>
          <month>6</month>
          <year>2012</year>
        </date>
      </history><!--===== Grouping copyright info into permissions =====--><permissions><copyright-year>2012</copyright-year><copyright-holder>Wei-Yen Hsu</copyright-holder><license><license-p>This is an open-access article distributed under the terms of the Creative Commons Attribution License, which permits unrestricted use, distribution, and reproduction in any medium, provided the original author and source are credited.</license-p></license></permissions><abstract>
        <sec>
          <title>Background</title>
          <p>A common registration problem for the application of consumer device is to align all the acquired image sequences into a complete scene. Image alignment requires a registration algorithm that will compensate as much as possible for geometric variability among images. However, images captured views from a real scene usually produce different distortions. Some are derived from the optic characteristics of image sensors, and others are caused by the specific scenes and objects.</p>
        </sec>
        <sec>
          <title>Methodology/Principal Findings</title>
          <p>An image registration algorithm considering the perspective projection is proposed for the application of consumer devices in this study. It exploits a multiresolution wavelet-based method to extract significant features. An analytic differential approach is then proposed to achieve fast convergence of point matching. Finally, the registration accuracy is further refined to obtain subpixel precision by a feature-based modified Levenberg-Marquardt method. Due to its feature-based and nonlinear characteristic, it converges considerably faster than most other methods. In addition, vignette compensation and color difference adjustment are also performed to further improve the quality of registration results.</p>
        </sec>
        <sec>
          <title>Conclusions/Significance</title>
          <p>The performance of the proposed method is evaluated by testing the synthetic and real images acquired by a hand-held digital still camera and in comparison with two registration techniques in terms of the squared sum of intensity differences (SSD) and correlation coefficient (CC). The results indicate that the proposed method is promising in registration accuracy and quality, which are statistically significantly better than other two approaches.</p>
        </sec>
      </abstract><funding-group><funding-statement>This research was supported by grants from NSC101-2320-B-038-001 and NSC101-2221-E-038-004, National Science Council, Taiwan and from TMU100-AE1-B12, Taipei Medical University, Taiwan. The funders had no role in study design, data collection and analysis, decision to publish, or preparation of the manuscript.</funding-statement></funding-group><counts>
        <page-count count="13"/>
      </counts></article-meta>
  </front>
  <body>
    <sec id="s1">
      <title>Introduction</title>
      <p>Image registration is a fundamental technology in a variety of fields and has been extensively investigated over the past few decades. It has been applied to many areas, such as medical image analysis, surveillance operations, video representation and retrieval, remote sensing, and consumer device, with different registration techniques and performance requirements <xref ref-type="bibr" rid="pone.0040558-Viergever1">[1]</xref>–<xref ref-type="bibr" rid="pone.0040558-Hsu3">[13]</xref>. It is mainly the process of spatially registering acquired images so that corresponding features or pixels on them are consistent in geometry. A common registration problem for the application of consumer device is to align all the acquired image sequences into a complete scene. Image alignment requires a registration algorithm that will compensate as much as possible for geometric variability among images. However, images captured views from a real scene usually produce different distortions. Some are derived from the optic characteristics of image sensors, and others are caused by the specific scenes and objects. In general, we would make some reasonable assumptions to develop a fast algorithm for real time applications in the fields of consumer device. That is, there are no moving objects in the scenes when capturing images, and the images are acquired in short time intervals.</p>
      <p>Another important issue for image registration is to determine the transformation model. Depending on the chosen type of spatial transformation, the parameter number of registration model that is required would be decided. The rigid transformation model, which preserves relative distances of points, estimates the translation and rotation, whereas the affine model <xref ref-type="bibr" rid="pone.0040558-Chen1">[14]</xref> estimates the rigid transformation parameters and the scale factor. The affine transformation preserves collinearity. That is, parallel lines are transformed into parallel lines, and the ratios of distances are preserved along parallel lines. In addition, a more complex transformation model, perspective projection <xref ref-type="bibr" rid="pone.0040558-Mann1">[15]</xref>, takes more parameters into account. It considers not only affine transformation but also the transformations of panning and tilting. The transformation model of perspective projection is estimated to apply to the images captured from a consumer device, such as a hand-held digital still camera or a CMOS image sensor.</p>
      <p>Moreover, a registration algorithm usually minimizes a cost function that is a combination of an objective function and smoothness constraint <xref ref-type="bibr" rid="pone.0040558-Hsu4">[16]</xref>–<xref ref-type="bibr" rid="pone.0040558-Hsu5">[19]</xref>. There are various algorithms that iteratively minimize the surface distance in order to linearly align two regions, such as iterative closest point algorithms.</p>
      <p>In this study, we propose an analytic differential approach to achieve fast and robust point matching. A wavelet-based method is used to extract features and discard the noise in multiscale at the same time. It then speedily evaluates the spatial correspondence and geometrical transformation between two point sets with different sizes. It is robust to noise and tolerant to distortion caused by chromatic aberration and geometry discrepancy. Finally, a feature-based modified Levenberg-Marquardt algorithm (FMLM) is used to further refine registration results and speedily obtain subpixel accuracy because of its feature-based and nonlinear characteristic. Furthermore, we also take vignetting artifacts and color/luminance differences into account so as to achieve registration results in high quality.</p>
      <fig id="pone-0040558-g001" position="float">
        <object-id pub-id-type="doi">10.1371/journal.pone.0040558.g001</object-id>
        <label>Figure 1</label>
        <caption>
          <title>Flowchart of the proposed method.</title>
          <p>It consists of multiscale wavelet-based feature extraction, image registration with analytic differential approach, registration refinement using FMLM, vignette compensation, and adjustment of color and luminance differences.</p>
        </caption>
        <graphic mimetype="image" position="float" xlink:href="info:doi/10.1371/journal.pone.0040558.g001" xlink:type="simple"/>
      </fig>
      <p>The paper is organized as follows. Section 2 describes the proposed method in detail. In Section 3, experimental results and a discussion for some validation examples are presented. Finally, the conclusion and future work is given in Section 4.</p>
      <fig id="pone-0040558-g002" position="float">
        <object-id pub-id-type="doi">10.1371/journal.pone.0040558.g002</object-id>
        <label>Figure 2</label>
        <caption>
          <title>Procedure of feature extraction.</title>
          <p>(a) A test image, (b) 2D 2-level wavelet decomposition of test image, (c), (d) gradient modului at level 1 and 2, respectively, (e) result of feature point extraction.</p>
        </caption>
        <graphic mimetype="image" position="float" xlink:href="info:doi/10.1371/journal.pone.0040558.g002" xlink:type="simple"/>
      </fig>
    </sec>
    <sec id="s2" sec-type="methods">
      <title>Methods</title>
      <p>The proposed method consists of feature extraction, image registration, registration refinement, and vignette compensation and color difference adjustment. First, feature points are extracted by wavelet-based edge correlation with large responses in multiscale. An analytic differential approach for robust point matching (RPM) algorithm is then proposed to achieve fast convergence and complete image registration of perspective projection as well. Next, a FMLM method is proposed to further obtain subpixel accuracy. Finally, vignette compensation as well as the adjustment of color and luminance differences is performed to enhance the quality of registration results. The flowchart of the proposed method is illustrated in <xref ref-type="fig" rid="pone-0040558-g001">Fig. 1</xref>.</p>
      <fig id="pone-0040558-g003" position="float">
        <object-id pub-id-type="doi">10.1371/journal.pone.0040558.g003</object-id>
        <label>Figure 3</label>
        <caption>
          <title>Image registration with vignette compensation and color difference adjustment, (a) three source images acquired from <xref ref-type="bibr" rid="pone.0040558-Alic1">[<bold>2</bold>]</xref> with vignetting and color differences, (b), (c) stitched results without and with color correction by the fast stitching approach, respectively, (d) registered result with the proposed method.</title>
        </caption>
        <graphic mimetype="image" position="float" xlink:href="info:doi/10.1371/journal.pone.0040558.g003" xlink:type="simple"/>
      </fig>
      <fig id="pone-0040558-g004" position="float">
        <object-id pub-id-type="doi">10.1371/journal.pone.0040558.g004</object-id>
        <label>Figure 4</label>
        <caption>
          <title>Registration result of indoor bookcases, (a), (b) an image pair used for registration, (c), (d) results of feature point extraction from (a) and (b), respectively, (e) registered result with the proposed algorithm, (f) registered result by optical flow-based approach.</title>
        </caption>
        <graphic mimetype="image" position="float" xlink:href="info:doi/10.1371/journal.pone.0040558.g004" xlink:type="simple"/>
      </fig>
      <fig id="pone-0040558-g005" position="float">
        <object-id pub-id-type="doi">10.1371/journal.pone.0040558.g005</object-id>
        <label>Figure 5</label>
        <caption>
          <title>Registration result of office corridor, (a), (b) an image pair used for registration, (c), (d) results of feature point extraction from (a) and (b), respectively, (e) registered result with the proposed algorithm, (f) registered result by optical flow-based approach.</title>
        </caption>
        <graphic mimetype="image" position="float" xlink:href="info:doi/10.1371/journal.pone.0040558.g005" xlink:type="simple"/>
      </fig>
      <sec id="s2a">
        <title>2.1. Feature Extraction</title>
        <p>It is an important issue for feature-based image registration to extract significant features from acquired images, which will produce a great influence on the registration accuracy. More specifically, feature extraction is to extract representative features from the adjacent images, so as to effectively provide the geometrical and photometric information for image registration. Multi-resolution image decomposition is a useful technique for analyzing image information at various scales. Therefore, wavelet-based edge correlation, which had been verified the efficacy in feature extraction in our previous work <xref ref-type="bibr" rid="pone.0040558-Hsu5">[19]</xref>, is used to extract the feature points with strong and consistent responses under different scales within a local area. In other words, feature points usually have larger values on the product of gradient moduli from multiscales, while the noise does not.</p>
        <fig id="pone-0040558-g006" position="float">
          <object-id pub-id-type="doi">10.1371/journal.pone.0040558.g006</object-id>
          <label>Figure 6</label>
          <caption>
            <title>Registration result of building at a far distance, (a), (b) an image pair used for registration, (c), (d) results of feature point extraction from (a) and (b), respectively, (e) registered result with the proposed algorithm, (f) registered result by optical flow-based approach.</title>
          </caption>
          <graphic mimetype="image" position="float" xlink:href="info:doi/10.1371/journal.pone.0040558.g006" xlink:type="simple"/>
        </fig>
        <fig id="pone-0040558-g007" position="float">
          <object-id pub-id-type="doi">10.1371/journal.pone.0040558.g007</object-id>
          <label>Figure 7</label>
          <caption>
            <title>Registration result of indoor stairs, (a), (b) an image pair used for registration, (c), (d) results of feature point extraction from (a) and (b), respectively, (e) registered result with the proposed algorithm, (f) registered result by optical flow-based approach.</title>
          </caption>
          <graphic mimetype="image" position="float" xlink:href="info:doi/10.1371/journal.pone.0040558.g007" xlink:type="simple"/>
        </fig>
        <p>Due to the separable characteristic of wavelet transform, we represent 2D wavelet transform as two 1D ones in <italic>x</italic> and <italic>y</italic> directions, respectively,</p>
        <p><inline-formula><inline-graphic mimetype="image" xlink:href="info:doi/10.1371/journal.pone.0040558.e001" xlink:type="simple"/></inline-formula> and<disp-formula><graphic mimetype="image" position="float" xlink:href="info:doi/10.1371/journal.pone.0040558.e002" xlink:type="simple"/><label>(1)</label></disp-formula>where <inline-formula><inline-graphic mimetype="image" xlink:href="info:doi/10.1371/journal.pone.0040558.e003" xlink:type="simple"/></inline-formula>represents a 2D smoothing function. We denote <inline-formula><inline-graphic mimetype="image" xlink:href="info:doi/10.1371/journal.pone.0040558.e004" xlink:type="simple"/></inline-formula> as a dilation function of <inline-formula><inline-graphic mimetype="image" xlink:href="info:doi/10.1371/journal.pone.0040558.e005" xlink:type="simple"/></inline-formula> by a scaling factor <italic>j</italic>. The gradients <inline-formula><inline-graphic mimetype="image" xlink:href="info:doi/10.1371/journal.pone.0040558.e006" xlink:type="simple"/></inline-formula> of an image <inline-formula><inline-graphic mimetype="image" xlink:href="info:doi/10.1371/journal.pone.0040558.e007" xlink:type="simple"/></inline-formula> in the <italic>x</italic> and <italic>y</italic> directions and its modulus <inline-formula><inline-graphic mimetype="image" xlink:href="info:doi/10.1371/journal.pone.0040558.e008" xlink:type="simple"/></inline-formula> at level <italic>j</italic> are described as follows,<disp-formula><graphic mimetype="image" position="float" xlink:href="info:doi/10.1371/journal.pone.0040558.e009" xlink:type="simple"/><label>(2)</label></disp-formula>where</p>
        <p><disp-formula><graphic mimetype="image" position="float" xlink:href="info:doi/10.1371/journal.pone.0040558.e010" xlink:type="simple"/></disp-formula><disp-formula><graphic mimetype="image" position="float" xlink:href="info:doi/10.1371/journal.pone.0040558.e011" xlink:type="simple"/><label>(3)</label></disp-formula>All the edge points in image <inline-formula><inline-graphic mimetype="image" xlink:href="info:doi/10.1371/journal.pone.0040558.e012" xlink:type="simple"/></inline-formula> at level <inline-formula><inline-graphic mimetype="image" xlink:href="info:doi/10.1371/journal.pone.0040558.e013" xlink:type="simple"/></inline-formula> is located with local maxima of <inline-formula><inline-graphic mimetype="image" xlink:href="info:doi/10.1371/journal.pone.0040558.e014" xlink:type="simple"/></inline-formula>. The edge correlation, which filters out the noise by a multiscale edge confirmation to detect reliable feature points, is represented as<disp-formula><graphic mimetype="image" position="float" xlink:href="info:doi/10.1371/journal.pone.0040558.e015" xlink:type="simple"/><label>(4)</label></disp-formula>where n is the level number, and j is the initial level. The true feature points can be obtained by means of edge correlation. Features and noise sometimes coexist in the wavelet domain, but features can usually exist in multiscales while noise can not <xref ref-type="bibr" rid="pone.0040558-Hsu5">[19]</xref>. In this study, the observed property is used to distinguish the true feature points from noise. The procedure of feature extraction is shown in <xref ref-type="fig" rid="pone-0040558-g002">Fig. 2</xref>. A test image is given in <xref ref-type="fig" rid="pone-0040558-g002">Fig. 2(a)</xref>. <xref ref-type="fig" rid="pone-0040558-g002">Fig. 2(b)</xref> shows 2D two-level wavelet decomposition for the test image. The gradient modului of test image at level 1 and 2 are illustrated in <xref ref-type="fig" rid="pone-0040558-g002">Fig. 2(c)</xref> and 2(d), respectively. Finally, <xref ref-type="fig" rid="pone-0040558-g002">Fig. 2(e)</xref> shows the result of feature point extraction.</p>
        <table-wrap id="pone-0040558-t001" position="float"><object-id pub-id-type="doi">10.1371/journal.pone.0040558.t001</object-id><label>Table 1</label><caption>
            <title>Geometric transformation <italic>T</italic>s of four image pairs (IP) from <xref ref-type="fig" rid="pone-0040558-g004">Fig. 4</xref>, <xref ref-type="fig" rid="pone-0040558-g005">5</xref>, <xref ref-type="fig" rid="pone-0040558-g006">6</xref>, <xref ref-type="fig" rid="pone-0040558-g007">7</xref>.</title>
          </caption><!--===== Grouping alternate versions of objects =====--><alternatives><graphic id="pone-0040558-t001-1" mimetype="image" position="float" xlink:href="info:doi/10.1371/journal.pone.0040558.t001" xlink:type="simple"/><table>
            <colgroup span="1">
              <col align="left" span="1"/>
              <col align="center" span="1"/>
              <col align="center" span="1"/>
              <col align="center" span="1"/>
              <col align="center" span="1"/>
              <col align="center" span="1"/>
              <col align="center" span="1"/>
              <col align="center" span="1"/>
              <col align="center" span="1"/>
              <col align="center" span="1"/>
            </colgroup>
            <thead>
              <tr>
                <td align="left" colspan="1" rowspan="1">
                  <italic>T</italic>
                </td>
                <td align="left" colspan="1" rowspan="1">
                  <italic>T<sub>11</sub></italic>
                </td>
                <td align="left" colspan="1" rowspan="1">
                  <italic>T<sub>12</sub></italic>
                </td>
                <td align="left" colspan="1" rowspan="1">
                  <italic>T<sub>13</sub></italic>
                </td>
                <td align="left" colspan="1" rowspan="1">
                  <italic>T<sub>21</sub></italic>
                </td>
                <td align="left" colspan="1" rowspan="1">
                  <italic>T<sub>22</sub></italic>
                </td>
                <td align="left" colspan="1" rowspan="1">
                  <italic>T<sub>23</sub></italic>
                </td>
                <td align="left" colspan="1" rowspan="1">
                  <italic>T<sub>31</sub></italic>
                </td>
                <td align="left" colspan="1" rowspan="1">
                  <italic>T<sub>32</sub></italic>
                </td>
                <td align="left" colspan="1" rowspan="1">
                  <italic>T<sub>33</sub></italic>
                </td>
              </tr>
            </thead>
            <tbody>
              <tr>
                <td align="left" colspan="1" rowspan="1">IP 1 (<xref ref-type="fig" rid="pone-0040558-g004">Fig. 4</xref>)</td>
                <td align="left" colspan="1" rowspan="1">0.982</td>
                <td align="left" colspan="1" rowspan="1">0.003</td>
                <td align="left" colspan="1" rowspan="1">−145.0</td>
                <td align="left" colspan="1" rowspan="1">−0.010</td>
                <td align="left" colspan="1" rowspan="1">0.999</td>
                <td align="left" colspan="1" rowspan="1">−38.5</td>
                <td align="left" colspan="1" rowspan="1">0.189</td>
                <td align="left" colspan="1" rowspan="1">0.039</td>
                <td align="left" colspan="1" rowspan="1">0.981</td>
              </tr>
              <tr>
                <td align="left" colspan="1" rowspan="1">IP 2 (<xref ref-type="fig" rid="pone-0040558-g005">Fig. 5</xref>)</td>
                <td align="left" colspan="1" rowspan="1">0.995</td>
                <td align="left" colspan="1" rowspan="1">0.002</td>
                <td align="left" colspan="1" rowspan="1">−76.8</td>
                <td align="left" colspan="1" rowspan="1">−0.003</td>
                <td align="left" colspan="1" rowspan="1">1.000</td>
                <td align="left" colspan="1" rowspan="1">−6.5</td>
                <td align="left" colspan="1" rowspan="1">0.100</td>
                <td align="left" colspan="1" rowspan="1">0.007</td>
                <td align="left" colspan="1" rowspan="1">0.995</td>
              </tr>
              <tr>
                <td align="left" colspan="1" rowspan="1">IP 3 (<xref ref-type="fig" rid="pone-0040558-g006">Fig. 6</xref>)</td>
                <td align="left" colspan="1" rowspan="1">0.999</td>
                <td align="left" colspan="1" rowspan="1">−0.053</td>
                <td align="left" colspan="1" rowspan="1">−5.9</td>
                <td align="left" colspan="1" rowspan="1">0.052</td>
                <td align="left" colspan="1" rowspan="1">0.925</td>
                <td align="left" colspan="1" rowspan="1">385.0</td>
                <td align="left" colspan="1" rowspan="1">−0.013</td>
                <td align="left" colspan="1" rowspan="1">−0.376</td>
                <td align="left" colspan="1" rowspan="1">0.927</td>
              </tr>
              <tr>
                <td align="left" colspan="1" rowspan="1">IP 4 (<xref ref-type="fig" rid="pone-0040558-g007">Fig. 7</xref>)</td>
                <td align="left" colspan="1" rowspan="1">0.982</td>
                <td align="left" colspan="1" rowspan="1">0.023</td>
                <td align="left" colspan="1" rowspan="1">−145.1</td>
                <td align="left" colspan="1" rowspan="1">−0.015</td>
                <td align="left" colspan="1" rowspan="1">0.999</td>
                <td align="left" colspan="1" rowspan="1">43.2</td>
                <td align="left" colspan="1" rowspan="1">0.190</td>
                <td align="left" colspan="1" rowspan="1">−0.039</td>
                <td align="left" colspan="1" rowspan="1">0.981</td>
              </tr>
            </tbody>
          </table></alternatives></table-wrap>
        <table-wrap id="pone-0040558-t002" position="float"><object-id pub-id-type="doi">10.1371/journal.pone.0040558.t002</object-id><label>Table 2</label><caption>
            <title>Comparison of average registration quality from several (16) synthetic DSC images in terms of <italic>SSD</italic> and <italic>CC</italic> for three registration algorithms.</title>
          </caption><!--===== Grouping alternate versions of objects =====--><alternatives><graphic id="pone-0040558-t002-2" mimetype="image" position="float" xlink:href="info:doi/10.1371/journal.pone.0040558.t002" xlink:type="simple"/><table>
            <colgroup span="1">
              <col align="left" span="1"/>
              <col align="center" span="1"/>
              <col align="center" span="1"/>
              <col align="center" span="1"/>
            </colgroup>
            <thead>
              <tr>
                <td align="left" colspan="2" rowspan="1">Registration Quality for Synthetic Images</td>
                <td align="left" colspan="1" rowspan="1"><italic>SSD</italic> (mean±standard deviation)</td>
                <td align="left" colspan="1" rowspan="1">
                  <italic>CC</italic>
                </td>
              </tr>
            </thead>
            <tbody>
              <tr>
                <td align="left" colspan="1" rowspan="1">Result after</td>
                <td align="left" colspan="1" rowspan="1">Optical Flow-based Motion Approach</td>
                <td align="left" colspan="1" rowspan="1">78.19±9.78</td>
                <td align="left" colspan="1" rowspan="1">0.541</td>
              </tr>
              <tr>
                <td align="left" colspan="1" rowspan="1"/>
                <td align="left" colspan="1" rowspan="1">TPS-RPM</td>
                <td align="left" colspan="1" rowspan="1">36.72±6.83</td>
                <td align="left" colspan="1" rowspan="1">0.708</td>
              </tr>
              <tr>
                <td align="left" colspan="1" rowspan="1"/>
                <td align="left" colspan="1" rowspan="1">Proposed Algorithm</td>
                <td align="left" colspan="1" rowspan="1">12.10±3.13</td>
                <td align="left" colspan="1" rowspan="1">0.896</td>
              </tr>
            </tbody>
          </table></alternatives></table-wrap>
        <table-wrap id="pone-0040558-t003" position="float"><object-id pub-id-type="doi">10.1371/journal.pone.0040558.t003</object-id><label>Table 3</label><caption>
            <title>Comparison of average registration quality from all the pairs of DSC images in terms of <italic>SSD</italic> and <italic>CC</italic> for three registration algorithms.</title>
          </caption><!--===== Grouping alternate versions of objects =====--><alternatives><graphic id="pone-0040558-t003-3" mimetype="image" position="float" xlink:href="info:doi/10.1371/journal.pone.0040558.t003" xlink:type="simple"/><table>
            <colgroup span="1">
              <col align="left" span="1"/>
              <col align="center" span="1"/>
              <col align="center" span="1"/>
              <col align="center" span="1"/>
            </colgroup>
            <thead>
              <tr>
                <td align="left" colspan="2" rowspan="1">Registration Quality for Real Images</td>
                <td align="left" colspan="1" rowspan="1"><italic>SSD</italic> (mean±standard deviation)</td>
                <td align="left" colspan="1" rowspan="1">
                  <italic>CC</italic>
                </td>
              </tr>
            </thead>
            <tbody>
              <tr>
                <td align="left" colspan="1" rowspan="1">Results after</td>
                <td align="left" colspan="1" rowspan="1">Optical Flow-based Motion Approach</td>
                <td align="left" colspan="1" rowspan="1">127.63±19.47</td>
                <td align="left" colspan="1" rowspan="1">0.291</td>
              </tr>
              <tr>
                <td align="left" colspan="1" rowspan="1"/>
                <td align="left" colspan="1" rowspan="1">TPS-RPM</td>
                <td align="left" colspan="1" rowspan="1">31.64±5.07</td>
                <td align="left" colspan="1" rowspan="1">0.766</td>
              </tr>
              <tr>
                <td align="left" colspan="1" rowspan="1"/>
                <td align="left" colspan="1" rowspan="1">Proposed Algorithm</td>
                <td align="left" colspan="1" rowspan="1">10.43±2.24</td>
                <td align="left" colspan="1" rowspan="1">0.923</td>
              </tr>
            </tbody>
          </table></alternatives></table-wrap>
      </sec>
      <sec id="s2b">
        <title>2.2. Image Registration</title>
        <p>The RPM algorithm was first proposed by Chui and Rangarajan <xref ref-type="bibr" rid="pone.0040558-Chui1">[20]</xref>. It is a robust method for point-based registration, but it is somewhat slow in parameter convergence. In this study, we propose an analytic algorithm, namely analytic RPM (ARPM), to fast achieve image registration of perspective projection.</p>
        <p>There are two point-sets <inline-formula><inline-graphic mimetype="image" xlink:href="info:doi/10.1371/journal.pone.0040558.e016" xlink:type="simple"/></inline-formula> and <inline-formula><inline-graphic mimetype="image" xlink:href="info:doi/10.1371/journal.pone.0040558.e017" xlink:type="simple"/></inline-formula> extracted from adjacent images, and the correspondence mapping is denoted by a matrix <italic>M</italic> consisting of <italic>m<sub>ij</sub></italic>. The entire energy function minimized by the ARPM algorithm is as follows,<disp-formula><graphic mimetype="image" position="float" xlink:href="info:doi/10.1371/journal.pone.0040558.e018" xlink:type="simple"/><label>(5)</label></disp-formula>where <inline-formula><inline-graphic mimetype="image" xlink:href="info:doi/10.1371/journal.pone.0040558.e019" xlink:type="simple"/></inline-formula> and it subjects to</p>
        <p><disp-formula><graphic mimetype="image" position="float" xlink:href="info:doi/10.1371/journal.pone.0040558.e020" xlink:type="simple"/></disp-formula><disp-formula><graphic mimetype="image" position="float" xlink:href="info:doi/10.1371/journal.pone.0040558.e021" xlink:type="simple"/><label>(6)</label></disp-formula>The size of matrix <italic>M</italic> is <inline-formula><inline-graphic mimetype="image" xlink:href="info:doi/10.1371/journal.pone.0040558.e022" xlink:type="simple"/></inline-formula> and its inner <inline-formula><inline-graphic mimetype="image" xlink:href="info:doi/10.1371/journal.pone.0040558.e023" xlink:type="simple"/></inline-formula> portion indicates the correspondence information for two point-sets. If a point <italic>u<sub>i</sub></italic> corresponds to a point <italic>v<sub>j</sub></italic>, then the entry <italic>m<sub>ij</sub></italic> of the correspondence matrix <italic>M</italic> is equal to 1; otherwise, it is assigned to zero. In addition, in order to take the outliers into account so as to still hold the constraints of the row and column summation to one, an additional row and column is appended to the suffix of the correspondence matrix <italic>M</italic>.</p>
        <p>All the components of the energy function are interpreted in turn in the following: The first term <inline-formula><inline-graphic mimetype="image" xlink:href="info:doi/10.1371/journal.pone.0040558.e024" xlink:type="simple"/></inline-formula> is the error term that describes a corresponding problem by means of the 3-by-3 perspective projection <italic>T</italic>, which is the transform model of eight parameters, that is <inline-formula><inline-graphic mimetype="image" xlink:href="info:doi/10.1371/journal.pone.0040558.e025" xlink:type="simple"/></inline-formula>. It is a desirable transformation since the rotation, scaling, translation, and global shear are all taken into account. The second term <inline-formula><inline-graphic mimetype="image" xlink:href="info:doi/10.1371/journal.pone.0040558.e026" xlink:type="simple"/></inline-formula> with the weighting <inline-formula><inline-graphic mimetype="image" xlink:href="info:doi/10.1371/journal.pone.0040558.e027" xlink:type="simple"/></inline-formula> is used to avoid excessive null correspondence. If <inline-formula><inline-graphic mimetype="image" xlink:href="info:doi/10.1371/journal.pone.0040558.e028" xlink:type="simple"/></inline-formula> is large, fewer points are discarded as outliers. The third term <inline-formula><inline-graphic mimetype="image" xlink:href="info:doi/10.1371/journal.pone.0040558.e029" xlink:type="simple"/></inline-formula> with the temperature parameter <inline-formula><inline-graphic mimetype="image" xlink:href="info:doi/10.1371/journal.pone.0040558.e030" xlink:type="simple"/></inline-formula> is an entropy function that guarantees the correspondence matrix <italic>M</italic> against negative numbers. The final term <inline-formula><inline-graphic mimetype="image" xlink:href="info:doi/10.1371/journal.pone.0040558.e031" xlink:type="simple"/></inline-formula> with the weighting <inline-formula><inline-graphic mimetype="image" xlink:href="info:doi/10.1371/journal.pone.0040558.e032" xlink:type="simple"/></inline-formula> is a constraint on the geometric transformation <italic>T</italic> by means of the penalty on the remainder of subtracting the identity matrix <italic>I</italic> from the geometric transformation <italic>T</italic>.</p>
        <p>As mentioned above, the minimization problem in equation (5) mainly consists of two related sub-problems: the point-sets correspondence and the geometric transformation between two adjacent slices. Given the point-sets correspondence, the geometric transformation can be evaluated by resolving the constrained least-squares problem. Given the geometric transformation, the point-sets correspondence is found and achieved by resolving the linear assignment problem. Inspired by the idea, the algorithm incorporates the update scheme by alternating the update of the correspondence and the transformation parameters while keeping the other fixed; it is expected to jointly improve the two solutions as well as finally converge to the optimal solution.</p>
        <p>The registration algorithm mainly consists of two principal steps. It is accomplished by using an alternating update scheme. The first step is to update the point-sets correspondence matrix <italic>M</italic> as well as make sure that <italic>M</italic> corresponds to the row and column summation constraints all the time by keeping <italic>T</italic> fixed, with its currently evaluated transformation. Afterward, the solution for correspondence matrix <italic>M</italic> could be calculated by means of the differentiation of the energy function in equation (5) with respect to <italic>m<sub>ij</sub></italic>,<disp-formula><graphic mimetype="image" position="float" xlink:href="info:doi/10.1371/journal.pone.0040558.e033" xlink:type="simple"/><label>(7)</label></disp-formula>The second step is to update the parameters of geometric transformation <italic>T</italic> with the correspondence matrix <italic>M</italic> held fixed. We propose an analytic ARPM approach to evaluate the parameters of <italic>T</italic> by means of the differentiation of the energy function in equation (5) with respect to <italic>T<sub>pq</sub></italic>,<disp-formula><graphic mimetype="image" position="float" xlink:href="info:doi/10.1371/journal.pone.0040558.e034" xlink:type="simple"/><label>(8)</label></disp-formula>where <inline-formula><inline-graphic mimetype="image" xlink:href="info:doi/10.1371/journal.pone.0040558.e035" xlink:type="simple"/></inline-formula>, <inline-formula><inline-graphic mimetype="image" xlink:href="info:doi/10.1371/journal.pone.0040558.e036" xlink:type="simple"/></inline-formula>, and <inline-formula><inline-graphic mimetype="image" xlink:href="info:doi/10.1371/journal.pone.0040558.e037" xlink:type="simple"/></inline-formula>. <inline-formula><inline-graphic mimetype="image" xlink:href="info:doi/10.1371/journal.pone.0040558.e038" xlink:type="simple"/></inline-formula>, the unit sample sequence, is defined: <inline-formula><inline-graphic mimetype="image" xlink:href="info:doi/10.1371/journal.pone.0040558.e039" xlink:type="simple"/></inline-formula> <inline-formula><inline-graphic mimetype="image" xlink:href="info:doi/10.1371/journal.pone.0040558.e040" xlink:type="simple"/></inline-formula>; otherwise, <inline-formula><inline-graphic mimetype="image" xlink:href="info:doi/10.1371/journal.pone.0040558.e041" xlink:type="simple"/></inline-formula> <inline-formula><inline-graphic mimetype="image" xlink:href="info:doi/10.1371/journal.pone.0040558.e042" xlink:type="simple"/></inline-formula>. The two steps are iteratively performed while the temperature parameter <inline-formula><inline-graphic mimetype="image" xlink:href="info:doi/10.1371/journal.pone.0040558.e043" xlink:type="simple"/></inline-formula> as well as the weighting <inline-formula><inline-graphic mimetype="image" xlink:href="info:doi/10.1371/journal.pone.0040558.e044" xlink:type="simple"/></inline-formula> is gradually decreased. The decreasing process for the temperature parameter <inline-formula><inline-graphic mimetype="image" xlink:href="info:doi/10.1371/journal.pone.0040558.e045" xlink:type="simple"/></inline-formula> is similar to the deterministic annealing procedure <xref ref-type="bibr" rid="pone.0040558-Mamitsuka1">[21]</xref>. The deterministic annealing with the temperature parameter <inline-formula><inline-graphic mimetype="image" xlink:href="info:doi/10.1371/journal.pone.0040558.e046" xlink:type="simple"/></inline-formula> is a procedure to adjust the flexible degree of the correspondence matrix M. The correspondence matrix M eventually approaches a binary-values matrix as the temperature <inline-formula><inline-graphic mimetype="image" xlink:href="info:doi/10.1371/journal.pone.0040558.e047" xlink:type="simple"/></inline-formula> is gradually annealing. In addition, due to the fact that deterministic annealing can escape from the local minima, the approach is guaranteed to obtain the near-optimal solution.</p>
      </sec>
      <sec id="s2c">
        <title>2.3. Registration Refinement</title>
        <p>After image registration, a FMLM method is proposed, which is extended from our previous work <xref ref-type="bibr" rid="pone.0040558-Hsu5">[19]</xref>, to enhance registration results to further achieve subpixel precision. The modified algorithm is better than the conventional one in efficiency because the optimization problem is reformulated so that the Hessian matrix is no longer repeatedly calculated. In addition, the proposed feature-based method is efficient since the estimate of geometric transform is from only feature points, not the whole image. It greatly reduces the computation cost and enhances the robustness of registration as well. The FMLM method converges much faster than most other methods due to its nonlinear characteristic. The sums of square intensity errors <inline-formula><inline-graphic mimetype="image" xlink:href="info:doi/10.1371/journal.pone.0040558.e048" xlink:type="simple"/></inline-formula> for feature-point blocks are minimized to measure the similarity between adjacent images. It is used as the measure of convergence and is defined,<disp-formula><graphic mimetype="image" position="float" xlink:href="info:doi/10.1371/journal.pone.0040558.e049" xlink:type="simple"/><label>(9)</label></disp-formula><disp-formula><graphic mimetype="image" position="float" xlink:href="info:doi/10.1371/journal.pone.0040558.e050" xlink:type="simple"/></disp-formula>where <italic>N</italic>(<italic>x<sub>i</sub></italic>) represents the neighborhood of the feature point <italic>x<sub>i</sub></italic>, <italic>K</italic> stands for the number of feature points, <italic>C<sub>p</sub></italic> is the geometric transform between <italic>f</italic>(<italic>x</italic>) and <italic>g</italic>(<italic>x</italic>) for mosaicing, and <italic>fp</italic> represents all the feature points and their neighboring points. For the adaptive geometric transform <italic>C<sub>p</sub></italic>(.), we consider the general transform parameterized by the translation vector <inline-formula><inline-graphic mimetype="image" xlink:href="info:doi/10.1371/journal.pone.0040558.e051" xlink:type="simple"/></inline-formula>, rotation angle <inline-formula><inline-graphic mimetype="image" xlink:href="info:doi/10.1371/journal.pone.0040558.e052" xlink:type="simple"/></inline-formula>, and scaling factor <inline-formula><inline-graphic mimetype="image" xlink:href="info:doi/10.1371/journal.pone.0040558.e053" xlink:type="simple"/></inline-formula>. The geometric transform is represented by means of the operators,</p>
        <p><disp-formula><graphic mimetype="image" position="float" xlink:href="info:doi/10.1371/journal.pone.0040558.e054" xlink:type="simple"/><label>(10)</label></disp-formula>The sum of square errors is then derived from the FMLM algorithm,<disp-formula><graphic mimetype="image" position="float" xlink:href="info:doi/10.1371/journal.pone.0040558.e055" xlink:type="simple"/><label>(11)</label></disp-formula><disp-formula><graphic mimetype="image" position="float" xlink:href="info:doi/10.1371/journal.pone.0040558.e056" xlink:type="simple"/><label>(12)</label></disp-formula>The Hessian matrix <italic>A</italic> and gradient vector <italic>b</italic> are calculated,<disp-formula><graphic mimetype="image" position="float" xlink:href="info:doi/10.1371/journal.pone.0040558.e057" xlink:type="simple"/><label>(13)</label></disp-formula>and<disp-formula><graphic mimetype="image" position="float" xlink:href="info:doi/10.1371/journal.pone.0040558.e058" xlink:type="simple"/><label>(14)</label></disp-formula>where <inline-formula><inline-graphic mimetype="image" xlink:href="info:doi/10.1371/journal.pone.0040558.e059" xlink:type="simple"/></inline-formula>. As the second term in <inline-formula><inline-graphic mimetype="image" xlink:href="info:doi/10.1371/journal.pone.0040558.e060" xlink:type="simple"/></inline-formula> is small, it can be ignored.</p>
        <p><disp-formula><graphic mimetype="image" position="float" xlink:href="info:doi/10.1371/journal.pone.0040558.e061" xlink:type="simple"/><label>(15)</label></disp-formula>Due to minimizing equation (11) with respect to <inline-formula><inline-graphic mimetype="image" xlink:href="info:doi/10.1371/journal.pone.0040558.e062" xlink:type="simple"/></inline-formula> is the same as letting <inline-formula><inline-graphic mimetype="image" xlink:href="info:doi/10.1371/journal.pone.0040558.e063" xlink:type="simple"/></inline-formula> in equation (12) and then minimizing it with respect to <inline-formula><inline-graphic mimetype="image" xlink:href="info:doi/10.1371/journal.pone.0040558.e064" xlink:type="simple"/></inline-formula>. It is beneficial to calculate the Hessian matrix <inline-formula><inline-graphic mimetype="image" xlink:href="info:doi/10.1371/journal.pone.0040558.e065" xlink:type="simple"/></inline-formula> only once as the parameter <inline-formula><inline-graphic mimetype="image" xlink:href="info:doi/10.1371/journal.pone.0040558.e066" xlink:type="simple"/></inline-formula>. Hence, the gradient vector <inline-formula><inline-graphic mimetype="image" xlink:href="info:doi/10.1371/journal.pone.0040558.e067" xlink:type="simple"/></inline-formula> is rewritten as<disp-formula><graphic mimetype="image" position="float" xlink:href="info:doi/10.1371/journal.pone.0040558.e068" xlink:type="simple"/><label>(16)</label></disp-formula></p>
        <p>The parameter <inline-formula><inline-graphic mimetype="image" xlink:href="info:doi/10.1371/journal.pone.0040558.e069" xlink:type="simple"/></inline-formula> is then updated with estimated component <inline-formula><inline-graphic mimetype="image" xlink:href="info:doi/10.1371/journal.pone.0040558.e070" xlink:type="simple"/></inline-formula> iteratively,<disp-formula><graphic mimetype="image" position="float" xlink:href="info:doi/10.1371/journal.pone.0040558.e071" xlink:type="simple"/><label>(17)</label></disp-formula>where <inline-formula><inline-graphic mimetype="image" xlink:href="info:doi/10.1371/journal.pone.0040558.e072" xlink:type="simple"/></inline-formula> is a positive parameter. It is adjusted according to the convergent condition of errors. The FMLM method is updated iteratively until either the relative error is below a given threshold or the number of iteration reaches a predefined value.</p>
      </sec>
      <sec id="s2d">
        <title>2.4. <italic>Vignette Compensation</italic></title>
        <p>Vignette (lens vignetting or light fall-off) means a kind of light effect that light reaches the center of an image more than its edges. It makes the side areas of an image darker than its center area for a pure white image. Due to the optical nature of camera, images acquired from the camera may suffer from the vignette. Hence, the registered image shows vignetting artifacts, greatly reducing the quality of results. In order to compensate the vignetting phenomenon, a Gaussian-like model is constructed,<disp-formula><graphic mimetype="image" position="float" xlink:href="info:doi/10.1371/journal.pone.0040558.e073" xlink:type="simple"/><label>(18)</label></disp-formula>where <italic>X</italic> represents a point in the overlapping zone, <italic>A</italic> is the maximum intensity, <italic>C</italic> is the coordinate of the image center point, and <inline-formula><inline-graphic mimetype="image" xlink:href="info:doi/10.1371/journal.pone.0040558.e074" xlink:type="simple"/></inline-formula> is the distance between <italic>X</italic> and <italic>C</italic>. For instance, let images <inline-formula><inline-graphic mimetype="image" xlink:href="info:doi/10.1371/journal.pone.0040558.e075" xlink:type="simple"/></inline-formula> and <inline-formula><inline-graphic mimetype="image" xlink:href="info:doi/10.1371/journal.pone.0040558.e076" xlink:type="simple"/></inline-formula> be adjacent and overlapping images. Points <inline-formula><inline-graphic mimetype="image" xlink:href="info:doi/10.1371/journal.pone.0040558.e077" xlink:type="simple"/></inline-formula> and <inline-formula><inline-graphic mimetype="image" xlink:href="info:doi/10.1371/journal.pone.0040558.e078" xlink:type="simple"/></inline-formula> are the center point coordinates on images <inline-formula><inline-graphic mimetype="image" xlink:href="info:doi/10.1371/journal.pone.0040558.e079" xlink:type="simple"/></inline-formula> and <inline-formula><inline-graphic mimetype="image" xlink:href="info:doi/10.1371/journal.pone.0040558.e080" xlink:type="simple"/></inline-formula>, respectively. Point <inline-formula><inline-graphic mimetype="image" xlink:href="info:doi/10.1371/journal.pone.0040558.e081" xlink:type="simple"/></inline-formula> is a random point in the overlapping zone of images <inline-formula><inline-graphic mimetype="image" xlink:href="info:doi/10.1371/journal.pone.0040558.e082" xlink:type="simple"/></inline-formula> and <inline-formula><inline-graphic mimetype="image" xlink:href="info:doi/10.1371/journal.pone.0040558.e083" xlink:type="simple"/></inline-formula>, and its coordinates on images <inline-formula><inline-graphic mimetype="image" xlink:href="info:doi/10.1371/journal.pone.0040558.e084" xlink:type="simple"/></inline-formula> and <inline-formula><inline-graphic mimetype="image" xlink:href="info:doi/10.1371/journal.pone.0040558.e085" xlink:type="simple"/></inline-formula> are <inline-formula><inline-graphic mimetype="image" xlink:href="info:doi/10.1371/journal.pone.0040558.e086" xlink:type="simple"/></inline-formula> and <inline-formula><inline-graphic mimetype="image" xlink:href="info:doi/10.1371/journal.pone.0040558.e087" xlink:type="simple"/></inline-formula>, respectively. <inline-formula><inline-graphic mimetype="image" xlink:href="info:doi/10.1371/journal.pone.0040558.e088" xlink:type="simple"/></inline-formula> and <inline-formula><inline-graphic mimetype="image" xlink:href="info:doi/10.1371/journal.pone.0040558.e089" xlink:type="simple"/></inline-formula> represent the intensity of point <inline-formula><inline-graphic mimetype="image" xlink:href="info:doi/10.1371/journal.pone.0040558.e090" xlink:type="simple"/></inline-formula> on image <inline-formula><inline-graphic mimetype="image" xlink:href="info:doi/10.1371/journal.pone.0040558.e091" xlink:type="simple"/></inline-formula> and <inline-formula><inline-graphic mimetype="image" xlink:href="info:doi/10.1371/journal.pone.0040558.e092" xlink:type="simple"/></inline-formula>, respectively. The relationship between these two images can be then written as:</p>
        <p>
          <disp-formula><graphic mimetype="image" position="float" xlink:href="info:doi/10.1371/journal.pone.0040558.e093" xlink:type="simple"/></disp-formula>
        </p>
        <p>And,<disp-formula><graphic mimetype="image" position="float" xlink:href="info:doi/10.1371/journal.pone.0040558.e094" xlink:type="simple"/><label>(19)</label></disp-formula>where <italic>N</italic> is the number of overlapping points on image <italic>I<sub>1</sub></italic> and <italic>I<sub>2</sub></italic>, and <inline-formula><inline-graphic mimetype="image" xlink:href="info:doi/10.1371/journal.pone.0040558.e095" xlink:type="simple"/></inline-formula> stands for the estimated standard deviation for vignette. Moreover, in order to suppress the influence of noise, <inline-formula><inline-graphic mimetype="image" xlink:href="info:doi/10.1371/journal.pone.0040558.e096" xlink:type="simple"/></inline-formula> is calculated by using all the points in the overlapping zone instead of just a single point or a small image block. Finally, the intensities of all the points on image <inline-formula><inline-graphic mimetype="image" xlink:href="info:doi/10.1371/journal.pone.0040558.e097" xlink:type="simple"/></inline-formula> are recovered by removing the Gaussian-like degradation with <inline-formula><inline-graphic mimetype="image" xlink:href="info:doi/10.1371/journal.pone.0040558.e098" xlink:type="simple"/></inline-formula>:<disp-formula><graphic mimetype="image" position="float" xlink:href="info:doi/10.1371/journal.pone.0040558.e099" xlink:type="simple"/><label>(20)</label></disp-formula>where <inline-formula><inline-graphic mimetype="image" xlink:href="info:doi/10.1371/journal.pone.0040558.e100" xlink:type="simple"/></inline-formula> represents the original intensities with their corresponding coordinates <inline-formula><inline-graphic mimetype="image" xlink:href="info:doi/10.1371/journal.pone.0040558.e101" xlink:type="simple"/></inline-formula> on image <inline-formula><inline-graphic mimetype="image" xlink:href="info:doi/10.1371/journal.pone.0040558.e102" xlink:type="simple"/></inline-formula>, <inline-formula><inline-graphic mimetype="image" xlink:href="info:doi/10.1371/journal.pone.0040558.e103" xlink:type="simple"/></inline-formula> stands for the restored <inline-formula><inline-graphic mimetype="image" xlink:href="info:doi/10.1371/journal.pone.0040558.e104" xlink:type="simple"/></inline-formula>, <inline-formula><inline-graphic mimetype="image" xlink:href="info:doi/10.1371/journal.pone.0040558.e105" xlink:type="simple"/></inline-formula> is the center point on image <inline-formula><inline-graphic mimetype="image" xlink:href="info:doi/10.1371/journal.pone.0040558.e106" xlink:type="simple"/></inline-formula>, and M is the number of points on image Ii.</p>
      </sec>
      <sec id="s2e">
        <title>2.5. Adjustment of Color and Luminance Differences</title>
        <p>The images are captured under automatic settings, including exposure, white balance, and focus. However, there are large color differences for exposure and white balance on adjacent images, when they are captured in the condition of illumination change. If the differences are not considered, it may make the registration unnatural. In order to adjust the color difference, the respective means of the RGB primitives for each pair of adjacent images in the overlapping region are calculated. The differences between the corresponding means are then accumulated from the left image pair to the right one sequentially. Finally, we adjust the color difference of all images according to the calculated accumulated difference. The equations with regard to the adjustment of color difference are described as follows,<disp-formula><graphic mimetype="image" position="float" xlink:href="info:doi/10.1371/journal.pone.0040558.e107" xlink:type="simple"/><label>(21)</label></disp-formula><disp-formula><graphic mimetype="image" position="float" xlink:href="info:doi/10.1371/journal.pone.0040558.e108" xlink:type="simple"/><label>(22)</label></disp-formula>where <inline-formula><inline-graphic mimetype="image" xlink:href="info:doi/10.1371/journal.pone.0040558.e109" xlink:type="simple"/></inline-formula> and <inline-formula><inline-graphic mimetype="image" xlink:href="info:doi/10.1371/journal.pone.0040558.e110" xlink:type="simple"/></inline-formula> are the colors on adjacent images <inline-formula><inline-graphic mimetype="image" xlink:href="info:doi/10.1371/journal.pone.0040558.e111" xlink:type="simple"/></inline-formula> and <inline-formula><inline-graphic mimetype="image" xlink:href="info:doi/10.1371/journal.pone.0040558.e112" xlink:type="simple"/></inline-formula>, respectively, <italic>N<sub>k</sub></italic> represents the number of overlapping points for image pair <inline-formula><inline-graphic mimetype="image" xlink:href="info:doi/10.1371/journal.pone.0040558.e113" xlink:type="simple"/></inline-formula> and <inline-formula><inline-graphic mimetype="image" xlink:href="info:doi/10.1371/journal.pone.0040558.e114" xlink:type="simple"/></inline-formula>, <italic>K</italic> is the number of image pairs, <inline-formula><inline-graphic mimetype="image" xlink:href="info:doi/10.1371/journal.pone.0040558.e115" xlink:type="simple"/></inline-formula>represents the color difference between images <inline-formula><inline-graphic mimetype="image" xlink:href="info:doi/10.1371/journal.pone.0040558.e116" xlink:type="simple"/></inline-formula> and <inline-formula><inline-graphic mimetype="image" xlink:href="info:doi/10.1371/journal.pone.0040558.e117" xlink:type="simple"/></inline-formula>, and <inline-formula><inline-graphic mimetype="image" xlink:href="info:doi/10.1371/journal.pone.0040558.e118" xlink:type="simple"/></inline-formula> stands for the color-adjusted <inline-formula><inline-graphic mimetype="image" xlink:href="info:doi/10.1371/journal.pone.0040558.e119" xlink:type="simple"/></inline-formula>. The results without and with vignette compensation and color difference adjustment are shown in <xref ref-type="fig" rid="pone-0040558-g003">Fig. 3</xref>. In addition, we also compare the results of the proposed method with that by other approach, which is referred to the fast stitching approach <xref ref-type="bibr" rid="pone.0040558-Alic1">[2]</xref>. More specifically, <xref ref-type="fig" rid="pone-0040558-g003">Fig. 3(a)</xref> shows an example of three images acquired from <xref ref-type="bibr" rid="pone.0040558-Alic1">[2]</xref> with vignetting and color differences. The stitched results, where the fast stitching approach is used, without and with color correction are shown in <xref ref-type="fig" rid="pone-0040558-g003">Fig. 3(b)</xref> and 3(c), respectively. <xref ref-type="fig" rid="pone-0040558-g003">Fig. 3(d)</xref> shows the registration result by the proposed method.</p>
      </sec>
    </sec>
    <sec id="s3">
      <title>Results and Discussion</title>
      <sec id="s3a">
        <title>3.1. Registration Examples</title>
        <p>A hand-held digital still camera is used to capture images in the experiments. Each image is obtained with the resolution of 1024×768 pixels in 24 bit RGB format. A wide set of real image sequences are acquired and tested to evaluate the performance of the proposed algorithm by means of the visual quality assessment. The feature extraction and registration results for a variety of image pairs are shown in <xref ref-type="fig" rid="pone-0040558-g004">Fig. 4</xref>, <xref ref-type="fig" rid="pone-0040558-g005">5</xref>, <xref ref-type="fig" rid="pone-0040558-g006">6</xref>, <xref ref-type="fig" rid="pone-0040558-g007">7</xref>. More specifically, subfigures (a) and (b) of each figure show the image pair that will be used for registration. The results of feature point extraction from subfigures (a) and (b) are shown in subfigures (c) and (d), respectively. Finally, the registration result of image pair with the proposed algorithm is shown in subfigure (e). The geometric transformation <italic>T</italic>s of these four image pairs from <xref ref-type="fig" rid="pone-0040558-g004">Fig. 4</xref>, <xref ref-type="fig" rid="pone-0040558-g005">5</xref>, <xref ref-type="fig" rid="pone-0040558-g006">6</xref>, <xref ref-type="fig" rid="pone-0040558-g007">7</xref> are listed in <xref ref-type="table" rid="pone-0040558-t001">Table 1</xref>. An optical flow-based motion algorithm <xref ref-type="bibr" rid="pone.0040558-Heeger1">[22]</xref> is implemented for comparison. The algorithm is a registration technique that only takes affine transform into account. The registered results of the same image pairs for the optical flow-based motion algorithm are shown in <xref ref-type="fig" rid="pone-0040558-g004">Fig. 4(f)</xref>, 5(f), 6(f), 7(f). The visual demonstrations indicate that the proposed method achieves better and finer results than the optical flow-based approach.</p>
        <p>The setup of parameters in this experiment for the ARPM algorithm is described in detail as follows. The initial value for the temperature <inline-formula><inline-graphic mimetype="image" xlink:href="info:doi/10.1371/journal.pone.0040558.e120" xlink:type="simple"/></inline-formula> is assigned to slightly more than the longest distance of all point pairs, and it then gradually decreases with the annealing rate 0.93. The weighting <inline-formula><inline-graphic mimetype="image" xlink:href="info:doi/10.1371/journal.pone.0040558.e121" xlink:type="simple"/></inline-formula> is assigned to 5. The point-sets correspondence <italic>M</italic> is initialized such that all the inner entries are <inline-formula><inline-graphic mimetype="image" xlink:href="info:doi/10.1371/journal.pone.0040558.e122" xlink:type="simple"/></inline-formula> and the outlier ones are <inline-formula><inline-graphic mimetype="image" xlink:href="info:doi/10.1371/journal.pone.0040558.e123" xlink:type="simple"/></inline-formula>. The geometric transformation <italic>T</italic> is initialized to a unit matrix. It is generally sufficient to achieve converged results by the alternating update on the correspondence <italic>M</italic> and geometric matrix <italic>T</italic> 20 runs.</p>
        <p><xref ref-type="fig" rid="pone-0040558-g004">Fig. 4</xref> shows the image tilting problem for indoor bookcases with books and other stuffs inside. To show the importance of the proposed registration algorithm, the image pair is captured with a large vertical motion to make big difference. <xref ref-type="fig" rid="pone-0040558-g004">Fig. 4(e)</xref> is the result of the proposed registration algorithm, whereas <xref ref-type="fig" rid="pone-0040558-g004">Fig. 4(f)</xref> shows the results of optical flow-based approach. As seen in these two images, it can reveal that it is difficult for optical flow-based registration approach to handle large displacement problems. The results indicate that the proposed algorithm can resolve the panning and tilting problems to achieve accurate registration, while the optical flow-based approach still cannot. <xref ref-type="fig" rid="pone-0040558-g005">Fig. 5</xref> shows the result of applying our registration method to the image pairs acquired from the office corridor with large overlapping and perspective distortion. Although the optical flow-based approach can track the matching points more accurate under the condition of small displacement, the result shown in <xref ref-type="fig" rid="pone-0040558-g005">Fig. 5(f)</xref> is still poor. The proposed algorithm can achieve accurate registration to overcome the distortion by considering perspective projection.</p>
        <p><xref ref-type="fig" rid="pone-0040558-g006">Fig. 6</xref> show the registered results of image pairs acquired from the buildings with far distances. The displacements between the image pair are quite large in this case, so the optical flow-based approach cannot obtain precise registration. The results shown in <xref ref-type="fig" rid="pone-0040558-g006">Fig. 6(e)</xref> indicate that the proposed algorithm concerns large displacements of image pairs and distortions produced from the perspective projection of acquired images. <xref ref-type="fig" rid="pone-0040558-g007">Fig. 7</xref> shows the results of registration for image pairs with large perspective distortion in tilting direction. The optical flow-based approach cannot register well since the perspective distortion is too large to accurately calculate the motion flow from matching points of image pairs. <xref ref-type="fig" rid="pone-0040558-g007">Fig. 7(e)</xref> reveals that the proposed algorithm can achieve satisfactory registration results even if the distortion in perspective projection is considerably large in titling direction.</p>
      </sec>
      <sec id="s3b">
        <title>3.2. Quality of the Registration</title>
        <p>We have applied the proposed registration algorithm to all the image pairs. To assess the quality of the registration, we calculate the mean and standard deviation of the squared sum of intensity differences (<italic>SSD</italic>) as well as the correlation coefficient (<italic>CC</italic>)<disp-formula><graphic mimetype="image" position="float" xlink:href="info:doi/10.1371/journal.pone.0040558.e124" xlink:type="simple"/></disp-formula><disp-formula><graphic mimetype="image" position="float" xlink:href="info:doi/10.1371/journal.pone.0040558.e125" xlink:type="simple"/><label>(23)</label></disp-formula>where <italic>I<sub>m</sub></italic> and <italic>I<sub>n</sub></italic> represent a pair of images. <italic>T</italic>(.) is the geometric transform evaluated after each registration step. <inline-formula><inline-graphic mimetype="image" xlink:href="info:doi/10.1371/journal.pone.0040558.e126" xlink:type="simple"/></inline-formula> and <inline-formula><inline-graphic mimetype="image" xlink:href="info:doi/10.1371/journal.pone.0040558.e127" xlink:type="simple"/></inline-formula> denote the average intensities. <italic>n</italic> is the pixel number within the overlapping zone. For each image sequence, the <italic>SSD</italic> and <italic>CC</italic> provide an indirect measure of registration quality.</p>
        <p>We would expect in theory that the image difference only shows the underlying noise from image acquisition. However, the effects of the misregistration, geometric deformation are clearly visible in registered images. In the experiments, we compare the proposed registration method with the optical flow-based motion algorithm <xref ref-type="bibr" rid="pone.0040558-Heeger1">[22]</xref> and well-known thin-plate spline robust point matching (TPS-RPM) algorithm <xref ref-type="bibr" rid="pone.0040558-Chui1">[20]</xref>. <xref ref-type="table" rid="pone-0040558-t002">Table 2</xref> and <xref ref-type="table" rid="pone-0040558-t003">3</xref> summarize the average results of registration quality in terms of <italic>SSD</italic> and <italic>CC</italic> for these three registration algorithms for synthetic and real rat brain images, respectively. <xref ref-type="table" rid="pone-0040558-t002">Table 2</xref> lists the registration results for the synthetic images, which are selected from 16 DSC images with randomly selected parameters of geometric transform and Gaussian noise. The parameters for geometric transform <italic>T</italic> are selected in the ranges of <inline-formula><inline-graphic mimetype="image" xlink:href="info:doi/10.1371/journal.pone.0040558.e128" xlink:type="simple"/></inline-formula>, where <italic>H</italic> and <italic>W</italic> represent the height and width of images, respectively; the parameters for Gaussian noise are selected in the ranges of <italic>N</italic>(0, 2<inline-formula><inline-graphic mimetype="image" xlink:href="info:doi/10.1371/journal.pone.0040558.e129" xlink:type="simple"/></inline-formula>1). <xref ref-type="table" rid="pone-0040558-t003">Table 3</xref> lists the registration results evaluated from all the pairs of DSC images. The results indicate that the proposed algorithm can achieve satisfactory registration accuracy and quality, which is better than other two approaches.</p>
      </sec>
      <sec id="s3c">
        <title>3.3. Statistical Evaluation</title>
        <p>To validate whether these three algorithms are significantly different or not, one-way analysis of variance (ANOVA) and multiple comparison tests are performed for the analysis of <italic>SSD</italic> and <italic>CC</italic> on both the synthetic and real data. The statistical analyses with one-way ANOVA are used to evaluate if the difference is significant for the factor <italic>SSD</italic> or <italic>CC</italic>. After analyzing with the one-way ANOVA, multiple comparison tests are used to estimate the <italic>p</italic>-values and significance of each pair of algorithms.</p>
        <p>We obtain <italic>p</italic>-values less than 0.0001 and less than 0.0001 for <italic>SSD</italic> and <italic>CC</italic> respectively for synthetic data, while the <italic>p</italic>-values are less than 0.0001 and less than 0.0001 for <italic>SSD</italic> and <italic>CC</italic> respectively for real data. The results of test indicate that these three algorithms are significantly different among them. More detailed comparisons of <italic>p</italic>-values between each pair of approaches and multiple comparison tests of means are then performed. The results indicate that there are significant differences in the estimation of <italic>SSD</italic> and <italic>CC</italic> between the optical flow-based approach and proposed algorithm for synthetic data (<italic>p</italic>-values be &lt;0.0001 and &lt;0.0001 for <italic>SSD</italic> and <italic>CC</italic>, respectively). The results also denote that the proposed algorithm is significantly better than the TPS-RPM algorithm in both <italic>SSD</italic> and <italic>CC</italic> for synthetic data (<italic>p</italic>-values be &lt;0.0001 and &lt;0.0001 for <italic>SSD</italic> and <italic>CC</italic>, respectively). In addition to synthetic data, the results of tests for real data are also discussed. The results demonstrate that there are significant differences in <italic>SSD</italic> and <italic>CC</italic> estimation between the optical flow-based approach and TPS-RPM algorithm for real data, whereas they show that the proposed algorithm is significantly better than optical flow-based approach in <italic>SSD</italic> and <italic>CC</italic> estimation (<italic>p</italic>-values be &lt;0.0001 and &lt;0.0001 for <italic>SSD</italic> and <italic>CC</italic>, respectively). The results also indicate that the proposed algorithm is better than the TPS-RPM algorithm in both <italic>SSD</italic> and <italic>CC</italic> for real data (<italic>p</italic>-values be &lt;0.0001 and &lt;0.0001 for <italic>SSD</italic> and <italic>CC</italic>, respectively). Accordingly, the proposed algorithm obtains promising performance in the evaluation of registration quality for both the synthetic and real data.</p>
      </sec>
      <sec id="s3d">
        <title>3.4. Computation Time</title>
        <p>The computation time is considered to evaluate the computational efficiency of the proposed algorithm in this study. We port the algorithm on mobile phones. More specifically, the registration results are obtained on a mobile phone with a 600 MHz processor and 384 MB RAM. The algorithm can also be performed on other mobile devices. The results indicate that the registration procedure takes 5.27±0.41 (mean ± standard deviation) seconds for image pairs acquired from <xref ref-type="fig" rid="pone-0040558-g004">Fig. 4</xref>, <xref ref-type="fig" rid="pone-0040558-g005">5</xref>, <xref ref-type="fig" rid="pone-0040558-g006">6</xref>, <xref ref-type="fig" rid="pone-0040558-g007">7</xref>. It indicates that the proposed method is less time consuming in computation cost.</p>
      </sec>
      <sec id="s3e">
        <title>Conclusion</title>
        <p>In this study, we have presented an image registration algorithm for the application of consumer devices. A multiresolution wavelet-based method is exploited to retain significant features by discarding the noise. An analytic differential approach is then proposed to achieve fast registration of perspective projection. Finally, we refine registration accuracy to subpixel precision by the FMLM method. It reduces the computational cost quite significantly due to its feature-based and nonlinear characteristic. Moreover, we further improve image quality by performing vignette compensation and color/luminance difference adjustment. It shows that this study is fairly valuable for equipping the consumers with a powerful tool in life applications. In future work, the algorithm will be further improved to increase the robustness of registration.</p>
      </sec>
    </sec>
  </body>
  <back>
    <ref-list>
      <title>References</title>
      <ref id="pone.0040558-Viergever1">
        <label>1</label>
        <element-citation publication-type="other" xlink:type="simple">             <person-group person-group-type="author"><name name-style="western"><surname>Viergever</surname><given-names>RF</given-names></name><name name-style="western"><surname>Ghersi</surname><given-names>D</given-names></name></person-group>             <year>2011</year>             <article-title>The Quality of Registration of Clinical Trials.</article-title>             <source>PLoS ONE 6(2), 10.1371/journal.pone.0014701</source>          </element-citation>
      </ref>
      <ref id="pone.0040558-Alic1">
        <label>2</label>
        <element-citation publication-type="other" xlink:type="simple">             <person-group person-group-type="author"><name name-style="western"><surname>Alic</surname><given-names>L</given-names></name><name name-style="western"><surname>Haeck</surname><given-names>JC</given-names></name><name name-style="western"><surname>Bol</surname><given-names>K</given-names></name><name name-style="western"><surname>Klein</surname><given-names>S</given-names></name><name name-style="western"><surname>Tiel</surname><given-names>ST</given-names></name><etal/></person-group>             <year>2011</year>             <article-title>Facilitating Tumor Functional Assessment by Spatially Relating 3D Tumor Histology and In Vivo MRI: Image Registration Approach.</article-title>             <source>PLoS ONE 6(8), 10.1371/journal.pone.0022835</source>          </element-citation>
      </ref>
      <ref id="pone.0040558-Sighoko1">
        <label>3</label>
        <element-citation publication-type="other" xlink:type="simple">             <person-group person-group-type="author"><name name-style="western"><surname>Sighoko</surname><given-names>D</given-names></name><name name-style="western"><surname>Curado</surname><given-names>MP</given-names></name><name name-style="western"><surname>Bourgeois</surname><given-names>D</given-names></name><name name-style="western"><surname>Mendy</surname><given-names>M</given-names></name><name name-style="western"><surname>Hainaut</surname><given-names>P</given-names></name><etal/></person-group>             <year>2011</year>             <article-title>Increase in Female Liver Cancer in The Gambia, West Africa: Evidence from 19 Years of Population-Based Cancer Registration (1988–2006).</article-title>             <source>PLoS ONE 6(8), 10.1371/journal.pone.0018415</source>          </element-citation>
      </ref>
      <ref id="pone.0040558-Xu1">
        <label>4</label>
        <element-citation publication-type="journal" xlink:type="simple">             <person-group person-group-type="author"><name name-style="western"><surname>Xu</surname><given-names>D</given-names></name><name name-style="western"><surname>Kasparis</surname><given-names>T</given-names></name></person-group>             <year>2007</year>             <article-title>A hybrid and hierarchical approach to aerial image registration.</article-title>             <source>International Journal of Pattern Recognition and Artificial Intelligence</source>             <volume>21(3)</volume>             <fpage>573</fpage>             <lpage>590</lpage>          </element-citation>
      </ref>
      <ref id="pone.0040558-Shi1">
        <label>5</label>
        <element-citation publication-type="other" xlink:type="simple">             <person-group person-group-type="author"><name name-style="western"><surname>Shi</surname><given-names>F</given-names></name><name name-style="western"><surname>Yap</surname><given-names>PT</given-names></name><name name-style="western"><surname>Wu</surname><given-names>G</given-names></name><name name-style="western"><surname>Jia</surname><given-names>H</given-names></name><name name-style="western"><surname>Gilmore</surname><given-names>JH</given-names></name><etal/></person-group>             <year>2011</year>             <article-title>Infant Brain Atlases from Neonates to 1- and 2-Year-Olds.</article-title>             <source>PLoS ONE 6(4), 10.1371/journal.pone.0018746</source>          </element-citation>
      </ref>
      <ref id="pone.0040558-Hsu1">
        <label>6</label>
        <element-citation publication-type="journal" xlink:type="simple">             <person-group person-group-type="author"><name name-style="western"><surname>Hsu</surname><given-names>WY</given-names></name></person-group>             <year>2012</year>             <article-title>Application of Competitive Hopfield Neural Network to Brain-Computer Interface Systems.</article-title>             <source>International Journal of Neural Systems</source>             <volume>22(1)</volume>             <fpage>51</fpage>             <lpage>62</lpage>          </element-citation>
      </ref>
      <ref id="pone.0040558-Caskey1">
        <label>7</label>
        <element-citation publication-type="other" xlink:type="simple">             <person-group person-group-type="author"><name name-style="western"><surname>Caskey</surname><given-names>CF</given-names></name><name name-style="western"><surname>Hlawitschka</surname><given-names>M</given-names></name><name name-style="western"><surname>Qin</surname><given-names>S</given-names></name><name name-style="western"><surname>Mahakian</surname><given-names>LM</given-names></name><name name-style="western"><surname>Cardiff</surname><given-names>RD</given-names></name><etal/></person-group>             <year>2011</year>             <article-title>An Open Environment CT-US Fusion for Tissue Segmentation during Interventional Guidance.</article-title>             <source>PLoS ONE 6(11), 10.1371/journal.pone.0027372</source>          </element-citation>
      </ref>
      <ref id="pone.0040558-Holden1">
        <label>8</label>
        <element-citation publication-type="journal" xlink:type="simple">             <person-group person-group-type="author"><name name-style="western"><surname>Holden</surname><given-names>M</given-names></name></person-group>             <year>2008</year>             <article-title>A review of geometric transformations for nonrigid body registration. IEEE Trans. Med. Imag.</article-title>             <volume>27(1)</volume>             <fpage>111</fpage>             <lpage>128</lpage>          </element-citation>
      </ref>
      <ref id="pone.0040558-Ribes1">
        <label>9</label>
        <element-citation publication-type="other" xlink:type="simple">             <person-group person-group-type="author"><name name-style="western"><surname>Ribes</surname><given-names>D</given-names></name><name name-style="western"><surname>Parafita</surname><given-names>J</given-names></name><name name-style="western"><surname>Charrier</surname><given-names>R</given-names></name><name name-style="western"><surname>Magara</surname><given-names>F</given-names></name><name name-style="western"><surname>Magistretti</surname><given-names>PJ</given-names></name><etal/></person-group>             <year>2010</year>             <article-title>JULIDE: A Software Tool for 3D Reconstruction and Statistical Analysis of Autoradiographic Mouse Brain Sections.</article-title>             <source>PLoS ONE 5(11), 10.1371/journal.pone.0014094</source>          </element-citation>
      </ref>
      <ref id="pone.0040558-Hsu2">
        <label>10</label>
        <element-citation publication-type="journal" xlink:type="simple">             <person-group person-group-type="author"><name name-style="western"><surname>Hsu</surname><given-names>WY</given-names></name></person-group>             <year>2011</year>             <article-title>Continuous EEG signal analysis for asynchronous BCI application.</article-title>             <source>International Journal of Neural Systems</source>             <volume>21(4)</volume>             <fpage>335</fpage>             <lpage>350</lpage>          </element-citation>
      </ref>
      <ref id="pone.0040558-Zuo1">
        <label>11</label>
        <element-citation publication-type="other" xlink:type="simple">             <person-group person-group-type="author"><name name-style="western"><surname>Zuo</surname><given-names>XN</given-names></name><name name-style="western"><surname>Xing</surname><given-names>XX</given-names></name></person-group>             <year>2011</year>             <article-title>Effects of Non-Local Diffusion on Structural MRI Preprocessing and Default Network Mapping: Statistical Comparisons with Isotropic/Anisotropic Diffusion.</article-title>             <source>PLoS ONE 6(10), 10.1371/journal.pone.0026703</source>          </element-citation>
      </ref>
      <ref id="pone.0040558-Eichorst1">
        <label>12</label>
        <element-citation publication-type="other" xlink:type="simple">             <person-group person-group-type="author"><name name-style="western"><surname>Eichorst</surname><given-names>JP</given-names></name><name name-style="western"><surname>Lu</surname><given-names>S</given-names></name><name name-style="western"><surname>Xu</surname><given-names>J</given-names></name><name name-style="western"><surname>Wang</surname><given-names>Y</given-names></name></person-group>             <year>2008</year>             <article-title>Differential RhoA Dynamics in Migratory and Stationary Cells Measured by FRET and Automated Image Analysis.</article-title>             <source>PLoS ONE 3(12), 10.1371/journal.pone.0004082</source>          </element-citation>
      </ref>
      <ref id="pone.0040558-Hsu3">
        <label>13</label>
        <element-citation publication-type="journal" xlink:type="simple">             <person-group person-group-type="author"><name name-style="western"><surname>Hsu</surname><given-names>WY</given-names></name><name name-style="western"><surname>Sun</surname><given-names>YN</given-names></name></person-group>             <year>2009</year>             <article-title>EEG-based motor imagery analysis using weighted wavelet transform features.</article-title>             <source>Journal of Neuroscience Methods</source>             <volume>167(2)</volume>             <fpage>310</fpage>             <lpage>318</lpage>          </element-citation>
      </ref>
      <ref id="pone.0040558-Chen1">
        <label>14</label>
        <element-citation publication-type="journal" xlink:type="simple">             <person-group person-group-type="author"><name name-style="western"><surname>Chen</surname><given-names>QS</given-names></name><name name-style="western"><surname>Defrise</surname><given-names>M</given-names></name><name name-style="western"><surname>Deconinck</surname><given-names>F</given-names></name></person-group>             <year>1994</year>             <article-title>Symmetric phase-only matched filtering of Fourier-Mellin transforms for image registration and Recognition. IEEE Trans.</article-title>             <source>Pattern Analysis and Machine Intelligence</source>             <volume>16(12)</volume>             <fpage>1156</fpage>             <lpage>1168</lpage>          </element-citation>
      </ref>
      <ref id="pone.0040558-Mann1">
        <label>15</label>
        <element-citation publication-type="journal" xlink:type="simple">             <person-group person-group-type="author"><name name-style="western"><surname>Mann</surname><given-names>S</given-names></name><name name-style="western"><surname>Picard</surname><given-names>RW</given-names></name></person-group>             <year>1997</year>             <article-title>Video orbits of the projective group: a simple approach to featureless estimation of parameters. IEEE Trans.</article-title>             <source>Image Processing</source>             <volume>6(9)</volume>             <fpage>1281</fpage>             <lpage>1295</lpage>          </element-citation>
      </ref>
      <ref id="pone.0040558-Hsu4">
        <label>16</label>
        <element-citation publication-type="journal" xlink:type="simple">             <person-group person-group-type="author"><name name-style="western"><surname>Hsu</surname><given-names>WY</given-names></name></person-group>             <year>2011</year>             <article-title>Analytic differential approach for robust registration of rat brain histological images.</article-title>             <source>Microscopy Research and Technique</source>             <volume>74(6)</volume>             <fpage>523</fpage>             <lpage>530</lpage>          </element-citation>
      </ref>
      <ref id="pone.0040558-Rohlfing1">
        <label>17</label>
        <element-citation publication-type="journal" xlink:type="simple">             <person-group person-group-type="author"><name name-style="western"><surname>Rohlfing</surname><given-names>T</given-names></name><name name-style="western"><surname>Maurer</surname><given-names>CR</given-names></name><name name-style="western"><surname>Bluemke</surname><given-names>DA</given-names></name><name name-style="western"><surname>Jacobs</surname><given-names>MA</given-names></name></person-group>             <year>2003</year>             <article-title>Volume preserving nonrigid registration of MR breast images using free-form deformation with an incompressibility constraint. IEEE Trans. Med. Imag.</article-title>             <volume>22(6)</volume>             <fpage>730</fpage>             <lpage>741</lpage>          </element-citation>
      </ref>
      <ref id="pone.0040558-Foroughi1">
        <label>18</label>
        <element-citation publication-type="journal" xlink:type="simple">             <person-group person-group-type="author"><name name-style="western"><surname>Foroughi</surname><given-names>P</given-names></name><name name-style="western"><surname>Abolmaesumi</surname><given-names>P</given-names></name><name name-style="western"><surname>Hashtrudi-Zaad</surname><given-names>K</given-names></name></person-group>             <year>2006</year>             <article-title>Intra-subject elastic registration of 3D ultrasound images.</article-title>             <source>Medical Image Analysis</source>             <volume>10(5)</volume>             <fpage>713</fpage>             <lpage>725</lpage>          </element-citation>
      </ref>
      <ref id="pone.0040558-Hsu5">
        <label>19</label>
        <element-citation publication-type="journal" xlink:type="simple">             <person-group person-group-type="author"><name name-style="western"><surname>Hsu</surname><given-names>WY</given-names></name><name name-style="western"><surname>Poon</surname><given-names>WFP</given-names></name><name name-style="western"><surname>Sun</surname><given-names>YN</given-names></name></person-group>             <year>2008</year>             <article-title>Automatic seamless mosaicing of microscopic images: Enhancing appearance with color degradation compensation and wavelet-based blending.</article-title>             <source>Journal of Microscopy</source>             <volume>231(3)</volume>             <fpage>408</fpage>             <lpage>418</lpage>          </element-citation>
      </ref>
      <ref id="pone.0040558-Chui1">
        <label>20</label>
        <element-citation publication-type="journal" xlink:type="simple">             <person-group person-group-type="author"><name name-style="western"><surname>Chui</surname><given-names>H</given-names></name><name name-style="western"><surname>Rangarajan</surname><given-names>A</given-names></name></person-group>             <year>2003</year>             <article-title>A new point matching algorithm for non-rigid registration.</article-title>             <source>Computer Vision and Image Understanding</source>             <volume>89(2–3)</volume>             <fpage>114</fpage>             <lpage>141</lpage>          </element-citation>
      </ref>
      <ref id="pone.0040558-Mamitsuka1">
        <label>21</label>
        <element-citation publication-type="journal" xlink:type="simple">             <person-group person-group-type="author"><name name-style="western"><surname>Mamitsuka</surname><given-names>H</given-names></name></person-group>             <year>2005</year>             <article-title>Finding the biologically optimal alignment of multiple sequences.</article-title>             <source>Artificial Intelligence in Medicine</source>             <volume>35(1–2)</volume>             <fpage>9</fpage>             <lpage>18</lpage>          </element-citation>
      </ref>
      <ref id="pone.0040558-Heeger1">
        <label>22</label>
        <element-citation publication-type="other" xlink:type="simple">             <person-group person-group-type="author"><name name-style="western"><surname>Heeger</surname><given-names>DJ</given-names></name></person-group>             <year>1996</year>             <article-title>Notes on motion estimation.</article-title>             <source>Psych 267/CS 348D/EE 365</source>          </element-citation>
      </ref>
    </ref-list>
    
  </back>
</article>