<?xml version="1.0" encoding="UTF-8"?>
<!DOCTYPE article
  PUBLIC "-//NLM//DTD Journal Publishing DTD v3.0 20080202//EN" "http://dtd.nlm.nih.gov/publishing/3.0/journalpublishing3.dtd">
<article xmlns:mml="http://www.w3.org/1998/Math/MathML" xmlns:xlink="http://www.w3.org/1999/xlink" article-type="research-article" dtd-version="3.0" xml:lang="en">
<front>
<journal-meta>
<journal-id journal-id-type="nlm-ta">PLoS ONE</journal-id>
<journal-id journal-id-type="publisher-id">plos</journal-id>
<journal-id journal-id-type="pmc">plosone</journal-id><journal-title-group>
<journal-title>PLoS ONE</journal-title></journal-title-group>
<issn pub-type="epub">1932-6203</issn>
<publisher>
<publisher-name>Public Library of Science</publisher-name>
<publisher-loc>San Francisco, USA</publisher-loc></publisher>
</journal-meta>
<article-meta>
<article-id pub-id-type="publisher-id">PONE-D-13-08557</article-id>
<article-id pub-id-type="doi">10.1371/journal.pone.0066656</article-id>
<article-categories><subj-group subj-group-type="heading"><subject>Research Article</subject></subj-group><subj-group subj-group-type="Discipline-v2"><subject>Computer science</subject><subj-group><subject>Algorithms</subject></subj-group><subj-group><subject>Computer applications</subject></subj-group><subj-group><subject>Computer modeling</subject></subj-group><subj-group><subject>Computing methods</subject></subj-group><subj-group><subject>Computing systems</subject></subj-group><subj-group><subject>Information technology</subject></subj-group></subj-group><subj-group subj-group-type="Discipline-v2"><subject>Engineering</subject><subj-group><subject>Signal processing</subject><subj-group><subject>Image processing</subject></subj-group></subj-group></subj-group><subj-group subj-group-type="Discipline-v2"><subject>Mathematics</subject><subj-group><subject>Applied mathematics</subject><subj-group><subject>Algorithms</subject></subj-group></subj-group><subj-group><subject>Mathematical computing</subject></subj-group><subj-group><subject>Nonlinear dynamics</subject></subj-group></subj-group></article-categories>
<title-group>
<article-title>A Practical Approach Based on Analytic Deformable Algorithm for Scenic Image Registration</article-title>
<alt-title alt-title-type="running-head">A Practical Scenic Image Registration</alt-title>
</title-group>
<contrib-group>
<contrib contrib-type="author" xlink:type="simple"><name name-style="western"><surname>Hsu</surname><given-names>Wei-Yen</given-names></name><xref ref-type="aff" rid="aff1"/><xref ref-type="corresp" rid="cor1"><sup>*</sup></xref></contrib>
</contrib-group>
<aff id="aff1"><addr-line>Department of Information Management, National Chung Cheng University, Chiayi County, Taiwan</addr-line></aff>
<contrib-group>
<contrib contrib-type="editor" xlink:type="simple"><name name-style="western"><surname>Abbott</surname><given-names>Derek</given-names></name>
<role>Editor</role>
<xref ref-type="aff" rid="edit1"/></contrib>
</contrib-group>
<aff id="edit1"><addr-line>University of Adelaide, Australia</addr-line></aff>
<author-notes>
<corresp id="cor1">* E-mail: <email xlink:type="simple">shenswy@gmail.com</email></corresp>
<fn fn-type="conflict"><p>The author has declared that no competing interests exist.</p></fn>
<fn fn-type="con"><p>Conceived and designed the experiments: WYH. Performed the experiments: WYH. Analyzed the data: WYH. Wrote the paper: WYH. Designed the software used in analysis: WYH.</p></fn>
</author-notes>
<pub-date pub-type="collection"><year>2013</year></pub-date>
<pub-date pub-type="epub"><day>21</day><month>6</month><year>2013</year></pub-date>
<volume>8</volume>
<issue>6</issue>
<elocation-id>e66656</elocation-id>
<history>
<date date-type="received"><day>25</day><month>2</month><year>2013</year></date>
<date date-type="accepted"><day>8</day><month>5</month><year>2013</year></date>
</history>
<permissions>
<copyright-year>2013</copyright-year>
<copyright-holder>Wei-Yen Hsu</copyright-holder><license xlink:type="simple"><license-p>This is an open-access article distributed under the terms of the Creative Commons Attribution License, which permits unrestricted use, distribution, and reproduction in any medium, provided the original author and source are credited.</license-p></license></permissions>
<abstract><sec>
<title>Background</title>
<p>Image registration is to produce an entire scene by aligning all the acquired image sequences. A registration algorithm is necessary to tolerance as much as possible for intensity and geometric variation among images. However, captured image views of real scene usually produce unexpected distortions. They are generally derived from the optic characteristics of image sensors or caused by the specific scenes and objects.</p>
</sec><sec>
<title>Methods and Findings</title>
<p>An analytic registration algorithm considering the deformation is proposed for scenic image applications in this study. After extracting important features by the wavelet-based edge correlation method, an analytic registration approach is then proposed to achieve deformable and accurate matching of point sets. Finally, the registration accuracy is further refined to obtain subpixel precision by a feature-based Levenberg-Marquardt (FLM) method. It converges evidently faster than most other methods because of its feature-based characteristic.</p>
</sec><sec>
<title>Conclusions</title>
<p>We validate the performance of proposed method by testing with synthetic and real image sequences acquired by a hand-held digital still camera (DSC) and in comparison with an optical flow-based motion technique in terms of the squared sum of intensity differences (SSD) and correlation coefficient (CC). The results indicate that the proposed method is satisfactory in the registration accuracy and quality of DSC images.</p>
</sec></abstract>
<funding-group><funding-statement>The author would like to express his sincere appreciation for a grant from NSC101-2221-E-194-066, National Science Council, Taiwan. The funders had no role in study design, data collection and analysis, decision to publish, or preparation of the manuscript.</funding-statement></funding-group><counts><page-count count="10"/></counts></article-meta>
</front>
<body><sec id="s1">
<title>Introduction</title>
<p>Image registration is a fundamental technology in a variety of fields and has been extensively investigated over the past few decades. It has been applied to many areas, such as medical image analysis, surveillance operations, video representation and retrieval, remote sensing, and consumer device, with different registration techniques and performance requirements <xref ref-type="bibr" rid="pone.0066656-Shi1">[1]</xref>–<xref ref-type="bibr" rid="pone.0066656-Zuo1">[8]</xref>. In 2D and 3D image registration, the state-of-the-art robust techniques are reviewed and discussed regarding their advantages, drawbacks, and practical implementations <xref ref-type="bibr" rid="pone.0066656-Khalifa1">[9]</xref>. Image registration in similarity measure contains feature-based and intensity-based approaches. The former accounts for important features extracted from the image. The correspondence is then established between these features by measuring the similarity. The later compare intensities or other pixel-wise signatures directly without feature extraction. The feature-based registration is effective when distinctive image features exist, while the intensity-based registration is higher computational complexity. Several well-known examples of similarity functions are the sum of squared differences (SSD), cross-correlation (CC), mutual information (MI), normalized mutual information (NMI), and Markov-Gibbs random filed (MGRF)-based. The SSD and CC are common in image registration at the same modality, while the MI and NMI are suitable in multiple modalities. However, the MI and NMI do not account for spatial relationships between adjacent pixels and they are easily influenced by image noise. MGRF-based similarity measure is derived from an MGRF model of images. The image is used as a training sample to learn a characteristic structure of pairwise pixel dependencies and Gibbs potential functions of signal co-occurrences on these pairs <xref ref-type="bibr" rid="pone.0066656-Khalifa1">[9]</xref>. Image registration is mainly the process of spatially registering acquired images so that corresponding features or pixels on them are consistent in geometry. A common registration problem for the application of consumer device is to align all the acquired image sequences into a complete scene. Image alignment requires a registration algorithm that will compensate as much as possible for geometric variability among images. However, captured image views of real scene usually produce different distortions. Some are derived from the optic characteristics of image sensors, and others are caused by the specific scenes and objects. In general, we would make some reasonable assumptions to develop a fast algorithm for real time applications in consumer device fields. That is, there are no moving objects in the scenes when capturing images, and the images are acquired in short time intervals.</p>
<p>Another important issue for image registration is to determine the transformation model. Depending on chosen type of spatial transformation, the required number of parameters for registration model would be decided. The rigid transformation model, which preserves relative distances of points, estimates the translation and rotation, whereas the affine model <xref ref-type="bibr" rid="pone.0066656-Hsu3">[10]</xref> estimates the rigid transformation parameters and the scale factor. The affine transformation preserves collinearity. That is, parallel lines are transformed into parallel lines, and the ratios of distances are preserved along parallel lines. In addition, a more complex transformation model, perspective projection <xref ref-type="bibr" rid="pone.0066656-Mann1">[11]</xref>, takes more parameters into account. It considers not only affine transformation but also the transformations of panning and tilting. The transformation model of perspective projection is estimated to apply to the images captured from a consumer device, such as a hand-held digital still camera and a CMOS image sensor.</p>
<p>Moreover, a registration algorithm usually minimizes a cost function that is a combination of an objective function and smoothness constraint <xref ref-type="bibr" rid="pone.0066656-Hsu4">[12]</xref>–<xref ref-type="bibr" rid="pone.0066656-Hsu6">[15]</xref>. There are various algorithms that iteratively minimize the surface distance in order to linearly align two regions, such as iterative closest point algorithms.</p>
<p>In this study, we propose an analytic approach to achieve deformable and robust point matching. A wavelet-based method is used to extract features and discard the noise in multiscale at the same time. It then speedily evaluates the spatial correspondence and geometrical transformation between two point sets with different sizes. It is robust to noise and tolerant to distortion caused by chromatic aberration and geometry discrepancy. Finally, a feature-based Levenberg-Marquardt algorithm (FLM) is used to further refine registration results and speedily obtain subpixel accuracy because of their feature-based characteristic.</p>
<p>The paper is organized as follows. Section 2 addresses the proposed method in detail. In Section 3, experimental results and a discussion for some validation examples are presented. Section 4 describes the limitations of present study and future works. Finally, the conclusion is given in Section 5.</p>
</sec><sec id="s2" sec-type="methods">
<title>Methods</title>
<p>The proposed method consists of feature extraction, image registration, and registration refinement. First, feature points are extracted by wavelet-based edge correlation with large responses in multiscale. An analytic robust point matching (ARPM) algorithm is then proposed to achieve deformable and accurate registration of feature point sets. Finally, a FLM method is proposed to further obtain subpixel accuracy. The flowchart of proposed method is illustrated in <xref ref-type="fig" rid="pone-0066656-g001">Fig. 1</xref>.</p>
<fig id="pone-0066656-g001" position="float"><object-id pub-id-type="doi">10.1371/journal.pone.0066656.g001</object-id><label>Figure 1</label><caption>
<title>Flowchart of the proposed method.</title>
<p>It consists of wavelet-based edge correlation, analytic robust point matching, and registration refinement with FLM.</p>
</caption><graphic mimetype="image" xlink:href="info:doi/10.1371/journal.pone.0066656.g001" position="float" xlink:type="simple"/></fig><sec id="s2a">
<title>2.1. Feature Extraction</title>
<p>It is an important issue for feature-based image registration to extract significant features from acquired images, which will produce a great influence on the registration accuracy. More specifically, feature extraction is to extract representative features from the adjacent images, so as to effectively provide the geometrical and photometric information for image registration. Multi-resolution image decomposition is a useful technique for analyzing image information at various scales. Therefore, wavelet-based edge correlation, which had been verified the efficacy in feature extraction in our previous work <xref ref-type="bibr" rid="pone.0066656-Hsu6">[15]</xref>, is used to extract the feature points with strong and consistent responses under different scales within a local area. In other words, feature points usually have larger values on the product of gradient moduli from multiscales, while the noise does not. In this study, Daubechies wavelet is used due to the special characteristic that it is compactly supported with extreme phase and highest number of vanishing moments for a given support width, which is beneficial to feature extraction <xref ref-type="bibr" rid="pone.0066656-Daubechies1">[16]</xref>.</p>
<p>Due to the separable characteristic of wavelet transform, we represent 2D wavelet transform as two 1D ones in <italic>x</italic> and <italic>y</italic> directions, respectively,<disp-formula id="pone.0066656.e001"><graphic position="anchor" xlink:href="info:doi/10.1371/journal.pone.0066656.e001" xlink:type="simple"/><label>(1)</label></disp-formula>where <inline-formula><inline-graphic xlink:href="info:doi/10.1371/journal.pone.0066656.e002" xlink:type="simple"/></inline-formula>represents a 2D smoothing function. We denote <inline-formula><inline-graphic xlink:href="info:doi/10.1371/journal.pone.0066656.e003" xlink:type="simple"/></inline-formula> as a dilation function of <inline-formula><inline-graphic xlink:href="info:doi/10.1371/journal.pone.0066656.e004" xlink:type="simple"/></inline-formula> by a scaling factor <italic>j</italic>. The gradients <inline-formula><inline-graphic xlink:href="info:doi/10.1371/journal.pone.0066656.e005" xlink:type="simple"/></inline-formula> of an image <inline-formula><inline-graphic xlink:href="info:doi/10.1371/journal.pone.0066656.e006" xlink:type="simple"/></inline-formula> in the <italic>x</italic> and <italic>y</italic> directions and its modulus <inline-formula><inline-graphic xlink:href="info:doi/10.1371/journal.pone.0066656.e007" xlink:type="simple"/></inline-formula> at level <italic>j</italic> are described as follows,<disp-formula id="pone.0066656.e008"><graphic position="anchor" xlink:href="info:doi/10.1371/journal.pone.0066656.e008" xlink:type="simple"/><label>(2)</label></disp-formula>where</p>
    <p><disp-formula id="pone.0066656.e009"><graphic position="anchor" xlink:href="info:doi/10.1371/journal.pone.0066656.e009" xlink:type="simple"/><label>(3)</label></disp-formula>All the edge points in image <inline-formula><inline-graphic xlink:href="info:doi/10.1371/journal.pone.0066656.e010" xlink:type="simple"/></inline-formula> at level <inline-formula><inline-graphic xlink:href="info:doi/10.1371/journal.pone.0066656.e011" xlink:type="simple"/></inline-formula> is located with local maxima of <inline-formula><inline-graphic xlink:href="info:doi/10.1371/journal.pone.0066656.e012" xlink:type="simple"/></inline-formula>. The edge correlation, which filters out the noise by a multiscale edge confirmation to detect reliable feature points, is represented as<disp-formula id="pone.0066656.e013"><graphic position="anchor" xlink:href="info:doi/10.1371/journal.pone.0066656.e013" xlink:type="simple"/><label>(4)</label></disp-formula>where <italic>n</italic> is the level number, and <italic>j</italic> is the initial level. The true feature points can be obtained by means of edge correlation. Features and noise sometimes coexist in the wavelet domain, but features can usually exist in multiscales while noise can not <xref ref-type="bibr" rid="pone.0066656-Hsu6">[15]</xref>. In addition, the level number <italic>n</italic> is chosen as two to suppress the edge-bias problem of wavelets at multi-level. In this study, the observed property is used to distinguish the true feature points from noise. The procedure of feature extraction is shown in <xref ref-type="fig" rid="pone-0066656-g002">Fig. 2</xref>. A test image is given in <xref ref-type="fig" rid="pone-0066656-g002">Fig. 2(a)</xref>. <xref ref-type="fig" rid="pone-0066656-g002">Fig. 2(b)</xref> shows 2D two-level wavelet decomposition for the test image. The gradient moduli of test image at level 1 and 2 are illustrated in <xref ref-type="fig" rid="pone-0066656-g002">Fig. 2(c)</xref> and <xref ref-type="fig" rid="pone-0066656-g002">Fig. 2(d)</xref>, respectively. Finally, <xref ref-type="fig" rid="pone-0066656-g002">Fig. 2(e)</xref> shows the result of feature point extraction.</p>
<fig id="pone-0066656-g002" position="float"><object-id pub-id-type="doi">10.1371/journal.pone.0066656.g002</object-id><label>Figure 2</label><caption>
<title>Procedure of feature extraction.</title>
<p>(a) A test image, (b) 2D 2-level wavelet decomposition of test image (c), (d) gradient moduli (calculated from LH and HL quadrants) at level 1 and 2, respectively, (e) result of feature point extraction.</p>
</caption><graphic mimetype="image" xlink:href="info:doi/10.1371/journal.pone.0066656.g002" position="float" xlink:type="simple"/></fig></sec><sec id="s2b">
<title>2.2. Image Registration</title>
<p>The RPM algorithm is a robust method for point-based registration <xref ref-type="bibr" rid="pone.0066656-Chui1">[17]</xref>. Following the notation, we describe the proposed ARPM algorithm in detail.</p>
<p>Given two point-sets <inline-formula><inline-graphic xlink:href="info:doi/10.1371/journal.pone.0066656.e014" xlink:type="simple"/></inline-formula> and <inline-formula><inline-graphic xlink:href="info:doi/10.1371/journal.pone.0066656.e015" xlink:type="simple"/></inline-formula> extracted from adjacent slices, and the correspondence mapping is denoted by a matrix <italic>M</italic> consisting of <italic>m<sub>ij</sub></italic>. The entire energy function minimized by the ARPM algorithm is as follows:<disp-formula id="pone.0066656.e016"><graphic position="anchor" xlink:href="info:doi/10.1371/journal.pone.0066656.e016" xlink:type="simple"/><label>(5)</label></disp-formula>where <inline-formula><inline-graphic xlink:href="info:doi/10.1371/journal.pone.0066656.e017" xlink:type="simple"/></inline-formula> and it subjects to <inline-formula><inline-graphic xlink:href="info:doi/10.1371/journal.pone.0066656.e018" xlink:type="simple"/></inline-formula> and <inline-formula><inline-graphic xlink:href="info:doi/10.1371/journal.pone.0066656.e019" xlink:type="simple"/></inline-formula>, <italic>T</italic> and <italic>W</italic> represent the geometric transformation and warping coefficient matrix respectively, and <inline-formula><inline-graphic xlink:href="info:doi/10.1371/journal.pone.0066656.e020" xlink:type="simple"/></inline-formula> stands for the warping function. The size of matrix <italic>M</italic> is <inline-formula><inline-graphic xlink:href="info:doi/10.1371/journal.pone.0066656.e021" xlink:type="simple"/></inline-formula> and its inner <inline-formula><inline-graphic xlink:href="info:doi/10.1371/journal.pone.0066656.e022" xlink:type="simple"/></inline-formula> portion indicates the correspondence information for two point-sets. If a point <italic>u<sub>i</sub></italic> corresponds to a point <italic>v<sub>j</sub></italic>, then the entry <italic>m<sub>ij</sub></italic> of the correspondence matrix <italic>M</italic> is equal to 1; otherwise, it is assigned to zero. In addition, in order to take the outliers into account so as to still hold the constraints of the row and column summation to one, an additional row and column is appended to the suffix of the correspondence matrix <italic>M</italic>.</p>
<p>All the components of the energy function are interpreted in turn in the following: The first term <inline-formula><inline-graphic xlink:href="info:doi/10.1371/journal.pone.0066656.e023" xlink:type="simple"/></inline-formula> is the error term that it describes a corresponding problem by means of the perspective transformation. It is a desirable transformation since the rotation, scaling, translation, and global shear are all taken into account. The second term <inline-formula><inline-graphic xlink:href="info:doi/10.1371/journal.pone.0066656.e024" xlink:type="simple"/></inline-formula> with the weighting <inline-formula><inline-graphic xlink:href="info:doi/10.1371/journal.pone.0066656.e025" xlink:type="simple"/></inline-formula> is used to avoid excessively much null correspondence. If <inline-formula><inline-graphic xlink:href="info:doi/10.1371/journal.pone.0066656.e026" xlink:type="simple"/></inline-formula> is large, then fewer points are discarded as outliers. The third term <inline-formula><inline-graphic xlink:href="info:doi/10.1371/journal.pone.0066656.e027" xlink:type="simple"/></inline-formula> with the temperature parameter <inline-formula><inline-graphic xlink:href="info:doi/10.1371/journal.pone.0066656.e028" xlink:type="simple"/></inline-formula> is an entropy function that it avoids the elements of correspondence matrix <italic>M</italic> being negatives. The fourth term <inline-formula><inline-graphic xlink:href="info:doi/10.1371/journal.pone.0066656.e029" xlink:type="simple"/></inline-formula> with the weighting <inline-formula><inline-graphic xlink:href="info:doi/10.1371/journal.pone.0066656.e030" xlink:type="simple"/></inline-formula> is a constraint on the geometric transformation <italic>T</italic> by means of the penalty on the remainder of subtracting the identity matrix <italic>I</italic> from the correspondence matrix <italic>T</italic>. The final term <inline-formula><inline-graphic xlink:href="info:doi/10.1371/journal.pone.0066656.e031" xlink:type="simple"/></inline-formula> with the weighting <inline-formula><inline-graphic xlink:href="info:doi/10.1371/journal.pone.0066656.e032" xlink:type="simple"/></inline-formula> is a constraint on the warping coefficient matrix <italic>W</italic> by means of the penalty on the warping coefficient matrix <italic>W</italic>.</p>
<p>As above mentioned, the minimization problem in <xref ref-type="disp-formula" rid="pone.0066656.e016">equation (5</xref>) mainly consists of two related sub-problems: the point-sets correspondence and the geometric transformation between two adjacent slices. Given the point-sets correspondence, the geometric transformation can be evaluated by resolving the constrained least-squares problem. Given the geometric transformation, the point-sets correspondence is found and achieved by resolving the linear assignment problem. Inspired by the idea, the algorithm incorporates the update scheme by alternating the update of the correspondence and the transformation parameters while keeping the other fixed, it is expected to jointly improve the two solutions as well as finally converge to the optimal solution.</p>
<p>The registration algorithm mainly consists of two principal steps. It is accomplished by using alternating update scheme. The first step is to update the point-sets correspondence matrix <italic>M</italic> as well as make sure that <italic>M</italic> corresponds to the row and column summation constraints all the time by keeping <italic>T</italic> and <italic>W</italic> fixed, with its currently evaluated transformation. Afterwards, the solution for correspondence matrix <italic>M</italic> could be calculated by means of the differentiation of the energy function in <xref ref-type="disp-formula" rid="pone.0066656.e016">equation (5</xref>) with respect to <italic>m<sub>ij</sub></italic>,<disp-formula id="pone.0066656.e036"><graphic position="anchor" xlink:href="info:doi/10.1371/journal.pone.0066656.e036" xlink:type="simple"/><label>(6)</label></disp-formula></p>
<p>The second step is to update the parameters of geometric transformation <italic>T</italic> and warping coefficient matrix <italic>W</italic> with the correspondence matrix <italic>M</italic> held fixed. We propose an analytic differential approach, which is namely ARPM in this study, to evaluate the parameters of <italic>T</italic> and <italic>W</italic> by means of the differentiation of the energy function in <xref ref-type="disp-formula" rid="pone.0066656.e016">equation (5</xref>) with respect to <italic>T<sub>pq</sub></italic> and <italic>W<sub>pq</sub></italic> respectively,<disp-formula id="pone.0066656.e037"><graphic position="anchor" xlink:href="info:doi/10.1371/journal.pone.0066656.e037" xlink:type="simple"/><label>(7)</label></disp-formula><disp-formula id="pone.0066656.e038"><graphic position="anchor" xlink:href="info:doi/10.1371/journal.pone.0066656.e038" xlink:type="simple"/></disp-formula><disp-formula id="pone.0066656.e039"><graphic position="anchor" xlink:href="info:doi/10.1371/journal.pone.0066656.e039" xlink:type="simple"/></disp-formula><disp-formula id="pone.0066656.e040"><graphic position="anchor" xlink:href="info:doi/10.1371/journal.pone.0066656.e040" xlink:type="simple"/><label>(8)</label></disp-formula>where <inline-formula><inline-graphic xlink:href="info:doi/10.1371/journal.pone.0066656.e041" xlink:type="simple"/></inline-formula>, <inline-formula><inline-graphic xlink:href="info:doi/10.1371/journal.pone.0066656.e042" xlink:type="simple"/></inline-formula>, <inline-formula><inline-graphic xlink:href="info:doi/10.1371/journal.pone.0066656.e043" xlink:type="simple"/></inline-formula>, <inline-formula><inline-graphic xlink:href="info:doi/10.1371/journal.pone.0066656.e044" xlink:type="simple"/></inline-formula>, and <inline-formula><inline-graphic xlink:href="info:doi/10.1371/journal.pone.0066656.e045" xlink:type="simple"/></inline-formula>. More specifically, <italic>W<sub>ij</sub></italic> represents the element of matrix <italic>W</italic> that is located in the <italic>p</italic><sup>th</sup> row and in the <italic>q</italic><sup>th</sup> column. <inline-formula><inline-graphic xlink:href="info:doi/10.1371/journal.pone.0066656.e046" xlink:type="simple"/></inline-formula> stands for the size of matrix <italic>W</italic> being <italic>K</italic> by 3. <inline-formula><inline-graphic xlink:href="info:doi/10.1371/journal.pone.0066656.e047" xlink:type="simple"/></inline-formula>, the unit sample sequence, is defined: <inline-formula><inline-graphic xlink:href="info:doi/10.1371/journal.pone.0066656.e048" xlink:type="simple"/></inline-formula> <inline-formula><inline-graphic xlink:href="info:doi/10.1371/journal.pone.0066656.e049" xlink:type="simple"/></inline-formula>; otherwise, <inline-formula><inline-graphic xlink:href="info:doi/10.1371/journal.pone.0066656.e050" xlink:type="simple"/></inline-formula> <inline-formula><inline-graphic xlink:href="info:doi/10.1371/journal.pone.0066656.e051" xlink:type="simple"/></inline-formula>. The two steps are iteratively performed while the temperature parameter <inline-formula><inline-graphic xlink:href="info:doi/10.1371/journal.pone.0066656.e052" xlink:type="simple"/></inline-formula> as well as the weighting <inline-formula><inline-graphic xlink:href="info:doi/10.1371/journal.pone.0066656.e053" xlink:type="simple"/></inline-formula> is gradually decreased. The decreasing process for the temperature parameter <inline-formula><inline-graphic xlink:href="info:doi/10.1371/journal.pone.0066656.e054" xlink:type="simple"/></inline-formula> is similar to the deterministic annealing procedure <xref ref-type="bibr" rid="pone.0066656-Hsu7">[18]</xref>. The deterministic annealing with the temperature parameter <inline-formula><inline-graphic xlink:href="info:doi/10.1371/journal.pone.0066656.e055" xlink:type="simple"/></inline-formula> is a procedure to adjust the flexible degree of the correspondence matrix <italic>M</italic>. The correspondence matrix <italic>M</italic> eventually approaches a binary-values matrix as the temperature <inline-formula><inline-graphic xlink:href="info:doi/10.1371/journal.pone.0066656.e056" xlink:type="simple"/></inline-formula> is gradually annealing. In addition, due to the property that deterministic annealing can escape from the local minima, the approach is guaranteed to obtain the near-optimal solution.</p>
</sec><sec id="s2c">
<title>2.3. Registration Refinement</title>
<p>To make the registration result more accurate to further achieve subpixel precision, a refined step for image alignment is necessary. An FLM method, which is modified from <xref ref-type="bibr" rid="pone.0066656-Hsu6">[15]</xref>, is proposed to apply to this study. Due to the feature-based characteristic of FLM method, it converges much faster than most other ones as long as the initial estimation is close to the global optimal solution. The sum of squared Euclidean distance errors for two feature-point sets is minimized to measure the similarity. The residue <italic>E</italic>, the sum of squared Euclidean distance errors, for the optimization criterion is written as<disp-formula id="pone.0066656.e060"><graphic position="anchor" xlink:href="info:doi/10.1371/journal.pone.0066656.e060" xlink:type="simple"/><label>(9)</label></disp-formula>where <italic>H</italic> and <italic>K</italic> stand for the point numbers of two point sets, which have been mentioned above. In order to resolve the nonlinear least-square minimization problem by the iterative FLM method, the Hessian matrix <italic>A</italic> and the gradient vector <italic>b</italic> must be calculated respectively,<disp-formula id="pone.0066656.e061"><graphic position="anchor" xlink:href="info:doi/10.1371/journal.pone.0066656.e061" xlink:type="simple"/><label>(10)</label></disp-formula>where <inline-formula><inline-graphic xlink:href="info:doi/10.1371/journal.pone.0066656.e062" xlink:type="simple"/></inline-formula>. The parameter <inline-formula><inline-graphic xlink:href="info:doi/10.1371/journal.pone.0066656.e063" xlink:type="simple"/></inline-formula> is then recursively updated,<disp-formula id="pone.0066656.e064"><graphic position="anchor" xlink:href="info:doi/10.1371/journal.pone.0066656.e064" xlink:type="simple"/><label>(11)</label></disp-formula>where <inline-formula><inline-graphic xlink:href="info:doi/10.1371/journal.pone.0066656.e065" xlink:type="simple"/></inline-formula> is a positive parameter, which is adjusted according to the convergence or divergence of the sum of squared errors. In other words, when the error sum decreases, the parameter <inline-formula><inline-graphic xlink:href="info:doi/10.1371/journal.pone.0066656.e066" xlink:type="simple"/></inline-formula> decreases and the next estimated update <inline-formula><inline-graphic xlink:href="info:doi/10.1371/journal.pone.0066656.e067" xlink:type="simple"/></inline-formula> tends to the Newton method, while the parameter <inline-formula><inline-graphic xlink:href="info:doi/10.1371/journal.pone.0066656.e068" xlink:type="simple"/></inline-formula> increases and the next estimated update <inline-formula><inline-graphic xlink:href="info:doi/10.1371/journal.pone.0066656.e069" xlink:type="simple"/></inline-formula> tends to the gradient descent approach if the error sum increases. In this study, <inline-formula><inline-graphic xlink:href="info:doi/10.1371/journal.pone.0066656.e070" xlink:type="simple"/></inline-formula> is initialized as 1. The FLM method is performed repeatedly until either the relative error <inline-formula><inline-graphic xlink:href="info:doi/10.1371/journal.pone.0066656.e071" xlink:type="simple"/></inline-formula> is less than a threshold or predefined steps are reached.</p>
</sec></sec><sec id="s3">
<title>Experimental Results and Discussion</title>
<sec id="s3a">
<title>3.1. Several Examples of the Registration</title>
    <p>A hand-held digital still camera is used to capture images in the experiments. Each image is obtained with the resolution of 1024×768 pixels in 24bit RGB format. A wide set of real image sequences are acquired and tested to evaluate the performance of proposed algorithm by means of the visual quality assessment. The feature extraction and registration results for a variety of image pairs are shown in <xref ref-type="fig" rid="pone-0066656-g003">Fig. 3</xref>, <xref ref-type="fig" rid="pone-0066656-g004">4</xref>, and <xref ref-type="fig" rid="pone-0066656-g005">5</xref>. More specifically, subfigures (a) and (b) of each figure show the image pair that will be used for registration. The results of feature point extraction from subfigures (a) and (b) are shown in subfigures (c) and (d), respectively. Finally, the registration result of image pair with proposed algorithm is shown in subfigure (e). The geometric transformation <italic>T</italic>s of these three image pairs from <xref ref-type="fig" rid="pone-0066656-g003">Fig. 3</xref>, <xref ref-type="fig" rid="pone-0066656-g004">4</xref>, and <xref ref-type="fig" rid="pone-0066656-g005">5</xref> are listed in <xref ref-type="table" rid="pone-0066656-t001">Table 1</xref>. In addition, an optical flow-based motion algorithm <xref ref-type="bibr" rid="pone.0066656-Heeger1">[19]</xref> is implemented for comparison. The algorithm is a registration technique that takes motion estimation into account. It produces the optical flow field, a collection of two-dimensional velocity vectors, one for each small region of the image <xref ref-type="bibr" rid="pone.0066656-Heeger1">[19]</xref>. The registered results of this compared algorithm for the same image pairs are shown in <xref ref-type="fig" rid="pone-0066656-g003">Fig. 3(f)</xref>-<xref ref-type="fig" rid="pone-0066656-g005">5(f)</xref>. In addition, the checkerboard visualization is also used to visualize the registration results, as shown in <xref ref-type="fig" rid="pone-0066656-g003">Fig. 3(g)</xref>-<xref ref-type="fig" rid="pone-0066656-g005">5(g)</xref>, of the proposed method. The visual demonstrations indicate that the proposed method achieves better and finer results than the compared approach.</p>
<fig id="pone-0066656-g003" position="float"><object-id pub-id-type="doi">10.1371/journal.pone.0066656.g003</object-id><label>Figure 3</label><caption>
<title>Registration result of indoor desk and door.</title>
<p>(a), (b) An image pair used for registration, (c), (d) results of feature point extraction from (a) and (b), respectively, (e) registered result with proposed algorithm, (f) registered result by optical flow-based approach, (g) checkerboard visualization after the registration by proposed algorithm.</p>
</caption><graphic mimetype="image" xlink:href="info:doi/10.1371/journal.pone.0066656.g003" position="float" xlink:type="simple"/></fig><fig id="pone-0066656-g004" position="float"><object-id pub-id-type="doi">10.1371/journal.pone.0066656.g004</object-id><label>Figure 4</label><caption>
<title>Registration result of building at a near distance.</title>
<p>(a), (b) An image pair used for registration, (c), (d) results of feature point extraction from (a) and (b), respectively, (e) registered result with proposed algorithm, (f) registered result by optical flow-based approach, (g) checkerboard visualization after the registration by proposed algorithm.</p>
</caption><graphic mimetype="image" xlink:href="info:doi/10.1371/journal.pone.0066656.g004" position="float" xlink:type="simple"/></fig><fig id="pone-0066656-g005" position="float"><object-id pub-id-type="doi">10.1371/journal.pone.0066656.g005</object-id><label>Figure 5</label><caption>
<title>Registration result of building indoors.</title>
<p>(a), (b) An image pair used for registration, (c), (d) results of feature point extraction from (a) and (b), respectively, (e) registered result with proposed algorithm, (f) registered result by optical flow-based approach, (g) checkerboard visualization after the registration by proposed algorithm.</p>
</caption><graphic mimetype="image" xlink:href="info:doi/10.1371/journal.pone.0066656.g005" position="float" xlink:type="simple"/></fig><table-wrap id="pone-0066656-t001" position="float"><object-id pub-id-type="doi">10.1371/journal.pone.0066656.t001</object-id><label>Table 1</label><caption>
<title>Geometric transformation <italic>T</italic>s of three image pairs (IP) from <xref ref-type="fig" rid="pone-0066656-g003">Fig. 3</xref>–<xref ref-type="fig" rid="pone-0066656-g005">5</xref>.</title>
</caption><alternatives><graphic id="pone-0066656-t001-1" position="float" mimetype="image" xlink:href="info:doi/10.1371/journal.pone.0066656.t001" xlink:type="simple"/>
<table><colgroup span="1"><col align="left" span="1"/><col align="center" span="1"/><col align="center" span="1"/><col align="center" span="1"/><col align="center" span="1"/><col align="center" span="1"/><col align="center" span="1"/><col align="center" span="1"/><col align="center" span="1"/><col align="center" span="1"/></colgroup>
<thead>
<tr>
<td align="left" rowspan="1" colspan="1"><italic>T</italic></td>
<td align="left" rowspan="1" colspan="1"><italic>T<sub>11</sub></italic></td>
<td align="left" rowspan="1" colspan="1"><italic>T<sub>12</sub></italic></td>
<td align="left" rowspan="1" colspan="1"><italic>T<sub>13</sub></italic></td>
<td align="left" rowspan="1" colspan="1"><italic>T<sub>21</sub></italic></td>
<td align="left" rowspan="1" colspan="1"><italic>T<sub>22</sub></italic></td>
<td align="left" rowspan="1" colspan="1"><italic>T<sub>23</sub></italic></td>
<td align="left" rowspan="1" colspan="1"><italic>T<sub>31</sub></italic></td>
<td align="left" rowspan="1" colspan="1"><italic>T<sub>32</sub></italic></td>
<td align="left" rowspan="1" colspan="1"><italic>T<sub>33</sub></italic></td>
</tr>
</thead>
<tbody>
<tr>
<td align="left" rowspan="1" colspan="1">IP 1 (<xref ref-type="fig" rid="pone-0066656-g003">Fig. 3</xref>)</td>
<td align="left" rowspan="1" colspan="1">0.996</td>
<td align="left" rowspan="1" colspan="1">0.001</td>
<td align="left" rowspan="1" colspan="1">−73.5</td>
<td align="left" rowspan="1" colspan="1">−0.007</td>
<td align="left" rowspan="1" colspan="1">1.003</td>
<td align="left" rowspan="1" colspan="1">−29.4</td>
<td align="left" rowspan="1" colspan="1">0.089</td>
<td align="left" rowspan="1" colspan="1">0.031</td>
<td align="left" rowspan="1" colspan="1">0.997</td>
</tr>
<tr>
<td align="left" rowspan="1" colspan="1">IP 2 (<xref ref-type="fig" rid="pone-0066656-g004">Fig. 4</xref>)</td>
<td align="left" rowspan="1" colspan="1">0.997</td>
<td align="left" rowspan="1" colspan="1">−0.056</td>
<td align="left" rowspan="1" colspan="1">−1.8</td>
<td align="left" rowspan="1" colspan="1">0.058</td>
<td align="left" rowspan="1" colspan="1">0.968</td>
<td align="left" rowspan="1" colspan="1">267.8</td>
<td align="left" rowspan="1" colspan="1">−0.020</td>
<td align="left" rowspan="1" colspan="1">−0.264</td>
<td align="left" rowspan="1" colspan="1">0.961</td>
</tr>
<tr>
<td align="left" rowspan="1" colspan="1">IP 3 (<xref ref-type="fig" rid="pone-0066656-g005">Fig. 5</xref>)</td>
<td align="left" rowspan="1" colspan="1">0.998</td>
<td align="left" rowspan="1" colspan="1">−0.049</td>
<td align="left" rowspan="1" colspan="1">−11.7</td>
<td align="left" rowspan="1" colspan="1">0.054</td>
<td align="left" rowspan="1" colspan="1">0.931</td>
<td align="left" rowspan="1" colspan="1">380.1</td>
<td align="left" rowspan="1" colspan="1">−0.005</td>
<td align="left" rowspan="1" colspan="1">−0.374</td>
<td align="left" rowspan="1" colspan="1">0.926</td>
</tr>
</tbody>
</table>
</alternatives></table-wrap>
<p>The setup of parameters in this experiment for the ARPM algorithm is described in detail as follows. The initial value for the temperature <inline-formula><inline-graphic xlink:href="info:doi/10.1371/journal.pone.0066656.e072" xlink:type="simple"/></inline-formula> is assigned to slightly more than the longest distance of all point pairs, and it then gradually decreases with the annealing rate 0.93. The weighting <inline-formula><inline-graphic xlink:href="info:doi/10.1371/journal.pone.0066656.e073" xlink:type="simple"/></inline-formula> is assigned to 5, whereas the weightings <inline-formula><inline-graphic xlink:href="info:doi/10.1371/journal.pone.0066656.e074" xlink:type="simple"/></inline-formula>and <inline-formula><inline-graphic xlink:href="info:doi/10.1371/journal.pone.0066656.e075" xlink:type="simple"/></inline-formula> are set to 0.1 and 0.5, respectively. The point-sets correspondence <italic>M</italic> is initialized such that all the inner entries are <inline-formula><inline-graphic xlink:href="info:doi/10.1371/journal.pone.0066656.e076" xlink:type="simple"/></inline-formula> and the outlier ones are <inline-formula><inline-graphic xlink:href="info:doi/10.1371/journal.pone.0066656.e077" xlink:type="simple"/></inline-formula>. The geometric transformation <italic>T</italic> is initialized to a unit matrix. It is generally sufficient to achieve converged results by the alternating update on the correspondence <italic>M</italic> and geometric matrix <italic>T</italic> 20 runs.</p>
<p><xref ref-type="fig" rid="pone-0066656-g003">Fig. 3</xref> shows the image panning and tilting problems for indoor desk and door. To show the importance of proposed registration algorithm, the image pair is captured with a large vertical motion to make big difference. <xref ref-type="fig" rid="pone-0066656-g003">Fig. 3(e)</xref> is the result of proposed registration algorithm, whereas <xref ref-type="fig" rid="pone-0066656-g003">Fig. 3(f)</xref> is the result of optical flow-based approach. As seen in these two images, it can reveal that it is difficult for optical flow-based registration approach to handle large displacement problems. The results indicate that the proposed algorithm can resolve the panning and tilting problems to achieve accurate registration, while the optical flow-based approach cannot.</p>
<p><xref ref-type="fig" rid="pone-0066656-g004">Fig. 4</xref> shows the registered results of image pairs acquired from the buildings with near distances. The displacements between the image pair are quite large in this case, so the optical flow-based approach cannot obtain precise registration. The results shown in <xref ref-type="fig" rid="pone-0066656-g004">Fig. 4(e)</xref> indicate that the proposed algorithm concerns large displacements of image pairs and distortions produced from the perspective projection of acquired images.</p>
<p><xref ref-type="fig" rid="pone-0066656-g005">Fig. 5</xref> shows the results of registration for image pairs with large perspective distortion in panning direction. The optical flow-based approach cannot register well since the perspective distortion is too large to accurately calculate the motion flow from matching points of image pairs. <xref ref-type="fig" rid="pone-0066656-g005">Fig. 5(e)</xref> reveals that the proposed algorithm can achieve satisfactory registration results even if the distortion in perspective projection is considerably large in titling and panning directions.</p>
</sec><sec id="s3b">
<title>3.2. Quality of the Registration</title>
<p>The proposed registration algorithm has been applied to all the image pairs. To assess the quality of the registration, we calculate the mean and standard deviation of the squared sum of intensity differences (SSD) as well as the correlation coefficient (CC).<disp-formula id="pone.0066656.e078"><graphic position="anchor" xlink:href="info:doi/10.1371/journal.pone.0066656.e078" xlink:type="simple"/><label>(12)</label></disp-formula>where <italic>I<sub>m</sub></italic> and <italic>I<sub>n</sub></italic> represent a pair of images. <italic>T</italic>(.) is the geometric transform evaluated after each registration step. <inline-formula><inline-graphic xlink:href="info:doi/10.1371/journal.pone.0066656.e079" xlink:type="simple"/></inline-formula> and <inline-formula><inline-graphic xlink:href="info:doi/10.1371/journal.pone.0066656.e080" xlink:type="simple"/></inline-formula> denote the average intensities. <italic>n</italic> is the pixel number within the overlapping zone. For each image sequence, the SSD and CC provide an indirect measure of registration quality.</p>
<p>It is expected in theory that the image difference only shows the underlying noise from image acquisition. However, the effects of the misregistration, geometric deformation are clearly visible in registered images. In the experiments, we compare the proposed registration method with the optical flow-based motion algorithm <xref ref-type="bibr" rid="pone.0066656-Heeger1">[19]</xref>. <xref ref-type="table" rid="pone-0066656-t002">Table 2</xref> and <xref ref-type="table" rid="pone-0066656-t003">3</xref> summarize the average results of registration quality in terms of SSD and CC for these two registration algorithms for synthetic and real DSC images, respectively. <xref ref-type="table" rid="pone-0066656-t002">Table 2</xref> lists the registration results for the synthetic images, which are selected from 20 DSC images with randomly selected parameters of geometric transform and Gaussian noise. The parameters for geometric transform <italic>T</italic> are selected in the ranges of <inline-formula><inline-graphic xlink:href="info:doi/10.1371/journal.pone.0066656.e081" xlink:type="simple"/></inline-formula>, where <italic>H</italic> and <italic>W</italic> represent the height and width of images, respectively; the parameters for Gaussian noise are selected in the ranges of <italic>N</italic>(0, 5<inline-formula><inline-graphic xlink:href="info:doi/10.1371/journal.pone.0066656.e082" xlink:type="simple"/></inline-formula>2). <xref ref-type="table" rid="pone-0066656-t003">Table 3</xref> lists the registration results evaluated from all the pairs of DSC images. The results indicate that the proposed algorithm can achieve satisfactory registration accuracy and quality, which is better than the optical flow-based approach.</p>
<table-wrap id="pone-0066656-t002" position="float"><object-id pub-id-type="doi">10.1371/journal.pone.0066656.t002</object-id><label>Table 2</label><caption>
<title>Comparison of average registration quality from several (20) synthetic DSC images in terms of SSD and CC for two registration algorithms.</title>
</caption><alternatives><graphic id="pone-0066656-t002-2" position="float" mimetype="image" xlink:href="info:doi/10.1371/journal.pone.0066656.t002" xlink:type="simple"/>
<table><colgroup span="1"><col align="left" span="1"/><col align="center" span="1"/><col align="center" span="1"/></colgroup>
<thead>
<tr>
<td align="left" rowspan="1" colspan="1">Registration Quality for Synthetic Images</td>
<td align="left" rowspan="1" colspan="1">SSD (mean<inline-formula><inline-graphic xlink:href="info:doi/10.1371/journal.pone.0066656.e033" xlink:type="simple"/></inline-formula>standard deviation)</td>
<td align="left" rowspan="1" colspan="1">CC</td>
</tr>
</thead>
<tbody>
<tr>
<td align="left" rowspan="1" colspan="1">Optical Flow-based Motion Approach</td>
<td align="left" rowspan="1" colspan="1">74.93<inline-formula><inline-graphic xlink:href="info:doi/10.1371/journal.pone.0066656.e034" xlink:type="simple"/></inline-formula>9.54</td>
<td align="left" rowspan="1" colspan="1">0.559</td>
</tr>
<tr>
<td align="left" rowspan="1" colspan="1">Proposed Algorithm</td>
<td align="left" rowspan="1" colspan="1">11.36<inline-formula><inline-graphic xlink:href="info:doi/10.1371/journal.pone.0066656.e035" xlink:type="simple"/></inline-formula>2.95</td>
<td align="left" rowspan="1" colspan="1">0.903</td>
</tr>
</tbody>
</table>
</alternatives></table-wrap><table-wrap id="pone-0066656-t003" position="float"><object-id pub-id-type="doi">10.1371/journal.pone.0066656.t003</object-id><label>Table 3</label><caption>
<title>Comparison of average registration quality from all the pairs of DSC images in terms of SSD and CC for two registration algorithms.</title>
</caption><alternatives><graphic id="pone-0066656-t003-3" position="float" mimetype="image" xlink:href="info:doi/10.1371/journal.pone.0066656.t003" xlink:type="simple"/>
<table><colgroup span="1"><col align="left" span="1"/><col align="center" span="1"/><col align="center" span="1"/></colgroup>
<thead>
<tr>
<td align="left" rowspan="1" colspan="1">Registration Quality for Real Images</td>
<td align="left" rowspan="1" colspan="1">SSD (mean<inline-formula><inline-graphic xlink:href="info:doi/10.1371/journal.pone.0066656.e057" xlink:type="simple"/></inline-formula>standard deviation)</td>
<td align="left" rowspan="1" colspan="1">CC</td>
</tr>
</thead>
<tbody>
<tr>
<td align="left" rowspan="1" colspan="1">Optical Flow-based Motion Approach</td>
<td align="left" rowspan="1" colspan="1">142.17<inline-formula><inline-graphic xlink:href="info:doi/10.1371/journal.pone.0066656.e058" xlink:type="simple"/></inline-formula>17.65</td>
<td align="left" rowspan="1" colspan="1">0.268</td>
</tr>
<tr>
<td align="left" rowspan="1" colspan="1">Proposed Algorithm</td>
<td align="left" rowspan="1" colspan="1">9.70<inline-formula><inline-graphic xlink:href="info:doi/10.1371/journal.pone.0066656.e059" xlink:type="simple"/></inline-formula>2.08</td>
<td align="left" rowspan="1" colspan="1">0.931</td>
</tr>
</tbody>
</table>
</alternatives></table-wrap></sec><sec id="s3c">
<title>3.3. Statistical Evaluation</title>
<p>To validate whether these two algorithms are significantly different or not, one-way analysis of variance (ANOVA) is performed for the analysis of SSD and CC on both the synthetic and real data. The statistical analyses with one-way ANOVA are used to evaluate if the difference is significant for the factor SSD or CC.</p>
<p>We obtain <italic>p</italic>-values less than 0.0001 and less than 0.0001 for SSD and CC respectively for synthetic data, while the <italic>p</italic>-values are less than 0.0001 and less than 0.0001 for SSD and CC respectively for real data. The results of test indicate that these two algorithms are significantly different among them. More detailed comparisons of <italic>p</italic>-values between them are then performed. The results indicate that there are significant differences in the estimation of SSD and CC between the optical flow-based approach and proposed algorithm for synthetic data (<italic>p</italic>-values be &lt;0.0001 and &lt;0.0001 for SSD and CC, respectively). In addition to synthetic data, the results of tests for real data are also discussed. The results show that the proposed algorithm is significantly better than optical flow-based approach in SSD and CC estimation (<italic>p</italic>-values be &lt;0.0001 and &lt;0.0001 for SSD and CC, respectively). Accordingly, the proposed algorithm obtains promising performance in the evaluation of registration quality for both the synthetic and real data.</p>
</sec><sec id="s3d">
<title>3.4. Computational Cost</title>
<p>In addition, the computational cost is also considered to evaluate the efficiency of the proposed algorithm in this study. Image pairs are registered on a PC with an Intel Core 2 Duo E6300 processor and 1GB RAM. The results show that the proposed algorithm takes average 3.74±0.25 (mean ± standard deviation) seconds for image pairs acquired from <xref ref-type="fig" rid="pone-0066656-g003">Fig. 3</xref>, <xref ref-type="fig" rid="pone-0066656-g004">4</xref>, and <xref ref-type="fig" rid="pone-0066656-g005">5</xref>, whereas the optical flow-based approach takes average 5.08±0.21 seconds. It indicates that the proposed method is less time consuming in computational cost.</p>
</sec><sec id="s3e">
<title>Limitations of Present Study and Future Works</title>
<p>Although the proposed algorithm has less computational cost, it doesn’t achieve the performance in on-line applications. In future works, the algorithm will be modified to overcome it as much as possible. In addition, the algorithm will be also applied to other style image sequences, such as medical images and satellite/remote sensing images.</p>
</sec><sec id="s3f">
<title>Conclusion</title>
<p>In this study, we have presented an analytic registration algorithm for the applications of scenic images. The multi-scale concept is exploited to retain significant features and discard the noise by wavelet transform. An analytic approach is then proposed to achieve deformable and accurate registration. Finally, we refine registration accuracy to subpixel precision by the FLM method. It reduces the computational cost quite significantly due to its feature-based characteristic. It shows that this study is fairly valuable for equipping the consumers with a powerful tool in life applications.</p>
</sec></sec></body>
<back><ref-list>
<title>References</title>
<ref id="pone.0066656-Shi1"><label>1</label>
<mixed-citation publication-type="journal" xlink:type="simple"><name name-style="western"><surname>Shi</surname><given-names>F</given-names></name>, <name name-style="western"><surname>Yap</surname><given-names>PT</given-names></name>, <name name-style="western"><surname>Wu</surname><given-names>G</given-names></name>, <name name-style="western"><surname>Jia</surname><given-names>H</given-names></name>, <name name-style="western"><surname>Gilmore</surname><given-names>JH</given-names></name>, <etal>et al</etal>. (<year>2011</year>) <article-title>Infant Brain Atlases from Neonates to 1- and 2-Year-Olds</article-title>. <source>PLoS ONE</source> <volume>6</volume>: <fpage>e18746</fpage>.</mixed-citation>
</ref>
<ref id="pone.0066656-Caskey1"><label>2</label>
<mixed-citation publication-type="journal" xlink:type="simple"><name name-style="western"><surname>Caskey</surname><given-names>CF</given-names></name>, <name name-style="western"><surname>Hlawitschka</surname><given-names>M</given-names></name>, <name name-style="western"><surname>Qin</surname><given-names>S</given-names></name>, <name name-style="western"><surname>Mahakian</surname><given-names>LM</given-names></name>, <name name-style="western"><surname>Cardiff</surname><given-names>RD</given-names></name>, <etal>et al</etal>. (<year>2011</year>) <article-title>An Open Environment CT-US Fusion for Tissue Segmentation during Interventional Guidance</article-title>. <source>PLoS ONE</source> <volume>6</volume>: <fpage>e27372</fpage>.</mixed-citation>
</ref>
<ref id="pone.0066656-Viergever1"><label>3</label>
<mixed-citation publication-type="journal" xlink:type="simple"><name name-style="western"><surname>Viergever</surname><given-names>RF</given-names></name>, <name name-style="western"><surname>Ghersi</surname><given-names>D</given-names></name> (<year>2011</year>) <article-title>The Quality of Registration of Clinical Trials</article-title>. <source>PLoS ONE</source> <volume>6</volume>: <fpage>e14701</fpage>.</mixed-citation>
</ref>
<ref id="pone.0066656-Hsu1"><label>4</label>
<mixed-citation publication-type="journal" xlink:type="simple"><name name-style="western"><surname>Hsu</surname><given-names>WY</given-names></name> (<year>2012</year>) <article-title>Registration Accuracy and Quality of Real-Life Images</article-title>. <source>PLoS ONE</source> <volume>7</volume>: <fpage>e40558</fpage>.</mixed-citation>
</ref>
<ref id="pone.0066656-Sighoko1"><label>5</label>
<mixed-citation publication-type="journal" xlink:type="simple"><name name-style="western"><surname>Sighoko</surname><given-names>D</given-names></name>, <name name-style="western"><surname>Curado</surname><given-names>MP</given-names></name>, <name name-style="western"><surname>Bourgeois</surname><given-names>D</given-names></name>, <name name-style="western"><surname>Mendy</surname><given-names>M</given-names></name>, <name name-style="western"><surname>Hainaut</surname><given-names>P</given-names></name>, <etal>et al</etal>. (<year>2011</year>) <article-title>Increase in Female Liver Cancer in The Gambia, West Africa: Evidence from 19 Years of Population-Based Cancer Registration (1988–2006)</article-title>. <source>PLoS ONE</source> <volume>6</volume>: <fpage>e18415</fpage>.</mixed-citation>
</ref>
<ref id="pone.0066656-Ribes1"><label>6</label>
<mixed-citation publication-type="journal" xlink:type="simple"><name name-style="western"><surname>Ribes</surname><given-names>D</given-names></name>, <name name-style="western"><surname>Parafita</surname><given-names>J</given-names></name>, <name name-style="western"><surname>Charrier</surname><given-names>R</given-names></name>, <name name-style="western"><surname>Magara</surname><given-names>F</given-names></name>, <name name-style="western"><surname>Magistretti</surname><given-names>PJ</given-names></name>, <etal>et al</etal>. (<year>2010</year>) <article-title>JULIDE: A Software Tool for 3D Reconstruction and Statistical Analysis of Autoradiographic Mouse Brain Sections</article-title>. <source>PLoS ONE</source> <volume>5</volume>: <fpage>e14094</fpage>.</mixed-citation>
</ref>
<ref id="pone.0066656-Hsu2"><label>7</label>
<mixed-citation publication-type="journal" xlink:type="simple"><name name-style="western"><surname>Hsu</surname><given-names>WY</given-names></name> (<year>2012</year>) <article-title>Application of Competitive Hopfield Neural Network to Brain-Computer Interface Systems</article-title>. <source>International Journal of Neural Systems</source> <volume>22</volume>: <fpage>51</fpage>–<lpage>62</lpage>.</mixed-citation>
</ref>
<ref id="pone.0066656-Zuo1"><label>8</label>
<mixed-citation publication-type="journal" xlink:type="simple"><name name-style="western"><surname>Zuo</surname><given-names>XN</given-names></name>, <name name-style="western"><surname>Xing</surname><given-names>XX</given-names></name> (<year>2011</year>) <article-title>Effects of Non-Local Diffusion on Structural MRI Preprocessing and Default Network Mapping: Statistical Comparisons with Isotropic/Anisotropic Diffusion</article-title>. <source>PLoS ONE</source> <volume>6</volume>: <fpage>e26703</fpage>.</mixed-citation>
</ref>
<ref id="pone.0066656-Khalifa1"><label>9</label>
<mixed-citation publication-type="other" xlink:type="simple">Khalifa F, Beache GM, Gimel’farb G, Suri JS, El-Baz AS (2011) State-of-the-art medical images registration methodologies: A survey. In: El-Baz A, Acharya R, Mirmedhdi M, Suri J, editors. Multi modality state-of-the-art medical image segmentation and registration methodologies. Springer-Verlag, New York. 235–277.</mixed-citation>
</ref>
<ref id="pone.0066656-Hsu3"><label>10</label>
<mixed-citation publication-type="journal" xlink:type="simple"><name name-style="western"><surname>Hsu</surname><given-names>WY</given-names></name>, <name name-style="western"><surname>Poon</surname><given-names>WFP</given-names></name>, <name name-style="western"><surname>Sun</surname><given-names>YN</given-names></name> (<year>2008</year>) <article-title>Automatic seamless mosaicing of microscopic images: Enhancing appearance with color degradation compensation and wavelet-based blending</article-title>. <source>Journal of Microscopy</source> <volume>231</volume>: <fpage>408</fpage>–<lpage>418</lpage>.</mixed-citation>
</ref>
<ref id="pone.0066656-Mann1"><label>11</label>
<mixed-citation publication-type="journal" xlink:type="simple"><name name-style="western"><surname>Mann</surname><given-names>S</given-names></name>, <name name-style="western"><surname>Picard</surname><given-names>RW</given-names></name> (<year>1997</year>) <article-title>Video orbits of the projective group: a simple approach to featureless estimation of parameters. IEEE Trans</article-title>. <source>Image Processing</source> <volume>6</volume>: <fpage>1281</fpage>–<lpage>1295</lpage>.</mixed-citation>
</ref>
<ref id="pone.0066656-Hsu4"><label>12</label>
<mixed-citation publication-type="journal" xlink:type="simple"><name name-style="western"><surname>Hsu</surname><given-names>WY</given-names></name> (<year>2013</year>) <article-title>Single-trial motor imagery classification using asymmetry ratio, phase relation, wavelet-based fractal, and their selected combination</article-title>. <source>International Journal of Neural Systems</source> <volume>23</volume>: <fpage>1350007</fpage>.</mixed-citation>
</ref>
<ref id="pone.0066656-Alic1"><label>13</label>
<mixed-citation publication-type="journal" xlink:type="simple"><name name-style="western"><surname>Alic</surname><given-names>L</given-names></name>, <name name-style="western"><surname>Haeck</surname><given-names>JC</given-names></name>, <name name-style="western"><surname>Bol</surname><given-names>K</given-names></name>, <name name-style="western"><surname>Klein</surname><given-names>S</given-names></name>, <name name-style="western"><surname>Tiel</surname><given-names>ST</given-names></name>, <etal>et al</etal>. (<year>2011</year>) <article-title>Facilitating Tumor Functional Assessment by Spatially Relating 3D Tumor Histology and In Vivo MRI: Image Registration Approach</article-title>. <source>PLoS ONE</source> <volume>6</volume>: <fpage>e22835</fpage>.</mixed-citation>
</ref>
<ref id="pone.0066656-Hsu5"><label>14</label>
<mixed-citation publication-type="journal" xlink:type="simple"><name name-style="western"><surname>Hsu</surname><given-names>WY</given-names></name>, <name name-style="western"><surname>Li</surname><given-names>YC</given-names></name>, <name name-style="western"><surname>Hsu</surname><given-names>CY</given-names></name>, <name name-style="western"><surname>Liu</surname><given-names>CT</given-names></name>, <name name-style="western"><surname>Chiu</surname><given-names>HW</given-names></name> (<year>2012</year>) <article-title>Application of multiscale amplitude modulation features and FCM clustering to brain-computer interface</article-title>. <source>Clinical EEG and Neuroscience</source> <volume>43</volume>: <fpage>32</fpage>–<lpage>38</lpage>.</mixed-citation>
</ref>
<ref id="pone.0066656-Hsu6"><label>15</label>
<mixed-citation publication-type="journal" xlink:type="simple"><name name-style="western"><surname>Hsu</surname><given-names>WY</given-names></name> (<year>2011</year>) <article-title>Analytic differential approach for robust registration of rat brain histological images</article-title>. <source>Microscopy Research and Technique</source> <volume>74</volume>: <fpage>523</fpage>–<lpage>530</lpage>.</mixed-citation>
</ref>
<ref id="pone.0066656-Daubechies1"><label>16</label>
<mixed-citation publication-type="other" xlink:type="simple">Daubechies I (1992) Ten lectures on wavelets. CBMS-NSF Lecture Notes nr. 61, SIAM. 357 p.</mixed-citation>
</ref>
<ref id="pone.0066656-Chui1"><label>17</label>
<mixed-citation publication-type="journal" xlink:type="simple"><name name-style="western"><surname>Chui</surname><given-names>H</given-names></name>, <name name-style="western"><surname>Rangarajan</surname><given-names>A</given-names></name> (<year>2003</year>) <article-title>A new point matching algorithm for non-rigid registration</article-title>. <source>Computer Vision and Image Understanding</source> <volume>89</volume>: <fpage>114</fpage>–<lpage>141</lpage>.</mixed-citation>
</ref>
<ref id="pone.0066656-Hsu7"><label>18</label>
<mixed-citation publication-type="journal" xlink:type="simple"><name name-style="western"><surname>Hsu</surname><given-names>WY</given-names></name> (<year>2012</year>) <article-title>Enhanced active segment selection for single-trial EEG classification</article-title>. <source>Clinical EEG and Neuroscience</source> <volume>43</volume>: <fpage>87</fpage>–<lpage>96</lpage>.</mixed-citation>
</ref>
<ref id="pone.0066656-Heeger1"><label>19</label>
<mixed-citation publication-type="other" xlink:type="simple">Heeger DJ (1996) Notes on motion estimation. Psych 267/CS 348D/EE 365. 23 p.</mixed-citation>
</ref>
</ref-list></back>
</article>