<?xml version="1.0" encoding="UTF-8"?>
<!DOCTYPE article
  PUBLIC "-//NLM//DTD Journal Publishing DTD v3.0 20080202//EN" "http://dtd.nlm.nih.gov/publishing/3.0/journalpublishing3.dtd">
<article xmlns:mml="http://www.w3.org/1998/Math/MathML" xmlns:xlink="http://www.w3.org/1999/xlink" article-type="editorial" dtd-version="3.0" xml:lang="en">
<front>
<journal-meta>
<journal-id journal-id-type="nlm-ta">PLoS Med</journal-id>
<journal-id journal-id-type="publisher-id">plos</journal-id>
<journal-id journal-id-type="pmc">plosmed</journal-id>
<journal-title-group>
<journal-title>PLOS Medicine</journal-title>
</journal-title-group>
<issn pub-type="ppub">1549-1277</issn>
<issn pub-type="epub">1549-1676</issn>
<publisher>
<publisher-name>Public Library of Science</publisher-name>
<publisher-loc>San Francisco, CA USA</publisher-loc>
</publisher>
</journal-meta>
<article-meta>
<article-id pub-id-type="doi">10.1371/journal.pmed.1001832</article-id>
<article-id pub-id-type="publisher-id">PMEDICINE-D-15-01164</article-id>
<article-categories>
<subj-group subj-group-type="heading">
<subject>Editorial</subject>
</subj-group>
</article-categories>
<title-group>
<article-title>The Tobacco Endgame: Is It Possible?</article-title>
</title-group>
<contrib-group>
<contrib contrib-type="author" corresp="yes" xlink:type="simple">
<name name-style="western">
<surname>Novotny</surname>
<given-names>Thomas E.</given-names>
</name>
<xref rid="cor001" ref-type="corresp">*</xref>
<xref rid="aff001" ref-type="aff"/>
</contrib>
</contrib-group>
<aff id="aff001"><addr-line>Division of Epidemiology and Biostatistics, Graduate School of Public Health, San Diego State University, San Diego, California, United States</addr-line></aff>
<author-notes>
<fn fn-type="conflict" id="coi001">
<p>TEN is a Special US Government Employee as a voting member of the US Food and Drug Administration's Tobacco Product Scientific Advisory Committee. The opinions expressed in this guest editorial are solely those of the author and do not reflect any US government positions.</p>
</fn>
<fn fn-type="con" id="contrib001">
<p>Wrote the paper: TEN. Agrees with manuscript results and conclusions: TEN. TEN has read, and confirms that he meets, ICMJE criteria for authorship.</p>
</fn>
<corresp id="cor001">* E-mail: <email xlink:type="simple">tnovotny@mail.sdsu.edu</email></corresp>
</author-notes>
<pub-date pub-type="epub">
<day>29</day>
<month>5</month>
<year>2015</year>
</pub-date>
<pub-date pub-type="collection">
<month>5</month>
<year>2015</year>
</pub-date>
<volume>12</volume>
<issue>5</issue>
<elocation-id>e1001832</elocation-id>
<permissions>
<copyright-year>2015</copyright-year>
<copyright-holder>Thomas E. Novotny</copyright-holder>
<license xlink:href="http://creativecommons.org/licenses/by/4.0/" xlink:type="simple">
<license-p>This is an open access article distributed under the terms of the <ext-link ext-link-type="uri" xlink:href="http://creativecommons.org/licenses/by/4.0/" xlink:type="simple">Creative Commons Attribution License</ext-link>, which permits unrestricted use, distribution, and reproduction in any medium, provided the original author and source are credited</license-p>
</license>
</permissions>
<self-uri content-type="pdf" xlink:href="info:doi/10.1371/journal.pmed.1001832" xlink:type="simple"/>
<abstract abstract-type="toc">
<p>Reflecting on World No Tobacco Day 2015, Tom Novotny assesses the tobacco control landscape and considers how a tobacco endgame could be a reality.</p>
</abstract>
<funding-group>
<funding-statement>TEN was supported by the US National Cancer Institute of the US National Institutes of Health (<ext-link ext-link-type="uri" xlink:href="http://www.cancer.gov/" xlink:type="simple">http://www.cancer.gov/</ext-link>) under award number 2R01CA091021-10A1 and by University of California Office of the President's Tobacco-related Disease Research Program (<ext-link ext-link-type="uri" xlink:href="http://www.trdrp.org/" xlink:type="simple">http://www.trdrp.org/</ext-link>), under award number 21XT-0030. The funders had no role in study design, data collection and analysis, decision to publish, or preparation of the manuscript.</funding-statement>
</funding-group>
<counts>
<fig-count count="0"/>
<table-count count="0"/>
<page-count count="4"/>
</counts>
</article-meta>
</front>
<body>
<p>May 31 is World No Tobacco Day 2015. The day raises an interesting question: is a tobacco endgame possible? The answer, of course, is “it depends.” However, the event provides a reflective opportunity to see just where we are in the extraordinary global battle against the world’s most important preventable health risk. A great deal is in fact happening in pursuit of the endgame, and these efforts are becoming very interesting indeed.</p>
<p>As background, keep in mind these grim statistics: there are more than 1 billion smokers globally, tobacco kills about 6 million of them and their secondhand smoke (SHS)-exposed contacts a year, and, if unchecked, it will kill perhaps a billion people in the 21st century [<xref rid="pmed.1001832.ref001" ref-type="bibr">1</xref>]. Could the endgame possibly be near?</p>
<p>In 2012, Professor Ken Warner assembled a group of tobacco control experts in Ann Arbor, Michigan, to discuss this endgame dream and what it would take to make it a reality [<xref rid="pmed.1001832.ref002" ref-type="bibr">2</xref>]. The discussion was informed by two précis: that the status quo is unacceptable and that reducing smoking substantially will require something new, bold, and completely different from what is currently in place. In other words, what is being done at present, despite remarkable progress on many fronts, will not be enough to end the epidemic of tobacco-related diseases any time soon.</p>
<p>Now, however, rather than thinking only about “tobacco control,” which implies that humanity should settle for the tobacco epidemic being permanent in some populations or at least at some lower hazard level overall [<xref rid="pmed.1001832.ref003" ref-type="bibr">3</xref>], experts are discussing new strategies that are necessary to greatly reduce the global tobacco-related disease burden. These out-of-the box ideas include the following: removing the profit incentive from selling tobacco products by changing the ways in which the market is administered; reducing the level of addictive nicotine to nonaddicting levels in all tobacco products; addressing the supply side of tobacco use by imposing a “sinking lid” on the industry to gradually reduce quotas on sales and production of tobacco products, similar to proposed reductions on greenhouse gas production [<xref rid="pmed.1001832.ref004" ref-type="bibr">4</xref>]; establishing truly smoke-free generations by prohibiting possession of tobacco products by all persons born in 2000 or later; and the heretofore unthinkable abolition of tobacco product manufacture and sale.</p>
<p>At the same time, considerable global energy has developed around the world’s first multinational health treaty, implemented under the auspices of the World Health Organization (WHO): the Framework Convention on Tobacco Control (FCTC) [<xref rid="pmed.1001832.ref005" ref-type="bibr">5</xref>]. This treaty has been in force for ten years and calls for signatory countries (currently 180) to enact science-based interventions to reduce tobacco use through the six components of the WHO MPOWER tobacco control rubric [<xref rid="pmed.1001832.ref006" ref-type="bibr">6</xref>]:</p>
<list list-type="bullet">
<list-item><p><underline>M</underline>onitor tobacco use and prevention policies</p></list-item>
<list-item><p><underline>P</underline>rotect people from tobacco smoke</p></list-item>
<list-item><p><underline>O</underline>ffer help to quit tobacco use</p></list-item>
<list-item><p><underline>W</underline>arn about the dangers of tobacco</p></list-item>
<list-item><p><underline>E</underline>nforce bans on tobacco advertising, promotion, and sponsorship</p></list-item>
<list-item><p><underline>R</underline>aise taxes on tobacco</p></list-item>
</list>
<p>At the 15th World Conference on Tobacco or Health (WCTOH), held in Abu Dhabi, United Arab Emirates, in March 2015, more than a thousand delegates from around the globe celebrated individual, national, and global progress around MPOWER and the FCTC. Indeed, there was palpable pride in the accomplishments of many nations, but delegates were also reminded of how adaptable the tobacco industry is in working around these successes. Similar to how an infectious disease adapts to antimicrobial therapies with development of drug resistance, the multinational tobacco industry predictably finds new ways to circumvent restrictions and regulations on the use of its products. It is clear to tobacco control advocates that behavioral science is not enough to eliminate tobacco use; today’s tobacco control army needs to include economists, political scientists, toxicologists, trade experts, and environmentalists to fully respond to changing industry tactics. The industry is very good at its job, and thus, the tobacco control community needs to be even better at its job.</p>
<p>One promising yet heavily contested recent effort has been the imposition of plain packaging regulations along with large graphic health warnings on cigarette packages [<xref rid="pmed.1001832.ref007" ref-type="bibr">7</xref>]. Bold action using this policy has been taken by Australia, the United Kingdom, Ireland, France, and other countries and has been challenged with newly improvised legal tactics by the tobacco industry [<xref rid="pmed.1001832.ref008" ref-type="bibr">8</xref>]. Asserting violations of bilateral trade agreements and intellectual property rights protections under the World Trade Organization treaty obligations and bilateral trade agreements, actions have been brought by the multinational tobacco companies against Australia, which fended off the legal challenge in its Supreme Court, and against much smaller countries such as Uruguay. These small countries would likely incur huge legal costs to defend against a deep-pocketed industry intent on inhibiting them from using proven public health interventions to protect their citizens. This abhorrent behavior was answered at the WCTOH by the establishment of a legal defense fund courtesy of Michael Bloomberg and Bill Gates. Clearly, there is bold new thinking going on among some governments and public-spirited deep-pocketed entities [<xref rid="pmed.1001832.ref009" ref-type="bibr">9</xref>].</p>
<p>The supply side of the tobacco epidemic has until recently been almost ignored in tobacco control; MPOWER and the FCTC mainly address the demand side of tobacco control (however, smuggling and illegal trade are now part of a new FCTC protocol). Trade agreements are one of the more insidious avenues that may sustain the global supply side of tobacco use, and the Trans-Pacific Partnership (TPP) is a case in point. This massive trade agreement is now being negotiated by the United States, China, and other partners around the Pacific Rim but, until recently, with little input on public health concerns for liberalized tobacco trade [<xref rid="pmed.1001832.ref010" ref-type="bibr">10</xref>]. Following the lead of Malaysia, several negotiating parties now support the exclusion of tobacco trade from the agreement in order to assure the acceptability of public health interventions against tobacco use by participating nations [<xref rid="pmed.1001832.ref011" ref-type="bibr">11</xref>]. Opening unrestricted trade throughout the Pacific region to tobacco products would defeat decades of progress made by Asian countries and greatly benefit the multinational tobacco industry. However, tobacco is not like any other commercial product. When used as directed, it kills half its users, and moreover, it creates extraordinary health and social costs that will not be made up by profits generated by open trade in tobacco products under the TPP. Tobacco should be excluded from free trade agreements so that participating countries can enact health policies that protect their citizens from tobacco-related diseases.</p>
<p>Environmental concerns are another growing focus in global tobacco control. At the WCTOH, considerable attention focused on the plight of poor tobacco farmers around the globe, in particular on how they are subject to human rights abuses, pesticide exposures, and unfair commercial arrangements with buyers. In addition, renewed attention was raised on the environmental impacts of tobacco growing, with pesticide use, land degradation, and deforestation cited as concerns [<xref rid="pmed.1001832.ref012" ref-type="bibr">12</xref>]. New evidence has also been developed around the issue of “thirdhand smoke” (THS) exposure [<xref rid="pmed.1001832.ref013" ref-type="bibr">13</xref>], on the impact of tobacco product waste on the environment [<xref rid="pmed.1001832.ref014" ref-type="bibr">14</xref>], and on the possibility of developing an extended producer responsibility (EPR) framework to internalize the environmental costs of tobacco production and use back to the tobacco industry [<xref rid="pmed.1001832.ref015" ref-type="bibr">15</xref>]. EPR includes financial, physical, and informative responsibilities and, ultimately, liability for all environmental damages caused by tobacco production and use.</p>
<p>Turning the responsibility for the environmental consequences of tobacco away from communities and individuals and back onto the tobacco industry would further address the supply side of the tobacco epidemic. The entire life cycle of tobacco manufacture and use should be seen as a longitudinal environmental hazard that adversely impacts the natural environment, the lives of tobacco growers, the condition of human habitations and communities, and ultimately human health.</p>
<p>Finally, substantial progress is being made in tobacco regulatory policy and science. In the US, the Family Smoking Prevention and Tobacco Control Act was signed into law in 2009, at long last providing the US Food and Drug Administration (FDA) with authority to regulate tobacco products, their labeling, and the market entry of new or altered tobacco products [<xref rid="pmed.1001832.ref016" ref-type="bibr">16</xref>]. This legislation calls for using scientific evidence in the regulation of tobacco products in order to prevent false and misleading advertising and labeling, the entry of risky new products into the US market, and the use of inappropriate claims for harm reduction capabilities of new products. The FDA has partnered with the National Institutes of Health to fund an extensive network of 14 Tobacco Centers of Regulatory Science (TCORS) that will conduct important scientific research on regulatory-related issues and train a new generation of tobacco-control scientists [<xref rid="pmed.1001832.ref017" ref-type="bibr">17</xref>]. This scientific endeavor promises to be as interesting as the regulatory process itself.</p>
<p>Certainly, substantial progress has been made in tobacco control since the publication of the 1962 Royal College of Surgeons Report in the UK and the 1965 Report of the US Surgeon General on the Health Consequences of Smoking. However, tobacco-related diseases are a global pandemic, increasingly affecting poor countries where unfinished agendas in infectious diseases continue to wreak havoc. The United Nation’s 2015 Millennium Development Goals did not address tobacco use or the growing epidemics of noncommunicable diseases [<xref rid="pmed.1001832.ref018" ref-type="bibr">18</xref>]. Therefore, new global efforts are now needed in the post-2015 global health agenda to reduce the burden of these diseases, starting with those caused by tobacco. Tobacco control and the FCTC must be integrated into the proposed UN Sustainable Development Goals (SDGs), thereby mobilizing governments, scientists, and citizens to target the end of the tobacco epidemic. Cross-disciplinary work involving infectious diseases (HIV, tuberculosis [TB], and lower respiratory tract infections), maternal and child health, and environmental exposures must be linked to tobacco control efforts to ensure future progress in these areas as well. The endgame against tobacco will indeed demand something new, bold, and completely different from what has been done until now, and thus nothing should be off the table post 2015. With this in mind, let the endgames begin!</p>
</body>
<back>
<fn-group>
<fn id="fn001" fn-type="other">
<p><bold>Provenance:</bold> This is a Guest Editorial commissioned by the <italic>PLOS Medicine</italic> Editors; not externally peer reviewed</p>
</fn>
</fn-group>
<glossary>
<title>Abbreviations:</title>
<def-list>
<def-item><term>EPR</term>
<def><p>extended producer responsibility</p></def>
</def-item>
<def-item><term>FCTC</term>
<def><p>Framework Convention on Tobacco Control</p></def>
</def-item>
<def-item><term>FDA</term>
<def><p>Food and Drug Administration</p></def>
</def-item>
<def-item><term>SDGs</term>
<def><p>Sustainable Development Goals</p></def>
</def-item>
<def-item><term>SHS</term>
<def><p>secondhand smoke</p></def>
</def-item>
<def-item><term>TB</term>
<def><p>tuberculosis</p></def>
</def-item>
<def-item><term>TCORS</term>
<def><p>Tobacco Centers of Regulatory Science</p></def>
</def-item>
<def-item><term>THS</term>
<def><p>thirdhand smoke</p></def>
</def-item>
<def-item><term>TPP</term>
<def><p>Trans-Pacific Partnership</p></def>
</def-item>
<def-item><term>WCTOH</term>
<def><p>World Conference on Tobacco or Health</p></def>
</def-item>
<def-item><term>WHO</term>
<def><p>World Health Organization</p></def>
</def-item>
</def-list>
</glossary>
<ref-list>
<title>References</title>
<ref id="pmed.1001832.ref001"><label>1</label><mixed-citation publication-type="other" xlink:type="simple">World Health Organization. Fact sheet N°339, Updated May 2014. Retrieved April 11, 2015. <ext-link ext-link-type="uri" xlink:href="http://www.who.int/mediacentre/factsheets/fs339/en/" xlink:type="simple">http://www.who.int/mediacentre/factsheets/fs339/en/</ext-link></mixed-citation></ref>
<ref id="pmed.1001832.ref002"><label>2</label><mixed-citation publication-type="journal" xlink:type="simple"><name name-style="western"><surname>Warner</surname> <given-names>KE</given-names></name>. <article-title>An endgame for tobacco?</article-title> <source>Tob Control</source> <year>2013</year>;<volume>22</volume>(<issue>Supp 1</issue>):<fpage>i3</fpage>–<lpage>i5</lpage></mixed-citation></ref>
<ref id="pmed.1001832.ref003"><label>3</label><mixed-citation publication-type="journal" xlink:type="simple"><name name-style="western"><surname>Smith</surname> <given-names>EA</given-names></name>. <article-title>Questions for a tobacco-free future</article-title>. <source>Tob Control</source> <year>2013</year>;<volume>22</volume> (<issue>Supp 1</issue>):<fpage>i1</fpage>–<lpage>i2</lpage>.</mixed-citation></ref>
<ref id="pmed.1001832.ref004"><label>4</label><mixed-citation publication-type="journal" xlink:type="simple"><name name-style="western"><surname>Wilson</surname> <given-names>N</given-names></name>, <name name-style="western"><surname>Thomson</surname> <given-names>GW</given-names></name>, <name name-style="western"><surname>Edwards</surname> <given-names>R</given-names></name>, <name name-style="western"><surname>Blakely</surname> <given-names>T</given-names></name>. <article-title>Potential advantages and disadvantages of an endgame strategy: a ‘sinking lid’ on tobacco supply</article-title>. <source>Tob Control</source> <year>2013</year>;<volume>22</volume>:<fpage>i18</fpage>–<lpage>i21</lpage>. <comment>doi: <ext-link ext-link-type="uri" xlink:href="http://dx.doi.org/10.1136/tobaccocontrol-2012-050791" xlink:type="simple">10.1136/tobaccocontrol-2012-050791</ext-link></comment> <object-id pub-id-type="pmid">23591499</object-id></mixed-citation></ref>
<ref id="pmed.1001832.ref005"><label>5</label><mixed-citation publication-type="journal" xlink:type="simple"><name name-style="western"><surname>Nikogosian</surname> <given-names>H</given-names></name>, <name name-style="western"><surname>da Costa e Silva</surname> <given-names>VL</given-names></name>. <article-title>WHO’s first global health treaty: 10 years in force</article-title>. <source>Bull World Health Organ</source> <year>2015</year>;<volume>93</volume>:<fpage>211</fpage>.</mixed-citation></ref>
<ref id="pmed.1001832.ref006"><label>6</label><mixed-citation publication-type="other" xlink:type="simple">World Health Organization. Tobacco Free Initiative. mPOWER. Retrieved April 11, 2015. <ext-link ext-link-type="uri" xlink:href="http://www.who.int/tobacco/mpower/en/" xlink:type="simple">http://www.who.int/tobacco/mpower/en/</ext-link></mixed-citation></ref>
<ref id="pmed.1001832.ref007"><label>7</label><mixed-citation publication-type="book" xlink:type="simple"><name name-style="western"><surname>Moodie</surname> <given-names>C</given-names></name>, <name name-style="western"><surname>Stead</surname> <given-names>M</given-names></name>, <name name-style="western"><surname>Bauld</surname> <given-names>L</given-names></name>, <name name-style="western"><surname>McNeill</surname> <given-names>A</given-names></name>, <name name-style="western"><surname>Angus</surname> <given-names>K</given-names></name>, <name name-style="western"><surname>Hinds</surname> <given-names>K</given-names></name>, <name name-style="western"><surname>Kwan</surname> <given-names>I</given-names></name>, <name name-style="western"><surname>Thomas</surname> <given-names>J</given-names></name>, <name name-style="western"><surname>Hastings</surname> <given-names>G</given-names></name>, <name name-style="western"><surname>O’Mara-Eves</surname> <given-names>A</given-names></name>. <chapter-title>Plain tobacco packaging: a systematic review</chapter-title>. <year>2012</year>, <publisher-loc>London</publisher-loc>: <publisher-name>Public Health Research Consortium</publisher-name>. Retrieved April 11, 2015. <ext-link ext-link-type="uri" xlink:href="http://eppi.ioe.ac.uk/cms/Default.aspx?tabid=3327" xlink:type="simple">http://eppi.ioe.ac.uk/cms/Default.aspx?tabid=3327</ext-link></mixed-citation></ref>
<ref id="pmed.1001832.ref008"><label>8</label><mixed-citation publication-type="journal" xlink:type="simple"><name name-style="western"><surname>Chapman</surname> <given-names>S</given-names></name>. <article-title>Legal action by Big Tobacco against the Australian government's plain packaging law</article-title>. <source>Tob Control</source> <year>2012</year>;<volume>21</volume>:<fpage>80</fpage>–<lpage>81</lpage>. <comment>doi: <ext-link ext-link-type="uri" xlink:href="http://dx.doi.org/10.1136/tobaccocontrol-2011-050370" xlink:type="simple">10.1136/tobaccocontrol-2011-050370</ext-link></comment> <object-id pub-id-type="pmid">22345226</object-id></mixed-citation></ref>
<ref id="pmed.1001832.ref009"><label>9</label><mixed-citation publication-type="other" xlink:type="simple">Tegel S. Gates and Bloomberg set up global anti-tobacco legal defense fund. <italic>Global Post</italic> March 21, 2015. Retrieved April 11, 2015. <ext-link ext-link-type="uri" xlink:href="http://www.globalpost.com/dispatch/news/health/150320/gates-bloomberg-anti-tobacco-fund" xlink:type="simple">http://www.globalpost.com/dispatch/news/health/150320/gates-bloomberg-anti-tobacco-fund</ext-link></mixed-citation></ref>
<ref id="pmed.1001832.ref010"><label>10</label><mixed-citation publication-type="other" xlink:type="simple">The Editorial Board. The Hazard of Free-Trade Tobacco. New York Times, August 31, 2013. Retrieved April 16, 2015. <ext-link ext-link-type="uri" xlink:href="http://www.nytimes.com/2013/09/01/opinion/sunday/the-hazard-of-free-trade-tobacco.html?_r=0" xlink:type="simple">http://www.nytimes.com/2013/09/01/opinion/sunday/the-hazard-of-free-trade-tobacco.html?_r=0</ext-link></mixed-citation></ref>
<ref id="pmed.1001832.ref011"><label>11</label><mixed-citation publication-type="other" xlink:type="simple">Framework Convention Alliance. Will Malaysia’s tobacco ‘carve out’ be adopted in Pacific trade deal? Retrieved April 16, 2015. <ext-link ext-link-type="uri" xlink:href="http://www.fctc.org/media-and-publications/fact-sheets/industry-interference/1096-will-malaysia-s-tobacco-carve-out-carry-in-pacific-trade-deal" xlink:type="simple">http://www.fctc.org/media-and-publications/fact-sheets/industry-interference/1096-will-malaysia-s-tobacco-carve-out-carry-in-pacific-trade-deal</ext-link></mixed-citation></ref>
<ref id="pmed.1001832.ref012"><label>12</label><mixed-citation publication-type="book" xlink:type="simple"><name name-style="western"><surname>Leppan</surname> <given-names>W</given-names></name>, <name name-style="western"><surname>Lecours</surname> <given-names>N</given-names></name>, <name name-style="western"><surname>Buckles</surname> <given-names>D</given-names></name>. <chapter-title>Tobacco Control and Tobacco Framing-Separating Myth from Reality</chapter-title>. <publisher-loc>London</publisher-loc>: <publisher-name>Anthem Press</publisher-name>, <year>2014</year>.</mixed-citation></ref>
<ref id="pmed.1001832.ref013"><label>13</label><mixed-citation publication-type="journal" xlink:type="simple"><name name-style="western"><surname>Matt</surname> <given-names>GE</given-names></name> <etal>et al</etal>., <article-title>Review: Thirdhand Tobacco Smoke: Emerging Evidence and Arguments for a Multidisciplinary Research Agenda</article-title>, 119(9) <source>Envtl Health Pers</source>.<year>2011</year>;<volume>119</volume>(<issue>9</issue>):<fpage>1218</fpage>–<lpage>1226</lpage>, Retrieved April 11, 2015. <ext-link ext-link-type="uri" xlink:href="http://www.ncbi.nlm.nih.gov/pmc/articles/PMC3230406/" xlink:type="simple">http://www.ncbi.nlm.nih.gov/pmc/articles/PMC3230406/</ext-link>. <comment>doi: <ext-link ext-link-type="uri" xlink:href="http://dx.doi.org/10.1289/ehp.1103500" xlink:type="simple">10.1289/ehp.1103500</ext-link></comment> <object-id pub-id-type="pmid">21628107</object-id></mixed-citation></ref>
<ref id="pmed.1001832.ref014"><label>14</label><mixed-citation publication-type="journal" xlink:type="simple"><name name-style="western"><surname>Novotny</surname> <given-names>TE</given-names></name>, <name name-style="western"><surname>Slaughter</surname> <given-names>E</given-names></name>. <article-title>Tobacco Product Waste: An Environmental Approach to Reduce Tobacco Consumption</article-title>. <source>Curr Envir Health Rep</source> <year>2014</year>;<volume>1</volume>(<issue>3</issue>):<fpage>208</fpage>–<lpage>216</lpage>.</mixed-citation></ref>
<ref id="pmed.1001832.ref015"><label>15</label><mixed-citation publication-type="journal" xlink:type="simple"><name name-style="western"><surname>Curtis</surname> <given-names>C</given-names></name>, <name name-style="western"><surname>Collins</surname> <given-names>S</given-names></name>, <name name-style="western"><surname>Cunningham</surname> <given-names>S</given-names></name>, <name name-style="western"><surname>Stigler</surname> <given-names>P</given-names></name> and <name name-style="western"><surname>Novotny</surname> <given-names>TE</given-names></name> (2014) <article-title>Extended Producer Responsibility and Product Stewardship for Tobacco Product Waste</article-title>. <source>Int J Waste Resources</source> <year>2014</year>;<volume>4</volume>:<fpage>157</fpage>.</mixed-citation></ref>
<ref id="pmed.1001832.ref016"><label>16</label><mixed-citation publication-type="other" xlink:type="simple">US Food and Drug Administration. Overview of the Family Smoking Prevention and Tobacco Control Act: Consumer Fact Sheet. Retrieved April 11, 2015. <ext-link ext-link-type="uri" xlink:href="http://www.fda.gov/tobaccoproducts/guidancecomplianceregulatoryinformation/ucm246129.htm" xlink:type="simple">http://www.fda.gov/tobaccoproducts/guidancecomplianceregulatoryinformation/ucm246129.htm</ext-link></mixed-citation></ref>
<ref id="pmed.1001832.ref017"><label>17</label><mixed-citation publication-type="other" xlink:type="simple">US Food and Drug Administration. Tobacco Centers of Regulatory Science (TCORS). Retrieved April 11, 2015. <ext-link ext-link-type="uri" xlink:href="http://www.fda.gov/TobaccoProducts/PublicHealthScienceResearch/ucm369005.htm" xlink:type="simple">http://www.fda.gov/TobaccoProducts/PublicHealthScienceResearch/ucm369005.htm</ext-link></mixed-citation></ref>
<ref id="pmed.1001832.ref018"><label>18</label><mixed-citation publication-type="journal" xlink:type="simple"><name name-style="western"><surname>Alleyne</surname> <given-names>G</given-names></name>, <name name-style="western"><surname>Binagwaho</surname> <given-names>A</given-names></name>, <name name-style="western"><surname>Haines</surname> <given-names>A</given-names></name>, <name name-style="western"><surname>Jahan</surname> <given-names>S</given-names></name>, <name name-style="western"><surname>Nugent</surname> <given-names>R</given-names></name>, <name name-style="western"><surname>Rojhani</surname> <given-names>A</given-names></name>, <name name-style="western"><surname>Stuckler</surname> <given-names>D</given-names></name>; <collab xlink:type="simple">Lancet NCD Action Group</collab>. <article-title>Embedding non-communicable diseases in the post-2015 development agenda</article-title>. <source>Lancet</source> <year>2013</year>;<volume>381</volume>(<issue>9866</issue>):<fpage>566</fpage>–<lpage>74</lpage>. <comment>doi: <ext-link ext-link-type="uri" xlink:href="http://dx.doi.org/10.1016/S0140-6736(12)61806-6" xlink:type="simple">10.1016/S0140-6736(12)61806-6</ext-link></comment> <object-id pub-id-type="pmid">23410606</object-id></mixed-citation></ref>
</ref-list>
</back>
</article>