<?xml version="1.0" encoding="UTF-8"?>
<!DOCTYPE article
  PUBLIC "-//NLM//DTD Journal Publishing DTD v3.0 20080202//EN" "http://dtd.nlm.nih.gov/publishing/3.0/journalpublishing3.dtd">
<article xmlns:mml="http://www.w3.org/1998/Math/MathML" xmlns:xlink="http://www.w3.org/1999/xlink" article-type="discussion" dtd-version="3.0" xml:lang="EN">
  <front>
    <journal-meta><journal-id journal-id-type="publisher-id">plos</journal-id><journal-id journal-id-type="publisher">pmed</journal-id><journal-id journal-id-type="nlm-ta">PLoS Med</journal-id><journal-id journal-id-type="pmc">plosmed</journal-id><!--===== Grouping journal title elements =====--><journal-title-group><journal-title>PLoS Medicine</journal-title></journal-title-group><issn pub-type="epub">1549-1676</issn><issn pub-type="ppub">1549-1277</issn><publisher>
        <publisher-name>Public Library of Science</publisher-name>
        <publisher-loc>San Francisco, USA</publisher-loc>
      </publisher></journal-meta>
    <article-meta><article-id pub-id-type="doi">10.1371/journal.pmed.0010035</article-id><article-categories>
        <subj-group subj-group-type="heading">
          <subject>Essay</subject>
        </subj-group>
        <subj-group subj-group-type="Discipline">
          <subject>Science Policy</subject>
        </subj-group>
        <subj-group subj-group-type="System Taxonomy">
          <subject>Systematic reviews and meta-analyses</subject>
          <subject>Evidence Based Practice</subject>
          <subject>Clinical research</subject>
          <subject>Health services research</subject>
        </subj-group>
      </article-categories><title-group><article-title>Doing New Research? Don't Forget the Old</article-title><alt-title alt-title-type="running-head">Essay</alt-title></title-group><contrib-group>
        <contrib contrib-type="author" xlink:type="simple">
          <name name-style="western">
            <surname>Clarke</surname>
            <given-names>Mike</given-names>
          </name>
        </contrib>
      </contrib-group><author-notes>
        <fn fn-type="current-aff" id="n1">
          <p>Mike Clarke is director of the United Kingdom Cochrane Centre, Oxford, United Kingdom. E-mail: <email xlink:type="simple">mclarke@cochrane.co.uk</email></p>
        </fn>
      <fn fn-type="conflict" id="n2">
        <p> The author's employment depends upon the value and importance given to systematic reviews. He is employed by the Milton Keynes Primary Care Trust on behalf of the Department of Health in England, as director of the UK Cochrane Centre for four days per week. This is a fixed term contract, the renewal of which is dependent upon the value placed upon his work, that of the UK Cochrane Centre (and more widely, of The Cochrane Collaboration) by the Department of Health, all of which relates to the importance of systematic reviews. He is also employed by Cancer Research UK to work one day per week at the Clinical Trial Service Unit, University of Oxford, United Kingdom, primarily on systematic reviews of treatments for early breast cancer.</p>
      </fn></author-notes><pub-date pub-type="ppub">
        <month>11</month>
        <year>2004</year>
      </pub-date><pub-date pub-type="epub">
        <day>30</day>
        <month>11</month>
        <year>2004</year>
      </pub-date><volume>1</volume><issue>2</issue><elocation-id>e35</elocation-id><!--===== Grouping copyright info into permissions =====--><permissions><copyright-year>2004</copyright-year><copyright-holder>Mike Clarke</copyright-holder><license><license-p>This is an open-access article distributed under the terms of the Creative Commons Attribution License, which permits unrestricted use, distribution, and reproduction in any medium, provided the original work is properly cited.</license-p></license></permissions><abstract abstract-type="toc">
        <p>Nobody should do a new research study, says Clarke, without first systematically reviewing the literature. And journal editors should insist that all research papers are accompanied by an up-to-date systematic review.</p>
      </abstract></article-meta>
  </front>
  <body>
    <sec id="s1">
      <title/>
      <p>On May 2, 1898, George Gould used his address to the founding meeting of the Association of Medical Librarians in Philadelphia to present a vision of the future of health information. ‘I look forward,’ he said, ‘to such an organisation of the literary records of medicine that a puzzled worker in any part of the civilised world shall in an hour be able to gain a knowledge pertaining to a subject of the experience of every other man in the world’ [<xref ref-type="bibr" rid="pmed-0010035-b1">1</xref>]. Has his vision been realised?</p>
    </sec>
    <sec id="s2">
      <title>Information Overload</title>
      <p>In these early years of the 21st century, with tens of thousands, if not hundreds of thousands, of new research articles being published every year, people who need to make decisions about health care are much more overwhelmed with information than they were in 1898. Some of this information is of good quality, but some of it is not. Thus, anyone wishing to use the health literature to make well-informed decisions must both identify the relevant research from amidst this vast amount of information and then appraise it. This is an impossible task for many. Even though making access to the literature easier and cheaper will increase the ability of people to find research, it will also reveal just how much information there is out there and how daunting is the task of making sense of it.</p>
      <p>You can get a good idea of the size of the task—and of how electronic publishing and the Internet have transformed the situation—by imagining the following four steps. How long would it take to find articles in your area of interest by paging through back copies of a relevant journal? What about by using its index? Now imagine finding articles of interest to you by going to the Internet and searching PubMed (<ext-link ext-link-type="uri" xlink:href="http://www.ncbi.nlm.nih.gov/PubMed" xlink:type="simple">www.ncbi.nlm.nih.gov/PubMed</ext-link>). What about if you searched the whole of the Internet with one or more search engines? Almost certainly, as the speed of the search increased through these four approaches, so would the number of articles retrieved—and also the time that it would take to read through them, appraise them, and decide if they were relevant to whatever decision you were trying to make.<xref ref-type="fig" rid="pmed-0010035-g001"/></p>
      <fig id="pmed-0010035-g001" position="float">
        <object-id pub-id-type="doi">10.1371/journal.pmed.0010035.g001</object-id>
        <caption>
          <title>Doctors are overloaded with information, much of it irrelevant to their practice</title>
          <p>(Illustration: Rusty Howson, sososo design)</p>
        </caption>
        <graphic mimetype="image" position="float" xlink:href="info:doi/10.1371/journal.pmed.0010035.g001" xlink:type="simple"/>
      </fig>
      <p>Should you just take a shortcut by relying on a single study in a high-profile journal? No. Sampling in this way might lead you to research whose findings are the most striking or atypical, but you would miss similar research that was ‘less fortunate’ with its results. However good the conduct of a piece of research, chance effects mean that some studies will produce an overestimate and some an underestimate of the true effects, but the easy-to-find literature is likely to be dominated by the former [<xref ref-type="bibr" rid="pmed-0010035-b2">2</xref>]. In addition, using a sample rather than the whole body of relevant research will have less statistical and evidential power to answer the question of interest.</p>
    </sec>
    <sec id="s3">
      <title>The Value of Systematic Reviews</title>
      <p>Systematic reviews provide a means to minimise these problems. In systematic reviews, the methods to be followed are stated and an attempt is made to identify, appraise, and where appropriate, statistically combine, all relevant research. In fact, a decade before George Gould's address, Lord Rayleigh, at the meeting of the British Association for the Advancement of Science in Montreal, had described such a process for scientific research in general.</p>
      <p>‘If, as is sometimes supposed,’ he said, ‘science consisted in nothing but the laborious accumulation of facts, it would soon come to a standstill, crushed, as it were, under its own weight. The suggestion of a new idea, or the detection of a law, supersedes much that has previously been a burden on the memory, and by introducing order and coherence facilitates the retention of the remainder in an available form. Two processes are thus at work side by side, the reception of new material and the digestion and assimilation of the old. One remark, however, should be made. The work which deserves, but I am afraid does not always receive, the most credit is that in which discovery and explanation go hand in hand, in which not only are new facts presented, but their relation to old ones is pointed out’ [<xref ref-type="bibr" rid="pmed-0010035-b3">3</xref>].</p>
    </sec>
    <sec id="s4">
      <title>Relating the New to the Old</title>
      <p>If today's health researchers discussed their findings in the context of relevant, already-existing research, many of the problems of information overload would be eased. You would only need to find the most recent report of a relevant study; its discussion section would place that study within the context of an updated systematic review. This was suggested by the original CONSORT statement on the reporting of randomised trials in 1996 [<xref ref-type="bibr" rid="pmed-0010035-b4">4</xref>]. However, studies of five of the major general medical journals (<italic>Annals of Internal Medicine, BMJ, Lancet, JAMA,</italic> and the <italic>New England Journal of Medicine</italic>) in 1997 and 2001 found that this was not the case, at least for these journals. Only two of more than 50 reports of randomised trials in these journals in May of those two years included an updated systematic review [<xref ref-type="bibr" rid="pmed-0010035-b5">5</xref>,<xref ref-type="bibr" rid="pmed-0010035-b6">6</xref>].</p>
      <p>Including an updated systematic review along with a report of a randomised trial (or any other piece of research) might seem too much to expect of researchers, who might not feel able or willing to do the additional work required. However, the absence of a review should raise the question: on what did the researchers base the design of their new study? To embark on a new study without first systematically reviewing what has been done before is to risk doing research for which the answer is already known. It would also mean that the researchers had denied themselves the opportunity to learn from the successes and failures of others when designing their own study. In addition, researchers have a responsibility to the participants in their research to make sure that the study is of the most appropriate design possible. To help make sure that this is the case, when designing a new study researchers should ensure that they have been adequately informed about what research has been done previously. <xref ref-type="boxed-text" rid="box1">Box 1</xref> lists practical suggestions to researchers for making sure that their new study builds on prior knowledge.</p>
      <boxed-text id="box1" position="float">
        <sec>
          <title>Box 1. Practical Suggestions for Researchers</title>
          <p>
					<list list-type="bullet"><list-item><p>Conduct a systematic review of your research question before embarking on a new study, or identify a relevant review done by someone else.</p></list-item><list-item><p>Design your study to take account of the relevant successes and failures of the prior studies, and of the evidence within them.</p></list-item><list-item><p>Discuss the findings of your study in the context of an updated systematic review of relevant research.</p></list-item><list-item><p>Publish the systematic review within, alongside, or shortly after the report of your study.</p></list-item><list-item><p>Provide information from your study to others doing systematic reviews of similar topics.</p></list-item></list>
				</p>
        </sec>
      </boxed-text>
      <p>It might even be the case that the researchers are able to draw on the work of others, who already have done a systematic review of the relevant topic. Over the last decade, The Cochrane Collaboration (<xref ref-type="boxed-text" rid="box2">Box 2</xref>) has produced more than 2,000 Cochrane systematic reviews (<ext-link ext-link-type="uri" xlink:href="http://www.cochrane.org" xlink:type="simple">www.cochrane.org</ext-link>) [<xref ref-type="bibr" rid="pmed-0010035-b7">7</xref>]. There are thousands more reviews scattered throughout the literature (<ext-link ext-link-type="uri" xlink:href="http://www.york.ac.uk/inst/crd/darefaq.htm" xlink:type="simple">www.york.ac.uk/inst/crd/darefaq.htm</ext-link>). And with the ability to publish longer versions of articles on the Internet than are practical in print, concerns about article length should no longer be a barrier to the inclusion of a systematic review.</p>
      <boxed-text id="box2" position="float">
        <sec>
          <title>Box 2. The Cochrane Collaboration</title>
          <p>The Cochrane Collaboration (<ext-link ext-link-type="uri" xlink:href="http://www.cochrane.org" xlink:type="simple">www.cochrane.org</ext-link>) is an international, nonprofit, and independent organisation dedicated to helping people make well-informed decisions about health care by preparing, maintaining, and promoting the accessibility of systematic reviews. These reviews are published electronically in The Cochrane Library, which is available on the Internet and CD-ROM. The Cochrane Collaboration was established in 1993 and is named after the British epidemiologist, Archie Cochrane.</p>
        </sec>
      </boxed-text>
    </sec>
    <sec id="s5">
      <title>Updating Gould's Vision</title>
      <p>As we progress through the 21st century, and health care information continues to become ever more plentiful, there are tremendous opportunities to make knowledge about health care more accessible. However, for this to happen without overwhelming the people who are trying to make health care decisions—for themselves or for someone else—the need for new research to be designed and reported using systematic reviews becomes ever more pressing.</p>
      <p>Returning to George Gould's vision, but bringing it into the modern era, I hope for a system in which everyone making a decision about health care in any part of the world would be able, in 15 minutes, to obtain up-to-date, reliable evidence of the effects of interventions they might choose, based on all the relevant research. Journals, especially new ones such as <italic>PLoS Medicine</italic>, will help achieve this by only publishing a report of a new research study under the following conditions. First, the researchers must justify their study on the basis of a previous systematic review. Second, the journal should publish an updated systematic review (which incorporates the new study) within the new study, alongside it, or shortly thereafter.</p>
    </sec>
  </body>
  <back>
    <ack>
      <p>I am grateful to Ian Ford for his helpful comments, which improved this essay. The views expressed in this article are those of the author and are not necessarily those of The Cochrane Collaboration.</p>
    </ack>
    <ref-list>
      <title>References</title>
      <ref id="pmed-0010035-b1">
        <label>1</label>
        <nlm-citation publication-type="journal" xlink:type="simple">
          <person-group person-group-type="author">
            <name name-style="western">
              <surname>Gould</surname>
              <given-names>GM</given-names>
            </name>
          </person-group>
          <article-title>The work of an association of medical librarians.</article-title>
          <source>J Med Libr Assoc</source>
          <year>1898</year>
          <volume>1</volume>
          <fpage>15</fpage>
          <lpage>19</lpage>
        </nlm-citation>
      </ref>
      <ref id="pmed-0010035-b2">
        <label>2</label>
        <nlm-citation publication-type="journal" xlink:type="simple">
          <person-group person-group-type="author">
            <name name-style="western">
              <surname>Counsell</surname>
              <given-names>CE</given-names>
            </name>
            <name name-style="western">
              <surname>Clarke</surname>
              <given-names>MJ</given-names>
            </name>
            <name name-style="western">
              <surname>Slattery</surname>
              <given-names>J</given-names>
            </name>
            <name name-style="western">
              <surname>Sandercock</surname>
              <given-names>PAG</given-names>
            </name>
          </person-group>
          <article-title>The miracle of DICE therapy for acute stroke: Fact or fictional product of subgroup analysis?</article-title>
          <source>BMJ</source>
          <year>1994</year>
          <volume>309</volume>
          <fpage>1677</fpage>
          <lpage>1681</lpage>
        </nlm-citation>
      </ref>
      <ref id="pmed-0010035-b3">
        <label>3</label>
        <nlm-citation publication-type="journal" xlink:type="simple">
          <person-group person-group-type="author">
            <name name-style="western">
              <surname>Lord</surname>
              <given-names>Rayleigh</given-names>
            </name>
          </person-group>
          <article-title>Address by the Rt. Hon. Lord Rayleigh.</article-title>
          <source>Report of the fifty-fourth meeting of the British Association for the Advancement of Science; held at Montreal in August and September 1884</source>
          <year>1885</year>
          <publisher-loc>London</publisher-loc>
          <publisher-name>John Murray</publisher-name>
          <fpage>3</fpage>
          <lpage>23</lpage>
        </nlm-citation>
      </ref>
      <ref id="pmed-0010035-b4">
        <label>4</label>
        <nlm-citation publication-type="journal" xlink:type="simple">
          <person-group person-group-type="author">
            <name name-style="western">
              <surname>Begg</surname>
              <given-names>C</given-names>
            </name>
            <name name-style="western">
              <surname>Cho</surname>
              <given-names>M</given-names>
            </name>
            <name name-style="western">
              <surname>Eastwood</surname>
              <given-names>S</given-names>
            </name>
            <name name-style="western">
              <surname>Horton</surname>
              <given-names>R</given-names>
            </name>
            <name name-style="western">
              <surname>Moher</surname>
              <given-names>D</given-names>
            </name>
            <etal/>
          </person-group>
          <article-title>Improving the quality of reporting of randomized controlled trials. The CONSORT statement.</article-title>
          <source>JAMA</source>
          <year>1996</year>
          <volume>276</volume>
          <fpage>637</fpage>
          <lpage>639</lpage>
        </nlm-citation>
      </ref>
      <ref id="pmed-0010035-b5">
        <label>5</label>
        <nlm-citation publication-type="journal" xlink:type="simple">
          <person-group person-group-type="author">
            <name name-style="western">
              <surname>Clarke</surname>
              <given-names>M</given-names>
            </name>
            <name name-style="western">
              <surname>Chalmers</surname>
              <given-names>I</given-names>
            </name>
          </person-group>
          <article-title>Discussion sections in reports of controlled trials published in five general medical journals: Islands in search of continents?</article-title>
          <source>JAMA</source>
          <year>1998</year>
          <volume>280</volume>
          <fpage>280</fpage>
          <lpage>282</lpage>
        </nlm-citation>
      </ref>
      <ref id="pmed-0010035-b6">
        <label>6</label>
        <nlm-citation publication-type="journal" xlink:type="simple">
          <person-group person-group-type="author">
            <name name-style="western">
              <surname>Clarke</surname>
              <given-names>M</given-names>
            </name>
            <name name-style="western">
              <surname>Alderson</surname>
              <given-names>P</given-names>
            </name>
            <name name-style="western">
              <surname>Chalmers</surname>
              <given-names>I</given-names>
            </name>
          </person-group>
          <article-title>Discussion sections in reports of controlled trials published in general medical journals.</article-title>
          <source>JAMA</source>
          <year>2002</year>
          <volume>287</volume>
          <fpage>2799</fpage>
          <lpage>2801</lpage>
        </nlm-citation>
      </ref>
      <ref id="pmed-0010035-b7">
        <label>7</label>
        <nlm-citation publication-type="journal" xlink:type="simple">
          <person-group person-group-type="author">
            <name name-style="western">
              <surname>Dickersin</surname>
              <given-names>K</given-names>
            </name>
            <name name-style="western">
              <surname>Manheimer</surname>
              <given-names>E</given-names>
            </name>
          </person-group>
          <article-title>The Cochrane Collaboration: Evaluation of health care and services using systematic reviews of the results of randomized controlled trials.</article-title>
          <source>Clin Obstet Gynecol</source>
          <year>1998</year>
          <volume>41</volume>
          <fpage>315</fpage>
          <lpage>331</lpage>
        </nlm-citation>
      </ref>
    </ref-list>
    
  </back>
</article>