<?xml version="1.0" encoding="UTF-8"?>
<!DOCTYPE article
  PUBLIC "-//NLM//DTD Journal Publishing DTD v3.0 20080202//EN" "http://dtd.nlm.nih.gov/publishing/3.0/journalpublishing3.dtd">
<article xmlns:mml="http://www.w3.org/1998/Math/MathML" xmlns:xlink="http://www.w3.org/1999/xlink" article-type="research-article" dtd-version="3.0" xml:lang="EN">
<front>
<journal-meta><journal-id journal-id-type="nlm-ta">PLoS ONE</journal-id><journal-id journal-id-type="publisher-id">plos</journal-id><journal-id journal-id-type="pmc">plosone</journal-id><!--===== Grouping journal title elements =====--><journal-title-group><journal-title>PLoS ONE</journal-title></journal-title-group><issn pub-type="epub">1932-6203</issn><publisher>
<publisher-name>Public Library of Science</publisher-name>
<publisher-loc>San Francisco, USA</publisher-loc></publisher></journal-meta>
<article-meta><article-id pub-id-type="publisher-id">10-PONE-RA-16046</article-id><article-id pub-id-type="doi">10.1371/journal.pone.0010059</article-id><article-categories><subj-group subj-group-type="heading"><subject>Research Article</subject></subj-group><subj-group subj-group-type="Discipline"><subject>Ecology</subject><subject>Evolutionary Biology</subject><subject>Mathematics/Statistics</subject><subject>Evidence-Based Healthcare/Statistical Methodologies and Health Informatics</subject></subj-group></article-categories><title-group><article-title>A Generalized Formula for Converting Chi-Square Tests to Effect Sizes for Meta-Analysis</article-title><alt-title alt-title-type="running-head">Effect Sizes from Chi-Square</alt-title></title-group><contrib-group>
<contrib contrib-type="author" xlink:type="simple"><name name-style="western"><surname>Rosenberg</surname><given-names>Michael S.</given-names></name><xref ref-type="aff" rid="aff1"/><xref ref-type="corresp" rid="cor1"><sup>*</sup></xref></contrib>
</contrib-group><aff id="aff1">          <addr-line>Center for Evolutionary Medicine and Informatics, The Biodesign Institute and School of Life Sciences, Arizona State University, Tempe, Arizona, United States of America</addr-line>       </aff><contrib-group>
<contrib contrib-type="editor" xlink:type="simple"><name name-style="western"><surname>Plaistow</surname><given-names>Stewart</given-names></name>
<role>Editor</role>
<xref ref-type="aff" rid="edit1"/></contrib>
</contrib-group><aff id="edit1">University of Liverpool, United Kingdom</aff><author-notes>
<corresp id="cor1">* E-mail: <email xlink:type="simple">msr@asu.edu</email></corresp>
<fn fn-type="con"><p>Conceived and designed the experiments: MSR. Performed the experiments: MSR. Analyzed the data: MSR. Contributed reagents/materials/analysis tools: MSR. Wrote the paper: MSR.</p></fn>
<fn fn-type="conflict"><p>The author has declared that no competing interests exist.</p></fn></author-notes><pub-date pub-type="collection"><year>2010</year></pub-date><pub-date pub-type="epub"><day>7</day><month>4</month><year>2010</year></pub-date><volume>5</volume><issue>4</issue><elocation-id>e10059</elocation-id><history>
<date date-type="received"><day>4</day><month>2</month><year>2010</year></date>
<date date-type="accepted"><day>17</day><month>3</month><year>2010</year></date>
</history><!--===== Grouping copyright info into permissions =====--><permissions><copyright-year>2010</copyright-year><copyright-holder>Michael S. Rosenberg</copyright-holder><license><license-p>This is an open-access article distributed under the terms of the Creative Commons Attribution License, which permits unrestricted use, distribution, and reproduction in any medium, provided the original author and source are credited.</license-p></license></permissions><abstract>
<p>The common formula used for converting a chi-square test into a correlation coefficient for use as an effect size in meta-analysis has a hidden assumption which may be violated in specific instances, leading to an overestimation of the effect size. A corrected formula is provided.</p>
</abstract><funding-group><funding-statement>Supported by the National Evolutionary Synthesis Center (NESCent; <ext-link ext-link-type="uri" xlink:href="http://www.nescent.org" xlink:type="simple">http://www.nescent.org</ext-link>; NSF #EF-0905606), and the National Science Foundation (NSF; #DBI-0542599). The funders had no role in study design, data collection and analysis, decision to publish, or preparation of the manuscript.</funding-statement></funding-group><counts><page-count count="3"/></counts></article-meta>
</front>
<body><sec id="s1">
<title>Introduction</title>
<p>One of the fundamental concepts in systematic and comparative reviews such as meta-analysis is that of the effect size. An effect size is a statistical parameter that can be used to compare, on the same scale, the results of different studies in which a common effect of interest has been measured <xref ref-type="bibr" rid="pone.0010059-Cooper1">[1]</xref>, <xref ref-type="bibr" rid="pone.0010059-Rosenberg1">[2]</xref>. In experimental studies, the effect size is a measurement of the response of the subjects to an experimental treatment relative to a control group. All effect size measures are a means of representing the results of primary research in a common way so that the results from individual studies can be compared and evaluated <xref ref-type="bibr" rid="pone.0010059-Cooper1">[1]</xref>. While a number of alternate metrics have been suggested for measuring effect size, including standardized mean differences and odds ratios <xref ref-type="bibr" rid="pone.0010059-Rosenberg2">[3]</xref>, <xref ref-type="bibr" rid="pone.0010059-Hedges1">[4]</xref>, historically, one of the more popular measures of effect has been the correlation coefficient <xref ref-type="bibr" rid="pone.0010059-Britten1">[5]</xref>, <xref ref-type="bibr" rid="pone.0010059-Bender1">[6]</xref>, <xref ref-type="bibr" rid="pone.0010059-Mller1">[7]</xref>, <xref ref-type="bibr" rid="pone.0010059-Reed1">[8]</xref>, <xref ref-type="bibr" rid="pone.0010059-Koricheva1">[9]</xref>, <xref ref-type="bibr" rid="pone.0010059-Rosenthal1">[10]</xref>. The correlation coefficient is widely used, easily interpretable, and has the added bonus of being easily determinable from other commonly used statistics such as <italic>z</italic>-scores, <italic>t</italic>-tests, <italic>F</italic>-statistics, and χ<sup>2</sup> statistics <xref ref-type="bibr" rid="pone.0010059-Rosenberg2">[3]</xref>, <xref ref-type="bibr" rid="pone.0010059-Rosenthal2">[11]</xref>. These conversions can only be performed for single, focused contrasts (<italic>e.g.</italic>, cases with a single degree of freedom), but otherwise follow simple equations. For example, the equation for converting a χ<sup>2</sup> into a correlation <xref ref-type="bibr" rid="pone.0010059-Rosenthal2">[11]</xref>, <xref ref-type="bibr" rid="pone.0010059-Cohen1">[12]</xref> is:<disp-formula><graphic mimetype="image" position="float" xlink:href="info:doi/10.1371/journal.pone.0010059.e001" xlink:type="simple"/><label>(1)</label></disp-formula>where the χ<sup>2</sup> value comes from a two-group contrasts (thus a single degree of freedom) and <italic>n</italic> is the total number of samples; the sign of the correlation needs to be determined from independent study of the contrast. (χ<sup>2</sup> tests with more than one degree of freedom are unfocused omnibus tests, and require a much more complicated procedure for conversion to an effect size; see <xref ref-type="bibr" rid="pone.0010059-Rosenthal3">[13]</xref>, <xref ref-type="bibr" rid="pone.0010059-Rosenthal4">[14]</xref>, <xref ref-type="bibr" rid="pone.0010059-Rosenthal5">[15]</xref> for details). Equation (1) has been used to convert χ<sup>2</sup> tests into a correlation coefficient for use as an effect size for 45 years <xref ref-type="bibr" rid="pone.0010059-Cohen1">[12]</xref>; unfortunately, this equation has an underlying, never-stated assumption which is sometimes violated, particularly for genetics studies: it assumes that the expected values from the χ<sup>2</sup> test are equal for both groups.</p>
</sec><sec id="s2">
<title>Results and Discussion</title>
<p>Recall that the χ<sup>2</sup> is calculated simply as<disp-formula><graphic mimetype="image" position="float" xlink:href="info:doi/10.1371/journal.pone.0010059.e002" xlink:type="simple"/><label>(2)</label></disp-formula>where <italic>O<sub>i</sub></italic> and <italic>E<sub>i</sub></italic> are the observed and expected counts, respectively, for group <italic>i</italic>. Equation (1) assumes that the expected values for the two groups are equal, that is, <italic>E</italic><sub>1</sub> = <italic>E</italic><sub>2</sub> = <italic>n</italic>/2. For the vast majority of χ<sup>2</sup> tests this assumption probably holds and equation (1) is correct. However, when this assumption is not met (<italic>e.g.</italic>, if the expected values are for a phenotypic ratio of 3∶1 from a standard Mendelian di-heterozygous dominant-recessive cross), equation (1) is incorrect and will overestimate the effect size (occasionally even producing “correlations” greater than one).</p>
<p>The problem is specifically found in the denominator of the equation. Rather than the sample size, the denominator should actually be the maximum possible χ<sup>2</sup> value obtainable for that sample size and expected values:<disp-formula><graphic mimetype="image" position="float" xlink:href="info:doi/10.1371/journal.pone.0010059.e003" xlink:type="simple"/><label>(3)</label></disp-formula></p>
<p>Written this way, the logic of the equation can be interpreted as <italic>r</italic><sup>2</sup> being equal to the ratio of observed χ<sup>2</sup> to the maximum possible χ<sup>2</sup>, a not atypical way of expressing the variance explained in a sums-of-squares framework. In the common case where one expects an equal distribution of observations among the two groups (<italic>E</italic><sub>1</sub> = <italic>E</italic><sub>2</sub> = <italic>n</italic>/2), this maximum possible value is equal to <italic>n</italic> (see <xref ref-type="sec" rid="s3">Methods</xref>), making equation (1) correct.</p>
<p>On the other hand, if the expected values for the two groups are not the same, the maximum possible value is larger than <italic>n</italic>. Specifically, if the ratio of expectations among the two groups is <italic>k</italic>∶1, where <italic>k</italic> represents the larger group (<italic>k</italic>≥1), the maximum possible χ<sup>2</sup> value is equal to <italic>nk</italic> (see <xref ref-type="sec" rid="s3">Methods</xref>). The general form of the conversion of a χ<sup>2</sup> value to <italic>r</italic> should therefore be<disp-formula><graphic mimetype="image" position="float" xlink:href="info:doi/10.1371/journal.pone.0010059.e004" xlink:type="simple"/><label>(4)</label></disp-formula></p>
<p>As would be expected, this generalized form simplifies to the commonly used equation when the expected ratio of observations is 1∶1 (<italic>i.e., k</italic> = 1).</p>
<p>As a simple example, imagine a genetic cross of two heterozygous individuals for a pair of alleles with a simple dominant-recessive relationship. The expectation is a phenotypic ratio of 3∶1, in favor of the dominant phenotype. With 22 total offspring, the expected counts are 16.5 and 5.5, respectively. The actual observation is almost the reverse, with 16 found to have the recessive phenotype and only 6 having the dominant phenotype. The χ<sup>2</sup> value for this cross is 26.7 (some additional factor is clearly skewing the expected phenotypic ratio). Using the traditional transformation from equation (1), one would determine an effect size <italic>r</italic> = 1.10, a value outside the acceptable range of <italic>r</italic>, impossible to interpret or use in a summary analysis (which generally requires use of Fisher's <italic>z</italic>-transform). Taking into account the adjusted formula due to the assumption of unequal expectations, we instead find an effect size of <italic>r</italic> = 0.64, still quite strong, but logically interpretable and meaningful.</p>
<p>It is difficult to determine how often, if ever, equation (1) has been misapplied, because one could not simply go through published meta-analyses looking for χ<sup>2</sup> conversions, but would rather have to go back to the original studies used in each meta-analysis to determine how the χ<sup>2</sup> test was actually calculated. Fortunately, the assumption of equal expectation among groups likely holds for the majority of χ<sup>2</sup> tests. However, those who work in fields or encounter data where this assumption is not true (e.g., heredity experiments), need to be aware of the alternate formulation to use for their specific work, particularly as meta-analysis and other statistics that make use of effect size continue to become more common <xref ref-type="bibr" rid="pone.0010059-Koricheva2">[16]</xref>.</p>
</sec><sec id="s3" sec-type="methods">
<title>Methods</title>
<sec id="s3a">
<title>Derivation of maximum possible χ<sup>2</sup> value for two groups when the expectation is an equal distribution of counts among the groups</title>
<p>The χ<sup>2</sup> value is calculated as<disp-formula><graphic mimetype="image" position="float" xlink:href="info:doi/10.1371/journal.pone.0010059.e005" xlink:type="simple"/><label>(5)</label></disp-formula>where <italic>O<sub>i</sub></italic> and <italic>E<sub>i</sub></italic> are the observed and expected values for the <italic>i</italic><sup>th</sup> group. In a χ<sup>2</sup> test with only two groups with <italic>n</italic> total observations, if the expectation is an equal distribution of observations among groups, the expected value of each of the two groups will be <italic>n</italic>/2. The maximum possible χ<sup>2</sup> value will be obtained if one group contains all of the observations and the other group contains zero observations, thus<disp-formula><graphic mimetype="image" position="float" xlink:href="info:doi/10.1371/journal.pone.0010059.e006" xlink:type="simple"/><label>(6)</label></disp-formula></p>
<p>The maximum possible χ<sup>2</sup> value for a two group case where the expected distribution of outcomes is evenly distributed among the two groups is simply the total sample size.</p>
</sec><sec id="s3b">
<title>Derivation of maximum possible χ<sup>2</sup> value for two groups when the expectation is not an equal distribution of counts among the groups</title>
<p>If the expectation among the two groups is not equal, we have to make the following change. The expected ratio between the two groups will be <italic>k</italic>∶1, where <italic>k</italic> is how many times larger one group is expected to be relative to the other (<italic>k</italic>≥1). In this case the expected values are <italic>nk</italic>/(<italic>k</italic>+1) and <italic>n</italic>/(<italic>k</italic>+1), respectively (Note that if <italic>k</italic> = 1, we have an expected ratio of 1∶1, leading both expectations to equal <italic>n</italic>/2 and the special case described above). Given these new expectations, the maximum possible χ<sup>2</sup> value will be when the group with the “<italic>nk</italic>” expectation (the larger expectation) contains 0 observations and the other group (the smaller expectation) contains all <italic>n</italic> observations. In this case, the maximum possible χ<sup>2</sup> value becomes:<disp-formula><graphic mimetype="image" position="float" xlink:href="info:doi/10.1371/journal.pone.0010059.e007" xlink:type="simple"/><label>(7)</label></disp-formula></p>
<p>Again, if the expectation is even, <italic>k</italic> = 1, and the maximum χ<sup>2</sup> value is simply <italic>n</italic>.</p>
</sec></sec></body>
<back>
<ack>
<p>Thanks to M. Lajeunesse and M. Jennions for discussion and comments on early versions of the manuscript.</p>
</ack>
<ref-list>
<title>References</title>
<ref id="pone.0010059-Cooper1"><label>1</label><element-citation publication-type="other" xlink:type="simple">             <person-group person-group-type="author">
<name name-style="western"><surname>Cooper</surname><given-names>HM</given-names></name>
</person-group>             <year>1998</year>             <article-title>Synthesizing Research: A Guide for Literature Reviews.</article-title>             <publisher-loc>Beverly Hills, CA</publisher-loc>             <publisher-name>Sage</publisher-name> <!--===== Restructure page-count as size[@units="page"] =====--><size units="page">201</size>           </element-citation></ref>
<ref id="pone.0010059-Rosenberg1"><label>2</label><element-citation publication-type="other" xlink:type="simple">             <person-group person-group-type="author">
<name name-style="western"><surname>Rosenberg</surname><given-names>MS</given-names></name>
<name name-style="western"><surname>Rothstein</surname><given-names>H</given-names></name>
<name name-style="western"><surname>Gurevitch</surname><given-names>J</given-names></name>
</person-group>             <year>In press</year>             <article-title>Effect sizes: Choices and calculations.</article-title>             <person-group person-group-type="editor">
<name name-style="western"><surname>Koricheva</surname><given-names>J</given-names></name>
<name name-style="western"><surname>Gurevitch</surname><given-names>J</given-names></name>
<name name-style="western"><surname>Mengersen</surname><given-names>KL</given-names></name>
</person-group>             <source>Handbook of meta-analysis in ecology and evolution</source>             <publisher-loc>Princeton, NJ</publisher-loc>             <publisher-name>Princeton University Press</publisher-name>          </element-citation></ref>
<ref id="pone.0010059-Rosenberg2"><label>3</label><element-citation publication-type="other" xlink:type="simple">             <person-group person-group-type="author">
<name name-style="western"><surname>Rosenberg</surname><given-names>MS</given-names></name>
<name name-style="western"><surname>Adams</surname><given-names>DC</given-names></name>
<name name-style="western"><surname>Gurevitch</surname><given-names>J</given-names></name>
</person-group>             <year>2000</year>             <article-title>MetaWin. Statistical Software for Meta-Analysis. 2.0 ed.</article-title>             <publisher-loc>Sunderland, Massachusetts</publisher-loc>             <publisher-name>Sinauer Associates</publisher-name>          </element-citation></ref>
<ref id="pone.0010059-Hedges1"><label>4</label><element-citation publication-type="other" xlink:type="simple">             <person-group person-group-type="author">
<name name-style="western"><surname>Hedges</surname><given-names>LV</given-names></name>
<name name-style="western"><surname>Olkin</surname><given-names>I</given-names></name>
</person-group>             <year>1985</year>             <article-title>Statistical Methods for Meta-Analysis.</article-title>             <publisher-loc>San Diego, CA</publisher-loc>             <publisher-name>Academic Press, Inc</publisher-name> <!--===== Restructure page-count as size[@units="page"] =====--><size units="page">369</size>           </element-citation></ref>
<ref id="pone.0010059-Britten1"><label>5</label><element-citation publication-type="journal" xlink:type="simple">             <person-group person-group-type="author">
<name name-style="western"><surname>Britten</surname><given-names>HB</given-names></name>
</person-group>             <year>1996</year>             <article-title>Meta-analyses of the association between multilocus heterozygosity and fitness.</article-title>             <source>Evolution</source>             <volume>50</volume>             <fpage>2158</fpage>             <lpage>2164</lpage>          </element-citation></ref>
<ref id="pone.0010059-Bender1"><label>6</label><element-citation publication-type="journal" xlink:type="simple">             <person-group person-group-type="author">
<name name-style="western"><surname>Bender</surname><given-names>DJ</given-names></name>
<name name-style="western"><surname>Contreras</surname><given-names>TA</given-names></name>
<name name-style="western"><surname>Fahrig</surname><given-names>L</given-names></name>
</person-group>             <year>1998</year>             <article-title>Habitat loss and population decline: A meta-analysis of the patch size effect.</article-title>             <source>Ecology</source>             <volume>79</volume>             <fpage>517</fpage>             <lpage>533</lpage>          </element-citation></ref>
<ref id="pone.0010059-Mller1"><label>7</label><element-citation publication-type="journal" xlink:type="simple">             <person-group person-group-type="author">
<name name-style="western"><surname>Møller</surname><given-names>AP</given-names></name>
<name name-style="western"><surname>Thornhill</surname><given-names>R</given-names></name>
</person-group>             <year>1998</year>             <article-title>Bilateral symmetry and sexual-selection: A meta-analysis.</article-title>             <source>American Naturalist</source>             <volume>151</volume>             <fpage>174</fpage>             <lpage>192</lpage>          </element-citation></ref>
<ref id="pone.0010059-Reed1"><label>8</label><element-citation publication-type="journal" xlink:type="simple">             <person-group person-group-type="author">
<name name-style="western"><surname>Reed</surname><given-names>DH</given-names></name>
<name name-style="western"><surname>Frankham</surname><given-names>R</given-names></name>
</person-group>             <year>2001</year>             <article-title>How closely correlated are molecular and quantitative measures of genetic variation? A meta-analysis.</article-title>             <source>Evolution</source>             <volume>55</volume>             <fpage>1095</fpage>             <lpage>1103</lpage>          </element-citation></ref>
<ref id="pone.0010059-Koricheva1"><label>9</label><element-citation publication-type="journal" xlink:type="simple">             <person-group person-group-type="author">
<name name-style="western"><surname>Koricheva</surname><given-names>J</given-names></name>
</person-group>             <year>2002</year>             <article-title>Meta-analysis of sources of variation in fitness costs of plant antiherbivore defenses.</article-title>             <source>Ecology</source>             <volume>83</volume>             <fpage>176</fpage>             <lpage>190</lpage>          </element-citation></ref>
<ref id="pone.0010059-Rosenthal1"><label>10</label><element-citation publication-type="journal" xlink:type="simple">             <person-group person-group-type="author">
<name name-style="western"><surname>Rosenthal</surname><given-names>R</given-names></name>
<name name-style="western"><surname>Rubin</surname><given-names>DB</given-names></name>
</person-group>             <year>1978</year>             <article-title>Interpersonal expectancy effects: The first 345 studies.</article-title>             <source>Behavioral and Brain Sciences</source>             <volume>3</volume>             <fpage>377</fpage>             <lpage>386</lpage>          </element-citation></ref>
<ref id="pone.0010059-Rosenthal2"><label>11</label><element-citation publication-type="other" xlink:type="simple">             <person-group person-group-type="author">
<name name-style="western"><surname>Rosenthal</surname><given-names>R</given-names></name>
</person-group>             <year>1994</year>             <article-title>Parametric measures of effect size.</article-title>             <person-group person-group-type="editor">
<name name-style="western"><surname>Cooper</surname><given-names>H</given-names></name>
<name name-style="western"><surname>Hedges</surname><given-names>LV</given-names></name>
</person-group>             <source>The Handbook of Research Synthesis</source>             <publisher-loc>New York</publisher-loc>             <publisher-name>Russell Sage Foundation</publisher-name>             <fpage>231</fpage>             <lpage>244</lpage>          </element-citation></ref>
<ref id="pone.0010059-Cohen1"><label>12</label><element-citation publication-type="other" xlink:type="simple">             <person-group person-group-type="author">
<name name-style="western"><surname>Cohen</surname><given-names>J</given-names></name>
</person-group>             <year>1965</year>             <article-title>Some statistical issues in psychological research.</article-title>             <person-group person-group-type="editor">
<name name-style="western"><surname>Wolman</surname><given-names>BB</given-names></name>
</person-group>             <source>Handbook of Clinical Psychology</source>             <publisher-loc>New York</publisher-loc>             <publisher-name>McGraw-Hill</publisher-name>             <fpage>95</fpage>             <lpage>121</lpage>          </element-citation></ref>
<ref id="pone.0010059-Rosenthal3"><label>13</label><element-citation publication-type="other" xlink:type="simple">             <person-group person-group-type="author">
<name name-style="western"><surname>Rosenthal</surname><given-names>R</given-names></name>
<name name-style="western"><surname>Rosnow</surname><given-names>RL</given-names></name>
</person-group>             <year>1985</year>             <article-title>Contrast analysis: Focused comparisons in the analysis of variance.</article-title>             <publisher-loc>New York</publisher-loc>             <publisher-name>Cambridge University Press</publisher-name>          </element-citation></ref>
<ref id="pone.0010059-Rosenthal4"><label>14</label><element-citation publication-type="other" xlink:type="simple">             <person-group person-group-type="author">
<name name-style="western"><surname>Rosenthal</surname><given-names>R</given-names></name>
<name name-style="western"><surname>Rosnow</surname><given-names>RL</given-names></name>
</person-group>             <year>1991</year>             <article-title>Essentials of Behavioral Research: Methods and Data Analysis.</article-title>             <publisher-loc>New York</publisher-loc>             <publisher-name>McGraw-Hill</publisher-name>          </element-citation></ref>
<ref id="pone.0010059-Rosenthal5"><label>15</label><element-citation publication-type="other" xlink:type="simple">             <person-group person-group-type="author">
<name name-style="western"><surname>Rosenthal</surname><given-names>R</given-names></name>
<name name-style="western"><surname>Rosnow</surname><given-names>RL</given-names></name>
<name name-style="western"><surname>Rubin</surname><given-names>DB</given-names></name>
</person-group>             <year>2000</year>             <article-title>Contrast and effect sizes in behavioral research: A correlational approach.</article-title>             <publisher-loc>Cambridge</publisher-loc>             <publisher-name>Cambridge University Press</publisher-name> <!--===== Restructure page-count as size[@units="page"] =====--><size units="page">212</size>           </element-citation></ref>
<ref id="pone.0010059-Koricheva2"><label>16</label><element-citation publication-type="other" xlink:type="simple">             <person-group person-group-type="editor">
<name name-style="western"><surname>Koricheva</surname><given-names>J</given-names></name>
<name name-style="western"><surname>Gurevitch</surname><given-names>J</given-names></name>
<name name-style="western"><surname>Mengersen</surname><given-names>KL</given-names></name>
</person-group>             <year>In press</year>             <article-title>Handbook of meta-analysis in ecology and evolution.</article-title>             <publisher-loc>Princeton, NJ</publisher-loc>             <publisher-name>Princeton University Press</publisher-name>          </element-citation></ref>
</ref-list>

</back>
</article>