<?xml version="1.0" encoding="UTF-8"?>
<!DOCTYPE article
  PUBLIC "-//NLM//DTD Journal Publishing DTD v3.0 20080202//EN" "http://dtd.nlm.nih.gov/publishing/3.0/journalpublishing3.dtd">
<article xmlns:mml="http://www.w3.org/1998/Math/MathML" xmlns:xlink="http://www.w3.org/1999/xlink" article-type="research-article" dtd-version="3.0" xml:lang="EN">
  <front>
    <journal-meta><journal-id journal-id-type="nlm-ta">PLoS ONE</journal-id><journal-id journal-id-type="publisher-id">plos</journal-id><journal-id journal-id-type="pmc">plosone</journal-id><!--===== Grouping journal title elements =====--><journal-title-group><journal-title>PLoS ONE</journal-title></journal-title-group><issn pub-type="epub">1932-6203</issn><publisher>
        <publisher-name>Public Library of Science</publisher-name>
        <publisher-loc>San Francisco, USA</publisher-loc>
      </publisher></journal-meta>
    <article-meta><article-id pub-id-type="publisher-id">PONE-D-10-03266</article-id><article-id pub-id-type="doi">10.1371/journal.pone.0016605</article-id><article-categories>
        <subj-group subj-group-type="heading">
          <subject>Research Article</subject>
        </subj-group>
        <subj-group subj-group-type="Discipline-v2">
          <subject>Biology</subject>
          <subj-group>
            <subject>Biochemistry</subject>
            <subj-group>
              <subject>Biochemistry simulations</subject>
            </subj-group>
          </subj-group>
          <subj-group>
            <subject>Computational biology</subject>
            <subj-group>
              <subject>Biochemical simulations</subject>
              <subject>Metabolic networks</subject>
            </subj-group>
          </subj-group>
        </subj-group>
        <subj-group subj-group-type="Discipline-v2">
          <subject>Chemistry</subject>
          <subj-group>
            <subject>Computational chemistry</subject>
          </subj-group>
        </subj-group>
        <subj-group subj-group-type="Discipline-v2">
          <subject>Physics</subject>
          <subj-group>
            <subject>Interdisciplinary physics</subject>
          </subj-group>
        </subj-group>
        <subj-group subj-group-type="Discipline">
          <subject>Chemistry</subject>
          <subject>Computational Biology</subject>
          <subject>Physics</subject>
          <subject>Biochemistry</subject>
        </subj-group>
      </article-categories><title-group><article-title>Metabolic Robustness and Network Modularity: A Model
                    Study</article-title><alt-title alt-title-type="running-head">Metabolic Robustness and Network
                    Modularity</alt-title></title-group><contrib-group>
        <contrib contrib-type="author" xlink:type="simple">
          <name name-style="western">
            <surname>Holme</surname>
            <given-names>Petter</given-names>
          </name>
          <xref ref-type="aff" rid="aff1">
            <sup>1</sup>
          </xref>
          <xref ref-type="aff" rid="aff2">
            <sup>2</sup>
          </xref>
          <xref ref-type="corresp" rid="cor1">
            <sup>*</sup>
          </xref>
        </contrib>
      </contrib-group><aff id="aff1"><label>1</label><addr-line>Department of Physics, Umeå University,
                    Umeå, Sweden</addr-line>
            </aff><aff id="aff2"><label>2</label><addr-line>Department of Energy Science, Sungkyunkwan
                    University, Suwon, Republic of Korea</addr-line>
            </aff><contrib-group>
        <contrib contrib-type="editor" xlink:type="simple">
          <name name-style="western">
            <surname>Oresic</surname>
            <given-names>Matej</given-names>
          </name>
          <role>Editor</role>
          <xref ref-type="aff" rid="edit1"/>
        </contrib>
      </contrib-group><aff id="edit1">Governmental Technical Research Centre of Finland, Finland</aff><author-notes>
        <corresp id="cor1">* E-mail: <email xlink:type="simple">petter.holme@physics.umu.se</email></corresp>
        <fn fn-type="con">
          <p>Conceived and designed the experiments: PH. Performed the experiments: PH.
                        Analyzed the data: PH. Contributed reagents/materials/analysis tools: PH.
                        Wrote the paper: PH.</p>
        </fn>
      <fn fn-type="conflict">
        <p>The author has declared that no competing interests exist.</p>
      </fn></author-notes><pub-date pub-type="collection">
        <year>2011</year>
      </pub-date><pub-date pub-type="epub">
        <day>2</day>
        <month>2</month>
        <year>2011</year>
      </pub-date><volume>6</volume><issue>2</issue><elocation-id>e16605</elocation-id><history>
        <date date-type="received">
          <day>10</day>
          <month>10</month>
          <year>2010</year>
        </date>
        <date date-type="accepted">
          <day>22</day>
          <month>12</month>
          <year>2010</year>
        </date>
      </history><!--===== Grouping copyright info into permissions =====--><permissions><copyright-year>2011</copyright-year><copyright-holder>Petter Holme</copyright-holder><license><license-p>This is an open-access article distributed under the
                terms of the Creative Commons Attribution License, which permits unrestricted use,
                distribution, and reproduction in any medium, provided the original author and
                source are credited.</license-p></license></permissions><abstract>
        <sec>
          <title>Background</title>
          <p>Several studies have mentioned network modularity—that a network can
                        easily be decomposed into subgraphs that are densely connected within and
                        weakly connected between each other—as a factor affecting metabolic
                        robustness. In this paper we measure the relation between network modularity
                        and several aspects of robustness directly in a model system of
                        metabolism.</p>
        </sec>
        <sec>
          <title>Methodology/Principal Findings</title>
          <p>By using a model for generating chemical reaction systems where one can tune
                        the network modularity, we find that robustness increases with modularity
                        for changes in the concentrations of metabolites, whereas it decreases with
                        changes in the expression of enzymes. The same modularity scaling is true
                        for the speed of relaxation after the perturbations.</p>
        </sec>
        <sec>
          <title>Conclusions/Significance</title>
          <p>Modularity is not a general principle for making metabolism either more or
                        less robust; this question needs to be addressed specifically for different
                        types of perturbations of the system.</p>
        </sec>
      </abstract><funding-group><funding-statement>This work was supported by the Swedish Foundation for Strategic Research, the
                    Swedish Research Council, and the WCU program through the National Research
                    Foundation (NRF) of the Republic of Korea funded by the Ministry of Education,
                    Science and Technology (MEST) (R31-2008-000-10029-0). The funders had no role in
                    study design, data collection and analysis, decision to publish, or preparation
                    of the manuscript.</funding-statement></funding-group><counts>
        <page-count count="7"/>
      </counts></article-meta>
  </front>
  <body>
    <sec id="s1">
      <title>Introduction</title>
      <p>Graph theoretical methods are useful to study the large-scale organization of
                biological systems <xref ref-type="bibr" rid="pone.0016605-Barabsi1">[1]</xref>. One such system is the metabolism—the set of
                chemical reactions needed to sustain the normal, healthy state of an organism. We
                call a graph derived from a metabolic reaction system a <italic>metabolic
                    network</italic>. One of the main findings from statistical studies of metabolic
                networks is that the metabolism has larger <italic>network modularity</italic>
                <xref ref-type="bibr" rid="pone.0016605-Fortunato1">[2]</xref>, <xref ref-type="bibr" rid="pone.0016605-Newman1">[3]</xref> —the
                tendency for a network to be divisible into subgraphs that are densely connected
                within, and sparsely connected between each other—than expected <xref ref-type="bibr" rid="pone.0016605-Huss1">[4]</xref>. However,
                metabolic networks are far from perfectly modular—no matter how the network
                modules are defined, there will be plenty of connections between them <xref ref-type="bibr" rid="pone.0016605-Huss1">[4]</xref>–<xref ref-type="bibr" rid="pone.0016605-Zhao2">[8]</xref>. The network
                modules are often interpreted as biological modules—functionally independent
                subunits <xref ref-type="bibr" rid="pone.0016605-Alon1">[9]</xref>. This
                interpretation is a natural consequence of interpreting edges as functional
                couplings of relatively equal strength. Despite the lack of comprehensive
                experimental evidence, metabolism is assumed to be robust to e.g. changes in
                concentration of metabolites <xref ref-type="bibr" rid="pone.0016605-Smart1">[10]</xref>. Modularity is often thought to contribute to the
                robustness of various biological systems <xref ref-type="bibr" rid="pone.0016605-Eum1">[11]</xref>–<xref ref-type="bibr" rid="pone.0016605-Hinze1">[13]</xref>. But if this is true for
                metabolism too, that modularity contributes to both functionality and robustness,
                then how come there are so many cross-modular couplings? One explanation could be
                that these couplings are inevitable—the laws of physics give no way of
                avoiding intermodular connections. Another explanation could be that the
                intermodular edges actually stabilize the system so that the organization we observe
                is a compromise where adding functionality increases modularity and adding
                robustness decreases modularity. Such a role of modularity relates to the concept of
                    <italic>distributed robustness</italic>
                <xref ref-type="bibr" rid="pone.0016605-Wagner1">[14]</xref>—if a
                module fails, many other modules can collectively compensate for this loss, there
                need not be any replacement module. In terms of metabolic networks, this means that
                there will be many connections between the modules and thus that the network
                modularity will be comparatively low. In this paper we investigate the role of
                network modularity in large chemical reaction systems as directly as
                possible—by measuring the system's response to different types of
                perturbations in a model with tunable network modularity.</p>
      <p>Our simulations start by generating a chemical reaction system. This generative
                algorithm is stochastic and by tuning the input parameters, we can control the
                expected network modularity (<xref ref-type="fig" rid="pone-0016605-g001">Fig.
                    1</xref>) <xref ref-type="bibr" rid="pone.0016605-Holme2">[15]</xref>.
                Then we generate a random distribution of metabolites and relax the system to
                equilibrium (using mass-action kinetics with an implicit enzymatic control). From
                this state, we apply a certain type of perturbation to the system and let it relax
                to a new equilibrium. To quantify robustness, we measure how close the two
                equilibria are to each other. We also measure the relaxation time, i.e. how fast the
                system can respond to the perturbation (and for that reason, we do not employ faster
                calculations of the equilibrium state <xref ref-type="bibr" rid="pone.0016605-Fell1">[16]</xref>, <xref ref-type="bibr" rid="pone.0016605-Schuster1">[17]</xref>). In <xref ref-type="fig" rid="pone-0016605-g002">Fig.
                    2</xref> we show an example of these steps. As the reaction system is generated
                by a stochastic method we repeat the procedure above to obtain averages. For each
                value of the input parameters, we measure average values over 500 realizations of
                all steps above of both the network modularity and the quantities characterizing
                robustness. From these data points we derive trends in the modularity-dependence of
                different aspects of robustness.</p>
      <fig id="pone-0016605-g001" position="float">
        <object-id pub-id-type="doi">10.1371/journal.pone.0016605.g001</object-id>
        <label>Figure 1</label>
        <caption>
          <title>Example of the reduction from reaction systems to substance graphs and
                        the generation of modular reaction systems.</title>
          <p>In A we see how the two substrates and one product (circles) of a reaction
                        (triangle) gets reduced to a substance graph. An arrow going into a reaction
                        marks the substrate, an arrow going out marks the product. Panel B
                        illustrates a reaction system obtained with the method of the manuscript.
                        The parameter values for this reaction-system example are
                                <inline-formula><inline-graphic mimetype="image" xlink:href="info:doi/10.1371/journal.pone.0016605.e001" xlink:type="simple"/></inline-formula>, <inline-formula><inline-graphic mimetype="image" xlink:href="info:doi/10.1371/journal.pone.0016605.e002" xlink:type="simple"/></inline-formula>,
                                <inline-formula><inline-graphic mimetype="image" xlink:href="info:doi/10.1371/journal.pone.0016605.e003" xlink:type="simple"/></inline-formula>, <inline-formula><inline-graphic mimetype="image" xlink:href="info:doi/10.1371/journal.pone.0016605.e004" xlink:type="simple"/></inline-formula> and
                                <inline-formula><inline-graphic mimetype="image" xlink:href="info:doi/10.1371/journal.pone.0016605.e005" xlink:type="simple"/></inline-formula>. The algorithm proceeds by assembling reactions and
                        metabolites in disjoint clusters (the three larger clusters of distinct
                        colors). Then we add a fraction of metabolites and reactions that can
                        connect to any parts of the system. The larger this fraction of global
                        reactions is, the lower is the network modularity of the projected
                        network.</p>
        </caption>
        <graphic mimetype="image" position="float" xlink:href="info:doi/10.1371/journal.pone.0016605.g001" xlink:type="simple"/>
      </fig>
      <fig id="pone-0016605-g002" position="float">
        <object-id pub-id-type="doi">10.1371/journal.pone.0016605.g002</object-id>
        <label>Figure 2</label>
        <caption>
          <title>The procedure to measure robustness.</title>
          <p>The figure illustrates a reaction system at equilibrium visualized by its
                        reaction graph A, getting perturbed by redistributing the mass of (in this
                        case two) metabolites B and how the system relaxes to another equilibrium
                        (c,d). The concentration is illustrated by the size of the circles (the
                        total mass, not the concentration is conserved, so the total areas of the
                        circles are not the same in the different panels). The change in
                        concentration is indicated by color. A metabolite unaffected by the
                        perturbation is colored black.</p>
        </caption>
        <graphic mimetype="image" position="float" xlink:href="info:doi/10.1371/journal.pone.0016605.g002" xlink:type="simple"/>
      </fig>
    </sec>
    <sec id="s2">
      <title>Results</title>
      <sec id="s2a">
        <title>Robustness as a function of network modularity</title>
        <p>Robustness is a broad concept that hardly can be condensed into one measure, even
                    for a system as specific as metabolism. In general, robustness can be defined as
                    a system's ability to remain unchanged when perturbed. One can imagine
                    several types of perturbations. We investigate two rather different
                    classes—changes in concentrations of metabolites and changes in the
                    reaction system (new reactions replacing old) by genetic control. We refer to
                    the first case as <italic>metabolic</italic> perturbations and the second as
                        <italic>genetic</italic> perturbations. We will also distinguish between: if
                    the perturbations are localized to one module, or if they can appear anywhere in
                    the network. In total we consider four classes of perturbations—they can
                    be either localized or global, and metabolic or genetic.</p>
        <p>The main robustness measure, defined in the <xref ref-type="sec" rid="s4">Methods</xref> section, is basically the relative change in the
                    concentration of a metabolite averaged over a set of metabolites. We consider
                    two such sets, either the whole set of metabolites, which gives the
                        <italic>system-wide robustness</italic>
                    <inline-formula><inline-graphic mimetype="image" xlink:href="info:doi/10.1371/journal.pone.0016605.e006" xlink:type="simple"/></inline-formula>, or the metabolites that are perturbed giving the
                        <italic>focal robustness</italic>
                    <inline-formula><inline-graphic mimetype="image" xlink:href="info:doi/10.1371/journal.pone.0016605.e007" xlink:type="simple"/></inline-formula>.</p>
        <p>In <xref ref-type="fig" rid="pone-0016605-g003">Fig. 3</xref>, we plot the
                    average values of our robustness measures as functions of the average network
                    modularity <inline-formula><inline-graphic mimetype="image" xlink:href="info:doi/10.1371/journal.pone.0016605.e008" xlink:type="simple"/></inline-formula>. The robustness to global metabolic perturbations
                    increases while the robustness to perturbations within a module remains fairly
                    constant (<xref ref-type="fig" rid="pone-0016605-g003">Fig. 3A</xref>). If one
                    looks only at the metabolites that were originally perturbed (<xref ref-type="fig" rid="pone-0016605-g003">Fig. 3A</xref>), the situation is
                    different—these metabolites are more affected by sudden shifts in the
                    concentrations the more modular the system is. This seems logical—if the
                    modularity is lower, the coupling to the rest of the network is stronger, so
                    there are more metabolites to influence the relaxation and to absorb the
                    perturbation. The fact that the system is more robust to global, compared to
                    localized, perturbations can be explained in a similar way—a localized
                    perturbation gives a larger impact on a restricted subsystem and this subsystem
                    cannot absorb that large impact as much as the whole system would. But why does
                    the system-wide robustness increase with modularity? One scenario is that
                    metabolic perturbations are better absorbed in a distributed fashion. With
                    global perturbations and high modularity each module handles its internal
                    perturbations and, if this fails, flows between the modules are too weak for the
                    perturbation to spread.</p>
        <fig id="pone-0016605-g003" position="float">
          <object-id pub-id-type="doi">10.1371/journal.pone.0016605.g003</object-id>
          <label>Figure 3</label>
          <caption>
            <title>Robustness vs. modularity.</title>
            <p>Panels A and B show data for the robustness against metabolic
                            perturbations. A displays robustness of the system as a whole; B shows
                            the robustness measured over the perturbed metabolites only. Panels C
                            and D show the corresponding plots for robustness against genetic
                            perturbations. Circles represent perturbations made in one module;
                            crosses indicate data for perturbations made in different modules. The
                            data is averaged over more than 500 runs (network realizations). The
                            errorbars in the average <inline-formula><inline-graphic mimetype="image" xlink:href="info:doi/10.1371/journal.pone.0016605.e009" xlink:type="simple"/></inline-formula> are
                            smaller than the symbol size.</p>
          </caption>
          <graphic mimetype="image" position="float" xlink:href="info:doi/10.1371/journal.pone.0016605.g003" xlink:type="simple"/>
        </fig>
        <p>For the genetic perturbations all curves are decreasing, meaning that modularity
                    makes the system less robust. These perturbations virtually add new reactions
                    and delete old. Even if the perturbations are designed not to affect the average
                    structure of the system (keeping e.g. the system size
                            <inline-formula><inline-graphic mimetype="image" xlink:href="info:doi/10.1371/journal.pone.0016605.e010" xlink:type="simple"/></inline-formula> and the modularity <inline-formula><inline-graphic mimetype="image" xlink:href="info:doi/10.1371/journal.pone.0016605.e011" xlink:type="simple"/></inline-formula> constant), they
                    obviously affect <inline-formula><inline-graphic mimetype="image" xlink:href="info:doi/10.1371/journal.pone.0016605.e012" xlink:type="simple"/></inline-formula> more than the
                    metabolic perturbations (cf. <xref ref-type="fig" rid="pone-0016605-g003">Fig.
                        3A</xref> and <xref ref-type="fig" rid="pone-0016605-g003">Fig. 3C</xref>).
                    A network module can presumably not handle a genetic perturbation as efficient
                    as a metabolic perturbation. Another factor for the decreasing
                            <inline-formula><inline-graphic mimetype="image" xlink:href="info:doi/10.1371/journal.pone.0016605.e013" xlink:type="simple"/></inline-formula>-curve could be that the interface between the modules
                    can change from the perturbations and that the interfaces get more influential
                    with increasing modularity. As seen in <xref ref-type="fig" rid="pone-0016605-g003">Fig. 3D</xref>, the localized perturbations
                    influence the directly affected metabolites (the ones that are involved in
                    reactions changed by the genetic perturbations) less strongly than the global
                    perturbations. From the changes at the interfaces, we can understand that
                    localized perturbations affect the rest of the system to a greater deal here
                    than compared with metabolic perturbations. <inline-formula><inline-graphic mimetype="image" xlink:href="info:doi/10.1371/journal.pone.0016605.e014" xlink:type="simple"/></inline-formula> is larger for the
                    local compared with global genetic perturbations meaning that for metabolites
                    within a single module rewired by genetic perturbations the changes will be
                    larger than if the perturbations are more distributed.</p>
      </sec>
      <sec id="s2b">
        <title>Relaxation time as a function of network modularity</title>
        <p>In <xref ref-type="fig" rid="pone-0016605-g004">Fig. 4</xref>, we show the
                    relaxation time <inline-formula><inline-graphic mimetype="image" xlink:href="info:doi/10.1371/journal.pone.0016605.e015" xlink:type="simple"/></inline-formula> as a function of
                    modularity. A small <inline-formula><inline-graphic mimetype="image" xlink:href="info:doi/10.1371/journal.pone.0016605.e016" xlink:type="simple"/></inline-formula> value means that
                    the system reaches its new equilibrium fast. This dynamic response is different
                    for the two types of perturbations—the system reaches its new state faster
                    with higher modularity for the metabolic perturbations, but slower with the
                    genetic ones. The decreasing <inline-formula><inline-graphic mimetype="image" xlink:href="info:doi/10.1371/journal.pone.0016605.e017" xlink:type="simple"/></inline-formula> curves for
                    metabolic perturbations is in line with the above mentioned scenario that if
                    modules handle the perturbations independently, then the more modular the system
                    is the better (in this case faster) is the recovery. That, for genetic
                    perturbations, robustness increases with modularity is something we interpret as
                    an effect of the changed couplings across at the boundary. The stronger the
                    modularity is, the slower is the flow between the modules and the longer does
                    the system need to find a new equilibrium.</p>
        <fig id="pone-0016605-g004" position="float">
          <object-id pub-id-type="doi">10.1371/journal.pone.0016605.g004</object-id>
          <label>Figure 4</label>
          <caption>
            <title>Relaxation time vs. modularity.</title>
            <p>Panel A displays the corresponding data for perturbations in the
                            concentrations of metabolites. Panel B shows the relaxation time for
                            genetic perturbations within one module (circles) or the whole system
                            (crosses). The data represents averages over more than 500 runs (the
                            same runs as in <xref ref-type="fig" rid="pone-0016605-g003">Fig.
                                3</xref>).</p>
          </caption>
          <graphic mimetype="image" position="float" xlink:href="info:doi/10.1371/journal.pone.0016605.g004" xlink:type="simple"/>
        </fig>
      </sec>
    </sec>
    <sec id="s3">
      <title>Discussion</title>
      <p>We have, in a model framework, directly measured the effects of network modularity on
                the robustness of chemical reaction systems. The main conclusion is that modularity
                does affect robustness but not in a unique way. Modularity is thus, it seems, not a
                general principle for either strengthening or weakening robustness, not even in such
                a specific system as metabolism. When relating robustness and modularity, one needs
                to specify what kind of perturbation we measure robustness against. For sudden
                changes icn concentration levels, in our model, more modular reaction systems are
                more robust and converge to an equilibrium state faster than less modular systems.
                If, on the other hand, the genetic control is altered—so that other enzymes
                are expressed—then modularity decreases robustness. In an evolutionary
                perspective, this essentially means that we need more detailed studies. Real
                metabolic networks are more modular (in the network-modularity sense) than random
                networks, but still far from, say, a system engineered by humans <xref ref-type="bibr" rid="pone.0016605-Snel1">[18]</xref>. One scenario is
                that robustness is key driving force in evolution of metabolic-network structure and
                that this weakly modular structure above comes from trade-offs between
                robustness-increasing and robustness-decreasing changes in modularity. However,
                functionality and chemical constraint probably also play a major role in this
                evolution. Note that if one considers smaller feedback loops as modules, rather than
                network clusters, evolution is by necessity modular in the sense that adding the
                production of a new substance often needs the addition of its degradation (this is
                because many substances cannot penetrate the cell membrane and would be toxic if
                accumulated). The conclusion that modularity does not affect robustness in a single
                direction has further implications for synthetic biology that often, at least
                theoretically, strives to design functionality from combination of modules <xref ref-type="bibr" rid="pone.0016605-Andrianantorando1">[19]</xref>,
                    <xref ref-type="bibr" rid="pone.0016605-Keasling1">[20]</xref>—our study hints the such an approach would not give
                robustness for free.</p>
      <p>For the future, we anticipate more studies cataloguing the principles of robustness,
                and the effects of modularity. We believe model studies like the present are the
                best theoretical way to proceed. An alternative is to compare the modularity of
                different organisms <xref ref-type="bibr" rid="pone.0016605-Li1">[21]</xref> to find changes in the modularity over the course of
                evolution, but in such an approach it would be hard to tease apart fundamental
                physical constraints from evolutionary pressure. It would of course also be
                interesting to experimentally compare the response of different organisms, or cell
                types, with metabolism of different network modularity to perturbations. Further
                into the future, we hope for experimental methods to measure the dynamics of the
                entire chemical composition of cells.</p>
    </sec>
    <sec id="s4" sec-type="methods">
      <title>Methods</title>
      <sec id="s4a">
        <title>Notations and mathematical framework</title>
        <p>We consider a reaction system of <inline-formula><inline-graphic mimetype="image" xlink:href="info:doi/10.1371/journal.pone.0016605.e018" xlink:type="simple"/></inline-formula> metabolites
                            <inline-formula><inline-graphic mimetype="image" xlink:href="info:doi/10.1371/journal.pone.0016605.e019" xlink:type="simple"/></inline-formula> and <inline-formula><inline-graphic mimetype="image" xlink:href="info:doi/10.1371/journal.pone.0016605.e020" xlink:type="simple"/></inline-formula> reactions
                            <inline-formula><inline-graphic mimetype="image" xlink:href="info:doi/10.1371/journal.pone.0016605.e021" xlink:type="simple"/></inline-formula>. A reaction <inline-formula><inline-graphic mimetype="image" xlink:href="info:doi/10.1371/journal.pone.0016605.e022" xlink:type="simple"/></inline-formula> is characterized
                    by its substrates <inline-formula><inline-graphic mimetype="image" xlink:href="info:doi/10.1371/journal.pone.0016605.e023" xlink:type="simple"/></inline-formula>, their
                    multiplicities <inline-formula><inline-graphic mimetype="image" xlink:href="info:doi/10.1371/journal.pone.0016605.e024" xlink:type="simple"/></inline-formula>, its products
                            <inline-formula><inline-graphic mimetype="image" xlink:href="info:doi/10.1371/journal.pone.0016605.e025" xlink:type="simple"/></inline-formula> and their multiplicities <inline-formula><inline-graphic mimetype="image" xlink:href="info:doi/10.1371/journal.pone.0016605.e026" xlink:type="simple"/></inline-formula>, and a reaction
                    coefficient <inline-formula><inline-graphic mimetype="image" xlink:href="info:doi/10.1371/journal.pone.0016605.e027" xlink:type="simple"/></inline-formula>. Consider, for example, the reaction
                            2H<inline-formula><inline-graphic mimetype="image" xlink:href="info:doi/10.1371/journal.pone.0016605.e028" xlink:type="simple"/></inline-formula> + O<inline-formula><inline-graphic mimetype="image" xlink:href="info:doi/10.1371/journal.pone.0016605.e029" xlink:type="simple"/></inline-formula>
                    <inline-formula><inline-graphic mimetype="image" xlink:href="info:doi/10.1371/journal.pone.0016605.e030" xlink:type="simple"/></inline-formula> 2 H<inline-formula><inline-graphic mimetype="image" xlink:href="info:doi/10.1371/journal.pone.0016605.e031" xlink:type="simple"/></inline-formula>O. Then we have
                            <inline-formula><inline-graphic mimetype="image" xlink:href="info:doi/10.1371/journal.pone.0016605.e032" xlink:type="simple"/></inline-formula>, <inline-formula><inline-graphic mimetype="image" xlink:href="info:doi/10.1371/journal.pone.0016605.e033" xlink:type="simple"/></inline-formula>
                    <inline-formula><inline-graphic mimetype="image" xlink:href="info:doi/10.1371/journal.pone.0016605.e034" xlink:type="simple"/></inline-formula> is H<inline-formula><inline-graphic mimetype="image" xlink:href="info:doi/10.1371/journal.pone.0016605.e035" xlink:type="simple"/></inline-formula>,
                            <inline-formula><inline-graphic mimetype="image" xlink:href="info:doi/10.1371/journal.pone.0016605.e036" xlink:type="simple"/></inline-formula> is O<inline-formula><inline-graphic mimetype="image" xlink:href="info:doi/10.1371/journal.pone.0016605.e037" xlink:type="simple"/></inline-formula>,
                            <inline-formula><inline-graphic mimetype="image" xlink:href="info:doi/10.1371/journal.pone.0016605.e038" xlink:type="simple"/></inline-formula>, <inline-formula><inline-graphic mimetype="image" xlink:href="info:doi/10.1371/journal.pone.0016605.e039" xlink:type="simple"/></inline-formula>,
                            <inline-formula><inline-graphic mimetype="image" xlink:href="info:doi/10.1371/journal.pone.0016605.e040" xlink:type="simple"/></inline-formula> is H<inline-formula><inline-graphic mimetype="image" xlink:href="info:doi/10.1371/journal.pone.0016605.e041" xlink:type="simple"/></inline-formula>O and
                            <inline-formula><inline-graphic mimetype="image" xlink:href="info:doi/10.1371/journal.pone.0016605.e042" xlink:type="simple"/></inline-formula>. From a reaction system one can derive a graph
                            <inline-formula><inline-graphic mimetype="image" xlink:href="info:doi/10.1371/journal.pone.0016605.e043" xlink:type="simple"/></inline-formula>, where <inline-formula><inline-graphic mimetype="image" xlink:href="info:doi/10.1371/journal.pone.0016605.e044" xlink:type="simple"/></inline-formula>
                            (<inline-formula><inline-graphic mimetype="image" xlink:href="info:doi/10.1371/journal.pone.0016605.e045" xlink:type="simple"/></inline-formula> in this case) is the set of vertices of the graph and
                            <inline-formula><inline-graphic mimetype="image" xlink:href="info:doi/10.1371/journal.pone.0016605.e046" xlink:type="simple"/></inline-formula> is the set of edges. One can define several types of
                    metabolic graphs. In this work we focus on substance graphs (claimed to encode
                    more functional information about the graphs than other simple-graph
                    representations <xref ref-type="bibr" rid="pone.0016605-Holme1">[5]</xref>, <xref ref-type="bibr" rid="pone.0016605-Holme2">[15]</xref>), where the vertices are substances and there is an
                    (undirected) edge between two vertices if they are either substrates or products
                    of the same reaction (edges between a vertex to itself is not allowed). In the
                    example above, the reaction will contribute with three
                            edges—<inline-formula><inline-graphic mimetype="image" xlink:href="info:doi/10.1371/journal.pone.0016605.e047" xlink:type="simple"/></inline-formula>,
                            <inline-formula><inline-graphic mimetype="image" xlink:href="info:doi/10.1371/journal.pone.0016605.e048" xlink:type="simple"/></inline-formula> and <inline-formula><inline-graphic mimetype="image" xlink:href="info:doi/10.1371/journal.pone.0016605.e049" xlink:type="simple"/></inline-formula>—to the
                    substance graph (see <xref ref-type="fig" rid="pone-0016605-g001">Fig.
                    1A</xref>).</p>
      </sec>
      <sec id="s4b">
        <title>Network modularity</title>
        <p>We will shortly discuss how network modularity is calculated. For a more
                    comprehensive review, see Refs. <xref ref-type="bibr" rid="pone.0016605-Fortunato1">[2]</xref>, <xref ref-type="bibr" rid="pone.0016605-Newman1">[3]</xref>. Let the vertex set be
                    partitioned into groups and let <inline-formula><inline-graphic mimetype="image" xlink:href="info:doi/10.1371/journal.pone.0016605.e050" xlink:type="simple"/></inline-formula> denote the
                    fraction of edges between group <inline-formula><inline-graphic mimetype="image" xlink:href="info:doi/10.1371/journal.pone.0016605.e051" xlink:type="simple"/></inline-formula> and
                            <inline-formula><inline-graphic mimetype="image" xlink:href="info:doi/10.1371/journal.pone.0016605.e052" xlink:type="simple"/></inline-formula>. The modularity of this partition is defined as
                            <disp-formula><graphic mimetype="image" position="float" xlink:href="info:doi/10.1371/journal.pone.0016605.e053" xlink:type="simple"/><label>(1)</label></disp-formula>where the sum is over all the vertex
                    groups. The term <inline-formula><inline-graphic mimetype="image" xlink:href="info:doi/10.1371/journal.pone.0016605.e054" xlink:type="simple"/></inline-formula> is the expectation
                    value of <inline-formula><inline-graphic mimetype="image" xlink:href="info:doi/10.1371/journal.pone.0016605.e055" xlink:type="simple"/></inline-formula> in a random graph. The measure for graph modularity that
                    we use is <inline-formula><inline-graphic mimetype="image" xlink:href="info:doi/10.1371/journal.pone.0016605.e056" xlink:type="simple"/></inline-formula>—<inline-formula><inline-graphic mimetype="image" xlink:href="info:doi/10.1371/journal.pone.0016605.e057" xlink:type="simple"/></inline-formula> maximized over all
                    partitions (by a heuristics proposed in Ref. <xref ref-type="bibr" rid="pone.0016605-Newman1">[3]</xref>). Comparing
                            <inline-formula><inline-graphic mimetype="image" xlink:href="info:doi/10.1371/journal.pone.0016605.e058" xlink:type="simple"/></inline-formula> of graphs with different sizes and degree distributions
                    is not completely straightforward. Even for networks generated by one particular
                    model (that one would from construction expect to have the same modularity)
                            <inline-formula><inline-graphic mimetype="image" xlink:href="info:doi/10.1371/journal.pone.0016605.e059" xlink:type="simple"/></inline-formula> can vary with the network size <xref ref-type="bibr" rid="pone.0016605-Guimer1">[22]</xref>. Fortunately, for this
                    work, such changes are monotonous. This means that we can use
                            <inline-formula><inline-graphic mimetype="image" xlink:href="info:doi/10.1371/journal.pone.0016605.e060" xlink:type="simple"/></inline-formula> to detect changes in robustness in response to changes
                    in modularity even though the particular functional forms of the curves of
                    robustness vs. <inline-formula><inline-graphic mimetype="image" xlink:href="info:doi/10.1371/journal.pone.0016605.e061" xlink:type="simple"/></inline-formula> are hard to
                    interpret.</p>
      </sec>
      <sec id="s4c">
        <title>Model reaction systems with tunable network modularity</title>
        <p>In this section, we will sketch the model of reaction systems with tunable
                    network modularity. The model we use treats atoms of the molecular species
                    explicitly. The set of all atoms is divided into <inline-formula><inline-graphic mimetype="image" xlink:href="info:doi/10.1371/journal.pone.0016605.e062" xlink:type="simple"/></inline-formula> groups (or
                    proto-modules) of equal size <inline-formula><inline-graphic mimetype="image" xlink:href="info:doi/10.1371/journal.pone.0016605.e063" xlink:type="simple"/></inline-formula>.
                            <inline-formula><inline-graphic mimetype="image" xlink:href="info:doi/10.1371/journal.pone.0016605.e064" xlink:type="simple"/></inline-formula> reactions are added to the system such that they obey
                    mass conservation (for all atom species, the number of individuals is the same
                    for substrates and products). <inline-formula><inline-graphic mimetype="image" xlink:href="info:doi/10.1371/journal.pone.0016605.e065" xlink:type="simple"/></inline-formula> reactions are
                    added between molecules consisting of atoms from the same group. The remaining
                            <inline-formula><inline-graphic mimetype="image" xlink:href="info:doi/10.1371/journal.pone.0016605.e066" xlink:type="simple"/></inline-formula> reactions are added between molecules of any atomic
                    composition. For low <inline-formula><inline-graphic mimetype="image" xlink:href="info:doi/10.1371/journal.pone.0016605.e067" xlink:type="simple"/></inline-formula>-values, relatively
                    few reactions will connect different groups and therefore the derived network
                    modularity will be low. If <inline-formula><inline-graphic mimetype="image" xlink:href="info:doi/10.1371/journal.pone.0016605.e068" xlink:type="simple"/></inline-formula> is close to one,
                    the derived graphs will be more modular. The molecules are constructed by
                    randomly combining atoms of a group. Reactions are generated by randomly
                    splitting and recombining molecules. If the mass conservation is broken, or the
                    reaction already exists in the data set, then the molecule construction is
                    repeated. If no reaction fulfilling mass conservation has been found after
                            <inline-formula><inline-graphic mimetype="image" xlink:href="info:doi/10.1371/journal.pone.0016605.e069" xlink:type="simple"/></inline-formula> iterations, then this is done by defining new molecules.
                    With a larger value of <inline-formula><inline-graphic mimetype="image" xlink:href="info:doi/10.1371/journal.pone.0016605.e070" xlink:type="simple"/></inline-formula>, the substance
                    graphs will thus be both denser and have fewer metabolites
                            (<inline-formula><inline-graphic mimetype="image" xlink:href="info:doi/10.1371/journal.pone.0016605.e071" xlink:type="simple"/></inline-formula> is, perhaps a little unusually, an output of the model,
                    whereas <inline-formula><inline-graphic mimetype="image" xlink:href="info:doi/10.1371/journal.pone.0016605.e072" xlink:type="simple"/></inline-formula> is a control parameter).</p>
        <p>There are a number of other technicalities, like how the molecules are
                    constructed from the atoms etc., that are explained in detail in Ref. <xref ref-type="bibr" rid="pone.0016605-Holme2">[15]</xref>. We also
                    modify the algorithm of Ref. <xref ref-type="bibr" rid="pone.0016605-Holme2">[15]</xref> when it comes to inter-group reactions. In Ref. <xref ref-type="bibr" rid="pone.0016605-Holme2">[15]</xref> these always
                    act as sources and sinks (so that there is never a flow between modules); here
                    all inter-group reactions are bridges between the modules (so that these
                    reactions have at least one substrate in one group and one product in the
                    other).</p>
        <p>In this work we use the parameter values <inline-formula><inline-graphic mimetype="image" xlink:href="info:doi/10.1371/journal.pone.0016605.e073" xlink:type="simple"/></inline-formula>,
                            <inline-formula><inline-graphic mimetype="image" xlink:href="info:doi/10.1371/journal.pone.0016605.e074" xlink:type="simple"/></inline-formula>, <inline-formula><inline-graphic mimetype="image" xlink:href="info:doi/10.1371/journal.pone.0016605.e075" xlink:type="simple"/></inline-formula> and
                            <inline-formula><inline-graphic mimetype="image" xlink:href="info:doi/10.1371/journal.pone.0016605.e076" xlink:type="simple"/></inline-formula> (the values of the other parameters, related to the
                    details in Ref. <xref ref-type="bibr" rid="pone.0016605-Holme2">[15]</xref> are the same as in that paper).</p>
      </sec>
      <sec id="s4d">
        <title>Reaction kinetics</title>
        <p>To simulate the biochemical dynamics, we use simple mass-action kinetics. This
                    approach is, technically speaking, assuming all enzymatic effects can be encoded
                    into the reaction coefficients and the reaction system itself. The main reason
                    for this simplification is that, when speaking about network modularity, enzymes
                    are usually only included implicitly (via the active reactions), so to relate
                    the robustness to network modularity we need a kinetic description of the same
                    level of description. Given a reaction system generated by the scheme above we
                    assign a rate constant <inline-formula><inline-graphic mimetype="image" xlink:href="info:doi/10.1371/journal.pone.0016605.e077" xlink:type="simple"/></inline-formula> to each reaction
                            <inline-formula><inline-graphic mimetype="image" xlink:href="info:doi/10.1371/journal.pone.0016605.e078" xlink:type="simple"/></inline-formula> drawn from a normal distribution
                            <inline-formula><inline-graphic mimetype="image" xlink:href="info:doi/10.1371/journal.pone.0016605.e079" xlink:type="simple"/></inline-formula> (the sign of <inline-formula><inline-graphic mimetype="image" xlink:href="info:doi/10.1371/journal.pone.0016605.e080" xlink:type="simple"/></inline-formula> defines the
                    direction of the reaction) and initial concentration
                            <inline-formula><inline-graphic mimetype="image" xlink:href="info:doi/10.1371/journal.pone.0016605.e081" xlink:type="simple"/></inline-formula> of a substance <inline-formula><inline-graphic mimetype="image" xlink:href="info:doi/10.1371/journal.pone.0016605.e082" xlink:type="simple"/></inline-formula> in
                            <inline-formula><inline-graphic mimetype="image" xlink:href="info:doi/10.1371/journal.pone.0016605.e083" xlink:type="simple"/></inline-formula> (setting negative concentrations to zero). From this
                    starting point, we use the kinetic equation <disp-formula><graphic mimetype="image" position="float" xlink:href="info:doi/10.1371/journal.pone.0016605.e084" xlink:type="simple"/><label>(2)</label></disp-formula>where the sum is over all reactions
                            <inline-formula><inline-graphic mimetype="image" xlink:href="info:doi/10.1371/journal.pone.0016605.e085" xlink:type="simple"/></inline-formula> with <inline-formula><inline-graphic mimetype="image" xlink:href="info:doi/10.1371/journal.pone.0016605.e086" xlink:type="simple"/></inline-formula> as a product,
                    where <inline-formula><inline-graphic mimetype="image" xlink:href="info:doi/10.1371/journal.pone.0016605.e087" xlink:type="simple"/></inline-formula> is <inline-formula><inline-graphic mimetype="image" xlink:href="info:doi/10.1371/journal.pone.0016605.e088" xlink:type="simple"/></inline-formula>'s
                    multiplicity in the reaction <inline-formula><inline-graphic mimetype="image" xlink:href="info:doi/10.1371/journal.pone.0016605.e089" xlink:type="simple"/></inline-formula>. To simulate the
                    metabolic flux we also add source and sink terms to Eq. 2 for some metabolites.
                    We let all the metabolites that are not substrates of any reaction be sinks
                    (otherwise their mass would just accumulate) and all metabolites that are not a
                    product of any reaction to be sources. In practice there will always be both
                    sources and sinks in the generated reaction systems. (If the reaction systems
                    would be generated in some other way one would need to put in sources and sinks
                    explicitly.) We model the outflux by letting the sink-metabolites flow out of
                    the system with a rate proportional to <inline-formula><inline-graphic mimetype="image" xlink:href="info:doi/10.1371/journal.pone.0016605.e090" xlink:type="simple"/></inline-formula> times the
                    concentration of the metabolite. In our simulations we use
                            <inline-formula><inline-graphic mimetype="image" xlink:href="info:doi/10.1371/journal.pone.0016605.e091" xlink:type="simple"/></inline-formula>. We keep the inflow rate the same as the outflow rate so
                    that the total mass is conserved. The inflow is distributed to the inflow
                    metabolites in proportion to <inline-formula><inline-graphic mimetype="image" xlink:href="info:doi/10.1371/journal.pone.0016605.e092" xlink:type="simple"/></inline-formula>, a random variable
                    for each inflow metabolite drawn from a <inline-formula><inline-graphic mimetype="image" xlink:href="info:doi/10.1371/journal.pone.0016605.e093" xlink:type="simple"/></inline-formula> distribution when
                    the reaction system is generated.</p>
        <p>From the above setup, we run the system is until it converges (which it always
                    does for the dynamic systems in question). We integrate the system with the
                    Euler method (with time step <inline-formula><inline-graphic mimetype="image" xlink:href="info:doi/10.1371/journal.pone.0016605.e094" xlink:type="simple"/></inline-formula> until the time
                            <inline-formula><inline-graphic mimetype="image" xlink:href="info:doi/10.1371/journal.pone.0016605.e095" xlink:type="simple"/></inline-formula> when <disp-formula><graphic mimetype="image" position="float" xlink:href="info:doi/10.1371/journal.pone.0016605.e096" xlink:type="simple"/><label>(3)</label></disp-formula></p>
        <p>We use <inline-formula><inline-graphic mimetype="image" xlink:href="info:doi/10.1371/journal.pone.0016605.e097" xlink:type="simple"/></inline-formula> in this simulations. Higher precision in
                            <inline-formula><inline-graphic mimetype="image" xlink:href="info:doi/10.1371/journal.pone.0016605.e098" xlink:type="simple"/></inline-formula> or <inline-formula><inline-graphic mimetype="image" xlink:href="info:doi/10.1371/journal.pone.0016605.e099" xlink:type="simple"/></inline-formula> does not change
                    the outcome significantly. In this paper we use the parameter values
                            <inline-formula><inline-graphic mimetype="image" xlink:href="info:doi/10.1371/journal.pone.0016605.e100" xlink:type="simple"/></inline-formula>, <inline-formula><inline-graphic mimetype="image" xlink:href="info:doi/10.1371/journal.pone.0016605.e101" xlink:type="simple"/></inline-formula>,
                            <inline-formula><inline-graphic mimetype="image" xlink:href="info:doi/10.1371/journal.pone.0016605.e102" xlink:type="simple"/></inline-formula>, <inline-formula><inline-graphic mimetype="image" xlink:href="info:doi/10.1371/journal.pone.0016605.e103" xlink:type="simple"/></inline-formula>,
                            <inline-formula><inline-graphic mimetype="image" xlink:href="info:doi/10.1371/journal.pone.0016605.e104" xlink:type="simple"/></inline-formula>, <inline-formula><inline-graphic mimetype="image" xlink:href="info:doi/10.1371/journal.pone.0016605.e105" xlink:type="simple"/></inline-formula> and
                            <inline-formula><inline-graphic mimetype="image" xlink:href="info:doi/10.1371/journal.pone.0016605.e106" xlink:type="simple"/></inline-formula>.</p>
      </sec>
      <sec id="s4e">
        <title>Genetic perturbations</title>
        <p>Since we exclude genetic control and explicit enzymes in our reaction-system
                    kinetics, we have to model the genetic perturbations indirectly. This is on the
                    other hand quite straightforward. We replace <inline-formula><inline-graphic mimetype="image" xlink:href="info:doi/10.1371/journal.pone.0016605.e107" xlink:type="simple"/></inline-formula> randomly chosen
                    reactions following the same rules as when the reaction system was first
                    constructed. For local perturbations, the reactions are chosen from one randomly
                    selected cluster (identified by the cluster-detection algorithm above). A
                    reaction is associated to the module to which a majority of its metabolites are
                    categorized (if there is a tie, we select a cluster randomly). In this process,
                    new metabolites will inevitably be generated and others possibly deleted. To
                    conserve mass in case the number of metabolites changes, we split the mass of
                    the deleted metabolites equally among the new. We also go over the system and
                    update the sources and sinks in the same way as when the reaction system was
                    constructed.</p>
      </sec>
      <sec id="s4f">
        <title>Metabolic perturbations</title>
        <p>Analogously to the genetic perturbations, we also require the metabolic
                    perturbations to conserve the total mass. We control the magnitude of the
                    perturbation by a parameter <inline-formula><inline-graphic mimetype="image" xlink:href="info:doi/10.1371/journal.pone.0016605.e108" xlink:type="simple"/></inline-formula> by requiring that
                            <disp-formula><graphic mimetype="image" position="float" xlink:href="info:doi/10.1371/journal.pone.0016605.e109" xlink:type="simple"/><label>(4)</label></disp-formula>where <inline-formula><inline-graphic mimetype="image" xlink:href="info:doi/10.1371/journal.pone.0016605.e110" xlink:type="simple"/></inline-formula> is the total mass
                    of metabolite <inline-formula><inline-graphic mimetype="image" xlink:href="info:doi/10.1371/journal.pone.0016605.e111" xlink:type="simple"/></inline-formula> before the perturbation and
                            <inline-formula><inline-graphic mimetype="image" xlink:href="info:doi/10.1371/journal.pone.0016605.e112" xlink:type="simple"/></inline-formula> is the total mass after, and
                            <inline-formula><inline-graphic mimetype="image" xlink:href="info:doi/10.1371/journal.pone.0016605.e113" xlink:type="simple"/></inline-formula> is a set of metabolites. In practice the masses have a
                    right-skewed, heavy tailed distribution (as observed in real systems <xref ref-type="bibr" rid="pone.0016605-Kaneko1">[23]</xref>). This
                    means that if we just continue adding metabolites randomly until the condition
                    Eq. (4) is fulfilled, and <inline-formula><inline-graphic mimetype="image" xlink:href="info:doi/10.1371/journal.pone.0016605.e114" xlink:type="simple"/></inline-formula> is not very small
                    (we use <inline-formula><inline-graphic mimetype="image" xlink:href="info:doi/10.1371/journal.pone.0016605.e115" xlink:type="simple"/></inline-formula>), we will have to perturb a rather large fraction of the
                    metabolites. To get around this problem, consider a set
                            <inline-formula><inline-graphic mimetype="image" xlink:href="info:doi/10.1371/journal.pone.0016605.e116" xlink:type="simple"/></inline-formula> of metabolite pairs. For the local perturbations, we
                    choose a cluster (as detected by the algorithm above) at random as
                            <inline-formula><inline-graphic mimetype="image" xlink:href="info:doi/10.1371/journal.pone.0016605.e117" xlink:type="simple"/></inline-formula> and add pairs of metabolites picked at random to
                            <inline-formula><inline-graphic mimetype="image" xlink:href="info:doi/10.1371/journal.pone.0016605.e118" xlink:type="simple"/></inline-formula> until the condition is met or all there are no
                    metabolites left in the cluster. For the global perturbations we let
                            <inline-formula><inline-graphic mimetype="image" xlink:href="info:doi/10.1371/journal.pone.0016605.e119" xlink:type="simple"/></inline-formula> and split the metabolites into two sets
                            <inline-formula><inline-graphic mimetype="image" xlink:href="info:doi/10.1371/journal.pone.0016605.e120" xlink:type="simple"/></inline-formula> and <inline-formula><inline-graphic mimetype="image" xlink:href="info:doi/10.1371/journal.pone.0016605.e121" xlink:type="simple"/></inline-formula> where the total
                    mass of any metabolite in <inline-formula><inline-graphic mimetype="image" xlink:href="info:doi/10.1371/journal.pone.0016605.e122" xlink:type="simple"/></inline-formula> is larger than any
                    metabolite in <inline-formula><inline-graphic mimetype="image" xlink:href="info:doi/10.1371/journal.pone.0016605.e123" xlink:type="simple"/></inline-formula> and <inline-formula><inline-graphic mimetype="image" xlink:href="info:doi/10.1371/journal.pone.0016605.e124" xlink:type="simple"/></inline-formula> is as small as
                    possible such that the total mass of <inline-formula><inline-graphic mimetype="image" xlink:href="info:doi/10.1371/journal.pone.0016605.e125" xlink:type="simple"/></inline-formula> is larger than
                            <inline-formula><inline-graphic mimetype="image" xlink:href="info:doi/10.1371/journal.pone.0016605.e126" xlink:type="simple"/></inline-formula>. In our simulations <inline-formula><inline-graphic mimetype="image" xlink:href="info:doi/10.1371/journal.pone.0016605.e127" xlink:type="simple"/></inline-formula> always has more
                    elements than <inline-formula><inline-graphic mimetype="image" xlink:href="info:doi/10.1371/journal.pone.0016605.e128" xlink:type="simple"/></inline-formula>. Then we add pairs where one metabolite is randomly
                    selected from <inline-formula><inline-graphic mimetype="image" xlink:href="info:doi/10.1371/journal.pone.0016605.e129" xlink:type="simple"/></inline-formula> and one is randomly selected from
                            <inline-formula><inline-graphic mimetype="image" xlink:href="info:doi/10.1371/journal.pone.0016605.e130" xlink:type="simple"/></inline-formula> until Eq. (4) is true.</p>
      </sec>
      <sec id="s4g">
        <title>Robustness measures</title>
        <p>Any measure of robustness should increase the more similar the system is before
                    and after a perturbation. For biological functionality, it could be just as
                    important to keep the concentrations of rare metabolites steady as those of the
                    most abundant ones. Let <inline-formula><inline-graphic mimetype="image" xlink:href="info:doi/10.1371/journal.pone.0016605.e131" xlink:type="simple"/></inline-formula> be the
                    concentration of metabolite <inline-formula><inline-graphic mimetype="image" xlink:href="info:doi/10.1371/journal.pone.0016605.e132" xlink:type="simple"/></inline-formula> before the
                    perturbation and <inline-formula><inline-graphic mimetype="image" xlink:href="info:doi/10.1371/journal.pone.0016605.e133" xlink:type="simple"/></inline-formula> be the
                    concentration after. A natural choice would be to take the average over the
                    metabolites of the change <inline-formula><inline-graphic mimetype="image" xlink:href="info:doi/10.1371/journal.pone.0016605.e134" xlink:type="simple"/></inline-formula> rescaled by the
                    typical concentration of <inline-formula><inline-graphic mimetype="image" xlink:href="info:doi/10.1371/journal.pone.0016605.e135" xlink:type="simple"/></inline-formula> as a measure of
                    unrobustness (and thus its reciprocal value as a measure of robustness). As
                    “typical concentration” one choice is the average. In practice, the
                    metabolites that are very close to zero in concentration can give a rather large
                    signal due just to numerical errors. To suppress such numerical noise, we rather
                    use the quadratic mean, which decreases the expression's sensitivity to
                    fluctuations in the denominator in the frequent situation that the
                    concentrations are close to zero, thus putting a lower weight on the more
                    uncertain terms. Our robustness measure thus becomes <disp-formula><graphic mimetype="image" position="float" xlink:href="info:doi/10.1371/journal.pone.0016605.e136" xlink:type="simple"/><label>(5)</label></disp-formula>where <inline-formula><inline-graphic mimetype="image" xlink:href="info:doi/10.1371/journal.pone.0016605.e137" xlink:type="simple"/></inline-formula> is a set of
                    metabolites and <inline-formula><inline-graphic mimetype="image" xlink:href="info:doi/10.1371/journal.pone.0016605.e138" xlink:type="simple"/></inline-formula> denotes the
                    absolute value of a number or the number of elements of a set. We consider two
                    versions of this measure, one averaged over the whole set of metabolites, which
                    we call system-wide perturbations <inline-formula><inline-graphic mimetype="image" xlink:href="info:doi/10.1371/journal.pone.0016605.e139" xlink:type="simple"/></inline-formula>, and one averaged
                    over the metabolites directly affected by the perturbations (the metabolites
                    participating in a reaction catalyzed by a perturbed enzyme in the case of
                    genetic perturbations or, trivially, the perturbed metabolites of a metabolic
                    perturbation), which we refer to as focal robustness
                            <inline-formula><inline-graphic mimetype="image" xlink:href="info:doi/10.1371/journal.pone.0016605.e140" xlink:type="simple"/></inline-formula>.</p>
      </sec>
    </sec>
  </body>
  <back>
    <ref-list>
      <title>References</title>
      <ref id="pone.0016605-Barabsi1">
        <label>1</label>
        <element-citation publication-type="journal" xlink:type="simple">
                    <person-group person-group-type="author"><name name-style="western"><surname>Barabási</surname><given-names>AL</given-names></name></person-group>
                    <year>2004</year>
                    <article-title>Network biology: Understanding the cell's functional
                        organization.</article-title>
                    <source>Nature Reviews Genetics</source>
                    <volume>4</volume>
                    <fpage>101</fpage>
                    <lpage>114</lpage>
                </element-citation>
      </ref>
      <ref id="pone.0016605-Fortunato1">
        <label>2</label>
        <element-citation publication-type="journal" xlink:type="simple">
                    <person-group person-group-type="author"><name name-style="western"><surname>Fortunato</surname><given-names>S</given-names></name></person-group>
                    <year>2010</year>
                    <article-title>Community detection in graphs.</article-title>
                    <source>Physics Reports</source>
                    <volume>486</volume>
                    <fpage>75</fpage>
                    <lpage>174</lpage>
                </element-citation>
      </ref>
      <ref id="pone.0016605-Newman1">
        <label>3</label>
        <element-citation publication-type="journal" xlink:type="simple">
                    <person-group person-group-type="author"><name name-style="western"><surname>Newman</surname><given-names>MEJ</given-names></name></person-group>
                    <year>2006</year>
                    <article-title>Modularity and community structure in networks.</article-title>
                    <source>Proc Natl Acad Sci USA</source>
                    <volume>103</volume>
                    <fpage>8577</fpage>
                    <lpage>8582</lpage>
                </element-citation>
      </ref>
      <ref id="pone.0016605-Huss1">
        <label>4</label>
        <element-citation publication-type="journal" xlink:type="simple">
                    <person-group person-group-type="author"><name name-style="western"><surname>Huss</surname><given-names>M</given-names></name><name name-style="western"><surname>Holme</surname><given-names>P</given-names></name></person-group>
                    <year>2007</year>
                    <article-title>Currency and commodity metabolites: Their identification and
                        relation to the modularity of metabolic networks.</article-title>
                    <source>IET Systems Biology</source>
                    <volume>1</volume>
                    <fpage>280</fpage>
                    <lpage>285</lpage>
                </element-citation>
      </ref>
      <ref id="pone.0016605-Holme1">
        <label>5</label>
        <element-citation publication-type="journal" xlink:type="simple">
                    <person-group person-group-type="author"><name name-style="western"><surname>Holme</surname><given-names>P</given-names></name><name name-style="western"><surname>Huss</surname><given-names>M</given-names></name></person-group>
                    <year>2010</year>
                    <article-title>Substance graphs are optimal simple-graph representations of
                        metabolism.</article-title>
                    <source>Chinese Science Bulletin</source>
                    <volume>55</volume>
                    <fpage>3161</fpage>
                    <lpage>3168</lpage>
                </element-citation>
      </ref>
      <ref id="pone.0016605-Zhao1">
        <label>6</label>
        <element-citation publication-type="journal" xlink:type="simple">
                    <person-group person-group-type="author"><name name-style="western"><surname>Zhao</surname><given-names>J</given-names></name><name name-style="western"><surname>Yu</surname><given-names>H</given-names></name><name name-style="western"><surname>Luo</surname><given-names>JH</given-names></name><name name-style="western"><surname>Cao</surname><given-names>ZW</given-names></name><name name-style="western"><surname>Li</surname><given-names>YX</given-names></name></person-group>
                    <year>2006</year>
                    <article-title>Hierarchical modularity of nested bow-ties in metabolic
                        networks.</article-title>
                    <source>BMC Bioinformatics</source>
                    <volume>7</volume>
                    <fpage>386</fpage>
                </element-citation>
      </ref>
      <ref id="pone.0016605-Ravasz1">
        <label>7</label>
        <element-citation publication-type="journal" xlink:type="simple">
                    <person-group person-group-type="author"><name name-style="western"><surname>Ravasz</surname><given-names>E</given-names></name><name name-style="western"><surname>Somera</surname><given-names>AL</given-names></name><name name-style="western"><surname>Mongru</surname><given-names>DA</given-names></name><name name-style="western"><surname>Oltvai</surname><given-names>ZN</given-names></name><name name-style="western"><surname>Barabási</surname><given-names>AL</given-names></name></person-group>
                    <year>2002</year>
                    <article-title>Hierarchical organization of modularity in metabolic
                        networks.</article-title>
                    <source>Science</source>
                    <volume>297</volume>
                    <fpage>1553</fpage>
                    <lpage>1555</lpage>
                </element-citation>
      </ref>
      <ref id="pone.0016605-Zhao2">
        <label>8</label>
        <element-citation publication-type="journal" xlink:type="simple">
                    <person-group person-group-type="author"><name name-style="western"><surname>Zhao</surname><given-names>J</given-names></name><name name-style="western"><surname>Ding</surname><given-names>GH</given-names></name><name name-style="western"><surname>Tao</surname><given-names>L</given-names></name><name name-style="western"><surname>Yu</surname><given-names>H</given-names></name><name name-style="western"><surname>Yu</surname><given-names>ZH</given-names></name><etal/></person-group>
                    <year>2007</year>
                    <article-title>Modular co-evolution of metabolic networks.</article-title>
                    <source>BMC Bioinformatics</source>
                    <volume>8</volume>
                    <fpage>311</fpage>
                </element-citation>
      </ref>
      <ref id="pone.0016605-Alon1">
        <label>9</label>
        <element-citation publication-type="journal" xlink:type="simple">
                    <person-group person-group-type="author"><name name-style="western"><surname>Alon</surname><given-names>U</given-names></name></person-group>
                    <year>2003</year>
                    <article-title>Biological networks: The tinkerer as an engineer.</article-title>
                    <source>Science</source>
                    <volume>301</volume>
                    <fpage>1866</fpage>
                    <lpage>1867</lpage>
                </element-citation>
      </ref>
      <ref id="pone.0016605-Smart1">
        <label>10</label>
        <element-citation publication-type="journal" xlink:type="simple">
                    <person-group person-group-type="author"><name name-style="western"><surname>Smart</surname><given-names>AG</given-names></name><name name-style="western"><surname>Amaral</surname><given-names>LAN</given-names></name><name name-style="western"><surname>Ottino</surname><given-names>JM</given-names></name></person-group>
                    <year>2008</year>
                    <article-title>Cascading failure and robustness in metabolic
                        networks.</article-title>
                    <source>Proc Natl Acad Sci USA</source>
                    <volume>105</volume>
                    <fpage>13223</fpage>
                    <lpage>13228</lpage>
                </element-citation>
      </ref>
      <ref id="pone.0016605-Eum1">
        <label>11</label>
        <element-citation publication-type="other" xlink:type="simple">
                    <person-group person-group-type="author"><name name-style="western"><surname>Eum</surname><given-names>S</given-names></name><name name-style="western"><surname>Arakawa</surname><given-names>S</given-names></name><name name-style="western"><surname>Murata</surname><given-names>M</given-names></name></person-group>
                    <year>2007</year>
                    <article-title>Toward bio-inspired network robustness - step 1. modularity. In:
                        Bio-Inspired Models of Network, Information and Computing Systems
                        2.</article-title>
                    <publisher-loc>New York</publisher-loc>
                    <publisher-name>Association of Computing Machinery</publisher-name>
                    <fpage>84</fpage>
                    <lpage>87</lpage>
                </element-citation>
      </ref>
      <ref id="pone.0016605-Viana1">
        <label>12</label>
        <element-citation publication-type="journal" xlink:type="simple">
                    <person-group person-group-type="author"><name name-style="western"><surname>Viana</surname><given-names>MP</given-names></name><name name-style="western"><surname>Tanck</surname><given-names>E</given-names></name><name name-style="western"><surname>Beletti</surname><given-names>ME</given-names></name><name name-style="western"><surname>Costa</surname><given-names>LF</given-names></name></person-group>
                    <year>2009</year>
                    <article-title>Modularity and robustness of bone networks.</article-title>
                    <source>Mol Biosyst</source>
                    <volume>5</volume>
                    <fpage>255</fpage>
                    <lpage>261</lpage>
                </element-citation>
      </ref>
      <ref id="pone.0016605-Hinze1">
        <label>13</label>
        <element-citation publication-type="journal" xlink:type="simple">
                    <person-group person-group-type="author"><name name-style="western"><surname>Hinze</surname><given-names>A</given-names></name><name name-style="western"><surname>Adami</surname><given-names>C</given-names></name></person-group>
                    <year>2008</year>
                    <article-title>Evolution of complex modular biological networks.</article-title>
                    <source>PLoS Comput Biol</source>
                    <volume>4</volume>
                    <fpage>e23</fpage>
                </element-citation>
      </ref>
      <ref id="pone.0016605-Wagner1">
        <label>14</label>
        <element-citation publication-type="other" xlink:type="simple">
                    <person-group person-group-type="author"><name name-style="western"><surname>Wagner</surname><given-names>A</given-names></name></person-group>
                    <year>2005</year>
                    <article-title>Robustness and Evolvability in Living Systems.</article-title>
                    <publisher-loc>Princeton, NJ</publisher-loc>
                    <publisher-name>Princeton University Press</publisher-name>
                </element-citation>
      </ref>
      <ref id="pone.0016605-Holme2">
        <label>15</label>
        <element-citation publication-type="journal" xlink:type="simple">
                    <person-group person-group-type="author"><name name-style="western"><surname>Holme</surname><given-names>P</given-names></name></person-group>
                    <year>2009</year>
                    <article-title>Model validation of simple-graph representations of
                        metabolism.</article-title>
                    <source>J Roy Soc Interface</source>
                    <volume>40</volume>
                    <fpage>1027</fpage>
                    <lpage>1034</lpage>
                </element-citation>
      </ref>
      <ref id="pone.0016605-Fell1">
        <label>16</label>
        <element-citation publication-type="journal" xlink:type="simple">
                    <person-group person-group-type="author"><name name-style="western"><surname>Fell</surname><given-names>D</given-names></name></person-group>
                    <year>1992</year>
                    <article-title>Metabolic control analysis: a survey of its theoretical and
                        experimental development.</article-title>
                    <source>Biochem J</source>
                    <volume>1</volume>
                    <fpage>313</fpage>
                    <lpage>330</lpage>
                </element-citation>
      </ref>
      <ref id="pone.0016605-Schuster1">
        <label>17</label>
        <element-citation publication-type="journal" xlink:type="simple">
                    <person-group person-group-type="author"><name name-style="western"><surname>Schuster</surname><given-names>S</given-names></name><name name-style="western"><surname>Dandekar</surname><given-names>T</given-names></name><name name-style="western"><surname>Fell</surname><given-names>D</given-names></name></person-group>
                    <year>1999</year>
                    <article-title>Detection of elementary ux modes in biochemical networks: A
                        promising tool for pathway analysis and metabolic
                        engineering.</article-title>
                    <source>Trends Biotech</source>
                    <volume>17</volume>
                    <fpage>53</fpage>
                    <lpage>60</lpage>
                </element-citation>
      </ref>
      <ref id="pone.0016605-Snel1">
        <label>18</label>
        <element-citation publication-type="journal" xlink:type="simple">
                    <person-group person-group-type="author"><name name-style="western"><surname>Snel</surname><given-names>B</given-names></name><name name-style="western"><surname>Huynen</surname><given-names>MA</given-names></name></person-group>
                    <year>2004</year>
                    <article-title>Quantifying modularity in the evolution of biomolecular
                        systems.</article-title>
                    <source>Genome Research</source>
                    <volume>14</volume>
                    <fpage>391</fpage>
                    <lpage>397</lpage>
                </element-citation>
      </ref>
      <ref id="pone.0016605-Andrianantorando1">
        <label>19</label>
        <element-citation publication-type="journal" xlink:type="simple">
                    <person-group person-group-type="author"><name name-style="western"><surname>Andrianantorando</surname><given-names>E</given-names></name><name name-style="western"><surname>Basu</surname><given-names>S</given-names></name><name name-style="western"><surname>Karig</surname><given-names>DK</given-names></name><name name-style="western"><surname>Weiss</surname><given-names>R</given-names></name></person-group>
                    <year>2006</year>
                    <article-title>Synthetic biology: new engineering rules for an emerging
                        discipline.</article-title>
                    <source>Molecular systems biology</source>
                    <volume>2</volume>
                    <fpage>2006.0028</fpage>
                </element-citation>
      </ref>
      <ref id="pone.0016605-Keasling1">
        <label>20</label>
        <element-citation publication-type="journal" xlink:type="simple">
                    <person-group person-group-type="author"><name name-style="western"><surname>Keasling</surname><given-names>JD</given-names></name></person-group>
                    <year>2010</year>
                    <article-title>Manufacturing molecules through metabolic
                        engineering.</article-title>
                    <source>Science</source>
                    <volume>330</volume>
                    <fpage>1355</fpage>
                    <lpage>1358</lpage>
                </element-citation>
      </ref>
      <ref id="pone.0016605-Li1">
        <label>21</label>
        <element-citation publication-type="other" xlink:type="simple">
                    <person-group person-group-type="author"><name name-style="western"><surname>Li</surname><given-names>X</given-names></name><name name-style="western"><surname>Erten</surname><given-names>S</given-names></name><name name-style="western"><surname>Bebek</surname><given-names>G</given-names></name><name name-style="western"><surname>Koyuturk</surname><given-names>M</given-names></name><name name-style="western"><surname>Li</surname><given-names>J</given-names></name></person-group>
                    <year>2009</year>
                    <article-title>Comparative analysis of modularity in biological
                        systems.</article-title>
                    <publisher-name>2009 Ohio Collaborative Conference on
                        Bioinformatics</publisher-name>
                    <fpage>104</fpage>
                    <lpage>109</lpage>
                </element-citation>
      </ref>
      <ref id="pone.0016605-Guimer1">
        <label>22</label>
        <element-citation publication-type="journal" xlink:type="simple">
                    <person-group person-group-type="author"><name name-style="western"><surname>Guimerà</surname><given-names>R</given-names></name><name name-style="western"><surname>Sales-Pardo</surname><given-names>M</given-names></name><name name-style="western"><surname>Nunes Amaral</surname><given-names>LA</given-names></name></person-group>
                    <year>2004</year>
                    <article-title>Modularity from uctuations in random graphs and complex
                        networks.</article-title>
                    <source>Phys Rev E</source>
                    <volume>70</volume>
                    <fpage>025101</fpage>
                </element-citation>
      </ref>
      <ref id="pone.0016605-Kaneko1">
        <label>23</label>
        <element-citation publication-type="other" xlink:type="simple">
                    <person-group person-group-type="author"><name name-style="western"><surname>Kaneko</surname><given-names>K</given-names></name></person-group>
                    <year>2006</year>
                    <article-title>Life: An introduction to complex systems biology.</article-title>
                    <publisher-loc>Berlin</publisher-loc>
                    <publisher-name>Springer</publisher-name>
                </element-citation>
      </ref>
    </ref-list>
    
  </back>
</article>