<?xml version="1.0" encoding="UTF-8"?>
<!DOCTYPE article
  PUBLIC "-//NLM//DTD Journal Publishing DTD v3.0 20080202//EN" "http://dtd.nlm.nih.gov/publishing/3.0/journalpublishing3.dtd">
<article xmlns:mml="http://www.w3.org/1998/Math/MathML" xmlns:xlink="http://www.w3.org/1999/xlink" article-type="letter" dtd-version="3.0" xml:lang="EN">
  <front>
    <journal-meta><journal-id journal-id-type="publisher-id">plos</journal-id><journal-id journal-id-type="publisher">pmed</journal-id><journal-id journal-id-type="nlm-ta">PLoS Med</journal-id><journal-id journal-id-type="pmc">plosmed</journal-id><!--===== Grouping journal title elements =====--><journal-title-group><journal-title>PLoS Medicine</journal-title></journal-title-group><issn pub-type="ppub">1549-1277</issn><issn pub-type="epub">1549-1676</issn><publisher>
        <publisher-name>Public Library of Science</publisher-name>
        <publisher-loc>San Francisco, USA</publisher-loc>
      </publisher></journal-meta>
    <article-meta><article-id pub-id-type="doi">10.1371/journal.pmed.0020310</article-id><article-categories>
        <subj-group subj-group-type="heading">
          <subject>Correspondence</subject>
        </subj-group>
        <subj-group subj-group-type="Discipline">
          <subject>Public Health and Epidemiology</subject>
          <subject>Public Health and Epidemiology</subject>
        </subj-group>
        <subj-group subj-group-type="System Taxonomy">
          <subject>Communication in Health Care</subject>
          <subject>General Practice/Family Practice/Primary Care</subject>
          <subject>Patients</subject>
        </subj-group>
      </article-categories><title-group><article-title>Tamoxifen and the Singing Voice</article-title><alt-title alt-title-type="running-head">Correspondence</alt-title></title-group><contrib-group>
        <contrib contrib-type="author" xlink:type="simple">
          <name name-style="western">
            <surname>Herxheimer</surname>
            <given-names>Andrew</given-names>
          </name>
          <xref ref-type="aff" rid="aff1">
            <sup>1</sup>
          </xref>
          <xref ref-type="corresp" rid="n1">
            <sup>*</sup>
          </xref>
        </contrib>
      </contrib-group><aff id="aff1"><label>1</label>
				
				<addr-line>United Kingdom Cochrane Centre, Oxford, United Kingdom</addr-line>
				
			</aff><author-notes>
        <corresp id="n1">E-mail: <email xlink:type="simple">a@herxheimer.net</email></corresp>
      <fn fn-type="conflict" id="n2">
        <p> The author has declared that no competing interests exist.</p>
      </fn></author-notes><pub-date pub-type="ppub">
        <month>9</month>
        <year>2005</year>
      </pub-date><pub-date pub-type="epub">
        <day>27</day>
        <month>9</month>
        <year>2005</year>
      </pub-date><volume>2</volume><issue>9</issue><elocation-id>e310</elocation-id><!--===== Grouping copyright info into permissions =====--><permissions><copyright-year>2005</copyright-year><copyright-holder>Andrew Herxheimer</copyright-holder><license><license-p>This is an open-access article distributed under the terms of the Creative Commons Attribution License, which permits unrestricted use, distribution, and reproduction in any medium, provided the original author and source are credited.</license-p></license></permissions><related-article page="e42" related-article-type="companion" vol="2" xlink:href="info:doi/10.1371/journal.pmed.0020042" xlink:title="essay" xlink:type="simple">
				<article-title>Communicating with Patients about Harms and Risks</article-title>
			</related-article></article-meta>
  </front>
  <body>
    <sec id="s1">
      <title/>
      <p>My remark, in my recent Essay in <italic>PLoS Medicine</italic> [<xref ref-type="bibr" rid="pmed-0020310-b1">1</xref>], that deepening of the voice occurs with long-term use of tamoxifen for breast cancer needs qualification.</p>
      <p>Several colleagues have rightly pointed out that the evidence for the effect is less clear than I implied: it comes from women who have experienced it [<xref ref-type="bibr" rid="pmed-0020310-b2">2</xref>], but there have been no controlled studies. A change in voice was looked for and not found among effects spontaneously reported in large trials of tamoxifen, but this was not specifically asked about and might well have been missed. It is also recognised that the voice sometimes becomes deeper during or after menopause, in the absence of tamoxifen.</p>
      <p>To convey the uncertainty of the facts, I wish to amend my statement as follows: “The irreversible deepening of the voice that has been reported to occur with long-term use of tamoxifen for breast cancer is an example of a side effect that prescribers, manufacturers, and drug regulators seem to have considered trivial and have not investigated.”</p>
    </sec>
  </body>
  <back>
    <ref-list>
      <title>References</title>
      <ref id="pmed-0020310-b1">
        <label>1</label>
        <nlm-citation publication-type="journal" xlink:type="simple">
          <person-group person-group-type="author">
            <name name-style="western">
              <surname>Herxheimer</surname>
              <given-names>A</given-names>
            </name>
          </person-group>
          <article-title>Communicating with patients about harms and risks.</article-title>
          <source>PLoS Med</source>
          <year>2005</year>
          <volume>2</volume>
          <fpage>e42</fpage>
          <comment>doi: <ext-link ext-link-type="doi" xlink:href="http://dx.doi.org/10.1371/journal.pmed.0020042" xlink:type="simple">10.1371/journal.pmed.0020042</ext-link></comment>
        </nlm-citation>
      </ref>
      <ref id="pmed-0020310-b2">
        <label>2</label>
        <nlm-citation publication-type="journal" xlink:type="simple">
          <person-group person-group-type="author">
            <name name-style="western">
              <surname>Goodare</surname>
              <given-names>H</given-names>
            </name>
          </person-group>
          <article-title>Tamoxifen and singing.</article-title>
          <source>Breast Care and Mastectomy (BCMA) Network</source>
          <year>1992</year>
          <volume>1992</volume>
          <fpage>2</fpage>
          <comment>(Spring)</comment>
        </nlm-citation>
      </ref>
    </ref-list>
    
  </back>
</article>