<?xml version="1.0" encoding="UTF-8"?>
<!DOCTYPE article
  PUBLIC "-//NLM//DTD Journal Publishing DTD v3.0 20080202//EN" "http://dtd.nlm.nih.gov/publishing/3.0/journalpublishing3.dtd">
<article xmlns:mml="http://www.w3.org/1998/Math/MathML" xmlns:xlink="http://www.w3.org/1999/xlink" article-type="article-commentary" dtd-version="3.0" xml:lang="EN">
<front>
<journal-meta><journal-id journal-id-type="publisher-id">plos</journal-id><journal-id journal-id-type="nlm-ta">PLoS Genet</journal-id><journal-id journal-id-type="pmc">plosgen</journal-id><!--===== Grouping journal title elements =====--><journal-title-group><journal-title>PLoS Genetics</journal-title></journal-title-group><issn pub-type="ppub">1553-7390</issn><issn pub-type="epub">1553-7404</issn><publisher>
<publisher-name>Public Library of Science</publisher-name>
<publisher-loc>San Francisco, USA</publisher-loc></publisher></journal-meta>
<article-meta><article-id pub-id-type="publisher-id">09-PLGE-PV-0630R1</article-id><article-id pub-id-type="doi">10.1371/journal.pgen.1000483</article-id><article-categories><subj-group subj-group-type="heading"><subject>Perspective</subject></subj-group><subj-group subj-group-type="Discipline"><subject>Computational Biology/Genomics</subject><subject>Evolutionary Biology/Genomics</subject><subject>Genetics and Genomics/Comparative Genomics</subject><subject>Genetics and Genomics/Microbial Evolution and Genomics</subject></subj-group></article-categories><title-group><article-title>Reconstructing the History of Yeast Genomes</article-title></title-group><contrib-group>
<contrib contrib-type="author" xlink:type="simple"><name name-style="western"><surname>Sankoff</surname><given-names>David</given-names></name><xref ref-type="aff" rid="aff1"/><xref ref-type="corresp" rid="cor1"><sup>*</sup></xref></contrib>
</contrib-group><aff id="aff1">          <addr-line>University of Ottawa, Ottawa, Ontario, Canada</addr-line>       </aff><contrib-group>
<contrib contrib-type="editor" xlink:type="simple"><name name-style="western"><surname>Zhang</surname><given-names>Jianzhi</given-names></name>
<role>Editor</role>
<xref ref-type="aff" rid="edit1"/></contrib>
</contrib-group><aff id="edit1">University of Michigan, United States of America</aff><author-notes>
<corresp id="cor1">* E-mail: <email xlink:type="simple">sankoff@uottawa.ca</email></corresp>
<fn fn-type="conflict"><p>The author has declared that no competing interests exist.</p></fn></author-notes><pub-date pub-type="collection"><month>5</month><year>2009</year></pub-date><pub-date pub-type="epub"><day>15</day><month>5</month><year>2009</year></pub-date><volume>5</volume><issue>5</issue><elocation-id>e1000483</elocation-id><!--===== Grouping copyright info into permissions =====--><permissions><copyright-year>2009</copyright-year><copyright-holder>David Sankoff</copyright-holder><license><license-p>This is an open-access article distributed under the terms of the Creative Commons Attribution License, which permits unrestricted use, distribution, and reproduction in any medium, provided the original author and source are credited.</license-p></license></permissions><related-article ext-link-type="uri" id="RA1" page="e1000485" related-article-type="companion" vol="5" xlink:href="info:doi/10.1371/journal.pgen.1000485" xlink:type="simple"> <article-title>Additions, Losses, and Rearrangements on the Evolutionary Route from a Reconstructed Ancestor to the Modern <italic>Saccharomyces cerevisiae</italic> Genome</article-title></related-article><funding-group><funding-statement>This work is partially funded by the Natural Sciences and Engineering Research Council of Canada. The author holds the Canada Research Chair in Mathematical Genomics. The funders had no role in the preparation of the article.</funding-statement></funding-group><counts><page-count count="2"/></counts></article-meta>
</front>
<body><sec id="s1">
<title/>
<p>Some 12 years ago, Wolfe and colleagues demonstrated that <italic>Saccharomyces cerevisiae</italic> is the descendant of an ancient whole-genome duplication event <xref ref-type="bibr" rid="pgen.1000483-Wolfe1">[1]</xref>,<xref ref-type="bibr" rid="pgen.1000483-Soighe1">[2]</xref>, much to the consternation of many of those who had recently completed the sequencing of this yeast <xref ref-type="bibr" rid="pgen.1000483-Llorente1">[3]</xref>, the first eukaryotic nuclear genome to be sequenced. Despite persistent rejectionist argument <xref ref-type="bibr" rid="pgen.1000483-Martin1">[4]</xref>, this breakthrough discovery has been amply confirmed <xref ref-type="bibr" rid="pgen.1000483-Dietrich1">[5]</xref>,<xref ref-type="bibr" rid="pgen.1000483-Kellis1">[6]</xref> and has been the starting point for scores of papers on yeast evolution and phylogeny, culminating in the Yeast Gene Order Browser <xref ref-type="bibr" rid="pgen.1000483-Byrne1">[7]</xref> and the paper by Gordon et al. in this issue of <italic>PLoS Genetics</italic> <xref ref-type="bibr" rid="pgen.1000483-Gordon1">[8]</xref>.</p>
<p>Conceptually, the phylogenetic study of gene content, including gene gains and losses, does not depend on gene order considerations. Indeed, a preliminary step in the method of Gordon et al. is the inference of the gene content at the ancestral nodes of the assumed phylogenetic tree of 11 yeast species. Since spatial proximity of functionally interacting genes on chromosomes is relatively less important than in prokaryotes, the evolution of function would not seem to require knowledge of gene order changes. However, as is abundantly illustrated in the Research Article <xref ref-type="bibr" rid="pgen.1000483-Gordon1">[8]</xref>, syntenic information is crucially useful in many ways, such as: (1) confining the evolutionarily most volatile parts of the genome to subtelomeric regions, allowing the rest to be analyzed with great confidence; (2) identifying the location of the original member of dispersed gene families; (3) detecting the orthologies of fast-evolving genes; (4) identifying true gene gains (orphan genes and families); and (5) showing which genes arose from transposable elements and demonstrating the domesticated status of certain of these genes. These types of results are primarily important for the accurate reconstruction of functional evolution. At the same time, of course, this work yields much information about structural evolution, such as the enrichment of breakpoints of chromosomal rearrangement for tRNA genes and origins of replication, a parallel enrichment of gene gain sites, and a relatively low breakpoint re-use rate.</p>
<p>Although rearrangement-based phylogenies for mammals, where coding sequence represents but a small proportion of the genome, have been constructed based on banding patterns <xref ref-type="bibr" rid="pgen.1000483-Dutrillaux1">[9]</xref>, genomic sequence <xref ref-type="bibr" rid="pgen.1000483-Murphy1">[10]</xref>, and everything in between, for high-resolution analyses, complete sequences, including the relatively rapidly evolving intergenic regions, should be used. For gene-dense eukaryotic genomes such as those of <italic>Drosophila</italic> <xref ref-type="bibr" rid="pgen.1000483-Bhutkar1">[11]</xref> or <italic>Saccharomyces</italic> <xref ref-type="bibr" rid="pgen.1000483-Gordon1">[8]</xref>, however, gene order data represent the best compromise between maximum coverage of the genome and maximum confidence in the orthology identifications.</p>
<p>Rearrangement phylogeny is a very active field in computational biology. Despite the availability of many accurate and rapid algorithms, Gordon et al. have wisely and courageously chosen a manual approach to reconstruct the ancestral genomes, comparing corresponding regions in the data genomes in overlapping 25-gene windows, and resorting to trial and error inference of events, breakpoints, and conserved regions to arrive at a locally parsimonious solution; courageous because of the great amount of tedious work involved, and wise because of current deficiencies of automated approaches. First, there are generally large numbers of rather different optimal ancestors under the same objective criterion. Increasing the number of related species in the dataset without increasing phylogenetic time-depth can attenuate this, but only to a limited extent. Second, automated methods are unable to circumscribe or take into account, on the fly, genomic regions where mapping or orthology decisions may be equivocal, without the constant intervention of an expert annotator. In the Gordon et al. study, the delimitation of the subtelomeric regions to be excluded from the analysis required highly informed scientific judgment to make the trade-off between increased coverage and increased uncertainty. Third, computer programs suffer from both simplistic objective functions and overly constrained models of gene order change, both of which can lead to misleading results. For example, Gordon et al. identified a class of “telomeric translocations,” a recurrent type of rearrangement operation that is not part of the standard repertoire of rearrangement operations—namely inversions, reciprocal translocation, chromosome fission, chromosome fusion, and, in some models, unrestricted transposition or interchange of chromosomal segments. Existing algorithms would account for each telomeric translocation using a combination of standard rearrangements at increased cost, and so realistic pathways including this operation would be downgraded, because they are too expensive.</p>
<p>Nevertheless, there is reason to be optimistic that with the lessons learned from the manual reconstruction exercise, automated methods will eventually approach the accuracy of expert reconstruction. “Guided genome halving” currently slashes the ambiguity involved in reconstructing ancestral whole-genome duplication events by situating this ancestor in phylogenetic context, based on natural definitions for rearrangement distances among both diploid and polyploidy genomes <xref ref-type="bibr" rid="pgen.1000483-Zheng1">[12]</xref>. Algorithmicists and empiricists converge on the same analytical devices: consider Figure 4 in Gordon et al. <xref ref-type="bibr" rid="pgen.1000483-Gordon1">[8]</xref> and the natural adjacency graphs they cite in Warren's and Mixtacki's work. The mutual leveraging of orthology identification and syntenic block construction is a common theme in both empirical and algorithmic work.</p>
<p>Gordon et al. report that breakpoint re-use is 1.22 per breakpoint site, which is quite low compared to values between 1.6 and 1.9 published for mammalian genomes. Instead of relying on the following formula: reuse = twice the number of rearrangements/number of breakpoints <xref ref-type="bibr" rid="pgen.1000483-Pevzner1">[13]</xref>, they actually looked at each site to see whether it was re-used in the evolutionary trajectory between the ancestor and <italic>S. cerevisiae</italic>. There are many difficulties in interpreting breakpoint re-use calculations. First, many of the rearrangements have a telomere as one of the breakpoints, and it is not at all clear whether these should be counted as full breakpoints, as not breakpoints at all, or something in between <xref ref-type="bibr" rid="pgen.1000483-Tannier1">[14]</xref>. If they are not full breakpoints, this will artificially inflate the re-use rates. Second, if re-use rate is meant to be a property of a phylogenetic domain—such as hemiascomycetes yeast, mammals, or <italic>Drosophila</italic>—then the re-use value should be fairly constant within any subdomain and should not depend on the time-depth of the subdomain. But in reality, re-use rates increase with increasing time depth <xref ref-type="bibr" rid="pgen.1000483-Sinha1">[15]</xref>, which is not at all consistent with an invariant property of a phylogenetic domain. Third, if the rearrangement operations that actually generated the data are not the standard inversions, translocations, fusions, and fissions, this can affect the re-use calculation. Fourth, if an endpoint of two inversions or translocations falls in a large intergenic region between two genes, it becomes less clear whether this should be counted as the same breakpoint. This decision directly affects the calculation of breakpoint re-use. Fifth, if there are substantial genomic regions that are excluded from the analysis, such as the subtelomeric regions in the Gordon et al. paper, this can be a serious source of error in calculating rearrangement distance, breakpoints, and re-use. Finally, there is reason to believe that breakpoint re-use is simply a measure of the deterioration of the evolutionary signal contained in gene order <xref ref-type="bibr" rid="pgen.1000483-Sankoff1">[16]</xref>.</p>
<p>Out of all the species studied in this paper, the detailed accounting of functional consequences at the gene gain and loss has focused on <italic>S. cerevisiae</italic>. This is largely due to greater amount of biological knowledge about this species. But many of the structural analyses could be repeated for all of the data species, allowing a solid assessment of the quantitative parallels and differences in evolutionary patterns across this phylogenetic domain.</p>
</sec></body>
<back>
<ack>
<p>Thanks to Maitreya Dunham, Chunfang Zheng, and Qian Zhu for helpful discussions.</p>
</ack>
<ref-list>
<title>References</title>
<ref id="pgen.1000483-Wolfe1"><label>1</label><element-citation publication-type="journal" xlink:type="simple">             <person-group person-group-type="author">
<name name-style="western"><surname>Wolfe</surname><given-names>KH</given-names></name>
<name name-style="western"><surname>Shields</surname><given-names>D</given-names></name>
</person-group>             <year>1997</year>             <article-title>Molecular evidence for an ancient duplication of the entire yeast genome.</article-title>             <source>Nature</source>             <volume>387</volume>             <fpage>708</fpage>             <lpage>713</lpage>          </element-citation></ref>
<ref id="pgen.1000483-Soighe1"><label>2</label><element-citation publication-type="journal" xlink:type="simple">             <person-group person-group-type="author">
<name name-style="western"><surname>Soighe</surname><given-names>C</given-names></name>
<name name-style="western"><surname>Wolfe</surname><given-names>KH</given-names></name>
</person-group>             <year>1998</year>             <article-title>Extent of genomic rearrangement after genome duplication in yeast.</article-title>             <source>Proc Natl Acad Sci U S A</source>             <volume>95</volume>             <fpage>4447</fpage>             <lpage>4452</lpage>          </element-citation></ref>
<ref id="pgen.1000483-Llorente1"><label>3</label><element-citation publication-type="journal" xlink:type="simple">             <person-group person-group-type="author">
<name name-style="western"><surname>Llorente</surname><given-names>B</given-names></name>
<name name-style="western"><surname>Durrens</surname><given-names>P</given-names></name>
<name name-style="western"><surname>Malpertuy</surname><given-names>A</given-names></name>
<name name-style="western"><surname>Aigle</surname><given-names>M</given-names></name>
<name name-style="western"><surname>Artiguenave</surname><given-names>F</given-names></name>
<etal/></person-group>             <year>2000</year>             <article-title>Genomic exploration of the hemiascomycetous yeasts: 20. Evolution of gene redundancy compared to <italic>Saccharomyces cerevisiae</italic>.</article-title>             <source>FEBS Lett</source>             <volume>487</volume>             <fpage>122</fpage>             <lpage>133</lpage>          </element-citation></ref>
<ref id="pgen.1000483-Martin1"><label>4</label><element-citation publication-type="journal" xlink:type="simple">             <person-group person-group-type="author">
<name name-style="western"><surname>Martin</surname><given-names>N</given-names></name>
<name name-style="western"><surname>Ruedi</surname><given-names>EA</given-names></name>
<name name-style="western"><surname>LeDuc</surname><given-names>R</given-names></name>
<name name-style="western"><surname>Sun</surname><given-names>FJ</given-names></name>
<name name-style="western"><surname>Caetano-Anollés</surname><given-names>G</given-names></name>
</person-group>             <year>2007</year>             <article-title>Gene-interleaving patterns of synteny in the <italic>Saccharomyces cerevisiae</italic> genome: are they proof of an ancient genome duplication event?</article-title>             <source>Biol Direct</source>             <volume>2</volume>             <fpage>23</fpage>          </element-citation></ref>
<ref id="pgen.1000483-Dietrich1"><label>5</label><element-citation publication-type="journal" xlink:type="simple">             <person-group person-group-type="author">
<name name-style="western"><surname>Dietrich</surname><given-names>FS</given-names></name>
<name name-style="western"><surname>Voegeli</surname><given-names>S</given-names></name>
<name name-style="western"><surname>Brachat</surname><given-names>S</given-names></name>
<name name-style="western"><surname>Lerch</surname><given-names>A</given-names></name>
<name name-style="western"><surname>Gates</surname><given-names>K</given-names></name>
<etal/></person-group>             <year>2004</year>             <article-title>The <italic>Ashbya gossypii</italic> genome as a tool for mapping the ancient <italic>Saccharomyces cerevisiae</italic> genome.</article-title>             <source>Science</source>             <volume>304</volume>             <fpage>304</fpage>             <lpage>307</lpage>          </element-citation></ref>
<ref id="pgen.1000483-Kellis1"><label>6</label><element-citation publication-type="journal" xlink:type="simple">             <person-group person-group-type="author">
<name name-style="western"><surname>Kellis</surname><given-names>M</given-names></name>
<name name-style="western"><surname>Birren</surname><given-names>BW</given-names></name>
<name name-style="western"><surname>Lander</surname><given-names>ES</given-names></name>
</person-group>             <year>2004</year>             <article-title>Proof and evolutionary analysis of ancient genome duplication in the yeast <italic>Saccharomyces cerevisiae</italic>.</article-title>             <source>Nature</source>             <volume>428</volume>             <fpage>617</fpage>             <lpage>624</lpage>          </element-citation></ref>
<ref id="pgen.1000483-Byrne1"><label>7</label><element-citation publication-type="journal" xlink:type="simple">             <person-group person-group-type="author">
<name name-style="western"><surname>Byrne</surname><given-names>KP</given-names></name>
<name name-style="western"><surname>Wolfe</surname><given-names>KH</given-names></name>
</person-group>             <year>2005</year>             <article-title>The Yeast Gene Order Browser: combining curated homology and syntenic context reveals gene fate in polyploid species.</article-title>             <source>Genome Res</source>             <volume>15</volume>             <fpage>1456</fpage>             <lpage>1461</lpage>          </element-citation></ref>
<ref id="pgen.1000483-Gordon1"><label>8</label><element-citation publication-type="journal" xlink:type="simple">             <person-group person-group-type="author">
<name name-style="western"><surname>Gordon</surname><given-names>JL</given-names></name>
<name name-style="western"><surname>Byrne</surname><given-names>KP</given-names></name>
<name name-style="western"><surname>Wolfe</surname><given-names>KH</given-names></name>
</person-group>             <year>2009</year>             <article-title>Additions, losses and rearrangements on the evolutionary route from a reconstructed ancestor to the modern <italic>Saccharomyces cerevisiae</italic> genome.</article-title>             <source>PLoS Genet</source>             <volume>5(5)</volume>             <fpage>e1000485</fpage>             <comment>doi:10.1371/journal.pgen.1000485</comment>          </element-citation></ref>
<ref id="pgen.1000483-Dutrillaux1"><label>9</label><element-citation publication-type="journal" xlink:type="simple">             <person-group person-group-type="author">
<name name-style="western"><surname>Dutrillaux</surname><given-names>B</given-names></name>
</person-group>             <year>1979</year>             <article-title>Chromosomal evolution in primates: tentative phylogeny from <italic>Microcebus murinus</italic> (Prosimian) to man.</article-title>             <source>Hum Genet</source>             <volume>48</volume>             <fpage>251</fpage>             <lpage>314</lpage>          </element-citation></ref>
<ref id="pgen.1000483-Murphy1"><label>10</label><element-citation publication-type="journal" xlink:type="simple">             <person-group person-group-type="author">
<name name-style="western"><surname>Murphy</surname><given-names>WJ</given-names></name>
<name name-style="western"><surname>Larkin</surname><given-names>DM</given-names></name>
<name name-style="western"><surname>Everts-van der Wind</surname><given-names>A</given-names></name>
<name name-style="western"><surname>Bourque</surname><given-names>G</given-names></name>
<name name-style="western"><surname>Tesler</surname><given-names>G</given-names></name>
<etal/></person-group>             <year>2005</year>             <article-title>Dynamics of mammalian chromosome evolution inferred from multispecies comparative maps.</article-title>             <source>Science</source>             <volume>309</volume>             <fpage>613</fpage>             <lpage>617</lpage>          </element-citation></ref>
<ref id="pgen.1000483-Bhutkar1"><label>11</label><element-citation publication-type="journal" xlink:type="simple">             <person-group person-group-type="author">
<name name-style="western"><surname>Bhutkar</surname><given-names>A</given-names></name>
<name name-style="western"><surname>Gelbart</surname><given-names>WM</given-names></name>
<name name-style="western"><surname>Smith</surname><given-names>TF</given-names></name>
</person-group>             <year>2007</year>             <article-title>Inferring genome-scale rearrangement phylogeny and ancestral gene order: a <italic>Drosophila</italic> case study.</article-title>             <source>Genome Biol</source>             <volume>8</volume>             <fpage>R2366</fpage>          </element-citation></ref>
<ref id="pgen.1000483-Zheng1"><label>12</label><element-citation publication-type="journal" xlink:type="simple">             <person-group person-group-type="author">
<name name-style="western"><surname>Zheng</surname><given-names>C</given-names></name>
<name name-style="western"><surname>Zhu</surname><given-names>Q</given-names></name>
<name name-style="western"><surname>Adam</surname><given-names>Z</given-names></name>
<name name-style="western"><surname>Sankoff</surname><given-names>D</given-names></name>
</person-group>             <year>2008</year>             <article-title>Guided genome halving: hardness, heuristics and the history of the Hemiascomycetes.</article-title>             <source>Bioinformatics</source>             <volume>24</volume>             <fpage>i96</fpage>             <lpage>104</lpage>          </element-citation></ref>
<ref id="pgen.1000483-Pevzner1"><label>13</label><element-citation publication-type="journal" xlink:type="simple">             <person-group person-group-type="author">
<name name-style="western"><surname>Pevzner</surname><given-names>P</given-names></name>
<name name-style="western"><surname>Tesler</surname><given-names>G</given-names></name>
</person-group>             <year>2003</year>             <article-title>Genome rearrangements in mammalian evolution: Lessons from human and mouse genomes.</article-title>             <source>Genome Res</source>             <volume>13</volume>             <fpage>37</fpage>             <lpage>45</lpage>          </element-citation></ref>
<ref id="pgen.1000483-Tannier1"><label>14</label><element-citation publication-type="journal" xlink:type="simple">             <person-group person-group-type="author">
<name name-style="western"><surname>Tannier</surname><given-names>E</given-names></name>
<name name-style="western"><surname>Zheng</surname><given-names>C</given-names></name>
<name name-style="western"><surname>Sankoff</surname><given-names>D</given-names></name>
</person-group>             <year>2009</year>             <article-title>Multichromosomal median and halving problems under different genomic distances.</article-title>             <source>BMC Bioinformatics</source>             <volume>10</volume>             <fpage>120</fpage>          </element-citation></ref>
<ref id="pgen.1000483-Sinha1"><label>15</label><element-citation publication-type="journal" xlink:type="simple">             <person-group person-group-type="author">
<name name-style="western"><surname>Sinha</surname><given-names>AU</given-names></name>
<name name-style="western"><surname>Meller</surname><given-names>J</given-names></name>
</person-group>             <year>2008</year>             <article-title>Sensitivity analysis for reversal distance and breakpoint reuse in genome rearrangements.</article-title>             <source>Pac Symp Biocomput</source>             <volume>13</volume>             <fpage>37</fpage>             <lpage>48</lpage>          </element-citation></ref>
<ref id="pgen.1000483-Sankoff1"><label>16</label><element-citation publication-type="journal" xlink:type="simple">             <person-group person-group-type="author">
<name name-style="western"><surname>Sankoff</surname><given-names>D</given-names></name>
</person-group>             <year>2006</year>             <article-title>The signal in the genomes.</article-title>             <source>PLoS Comput Biol</source>             <volume>2</volume>             <fpage>e35</fpage>             <comment>doi:10.1371/journal.pcbi.0020035</comment>          </element-citation></ref>
</ref-list>

</back>
</article>