<?xml version="1.0" encoding="UTF-8"?>
<!DOCTYPE article
  PUBLIC "-//NLM//DTD Journal Publishing DTD v3.0 20080202//EN" "http://dtd.nlm.nih.gov/publishing/3.0/journalpublishing3.dtd">
<article xmlns:mml="http://www.w3.org/1998/Math/MathML" xmlns:xlink="http://www.w3.org/1999/xlink" article-type="letter" dtd-version="3.0" xml:lang="EN">
	<front>
		<journal-meta><journal-id journal-id-type="publisher-id">plos</journal-id><journal-id journal-id-type="publisher">pcbi</journal-id><journal-id journal-id-type="flc">plcb</journal-id><journal-id journal-id-type="nlm-ta">PLoS Comput Biol</journal-id><journal-id journal-id-type="pmc">ploscomp</journal-id><!--===== Grouping journal title elements =====--><journal-title-group><journal-title>PLoS Computational Biology</journal-title></journal-title-group><issn pub-type="ppub">1553-734X</issn><issn pub-type="epub">1553-7358</issn><publisher>
				<publisher-name>Public Library of Science</publisher-name>
				<publisher-loc>San Francisco, USA</publisher-loc>
			</publisher></journal-meta>
		<article-meta><article-id pub-id-type="doi">10.1371/journal.pcbi.0020035</article-id><article-id pub-id-type="sici">plcb-02-04-03</article-id><article-categories>
				<subj-group subj-group-type="heading">
					<subject>Correspondence</subject>
				</subj-group>
				<subj-group subj-group-type="Discipline">
					<subject>Computational Biology/Genomics</subject>
					<subject>Computational Biology/Signaling Networks</subject>
				</subj-group>
			</article-categories><title-group><article-title>The Signal in the Genomes</article-title></title-group><contrib-group>
				<contrib contrib-type="author" xlink:type="simple">
					<name name-style="western">
						<surname>Sankoff</surname>
						<given-names>David</given-names>
					</name>
					<xref ref-type="fn" rid="n101"/>
				</contrib>
			</contrib-group><author-notes>
				<fn fn-type="current-aff" id="n101">
					<p>David Sankoff (<email xlink:type="simple">sankoff@uottawa.ca</email>) University of Ottawa Ottawa, Ontario, Canada</p>
				</fn>
			<fn fn-type="conflict" id="n103">
				<p> The author has declared that no competing interests exist.</p>
			</fn></author-notes><pub-date pub-type="ppub">
				<month>4</month>
				<year>2006</year>
			</pub-date><pub-date pub-type="epub">
				<day>28</day>
				<month>4</month>
				<year>2006</year>
			</pub-date><volume>2</volume><issue>4</issue><elocation-id>e35</elocation-id><!--===== Grouping copyright info into permissions =====--><permissions><copyright-year>2006</copyright-year><copyright-holder>David Sankoff</copyright-holder><license><license-p>This is an open-access article distributed under the terms of the Creative Commons Attribution License, which permits unrestricted use, distribution, and reproduction in any medium, provided the original author and source are credited.</license-p></license></permissions><funding-group><funding-statement>The author received no specific funding for this article.</funding-statement></funding-group><counts>
				<page-count count="2"/>
			</counts><!--===== Restructure custom-meta-wrap to custom-meta-group =====--><custom-meta-group>
				<custom-meta>
					<meta-name>citation</meta-name>
					<meta-value>Sankoff D (2006) The signal in the genomes. PLoS Comput Biol 2(4): e35. DOI: <ext-link ext-link-type="doi" xlink:href="http://dx.doi.org/10.1371/journal.pcbi.0020035" xlink:type="simple">10.1371/journal.pcbi.0020035</ext-link></meta-value>
				</custom-meta>
			</custom-meta-group></article-meta>
	</front>
	<body>
		<sec id="s1"><title/>
			<p><named-content content-type="genus-species" xlink:type="simple">Nostra culpa</named-content>. Not only did we foist a hastily conceived and incorrectly executed simulation on an overworked RECOMB conference program committee, but worse—<italic>nostra maxima culpa</italic>—we obliged a team of high-powered researchers to clean up after us! It was never our intention to introduce an alternative way of constructing synteny blocks; the so-called ST-synteny was only a (bungled) attempt to mimic Pevzner and Tesler's method, based on our reading or misreading of their paper [<xref ref-type="bibr" rid="pcbi-0020035-b001">1</xref>]. Moreover, shortly after the conference, before preparing the full journal version of our article, we recognized through a back-of-an-envelope calculation that realistic values of the parameters in our simulations would not produce much increase in reuse rate. Consequently, our published article [<xref ref-type="bibr" rid="pcbi-0020035-b002">2</xref>] develops only the main part of our communication, modeling and simulating the artifactual increase in reuse rates due to deleting synteny blocks but not that due to the construction of synteny blocks.</p>
			<p>Unfortunately, our makeshift work distracted from the main point of our communication. The theme in our full article [<xref ref-type="bibr" rid="pcbi-0020035-b002">2</xref>], in the RECOMB extended abstract, and elsewhere is not substantially confronted in the recently published <italic>PLoS Computational Biology</italic> paper by Glenn Tesler and colleagues [<xref ref-type="bibr" rid="pcbi-0020035-b003">3</xref>]. Wherever high rates of breakpoint reuse are inferred, whether they are due to bona fide reuse or rather to violations in the assumptions justifying the use of particular algorithms (relating to the construction of synteny blocks or their size thresholds, or to the unrealistically limited repertoire of rearrangement processes recognized by the algorithm), there is a correspondingly high rate of loss in the historical signal.</p>
			<p>While two genomes diverge without breakpoint reuse, the historical signal is conserved in the breakpoint graph, which consists entirely of four-vertex cycles, specifying exactly which pairs of breakpoints must be healed by reversals or translocations. As breakpoints are reused—as they eventually must be for finite gene orders, or for genomic sequence, where there are criteria for deciding when two breakpoints are too close together to be considered distinct—the four-vertex cycles are merged into larger structures, and the breakpoint graph becomes ambiguous concerning the rearrangements that produced it. The two divergent genomes eventually become randomized with respect to each other. But this randomization also occurs, even if divergence involves only distinct breakpoints, when the assumptions underlying the use of genome rearrangement algorithms are violated, which can happen in many possible ways [<xref ref-type="bibr" rid="pcbi-0020035-b004">4</xref>,<xref ref-type="bibr" rid="pcbi-0020035-b005">5</xref>]. And we cannot infer whether mutually randomized synteny block orderings derived from two divergent genomes were created through bona fide breakpoint reuse or rather through noise introduced in block construction or through processes other than reversal and translocation.</p>
			<p>I illustrate this point with data on the human/mouse comparison from Pevzner and Tesler's more detailed paper [<xref ref-type="bibr" rid="pcbi-0020035-b006">6</xref>]. We simulated 100 pairs of genomes constructed of 22 and 19 human and mouse autosomes, with 270 blocks distributed exactly as in the human and mouse genomes, except that the blocks were randomly permuted and sign—or strandedness—was assigned randomly to each block. Permutations are within, not between, chromosomes, assuring a realistic reversals/translocations ratio. Output from the standard rearrangement algorithm [<xref ref-type="bibr" rid="pcbi-0020035-b007">7</xref>] is summarized in <xref ref-type="table" rid="pcbi-0020035-t001">Table 1</xref>.</p>
			<table-wrap content-type="1col" id="pcbi-0020035-t001" position="float"><object-id pub-id-type="doi">10.1371/journal.pcbi.0020035.t001</object-id><label>Table 1</label><caption>
					<p>Human/Mouse Comparison Resembles Randomized Genome Comparison</p>
				</caption><graphic mimetype="image" position="float" xlink:href="info:doi/10.1371/journal.pcbi.0020035.t001" xlink:type="simple"/><!-- <table frame="hsides" rules="none"><colgroup><col id="tb1col1" align="left" charoff="0" char=""/><col id="tb1col2" align="char" charoff="0" char="."/><col id="tb1col3" align="char" charoff="0" char="."/><col id="tb1col4" align="left" charoff="0" char=""/></colgroup><thead><tr><td align="left"><hr/>Variable</td><td><hr/>Randomized Genomes &plusmn; Standard Deviation</td><td><hr/>Human/Mouse Comparison</td><td><hr/>Genomes with No Signal Loss</td></tr></thead><tbody><tr><td>Distance</td><td>254.0 &plusmn; 2.9</td><td>238</td><td>146</td></tr><tr><td>Breakpoint reuse</td><td>1.74 &plusmn; 0.02</td><td>1.63</td><td>1.0</td></tr><tr><td colspan="4">Breakpoint graph</td></tr><tr><td>Number of paths/cycles</td><td>45.9 &plusmn; 2.5</td><td>66</td><td>146</td></tr><tr><td>Largest path/cycle</td><td>52.2 &plusmn; 12.1</td><td>52</td><td>4</td></tr><tr><td>&emsp;Human chromosomes</td><td>12.5 &plusmn; 2.2</td><td>13</td><td>1 or 2</td></tr><tr><td>&emsp;Mouse chromosomes</td><td>10.3 &plusmn; 2.3</td><td>15</td><td>1 or 2</td></tr><tr><td>Second largest path/cycle</td><td>41.0 &plusmn; 6.2</td><td>46</td><td>4</td></tr><tr><td>&emsp;Human chromosomes</td><td>11.0 &plusmn; 1.7</td><td>10</td><td>1 or 2</td></tr><tr><td>&emsp;Mouse chromosomes</td><td>8.8 &plusmn; 1.9</td><td>9</td><td>1 or 2</td></tr><tr><td>Third largest path/cycle</td><td>35.6 &plusmn; 4.6</td><td>28</td><td>4</td></tr><tr><td>&emsp;Human chromosomes</td><td>10.3 &plusmn; 1.8</td><td>9</td><td>1 or 2</td></tr><tr><td>&emsp;Mouse chromosomes</td><td>8.1 &plusmn; 1.5</td><td>8</td><td>1 or 2</td></tr><tr><td>Four-cycles</td><td>0.75 &plusmn; 0.88</td><td>22</td><td>146</td></tr><tr><td>Six, eight, and ten cycles</td><td>0.44 &plusmn; 0.76</td><td>3</td><td>0</td></tr></tbody></table> --><!-- <table-wrap-foot><fn id="nt101"><p>Breakpoint reuse &equals; (2 &times; distance)/292, where the denominator &equals; 270 (autosomal blocks) &plus; 22 (chromosomes). Cycles and paths are characterized by the number of vertices on them, and by the number of human and mouse chromosomes they involve. Genomes with no signal loss must have 292 distinct breakpoints and 146 four-cycles.</p></fn></table-wrap-foot> --></table-wrap>
			<p>The human/mouse comparison parallels the randomized genomes, and both deviate drastically from the hypothetical case of 270 blocks evolving without breakpoint reuse. There is an excess of 22 four-cycles and three other small cycles in the real data, largely due to reversals within concatenated blocks from a single chromosome in both human and mouse, largely dispersed in the randomized chromosomes. These 25 are what remains of the detailed evolutionary signal; they account for the small differences in distance, in breakpoint reuse, and in the total number of cycles. The giant cycles celebrated in Pevzner and Tesler's paper [<xref ref-type="bibr" rid="pcbi-0020035-b006">6</xref>] and Tesler and colleagues' paper [<xref ref-type="bibr" rid="pcbi-0020035-b003">3</xref>] have almost identical structure in the human/mouse and randomized comparisons.</p>
			<p>Note that in contrast to the autosomes, the rearrangement analysis of the human and mouse X chromosomes involves only short cycles, a breakpoint reuse rate close to 1.0 and a clear evolutionary signal.</p>
			<p>In conclusion, I take issue neither with Pevzner and Tesler's ingenious method for constructing synteny blocks nor with the notion that genomes are spatially heterogeneous in their susceptibility to rearrangement; many types of genomic regions, as reviewed in a previously published paper [<xref ref-type="bibr" rid="pcbi-0020035-b005">5</xref>], have documented elevated rates of rearrangement. Nevertheless, a high reuse rate in the output of rearrangement algorithms, which simply indicates loss of signal, is not good evidence for fragile regions. The output of comparisons of randomized genomes has the same characteristics—namely, similar rearrangement distance, similar cycle/path sizes, similar number of chromosomes touched by each large cycle, similar reuse rates, and similar estimates [<xref ref-type="bibr" rid="pcbi-0020035-b008">8</xref>] of the number of translocations and reversals.</p>
		</sec>
	</body>
	<back>
		<ref-list>
			<title>References</title>
			<ref id="pcbi-0020035-b001">
<label>1</label>
				<element-citation publication-type="journal" xlink:type="simple">
					<person-group person-group-type="author">
						<name name-style="western">
							<surname>Pevzner</surname>
							<given-names>P</given-names>
						</name>
						<name name-style="western">
							<surname>Tesler</surname>
							<given-names>G</given-names>
						</name>
					</person-group>
					<year>2003</year>
					<article-title>Human and mouse genomic sequences reveal extensive breakpoint reuse in mammalian evolution.</article-title>
					<source>Proc Natl Acad Sci U S A</source>
					<volume>100</volume>
					<fpage>7672</fpage>
					<lpage>7677</lpage>
				</element-citation>
			</ref>
			<ref id="pcbi-0020035-b002">
<label>2</label>
				<element-citation publication-type="journal" xlink:type="simple">
					<person-group person-group-type="author">
						<name name-style="western">
							<surname>Sankoff</surname>
							<given-names>D</given-names>
						</name>
						<name name-style="western">
							<surname>Trinh</surname>
							<given-names>P</given-names>
						</name>
					</person-group>
					<year>2005</year>
					<article-title>Chromosomal breakpoint re-use in genome sequence rearrangement.</article-title>
					<source>J Comput Biol</source>
					<volume>12</volume>
					<fpage>812</fpage>
					<lpage>821</lpage>
				</element-citation>
			</ref>
			<ref id="pcbi-0020035-b003">
<label>3</label>
				<element-citation publication-type="journal" xlink:type="simple">
					<person-group person-group-type="author">
						<name name-style="western">
							<surname>Peng</surname>
							<given-names>Q</given-names>
						</name>
						<name name-style="western">
							<surname>Pevzner</surname>
							<given-names>PA</given-names>
						</name>
						<name name-style="western">
							<surname>Tesler</surname>
							<given-names>G</given-names>
						</name>
					</person-group>
					<year>2006</year>
					<article-title>The fragile breakage versus random breakage models of chromosome evolution.</article-title>
					<source>PLoS Comput Biol</source>
					<volume>2</volume>
					<elocation-id>e14.</elocation-id>
					<comment>DOI: <ext-link ext-link-type="doi" xlink:href="http://dx.doi.org/10.1371/journal.pcbi.0020014 " xlink:type="simple">10.1371/journal.pcbi.0020014 </ext-link></comment>
				</element-citation>
			</ref>
			<ref id="pcbi-0020035-b004">
<label>4</label>
				<element-citation publication-type="journal" xlink:type="simple">
					<person-group person-group-type="author">
						<name name-style="western">
							<surname>Sankoff</surname>
							<given-names>D</given-names>
						</name>
						<name name-style="western">
							<surname>Nadeau</surname>
							<given-names>JH</given-names>
						</name>
					</person-group>
					<year>2003</year>
					<article-title>Chromosome rearrangements in evolution: From gene order to genome sequence and back.</article-title>
					<source>Proc Natl Acad Sci U S A</source>
					<volume>100</volume>
					<fpage>11188</fpage>
					<lpage>11189</lpage>
				</element-citation>
			</ref>
			<ref id="pcbi-0020035-b005">
<label>5</label>
				<element-citation publication-type="journal" xlink:type="simple">
					<person-group person-group-type="author">
						<name name-style="western">
							<surname>Sankoff</surname>
							<given-names>D</given-names>
						</name>
					</person-group>
					<year>2003</year>
					<article-title>Rearrangements and chromosomal evolution.</article-title>
					<source>Curr Opin Gen Dev</source>
					<volume>13</volume>
					<fpage>583</fpage>
					<lpage>587</lpage>
				</element-citation>
			</ref>
			<ref id="pcbi-0020035-b006">
<label>6</label>
				<element-citation publication-type="journal" xlink:type="simple">
					<person-group person-group-type="author">
						<name name-style="western">
							<surname>Pevzner</surname>
							<given-names>P</given-names>
						</name>
						<name name-style="western">
							<surname>Tesler</surname>
							<given-names>G</given-names>
						</name>
					</person-group>
					<year>2003</year>
					<article-title>Genome rearrangements in mammalian evolution: Lessons from human and mouse genomes.</article-title>
					<source>Genome Res</source>
					<volume>13</volume>
					<fpage>37</fpage>
					<lpage>45</lpage>
				</element-citation>
			</ref>
			<ref id="pcbi-0020035-b007">
<label>7</label>
				<element-citation publication-type="journal" xlink:type="simple">
					<person-group person-group-type="author">
						<name name-style="western">
							<surname>Tesler</surname>
							<given-names>G</given-names>
						</name>
					</person-group>
					<year>2002</year>
					<article-title>Efficient algorithms for multichromosomal genome rearrangements.</article-title>
					<source>J Comput Syst Sci</source>
					<volume>65</volume>
					<fpage>587</fpage>
					<lpage>609</lpage>
				</element-citation>
			</ref>
			<ref id="pcbi-0020035-b008">
<label>8</label>
				<element-citation publication-type="journal" xlink:type="simple">
					<person-group person-group-type="author">
						<name name-style="western">
							<surname>Mazowita</surname>
							<given-names>M</given-names>
						</name>
						<name name-style="western">
							<surname>Haque</surname>
							<given-names>L</given-names>
						</name>
						<name name-style="western">
							<surname>Sankoff</surname>
							<given-names>D</given-names>
						</name>
					</person-group>
					<year>2006</year>
					<article-title>Stability of rearrangement measures in the comparison of genome sequences.</article-title>
					<source>J Comput Biol</source>
					<volume>13</volume>
					<fpage>554</fpage>
					<lpage>566</lpage>
				</element-citation>
			</ref>
		</ref-list>
		
	</back>
</article>