<?xml version="1.0" encoding="UTF-8"?>
<!DOCTYPE article
  PUBLIC "-//NLM//DTD Journal Publishing DTD v3.0 20080202//EN" "http://dtd.nlm.nih.gov/publishing/3.0/journalpublishing3.dtd">
<article xmlns:mml="http://www.w3.org/1998/Math/MathML" xmlns:xlink="http://www.w3.org/1999/xlink" article-type="other" dtd-version="3.0" xml:lang="EN">
  <front>
    <journal-meta><journal-id journal-id-type="publisher-id">plos</journal-id><journal-id journal-id-type="publisher">pmed</journal-id><journal-id journal-id-type="nlm-ta">PLoS Med</journal-id><journal-id journal-id-type="pmc">plosmed</journal-id><!--===== Grouping journal title elements =====--><journal-title-group><journal-title>PLoS Medicine</journal-title></journal-title-group><issn pub-type="ppub">1549-1277</issn><issn pub-type="epub">1549-1676</issn><publisher>
        <publisher-name>Public Library of Science</publisher-name>
        <publisher-loc>San Francisco, USA</publisher-loc>
      </publisher></journal-meta>
    <article-meta><article-id pub-id-type="doi">10.1371/journal.pmed.0020304</article-id><article-categories>
        <subj-group subj-group-type="heading">
          <subject>Quiz</subject>
        </subj-group>
        <subj-group subj-group-type="Discipline">
          <subject>Genetics and Genomics</subject>
          <subject>Gastroenterology and Hepatology</subject>
        </subj-group>
        <subj-group subj-group-type="System Taxonomy">
          <subject>Genetics</subject>
          <subject>Inflammatory bowel disease</subject>
        </subj-group>
      </article-categories><title-group><article-title>Test Your Knowledge: Ten Questions on Inflammatory Bowel Disease</article-title><alt-title alt-title-type="running-head">Quiz</alt-title></title-group><contrib-group>
        <contrib contrib-type="author" xlink:type="simple">
          <name name-style="western">
            <surname>Yamey</surname>
            <given-names>Gavin</given-names>
          </name>
        </contrib>
      </contrib-group><author-notes>
        <fn fn-type="current-aff" id="n1">
          <p>Gavin Yamey is a senior editor at <italic>PLoS Medicine</italic>. E-mail: <email xlink:type="simple">gyamey@plos.org</email></p>
        </fn>
      </author-notes><pub-date pub-type="ppub">
        <month>8</month>
        <year>2005</year>
      </pub-date><pub-date pub-type="epub">
        <day>30</day>
        <month>8</month>
        <year>2005</year>
      </pub-date><volume>2</volume><issue>8</issue><elocation-id>e304</elocation-id><!--===== Grouping copyright info into permissions =====--><permissions><copyright-year>2005</copyright-year><copyright-holder>Gavin Yamey</copyright-holder><license><license-p>This is an open-access article distributed under the terms of the Creative Commons Attribution License, which permits unrestricted use, distribution, and reproduction in any medium, provided the original work is properly cited.</license-p></license></permissions><related-article page="e230" related-article-type="companion" vol="2" xlink:href="info:doi/10.1371/journal.pmed.0020230" xlink:title="perspective" xlink:type="simple">
				<article-title>Expressing the Differences between Crohn Disease and Ulcerative Colitis</article-title>
			</related-article></article-meta>
  </front>
  <body>
    <p>Download this quiz as a PDF, using the link in the download box at the upper right corner of this article.</p>
  </body>
</article>