<?xml version="1.0" encoding="UTF-8"?>
<!DOCTYPE article
  PUBLIC "-//NLM//DTD Journal Publishing DTD v3.0 20080202//EN" "http://dtd.nlm.nih.gov/publishing/3.0/journalpublishing3.dtd">
<article xmlns:mml="http://www.w3.org/1998/Math/MathML" xmlns:xlink="http://www.w3.org/1999/xlink" article-type="other" dtd-version="3.0" xml:lang="EN">
  <front>
    <journal-meta><journal-id journal-id-type="publisher-id">plos</journal-id><journal-id journal-id-type="publisher">pmed</journal-id><journal-id journal-id-type="nlm-ta">PLoS Med</journal-id><journal-id journal-id-type="pmc">plosmed</journal-id><!--===== Grouping journal title elements =====--><journal-title-group><journal-title>PLoS Medicine</journal-title></journal-title-group><issn pub-type="ppub">1549-1277</issn><issn pub-type="epub">1549-1676</issn><publisher>
        <publisher-name>Public Library of Science</publisher-name>
        <publisher-loc>San Francisco, USA</publisher-loc>
      </publisher></journal-meta>
    <article-meta><article-id pub-id-type="doi">10.1371/journal.pmed.0030239</article-id><article-categories>
        <subj-group subj-group-type="heading">
          <subject>Quiz</subject>
        </subj-group>
        <subj-group subj-group-type="Discipline">
          <subject>Pharmacology</subject>
          <subject>Pathology</subject>
        </subj-group>
      </article-categories><title-group><article-title>Test Your Knowledge: Ten Questions on Disease Mongering</article-title><alt-title alt-title-type="running-head">Online Quiz</alt-title></title-group><contrib-group>
        <contrib contrib-type="author" xlink:type="simple">
          <name name-style="western">
            <surname>Yamey</surname>
            <given-names>Gavin</given-names>
          </name>
          <xref ref-type="corresp" rid="n101">
            <sup>*</sup>
          </xref>
        </contrib>
      </contrib-group><author-notes>
        <fn fn-type="current-aff">
          <p>Gavin Yamey is Magazine Editor at PLoS Medicine.</p>
        </fn>
        <corresp id="n101">*To whom correspondence should be addressed. E-mail: <email xlink:type="simple">gyamey@plos.org</email></corresp>
      </author-notes><pub-date pub-type="ppub">
        <month>04</month>
        <year>2006</year>
      </pub-date><pub-date pub-type="epub">
        <day>25</day>
        <month>04</month>
        <year>2006</year>
      </pub-date><volume>3</volume><issue>4</issue><elocation-id>e239</elocation-id><!--===== Grouping copyright info into permissions =====--><permissions><copyright-year>2006</copyright-year><copyright-holder>Gavin Yamey</copyright-holder><license><license-p>This is an open-access article distributed under the terms of the Creative Commons Attribution License, which permits unrestricted use, distribution, and reproduction in any medium, provided the original author and source are credited.</license-p></license></permissions><related-article related-article-type="companion" xlink:href="info:doi/10.1371/journal.pmed.0030191" xlink:title="essay" xlink:type="simple">
            <article-title>The Fight against Disease Mongering: Generating Knowledge for Action</article-title>
        </related-article></article-meta>
  </front>
  <body>
    <p>Download this quiz as a PDF, using the link in the download box at the upper right corner of this article.</p>
  </body>
</article>