<?xml version="1.0" encoding="UTF-8"?>
<!DOCTYPE article
  PUBLIC "-//NLM//DTD Journal Publishing DTD v3.0 20080202//EN" "http://dtd.nlm.nih.gov/publishing/3.0/journalpublishing3.dtd">
<article xmlns:mml="http://www.w3.org/1998/Math/MathML" xmlns:xlink="http://www.w3.org/1999/xlink" article-type="discussion" dtd-version="3.0" xml:lang="EN">
<front>
<journal-meta><journal-id journal-id-type="nlm-ta">PLoS Negl Trop Dis</journal-id><journal-id journal-id-type="publisher-id">plos</journal-id><journal-id journal-id-type="pmc">plosntds</journal-id><!--===== Grouping journal title elements =====--><journal-title-group><journal-title>PLoS Neglected Tropical Diseases</journal-title></journal-title-group><issn pub-type="epub">1935-2735</issn><publisher>
<publisher-name>Public Library of Science</publisher-name>
<publisher-loc>San Francisco, USA</publisher-loc></publisher></journal-meta>
<article-meta><article-id pub-id-type="publisher-id">09-PNTD-IV-0445R1</article-id><article-id pub-id-type="doi">10.1371/journal.pntd.0000546</article-id><article-categories><subj-group subj-group-type="heading"><subject>Interview</subject></subj-group><subj-group subj-group-type="Discipline"><subject>Infectious Diseases</subject><subject>Infectious Diseases/Epidemiology and Control of Infectious Diseases</subject><subject>Infectious Diseases/Helminth Infections</subject><subject>Infectious Diseases/Tropical and Travel-Associated Diseases</subject></subj-group></article-categories><title-group><article-title>The Unsung Hero of Neglected Tropical Diseases: Interview with Narcis Kabatereine</article-title></title-group><contrib-group>
<contrib contrib-type="author" xlink:type="simple"><name name-style="western"><surname>Yamey</surname><given-names>Gavin</given-names></name><xref ref-type="aff" rid="aff1"/><xref ref-type="corresp" rid="cor1"><sup>*</sup></xref></contrib>
</contrib-group><aff id="aff1">          <addr-line>Public Library of Science, San Francisco, California, United States of America</addr-line>       </aff><author-notes>
<corresp id="cor1">* E-mail: <email xlink:type="simple">gyamey@plos.org</email></corresp>
<fn fn-type="conflict"><p>In Kampala, ground transportation, a desk, and internet access were provided by the Malaria Consortium, recipient of an RTI International grant to implement integrated neglected tropical disease control in southern Sudan in conjunction with the Government of Southern Sudan and the Ministry of Health.</p></fn></author-notes><pub-date pub-type="collection"><month>12</month><year>2009</year></pub-date><pub-date pub-type="epub"><day>22</day><month>12</month><year>2009</year></pub-date><volume>3</volume><issue>12</issue><elocation-id>e546</elocation-id><!--===== Grouping copyright info into permissions =====--><permissions><copyright-year>2009</copyright-year><copyright-holder>Gavin Yamey</copyright-holder><license><license-p>This is an open-access article distributed under the terms of the Creative Commons Attribution License, which permits unrestricted use, distribution, and reproduction in any medium, provided the original author and source are credited.</license-p></license></permissions><funding-group><funding-statement>This work was funded through a Kaiser Foundation Mini-Fellowship in Global Health Reporting. The funder had no role in decision to publish or preparation of the manuscript.</funding-statement></funding-group><counts><page-count count="2"/></counts></article-meta>
</front>
<body><sec id="s1">
<title/>
<p>To reach Dr. Narcis Kabatereine's office at the Vector Control Division (VCD) of Uganda's Ministry of Health in Kampala, you must first walk through a room full of lab technicians who are studiously looking down microscopes.</p>
<p>The atmosphere of quiet diligence is set by the softly spoken Dr. Kabatereine (<xref ref-type="fig" rid="pntd-0000546-g001">Image 1</xref>) himself, a 56-year-old entomologist, who takes great pride in having trained this cadre of hard-working technicians. When I first meet him, he shows me photos on the bulletin board behind his desk of the young technicians who have died of AIDS—a sobering reminder of the country's death toll. “AIDS hit Uganda hard,” he says. “At one point, every night we were going to a vigil for someone who died.”</p>
<fig id="pntd-0000546-g001" position="float"><object-id pub-id-type="doi">10.1371/journal.pntd.0000546.g001</object-id><label>Image 1</label><caption>
<title>Narcis Kabatereine in Kampala, Uganda (photo by  Gavin Yamey).</title>
</caption><graphic mimetype="image" position="float" xlink:href="info:doi/10.1371/journal.pntd.0000546.g001" xlink:type="simple"/></fig>
<p>Dr. Kabatereine manages the ministry's Bilharzia and Worm Control Programme and chairs the Neglected Tropical Disease (NTD) Secretariat in the VCD. Without fanfare, he has steadily built a career as both an academic and a highly trusted technical expert whose advice on tropical disease control is greatly in demand across Africa. Rwanda, Mozambique, Tanzania, and southern Sudan have all called on him to help guide their NTD control efforts. Dr. Simon Brooker of KEMRI/Wellcome Trust in Nairobi, Kenya, calls him “the unsung hero of NTDs.”</p>
<p>Dr. Kabatereine's office gives a snapshot of his wide-ranging research, consultancies, and advocacy. There are files and papers everywhere. A box on the shelf is labeled “10% Kato Katz Slides,” used in the diagnosis of schistosomiasis. His bulletin board is plastered with newspaper clippings—one striking headline reads “Bilharzia Threatens Hundreds in Uganda.” There's a calendar from the Carter Center. And there are photos on almost every inch of his walls, including one of his PhD graduation ceremony on March 28, 2001, at the Danish Bilharziasis Laboratory (DBL) in Copenhagen.</p>
<p>As a child, he says, “I just loved insects, wondering how the social insects managed to work together—bees, termites and ants.” He followed his fascination at Makerere University in Kampala, where, for his bachelor's degree in zoology and botany, he did a dissertation in entomology while at the same time gaining a diploma in education. During his degree, he says, “my interest in insects increased when I realized that many were vectors of disease.”</p>
<p>That realization led him to join the VCD in 1980. At that time, he says, there were documents showing that schistosomiasis was a problem in north western Uganda “but no one was working on it.” In 1982, he did a 4-month course at the DBL called “Fresh water snails of Africa and schistosomiasis control.” He later did a master's degree in medical entomology at Nairobi University in Kenya, with a focus on tsetse flies and trypanosomiasis control. But when it came to choosing a topic for his doctorate, he says, he chose “snails and schistosomiasis, a disease that was then more neglected than trypanosomiasis.”</p>
<p>Throughout this time, he was becoming steadily more senior at the VCD, eventually becoming the division's Principal Entomologist in 2007. He was devoting much of his life to understanding and controlling Uganda's enormous burden of schistosomiasis and intestinal worms. His studies included the epidemiology of these parasitic diseases in Kampala, and the transmission of <italic>S.mansoni</italic> both in North Western Uganda and in a remote fishing community on Lake Albert.</p>
<p>I ask him to tell me which of his many achievements gives him the greatest pride. “I managed to map out the magnitude of the problem due to schistosomiasis and soil transmitted helminthiasis in Uganda,” he says, “and initiated a national control programme for the diseases.” He also succeeded in including these neglected conditions in the country's Health Sector Strategic Plan. He is proud of having convinced the government and external donors that mass drug administration (MDA) to control these worms was necessary. Through Uganda's MDA campaign, he says, “we have successfully reduced morbidity due to schistosomiasis and soil transmitted helminthiasis.” Since the late stages of schistosomiasis are deadly, he believes the campaign has also saved many lives.</p>
<p>“Appearances with Narcis can be deceptive,” says Dr. Brooker. “To some who do not know him well, he seems happy and grateful to have donors interested in NTD control in Uganda. With time, you realize that long before donors arrived, he had identified what was required to develop an effective and sustainable helminth control programme in Uganda. He then strategically set about to put those pieces in place, identifying which collaborators could support each area.”</p>
<p>Dr. Jan Kolaczinski, Senior Specialist for NTDs at the Malaria Consortium in Kampala, who works closely with Dr. Kabatereine, says that “one of the key character attributes of Narcis is he genuinely wants to do good for his country—he's not a career person.” This attribute is echoed by Dr. Brooker: “At times, Narcis can be very firm with his staff, especially when they haven't done something just right,” he says, “yet when working with him on school surveys, you see a real gentleness in how he is with children, and a genuine concern for their well-being and to rid them of worms. What Narcis does comes from the heart.”</p>
<p>Dr. Kolackzinski talks highly of Dr. Kabatereine's willingness to share data, to speak frankly at stakeholder meetings, to collaborate with all sorts of people, and to willingly assist other African countries with their NTD control efforts. The Malaria Consortium is currently working with the Government of Southern Sudan on the integrated mapping and control of NTDs, and Dr. Kabatereine has been acting as an adviser. “The team of technicians that Narcis sent to southern Sudan to work with us worked like clockwork,” says Dr. Kolackzinski. “They did all the lab tests for mapping and trained the Sudanese surveyors. They were genuinely committed to training others.” Dr. Kolackzinski credits Narcis's leadership for the technicians' disciplined approach. “Narcis is a useful coach for other African countries,” says Dr. Kolackzinski, “especially for schistosomiasis and soil-transmitted helminths.”</p>
<p>I get a strong sense of Dr. Kabatereine's willingness to speak frankly about controversial issues when I ask him about Uganda's recent move towards integrated control of NTDs, which is being supported by funding from the U.S. Agency for International Development (USAID). Current strategies for controlling several different NTDs, says Dr. Kabatereine, are very similar—they all involve training community medicine distributors (CMDs) and schoolteachers to deliver MDA. So it makes great sense to try and integrate these strategies, he says, and deliver multiple interventions at once. “Reaching the communities themselves within a single period—it's an idea that's quite salient.” Uganda is integrating the control of five diseases: schistosomiasis, soil-transmitted helminths, onchocerciasis, trachoma, and lymphatic filariasis. “None of us want to go back to vertical programs,” he says. “We all want to prove that integration works.”</p>
<p>Nevertheless, he is critical of the way in which USAID has set up a parallel structure, largely outside of the Ministry of Health, to manage the integration. The development agency is channeling funding through the research organization RTI International and Dr. Kabatereine feels that the ministry and the national health system have been sidelined. He worries what will happen when the USAID funding ends—how will integration be sustained if it was never run by the ministry in the first place? “We need strong government involvement in the running,” he says.</p>
<p>Earlier in the day, I had met with Dr. Ambrose Onapa, RTI International's Programme Manager for NTDs, whose office is just down the hallway. He explains that RTI International is providing the funding required by the districts and the ministry of health for implementation of the integrated control program, and is also providing personnel to manage the funds. Implementation is facilitated by an NTD Secretariat at VCD, made up of himself and the individual program managers for each different NTD. Dr. Kabatereine chairs this Secretariat.</p>
<p>“Our role as secretariat is unclear,” says Dr. Kabatereine. “I feel we should be coordinating the program.” In the future, he believes that donors should make sure that the ministry of health has a strong say in the management of integrated control. “Integration isn't easy. It should go directly through the health systems,” he says. He is concerned that CMDs are required to deliver many interventions at once, yet most have little formal education and find it hard to grasp the instructions in the thick integrated training manuals. If this in turn leads to less time spent educating the community about the nature of NTDs, the success of the integrated program could be jeopardized.</p>
<p>Rumors have been going around in the communities, he says, that the medicines are a form of birth control, and such rumors threaten coverage levels. He fears that the problem arises when the CMDs don't give people enough information. He points me to a 2008 social science study on NTDs in North West Uganda, by Melissa Parker and colleagues, which found that adults were increasingly rejecting MDAs through fear of side effects, local beliefs about worms, and inadequate health education <xref ref-type="bibr" rid="pntd.0000546-Parker1">[1]</xref>. “If you want to integrate,” he says, “you have to be very careful how you train people. The coverage rates will be affected.”</p>
<p>It is rare for public health professionals to be willing to go on the record in criticizing a donor-funded program. My interview with Dr. Kabatereine was part of a fellowship in global health reporting that took me to southern Sudan, Uganda, and Kenya <xref ref-type="bibr" rid="pntd.0000546-httpwww.kff.orgmediafellowsminifellowswork.cfm1">[2]</xref>, and while many of my interviewees would castigate bilateral or multilateral donor agencies, they would only do so off the record.</p>
<p>So I make double sure that Dr. Kabatereine is happy to be quoted with his concerns about the RTI International program. He confirms that he is. “I don't know what impact I'll face,” he says, but “the story must be told.” He wants to lay out the challenges of integration, not because the idea itself is flawed but because “all these challenges are manageable. We can solve all of these.”</p>
<p>He shares with me an idea that he thinks would go some way to addressing these challenges. The USAID/RTI program is supporting seven African countries to scale up integrated control of NTDs <xref ref-type="bibr" rid="pntd.0000546-httpntd.rti.orgindex.cfmfuseactionwherewework1">[3]</xref>. He urges RTI to bring the ministries of health of all seven countries together in a meeting to share experiences, to learn from each other, and to give them a sense of buy-in. “It would be in the interest of RTI,” he says. “I believe RTI wants to do the best. We would all be winners.”</p>
<p>As our interview ends, he throws out other ideas that he believes would have an impact on Uganda's NTD burden, such as developing anti-parasitic drug formulations specifically for children. Instead of giving children crushed albendazole/mebendazole tablets mixed with dirty water, he says, a practice that can transmit disease, “we should advocate to develop syrups.” And money should be given to health educators at the district level, he argues, to show videos in schools and churches to educate the community about NTDs and their control.</p>
<p>“I hope one day I will succeed with these ideas,” says Dr. Kabatereine. From what I have learned of him, I feel confident he will be a forceful and vocal champion for his suggestions.</p>
</sec></body>
<back><ref-list>
<title>References</title>
<ref id="pntd.0000546-Parker1"><label>1</label><element-citation publication-type="journal" xlink:type="simple">             <person-group person-group-type="author">
<name name-style="western"><surname>Parker</surname><given-names>M</given-names></name>
<name name-style="western"><surname>Allen</surname><given-names>T</given-names></name>
<name name-style="western"><surname>Hastings</surname><given-names>J</given-names></name>
</person-group>             <year>2008</year>             <article-title>Resisting control of neglected tropical diseases: dilemmas in the mass treatment of schistosomiasis and soil-transmitted helminths in North-West Uganda.</article-title>             <source>J Biosoc Sci</source>             <volume>40</volume>             <fpage>161</fpage>             <lpage>181</lpage>          </element-citation></ref>
<ref id="pntd.0000546-httpwww.kff.orgmediafellowsminifellowswork.cfm1"><label>2</label><element-citation publication-type="other" xlink:type="simple">             <comment><ext-link ext-link-type="uri" xlink:href="http://www.kff.org/mediafellows/minifellows/work.cfm" xlink:type="simple">http://www.kff.org/mediafellows/minifellows/work.cfm</ext-link></comment>          </element-citation></ref>
<ref id="pntd.0000546-httpntd.rti.orgindex.cfmfuseactionwherewework1"><label>3</label><element-citation publication-type="other" xlink:type="simple">             <comment><ext-link ext-link-type="uri" xlink:href="http://ntd.rti.org/index.cfm?fuseaction=wherewework" xlink:type="simple">http://ntd.rti.org/index.cfm?fuseaction=wherewework</ext-link></comment>          </element-citation></ref>
</ref-list>

</back>
</article>