<?xml version="1.0" encoding="UTF-8"?>
<!DOCTYPE article
  PUBLIC "-//NLM//DTD Journal Publishing DTD v3.0 20080202//EN" "http://dtd.nlm.nih.gov/publishing/3.0/journalpublishing3.dtd">
<article xmlns:mml="http://www.w3.org/1998/Math/MathML" xmlns:xlink="http://www.w3.org/1999/xlink" article-type="letter" dtd-version="3.0" xml:lang="EN">
  <front>
    <journal-meta><journal-id journal-id-type="publisher-id">plos</journal-id><journal-id journal-id-type="publisher">pmed</journal-id><journal-id journal-id-type="allenpress-id">plme</journal-id><journal-id journal-id-type="nlm-ta">PLoS Med</journal-id><journal-id journal-id-type="pmc">plosmed</journal-id><!--===== Grouping journal title elements =====--><journal-title-group><journal-title>PLoS Medicine</journal-title></journal-title-group><issn pub-type="ppub">1549-1277</issn><issn pub-type="epub">1549-1676</issn><publisher>
        <publisher-name>Public Library of Science</publisher-name>
        <publisher-loc>San Francisco, USA</publisher-loc>
      </publisher></journal-meta>
    <article-meta><article-id pub-id-type="doi">10.1371/journal.pmed.0040166</article-id><article-id pub-id-type="publisher-id">07-PLME-C-0155</article-id><article-categories>
        <subj-group subj-group-type="heading">
          <subject>Correspondence</subject>
        </subj-group>
        <subj-group subj-group-type="Discipline">
          <subject>Evidence-Based Healthcare</subject>
          <subject>Non-Clinical Medicine</subject>
          <subject>Science Policy</subject>
        </subj-group>
        <subj-group subj-group-type="System Taxonomy">
          <subject>Medical journals</subject>
          <subject>Peer review</subject>
          <subject>Research Methods</subject>
        </subj-group>
      </article-categories><title-group><article-title>Training of Peer Reviewers: Validation of a 5-Point Rating Scale</article-title><alt-title alt-title-type="running-head">Correspondence</alt-title></title-group><contrib-group>
        <contrib contrib-type="author" xlink:type="simple">
          <name name-style="western">
            <surname>Callaham</surname>
            <given-names>Michael</given-names>
          </name>
        </contrib>
      </contrib-group><author-notes>
        <fn fn-type="current-aff" id="n3">
          <p>Michael Callaham (<email xlink:type="simple">mlc@medicine.ucsf.edu</email>)</p>
        </fn>
        <fn fn-type="current-aff" id="n4">
          <p>University of California San Francisco, San Francisco, California, United States of America</p>
        </fn>
      <fn fn-type="conflict" id="n2">
        <p> The author has declared that no competing interests exist.</p>
      </fn></author-notes><pub-date pub-type="ppub">
        <month>4</month>
        <year>2007</year>
      </pub-date><pub-date pub-type="epub">
        <day>24</day>
        <month>4</month>
        <year>2007</year>
      </pub-date><volume>4</volume><issue>4</issue><elocation-id>e166</elocation-id><!--===== Grouping copyright info into permissions =====--><permissions><copyright-year>2007</copyright-year><copyright-holder>Michael Callaham</copyright-holder><license><license-p>This is an open-access article distributed under the terms of the Creative Commons Attribution License, which permits unrestricted use, distribution, and reproduction in any medium, provided the original author and source are credited.</license-p></license></permissions><related-article page="e40" related-article-type="companion" vol="4" xlink:href="info:doi/10.1371/journal.pmed.0040040" xlink:title="Research Article" xlink:type="simple">
				<article-title>The Relationship of Previous Training and Experience of Journal Peer Reviewers to Subsequent Review Quality</article-title>
			</related-article><funding-group><funding-statement>The author received no specific funding for this article.</funding-statement></funding-group><counts>
        <page-count count="1"/>
      </counts><!--===== Restructure custom-meta-wrap to custom-meta-group =====--><custom-meta-group>
        <custom-meta>
          <meta-name>citation</meta-name>
          <meta-value>Callaham M (2007) Training of peer reviewers: Validation of a 5-point rating scale. PLoS Med 4(4): e166. doi: <ext-link ext-link-type="doi" xlink:href="http://dx.doi.org/10.1371/journal.pmed.0040166" xlink:type="simple">10.1371/journal.pmed.0040166</ext-link></meta-value>
        </custom-meta>
      </custom-meta-group></article-meta>
  </front>
  <body>
    <sec id="s1">
      <title/>
      <p>We regret that in our paper in the January issue of <italic>PLoS Medicine</italic> [<xref ref-type="bibr" rid="pmed-0040166-b001">1</xref>], we failed to cite an important recent study [<xref ref-type="bibr" rid="pmed-0040166-b002">2</xref>] that validates a simple 5-point quality rating score virtually identical to the one we used, and which we find more efficient than scores with multiple subscales. We apologize for the omission of this helpful research.</p>
    </sec>
  </body>
  <back>
    <ref-list>
      <title>References</title>
      <ref id="pmed-0040166-b001">
        <label>1</label>
        <element-citation publication-type="journal" xlink:type="simple">
					<person-group><name name-style="western"><surname>Callaham</surname><given-names>ML</given-names></name><name name-style="western"><surname>Tercier</surname><given-names>J</given-names></name></person-group>
					<year>2007</year>
					<article-title>The relationship of previous training and experience of journal peer reviewers to subsequent review quality.</article-title>
					<source>PLoS Med</source>
					<volume>4</volume>
					<fpage>e40</fpage>
					<comment>doi:<ext-link ext-link-type="doi" xlink:href="http://dx.doi.org/10.1371/journal.pmed.0040040" xlink:type="simple">10.1371/journal.pmed.0040040</ext-link></comment>
				</element-citation>
      </ref>
      <ref id="pmed-0040166-b002">
        <label>2</label>
        <element-citation publication-type="journal" xlink:type="simple">
					<person-group><name name-style="western"><surname>Landkroon</surname><given-names>AP</given-names></name><name name-style="western"><surname>Euser</surname><given-names>AM</given-names></name><name name-style="western"><surname>Veeken</surname><given-names>H</given-names></name><name name-style="western"><surname>Hart</surname><given-names>W</given-names></name><name name-style="western"><surname>Overbeke</surname><given-names>AJ</given-names></name></person-group>
					<year>2006</year>
					<article-title>Quality assessment of reviewers' reports using a simple instrument.</article-title>
					<source>Obstet Gynecol</source>
					<volume>108</volume>
					<fpage>979</fpage>
					<lpage>985</lpage>
				</element-citation>
      </ref>
    </ref-list>
    
  </back>
</article>