<?xml version="1.0" encoding="UTF-8"?>
<!DOCTYPE article
  PUBLIC "-//NLM//DTD Journal Publishing DTD v3.0 20080202//EN" "http://dtd.nlm.nih.gov/publishing/3.0/journalpublishing3.dtd">
<article xmlns:mml="http://www.w3.org/1998/Math/MathML" xmlns:xlink="http://www.w3.org/1999/xlink" article-type="discussion" dtd-version="3.0" xml:lang="EN">
<front>
<journal-meta><journal-id journal-id-type="nlm-ta">PLoS Med</journal-id><journal-id journal-id-type="publisher-id">PLoS</journal-id><journal-id journal-id-type="pmc">plosmed</journal-id><!--===== Grouping journal title elements =====--><journal-title-group><journal-title>PLoS Medicine</journal-title></journal-title-group><issn pub-type="epub">1549-1676</issn><publisher>
<publisher-name>Public Library of Science</publisher-name>
<publisher-loc>San Francisco, USA</publisher-loc></publisher></journal-meta>
<article-meta><article-id pub-id-type="publisher-id">11-PLME-P-6290</article-id><article-id pub-id-type="doi">10.1371/journal.pmed.1000421</article-id><article-categories><subj-group subj-group-type="heading"><subject>Perspective</subject></subj-group><subj-group subj-group-type="Discipline"><subject>Infectious Diseases/Antimicrobials and Drug Resistance</subject><subject>Infectious Diseases/Epidemiology and Control of Infectious Diseases</subject><subject>Infectious Diseases/HIV Infection and AIDS</subject></subj-group></article-categories><title-group><article-title>The Challenge of Discharging Research Ethics Duties in Resource-Constrained Settings</article-title></title-group><contrib-group>
<contrib contrib-type="author" xlink:type="simple"><name name-style="western"><surname>Singh</surname><given-names>Jerome Amir</given-names></name><xref ref-type="aff" rid="aff1"><sup>1</sup></xref><xref ref-type="aff" rid="aff2"><sup>2</sup></xref><xref ref-type="corresp" rid="cor1"><sup>*</sup></xref></contrib>
</contrib-group><aff id="aff1"><label>1</label><addr-line>Centre for the AIDS Programme of Research in South Africa (CAPRISA), University of Kwazulu-Natal, Durban, South Africa</addr-line>       </aff><aff id="aff2"><label>2</label><addr-line>Dalla Lana School of Public Health, Joint Centre for Bioethics, and McLaughlin-Rotman Centre for Global Health, University of Toronto, Toronto, Canada</addr-line>       </aff><author-notes>
<corresp id="cor1">* E-mail: <email xlink:type="simple">singhj9@ukzn.ac.za</email></corresp>
<fn fn-type="con"><p><ext-link ext-link-type="uri" xlink:href="http://www.icmje.org/" xlink:type="simple">ICMJE</ext-link> criteria for authorship read and met: JAS. Agree with the manuscript's results and conclusions: JAS. Wrote the first draft of the paper: JAS.</p></fn>
<fn><p>The Perspective section is for experts to discuss the clinical practice or public health implications of a published study that is freely available online.</p></fn>
<fn fn-type="conflict"><p>The author has declared that no competing interests exist.</p></fn></author-notes><pub-date pub-type="collection"><month>3</month><year>2011</year></pub-date><pub-date pub-type="epub"><day>15</day><month>3</month><year>2011</year></pub-date><volume>8</volume><issue>3</issue><elocation-id>e1000421</elocation-id><!--===== Grouping copyright info into permissions =====--><permissions><copyright-year>2011</copyright-year><copyright-holder>Jerome Amir Singh</copyright-holder><license><license-p>This is an open-access article distributed under the terms of the Creative Commons Attribution License, which permits unrestricted use, distribution, and reproduction in any medium, provided the original author and source are credited.</license-p></license></permissions><related-article ext-link-type="uri" id="RA1" page="e1000427" related-article-type="companion" vol="8" xlink:href="info:doi/10.1371/journal.pmed.1000427" xlink:type="simple"> <article-title>Effectiveness of the Standard WHO Recommended Retreatment Regimen (Category II) for Tuberculosis in Kampala, Uganda: A Prospective Cohort Study.</article-title></related-article><abstract abstract-type="toc">
<p>Jerome Singh discusses some ethical issues raised by a new research article by Edward Jónes-Lopez and colleagues that examined the effectiveness of the standard WHO recommended retreatment regimen (Category II) for TB in Uganda.</p>
</abstract><funding-group><funding-statement>No specific funding was received to write this Perspective, although the author is supported by the Centre for the AIDS Programme of Research in South Africa (CAPRISA), which forms part of the Comprehensive International Program on AIDS, funded by the US National Institute of Allergy and Infectious Diseases. The author is also funded through a grant from the Bill &amp; Melinda Gates Foundation via its Grand Challenges in Global Health Initiative.</funding-statement></funding-group><counts><page-count count="3"/></counts></article-meta>
</front>
<body><boxed-text id="pmed-1000421-box001" position="float"><sec id="s1a">
<title>Linked Research Article</title>
<p>Jones-López EC, Ayakaka I, Levin J, Reilly N, Mumbowa F, et al. (2011) Effectiveness of the Standard WHO Recommended Retreatment Regimen (Category II) for Tuberculosis in Kampala, Uganda: A Prospective Cohort Study. PLoS Med 8: e427. <ext-link ext-link-type="uri" xlink:href="http://www.plosmedicine.org/article/info:doi/10.1371/journal.pmed.1000427" xlink:type="simple">doi:10.1371/journal.pmed.1000427</ext-link></p>
<p>Prospective evaluation of the effectiveness of the WHO-recommended standardized retreatment regimen for tuberculosis by Edward Jones-López and colleagues reveals an unacceptable proportion of unsuccessful outcomes.</p>
</sec></boxed-text><sec id="s2">
<title/>
<p>The paper by Jones-López et al. in this week's <italic>PLoS Medicine</italic> <xref ref-type="bibr" rid="pmed.1000421-JonesLpez1">[1]</xref> (hereinafter “the Uganda study”) illustrates the challenge of conducting research in resource-constrained settings. At the time the study was proposed and initiated, the prevalence of multidrug resistant tuberculosis (MDR-TB) in Uganda was unknown. Further, second-line therapy for MDR-TB, available in other settings, was not available in the country. The Uganda study accordingly highlights at least two classic ethical conundrums: (1) should research be conducted in a setting if the existing standard of care for the health issue under investigation is “no treatment,” despite efficacious treatment existing elsewhere? and (2) should investigators introduce an efficacious standard of care in a setting if it would not otherwise be available?</p>
</sec><sec id="s3">
<title>Is the Uganda Study Ethically Defensible? The Stance of Research Ethics Guidelines</title>
<p>It is worthwhile examining the ethics of the Uganda study through the lens of prominent international research ethics guidelines. Although these instruments are not binding on any setting, including Uganda, they offer helpful guidance on a range of issues that confront researchers. According to the Council for International Organizations of Medical Sciences (CIOMS) Guidelines (formally known as International Ethical Guidelines for Biomedical Research Involving Human Subjects; hereinafter “CIOMS Guideline”) <xref ref-type="bibr" rid="pmed.1000421-Council1">[2]</xref>:</p>
<disp-quote>
<p>“Sponsors of research or investigators cannot, in general, be held accountable for unjust conditions where the research is conducted, but they must refrain from practices that are likely to worsen unjust conditions or contribute to new inequities…In general, the research project should leave low-resource countries or communities better off than previously or, at least, no worse off.”</p>
</disp-quote>
<p>On the issue of conducting research in populations and communities with limited resources, Guideline 10 of the CIOMS Guideline states that</p>
<disp-quote>
<p>“before undertaking research in a population or community with limited resources, the sponsor and the investigator must make every effort to ensure that:<list list-type="bullet"><list-item>
<p>the research is responsive to the health needs and the priorities of the population or community in which it is to be carried out; and</p>
</list-item><list-item>
<p>any intervention or product developed, or knowledge generated, will be made reasonably available for the benefit of that population or community.”</p>
</list-item></list>          </p>
</disp-quote>
<p>Guideline 10's accompanying commentary states:</p>
<disp-quote>
<p>“It is not sufficient simply to determine that a disease is prevalent in the population and that new or further research is needed: the ethical requirement of ‘responsiveness’ can be fulfilled only if successful interventions or other kinds of health benefit are made available to the population. This is applicable especially to research conducted in countries where governments lack the resources to make such products or benefits widely available.”</p>
</disp-quote>
<p>Paragraph 19 of the 2000 version of the Declaration of Helsinki <xref ref-type="bibr" rid="pmed.1000421-World1">[3]</xref>—which was applicable at the time the Uganda study commenced in 2003—states: “Medical research is only justified if there is a reasonable likelihood that the populations in which the research is carried out stand to benefit from the results of the research.” Paragraph 30 of the 2000 version of the Declaration of Helsinki further states: “At the conclusion of the study, every patient entered into the study should be assured of access to the best proven prophylactic, diagnostic and therapeutic methods identified by the study.”</p>
<p>Paragraph 30's accompanying note of clarification, which was added by the World Medical Association General Assembly in 2004 <xref ref-type="bibr" rid="pmed.1000421-World2">[4]</xref>, states:</p>
<disp-quote>
<p>“The WMA hereby reaffirms its position that it is necessary during the study planning process to identify post-trial access by study participants to prophylactic, diagnostic and therapeutic procedures identified as beneficial in the study or access to other appropriate care. Post-trial access arrangements or other care must be described in the study protocol so the ethical review committee may consider such arrangements during its review.”</p>
</disp-quote>
<p>Paragraph 7 of the 2008 version of the Declaration of Helsinki <xref ref-type="bibr" rid="pmed.1000421-World3">[5]</xref>—which became applicable before the Uganda study ended—states:</p>
<disp-quote>
<p>“Medical research involving a disadvantaged or vulnerable population or community is only justified if the research is responsive to the health needs and priorities of this population or community and if there is a reasonable likelihood that this population or community stands to benefit from the results of the research.”</p>
</disp-quote>
<p>Given the above, it could be argued that the Uganda study was <italic>unethical</italic> if the following conditions were met:</p>
<list list-type="order"><list-item>
<p>The investigators initiated the study in a setting where drug-resistant TB was likely prevalent, and second-line TB therapy was not available in that setting's public sector; and</p>
</list-item><list-item>
<p>Notwithstanding the factors outlined in point 1, the investigators made no reasonable efforts to change this state of affairs (i.e., they left participants who required second-line therapy untreated for the entire duration of the study).</p>
</list-item></list>
<p>As MDR-TB was almost certainly prevalent in Uganda at the study's commencement, the Uganda study was clearly responsive to the health needs of the study setting. Moreover, the investigators made a praiseworthy good-faith attempt to initiate a second-line treatment program in Uganda, when none existed previously. To this end, they provided second-line treatment regimens to a cohort of study participants diagnosed with MDR-TB, before the study concluded. While it may be argued that the investigators could have treated more participants infected with MDR-TB with second-line drugs earlier (seven study participants with MDR-TB accessed second-line treatment later in the study through a pilot treatment program initiated by the investigators), the study is ethically defensible, if one considers that several logistic issues have to be addressed before a treatment program can be initiated.</p>
<p>For example, securing funding, obtaining preferentially priced second-line TB drugs, training health personnel in MDR-TB treatment, developing a directly observed therapy (DOT)-Plus program, developing laboratory capacity for drug-susceptibility testing, and establishing hospital infection control measures, are time-consuming activities and could have prevented earlier second-line therapy initiation in the study setting. Further, the Uganda study findings will, on a balance of probability, likely achieve its goal: inspire MDR-TB treatment policy reform in Uganda (and other similar settings), thereby satisfying the requirement that the local population benefit from the results of the research.</p>
</sec><sec id="s4">
<title>Lessons for Others</title>
<p>The Uganda study holds valuable lessons for others contemplating conducting research in resource-scarce settings. While not conducting a study in a setting where no efficacious standard of care exists may, at face value and in certain instances, seem a more ethically defensible option, it could overall have more negative consequences. For instance, crucial epidemiological evidence that could demonstrate the actual state of disease prevalence in a setting, and which may be pivotal to compelling (or shaming) apathetic, obstinate, and indifferent governments to change their existing treatment policy, may end up never being yielded. Accordingly, the relevant health crisis will remain unaddressed, resulting in dire public health consequences for that setting, and in some instances, the surrounding region. The Uganda study investigators were thus justifiable in conducting the study in Uganda.</p>
<p>Further, as was the case in the Uganda study, the investigators' role should not be limited to merely highlighting a problem. The duty of beneficence requires investigators to assume an advocacy role. This includes making reasonable attempts to change the prevailing state of affairs (i.e., the absence of efficacious treatment in the country). To this end, investigators could follow the example of the Uganda study and provide the efficacious standard of care to study participants as soon as practically possible for the duration of the study (and, if necessary, a limited period thereafter). Moreover, they could attempt to secure an undertaking from the authorities that the state will assume the responsibility of continuing that standard of care in the study setting, post-trial, and eventually expanding its access throughout its territorial jurisdiction. Admittedly, investigators do not have the power to compel authorities to approve their study, to assume post-trial responsibilities, or to implement an efficacious standard of care beyond the study site. However, this should not stop investigators from trying to do so.</p>
</sec><sec id="s5">
<title>Conclusion</title>
<p>The Uganda study has undoubtedly addressed an important knowledge gap in science. It will hopefully herald revisions to Uganda's TB treatment program and inspire similar reforms elsewhere. Equally significant, the study catalyzed the provision of second-line TB therapy in that country. In so doing, the study has undoubtedly left the local population better off compared to before its commencement. These two factors, alone, make the Uganda study ethically defensible.</p>
</sec></body>
<back><ref-list>
<title>References</title>
<ref id="pmed.1000421-JonesLpez1"><label>1</label><element-citation publication-type="journal" xlink:type="simple">             <person-group person-group-type="author">
<name name-style="western"><surname>Jones-López</surname><given-names>EC</given-names></name>
<name name-style="western"><surname>Ayakaka</surname><given-names>I</given-names></name>
<name name-style="western"><surname>Levin</surname><given-names>J</given-names></name>
<name name-style="western"><surname>Reilly</surname><given-names>N</given-names></name>
<name name-style="western"><surname>Mumbowa</surname><given-names>F</given-names></name>
<etal/></person-group>             <year>2011</year>             <article-title>Effectiveness of the standard WHO recommended retreatment regimen (Category II) for tuberculosis in Kampala, Uganda: a prospective cohort study.</article-title>             <source>PLoS Med</source>             <volume>8</volume>             <fpage>e427</fpage>             <comment>doi:<ext-link ext-link-type="uri" xlink:href="http://dx.doi.org/10.1371/journal.pmed.1000427" xlink:type="simple">10.1371/journal.pmed.1000427</ext-link></comment>          </element-citation></ref>
<ref id="pmed.1000421-Council1"><label>2</label><element-citation publication-type="other" xlink:type="simple">             <collab xlink:type="simple">Council for International Organizations of Medical Sciences</collab>             <year>2002</year>             <article-title>International ethical guidelines for biomedical research involving human subjects.</article-title>             <comment>Available: <ext-link ext-link-type="uri" xlink:href="http://www.cioms.ch/publications/layout_guide2002.pdf" xlink:type="simple">http://www.cioms.ch/publications/layout_guide2002.pdf</ext-link>. Accessed 7 February 2011</comment>          </element-citation></ref>
<ref id="pmed.1000421-World1"><label>3</label><element-citation publication-type="other" xlink:type="simple">             <collab xlink:type="simple">World Medical Association</collab>             <year>2002</year>             <article-title>World Medical Association Declaration of Helsinki: ethical principles for medical research involving human subjects.</article-title>             <comment>Available: <ext-link ext-link-type="uri" xlink:href="http://irb.rainbowkeeper.com.tw/doc/21DeclarationOfHelsinki.pdf" xlink:type="simple">http://irb.rainbowkeeper.com.tw/doc/21DeclarationOfHelsinki.pdf</ext-link>. Accessed 7 February 2011</comment>          </element-citation></ref>
<ref id="pmed.1000421-World2"><label>4</label><element-citation publication-type="other" xlink:type="simple">             <collab xlink:type="simple">World Medical Association</collab>             <year>2004</year>             <article-title>World Medical Association Declaration of Helsinki: ethical principles for medical research involving human subjects.</article-title>             <comment>Available: <ext-link ext-link-type="uri" xlink:href="http://business.virgin.net/cdss.com/Declaration_of_Helsinki.pdf" xlink:type="simple">http://business.virgin.net/cdss.com/Declaration_of_Helsinki.pdf</ext-link>. Accessed 7 February 2011</comment>          </element-citation></ref>
<ref id="pmed.1000421-World3"><label>5</label><element-citation publication-type="other" xlink:type="simple">             <collab xlink:type="simple">World Medical Association</collab>             <year>2008</year>             <article-title>World Medical Association Declaration of Helsinki: ethical principles for medical research involving human subjects.</article-title>             <comment>Available: <ext-link ext-link-type="uri" xlink:href="http://www.wma.net/en/30publications/10policies/b3/17c.pdf" xlink:type="simple">http://www.wma.net/en/30publications/10policies/b3/17c.pdf</ext-link>. Accessed 7 February 2011</comment>          </element-citation></ref>
</ref-list><glossary><title>Abbreviations</title><def-list><def-item>
<term>CIOMS</term>
<def>
<p>Council for International Organizations of Medical Sciences</p>
</def>
</def-item><def-item>
<term>MDR-TB</term>
<def>
<p>multidrug resistant tuberculosis</p>
</def>
</def-item></def-list></glossary>
<fn-group><fn fn-type="other"><p><bold>Provenance:</bold> Commissioned; not externally peer reviewed.</p></fn></fn-group>
</back>
</article>