<?xml version="1.0" encoding="UTF-8"?>
<!DOCTYPE article
  PUBLIC "-//NLM//DTD Journal Publishing DTD v3.0 20080202//EN" "http://dtd.nlm.nih.gov/publishing/3.0/journalpublishing3.dtd">
<article xmlns:mml="http://www.w3.org/1998/Math/MathML" xmlns:xlink="http://www.w3.org/1999/xlink" article-type="letter" dtd-version="3.0" xml:lang="EN">
  <front>
    <journal-meta><journal-id journal-id-type="publisher-id">plos</journal-id><journal-id journal-id-type="publisher">pmed</journal-id><journal-id journal-id-type="flc">plme</journal-id><journal-id journal-id-type="nlm-ta">PLoS Med</journal-id><journal-id journal-id-type="pmc">plosmed</journal-id><!--===== Grouping journal title elements =====--><journal-title-group><journal-title>PLoS Medicine</journal-title></journal-title-group><issn pub-type="ppub">1549-1277</issn><issn pub-type="epub">1549-1676</issn><publisher>
        <publisher-name>Public Library of Science</publisher-name>
        <publisher-loc>San Francisco, USA</publisher-loc>
      </publisher></journal-meta>
    <article-meta><article-id pub-id-type="doi">10.1371/journal.pmed.0030407</article-id><article-id pub-id-type="publisher-id">06-PLME-C-0595</article-id><article-categories>
        <subj-group subj-group-type="heading">
          <subject>Correspondence</subject>
        </subj-group>
        <subj-group subj-group-type="Discipline">
          <subject>Public Health and Epidemiology</subject>
          <subject>Mental Health</subject>
          <subject>Mental Health</subject>
        </subj-group>
        <subj-group subj-group-type="System Taxonomy">
          <subject>Drugs and adverse drug reactions</subject>
          <subject>Epidemiology</subject>
          <subject>Mood disorders (including depression)</subject>
          <subject>Suicide</subject>
        </subj-group>
      </article-categories><title-group><article-title>Authors' Response to Hockey and Reidak</article-title><alt-title alt-title-type="running-head">Correspondence</alt-title></title-group><contrib-group>
        <contrib contrib-type="author" xlink:type="simple">
          <name name-style="western">
            <surname>Licinio</surname>
            <given-names>Julio</given-names>
          </name>
        </contrib>
      </contrib-group><author-notes>
        <fn fn-type="current-aff" id="n1">
          <p>Julio Licinio (<email xlink:type="simple">licinio@miami.edu</email>), University of Miami, Miami, United States of America</p>
        </fn>
      <fn fn-type="conflict" id="n3">
        <p> JL has consulted for Eli Lilly, as discussed in detail in this Correspondence article.</p>
      </fn></author-notes><pub-date pub-type="ppub">
        <month>9</month>
        <year>2006</year>
      </pub-date><pub-date pub-type="epub">
        <day>26</day>
        <month>9</month>
        <year>2006</year>
      </pub-date><volume>3</volume><issue>9</issue><elocation-id>e407</elocation-id><!--===== Grouping copyright info into permissions =====--><permissions><copyright-year>2006</copyright-year><copyright-holder>Julio Licinio</copyright-holder><license><license-p>This is an open-access article distributed under the terms of the Creative Commons Attribution License, which permits unrestricted use, distribution, and reproduction in any medium, provided the original author and source are credited.</license-p></license></permissions><related-article page="e190" related-article-type="companion" vol="3" xlink:href="info:doi/10.1371/journal.pmed.0030190" xlink:title="Research Article" xlink:type="simple">
				<article-title>Modeling of the Temporal Patterns of Fluoxetine Prescriptions and Suicide Rates in the United States</article-title>
			</related-article><related-article page="e408" related-article-type="companion" vol="3" xlink:href="info:doi/10.1371/journal.pmed.0030408" xlink:title="Correspondence" xlink:type="simple">
				<article-title>Were Eli Lilly Unaware of This Study?</article-title>
			</related-article><related-article page="e406" related-article-type="companion" vol="3" xlink:href="info:doi/10.1371/journal.pmed.0030406" xlink:title="Correspondence" xlink:type="simple">
				<article-title>Is It Just a Marker for Increased Care?</article-title>
			</related-article><funding-group><funding-statement>The authors received no specific funding for this article.</funding-statement></funding-group><counts>
        <page-count count="2"/>
      </counts><!--===== Restructure custom-meta-wrap to custom-meta-group =====--><custom-meta-group>
        <custom-meta>
          <meta-name>citation</meta-name>
          <meta-value>Licinio J (2006) Authors' response to Hockey and Reidak. PLoS Med 3(9): e407. DOI: <ext-link ext-link-type="doi" xlink:href="http://dx.doi.org/10.1371/journal.pmed.0030407" xlink:type="simple">10.1371/journal.pmed.0030407</ext-link></meta-value>
        </custom-meta>
      </custom-meta-group></article-meta>
  </front>
  <body>
    <sec id="s1">
      <title/>
      <p>Because the increased prescriptions of antidepressants are correlated to increased medical visits, it is tempting to conclude, as Hockey did [<xref ref-type="bibr" rid="pmed-0030407-b001">1</xref>], that decreased suicides are a function of greater recognition of depression. It should be noted that the biggest cause of suicide is clinical major depression and increased visits do not treat that; antidepressants do.</p>
      <p>In a comprehensive review of the literature on the role of long-term antidepressant use to prevent relapse of major depression, Geddes et al. [<xref ref-type="bibr" rid="pmed-0030407-b002">2</xref>] reported that “data were pooled from 31 randomised trials (4410 participants). Continuing treatment with antidepressants reduced the odds of relapse by 70% (95% CI 62–78; 2p&lt;0.00001) compared with treatment discontinuation. The average rate of relapse on placebo was 41% compared with 18% on active treatment”. We therefore conclude that just seeing a doctor is in the long term not protective against major depression and its consequences, such as suicide. The weight of existing data supports a positive effect of antidepressants. It is plausible that effective long-term treatment of depression by other methods might also be beneficial.</p>
      <p>In response to the query from Reidak regarding Eli Lilly, I must say that I completely disclose all my activities, and that is why Aasa Reidak was able to write her letter [<xref ref-type="bibr" rid="pmed-0030407-b003">3</xref>]. I had published before on this topic in <italic>Nature Reviews Drug Discovery</italic> and had data (which were widely known to all in the field, including Eli Lilly) that since fluoxetine was introduced, prescriptions had gone up and suicide rates had gone down. There is nothing really conceptually new there. That was what was presented at one of Eli Lilly’s regular weekly scientific sessions, which exist at most research institutions, including Lilly Research Laboratories. The paper published here is on the modelling of suicide rates using pre-1988 data to estimate what suicide rates would be now and therefore to predict a potential putative effect of fluoxetine and other selective serotonin reuptake inhibitors [<xref ref-type="bibr" rid="pmed-0030407-b004">4</xref>] . These mathematical modelling data are new to this paper, and that entire analysis and manuscript content took place without the knowledge, support, or input of Eli Lilly.</p>
      <p>The work reported in the article was done in the absence of any conflict of interest or pharmaceutical industry support. After the paper was submitted for publication in <italic>PLoS Medicine</italic>, I agreed to provide consultations for Eli Lilly, the manufacturer of fluoxetine. This has been a minor, occasional role, with very limited compensation. Such a relationship did not exist and was not planned when the work was done or the article written and submitted, and it is being disclosed here in the interests of transparency.</p>
    </sec>
  </body>
  <back>
    <ref-list>
      <title>References</title>
      <ref id="pmed-0030407-b001">
        <label>1</label>
        <element-citation publication-type="journal" xlink:type="simple">
					<person-group><name name-style="western"><surname>Hockey</surname><given-names>R</given-names></name></person-group>
					<year>2006</year>
					<article-title>Is it just a marker for increased care?</article-title>
					<source>PLoS Med</source>
					<volume>3</volume>
					<fpage>e406</fpage>
					<comment>DOI: <ext-link ext-link-type="doi" xlink:href="http://dx.doi.org/10.1371/journal.pmed.0030406" xlink:type="simple">10.1371/journal.pmed.0030406</ext-link></comment>
				</element-citation>
      </ref>
      <ref id="pmed-0030407-b002">
        <label>2</label>
        <element-citation publication-type="journal" xlink:type="simple">
					<person-group><name name-style="western"><surname>Geddes</surname><given-names>JR</given-names></name><name name-style="western"><surname>Carney</surname><given-names>SM</given-names></name><name name-style="western"><surname>Davies</surname><given-names>C</given-names></name><name name-style="western"><surname>Furukawa</surname><given-names>TA</given-names></name><name name-style="western"><surname>Kupfer</surname><given-names>DJ</given-names></name><etal/></person-group>
					<year>2003</year>
					<article-title>Relapse prevention with antidepressant drug treatment in depressive disorders: A systematic review.</article-title>
					<source>Lancet</source>
					<volume>361</volume>
					<fpage>653</fpage>
					<lpage>661</lpage>
				</element-citation>
      </ref>
      <ref id="pmed-0030407-b003">
        <label>3</label>
        <element-citation publication-type="journal" xlink:type="simple">
					<person-group><name name-style="western"><surname>Reidak</surname><given-names>A</given-names></name></person-group>
					<year>2006</year>
					<article-title>Were Eli Lilly unaware of this study?</article-title>
					<source>PLoS Med</source>
					<volume>3</volume>
					<fpage>e408</fpage>
					<comment>DOI: <ext-link ext-link-type="doi" xlink:href="http://dx.doi.org/10.1371/journal.pmed.0030408" xlink:type="simple">10.1371/journal.pmed.0030408</ext-link></comment>
				</element-citation>
      </ref>
      <ref id="pmed-0030407-b004">
        <label>4</label>
        <element-citation publication-type="journal" xlink:type="simple">
					<person-group><name name-style="western"><surname>Milane</surname><given-names>MS</given-names></name><name name-style="western"><surname>Suchard</surname><given-names>MA</given-names></name><name name-style="western"><surname>Wong</surname><given-names>ML</given-names></name><name name-style="western"><surname>Licinio</surname><given-names>J</given-names></name></person-group>
					<year>2006</year>
					<article-title>Modeling of the temporal patterns of fluoxetine prescriptions and suicide rates in the United States.</article-title>
					<source>PLoS Med</source>
					<volume>3</volume>
					<fpage>e190</fpage>
					<comment>DOI: <ext-link ext-link-type="doi" xlink:href="http://dx.doi.org/10.1371/journal.pmed.0030190" xlink:type="simple">10.1371/journal.pmed.0030190</ext-link></comment>
				</element-citation>
      </ref>
    </ref-list>
    
  </back>
</article>