<?xml version="1.0" encoding="UTF-8"?>
<!DOCTYPE article
  PUBLIC "-//NLM//DTD Journal Publishing DTD v3.0 20080202//EN" "http://dtd.nlm.nih.gov/publishing/3.0/journalpublishing3.dtd">
<article xmlns:mml="http://www.w3.org/1998/Math/MathML" xmlns:xlink="http://www.w3.org/1999/xlink" article-type="research-article" dtd-version="3.0" xml:lang="EN"><front><journal-meta><journal-id journal-id-type="nlm-ta">PLoS ONE</journal-id><journal-id journal-id-type="publisher-id">plos</journal-id><journal-id journal-id-type="pmc">plosone</journal-id><!--===== Grouping journal title elements =====--><journal-title-group><journal-title>PLoS ONE</journal-title></journal-title-group><issn pub-type="epub">1932-6203</issn><publisher><publisher-name>Public Library of Science</publisher-name><publisher-loc>San Francisco, USA</publisher-loc></publisher></journal-meta><article-meta><article-id pub-id-type="publisher-id">07-PONE-RA-01716R1</article-id><article-id pub-id-type="doi">10.1371/journal.pone.0000871</article-id><article-categories><subj-group subj-group-type="heading"><subject>Research Article</subject></subj-group><subj-group subj-group-type="Discipline"><subject>Neuroscience</subject><subject>Neuroscience/Cognitive Neuroscience</subject><subject>Neuroscience/Neuronal Signaling Mechanisms</subject><subject>Neuroscience/Sensory Systems</subject></subj-group></article-categories><title-group><article-title>Retinal Encoding of Ultrabrief Shape Recognition Cues</article-title><alt-title alt-title-type="running-head">Retinal Encoding for Shape</alt-title></title-group><contrib-group><contrib contrib-type="author" xlink:type="simple"><name name-style="western"><surname>Greene</surname><given-names>Ernest</given-names></name><xref ref-type="aff" rid="aff1"><sup>1</sup></xref><xref ref-type="aff" rid="aff2"><sup>2</sup></xref><xref ref-type="corresp" rid="n101"><sup>*</sup></xref></contrib></contrib-group><aff id="aff1"><label>1</label><addr-line>Laboratory for Neurometric Research, Department of Psychology, University of Southern California, Los Angeles, California, United States of America</addr-line>       </aff><aff id="aff2"><label>2</label><addr-line>Neuropsychology Foundation, Sun Valley, California, United States of America</addr-line>       </aff><contrib-group><contrib contrib-type="editor" xlink:type="simple"><name name-style="western"><surname>Vosshall</surname><given-names>Leslie</given-names></name><role>Academic Editor</role><xref ref-type="aff" rid="edit1"/></contrib></contrib-group><aff id="edit1">The Rockefeller University, United States of America</aff><author-notes><corresp id="n101">* To whom correspondence should be addressed. E-mail: <email xlink:type="simple">egreene@usc.edu</email></corresp><fn fn-type="con"><p>Conceived and designed the experiments: EG. Performed the experiments: EG. Wrote the paper: EG.</p></fn><fn fn-type="conflict"><p>The author has declared that no competing interests exist.</p></fn></author-notes><pub-date pub-type="collection"><year>2007</year></pub-date><pub-date pub-type="epub"><day>12</day><month>9</month><year>2007</year></pub-date><volume>2</volume><issue>9</issue><elocation-id>e871</elocation-id><history><date date-type="received"><day>10</day><month>7</month><year>2007</year></date><date date-type="accepted"><day>16</day><month>8</month><year>2007</year></date></history><!--===== Grouping copyright info into permissions =====--><permissions><copyright-year>2007</copyright-year><copyright-holder>Ernest Greene</copyright-holder><license><license-p>This is an open-access article distributed under the terms of the Creative Commons Attribution License, which permits unrestricted use, distribution, and reproduction in any medium, provided the original author and source are credited.</license-p></license></permissions><abstract><p>Shape encoding mechanisms can be probed by the sequential brief display of dots that mark the boundary of the shape, and delays of less that a millisecond between successive dots can impair recognition. It is not entirely clear whether this is accomplished by preserving stimulus timing in the signal being sent to the brain, or calls for a retinal binding mechanism. Two experiments manipulated the degree of simultaneity among and within dot pairs, requiring also that the pair members be in the same half of the visual field or on opposite halves, <italic>i.e.</italic>, across the midline from one another. Recognition performance was impaired the same for these two conditions. The results make it likely that simultaneity of cues is being registered within the retina. A potential mechanism is suggested, calling for linkage of stimulated sites through activation of PA1 cells. A third experiment confirmed a prior finding that the overall level of recognition deficit is partly a function of display-set size, and affirmed submillisecond resolution in binding dot pairs into effective shape-recognition cues.</p></abstract><funding-group><funding-statement>This research received support from the Quest for Truth Foundation.</funding-statement></funding-group><counts><page-count count="10"/></counts></article-meta></front><body><sec id="s1"><title>Introduction</title><disp-quote><p><italic>“Certainly every Gestalt psychologists knows perfectly well that a beam of light falls on a certain retinal spot as if there were no other retinal points and no other light beams upon them. But there is no proof that the physiological sequel of such stimulation is made up of local independent processes.”</italic> Kohler <xref ref-type="bibr" rid="pone.0000871-Kohler1">[1]</xref></p></disp-quote><p>Previous research has shown that objects can be identified when they are represented using a relatively sparse sampling of dots that mark the outer boundary, similar to a silhouette <xref ref-type="bibr" rid="pone.0000871-Greene1">[2]</xref>. Further, they can be recognized with each dot being shown sequentially for only a tenth of a millisecond <xref ref-type="bibr" rid="pone.0000871-Greene2">[3]</xref>, <xref ref-type="bibr" rid="pone.0000871-Greene3">[4]</xref>, which can be described as a minimal transient discrete cue (MTDC) protocol for the study of shape perception.</p><p>To be effective as shape-recognition cues, the dots also must be presented with millisecond-levels of temporal contiguity. If adjacent dots are displayed in pairs, providing delays between successive pairs as small as 2 ms impairs recognition, as do delays as short as 0.5 ms between the pair members <xref ref-type="bibr" rid="pone.0000871-Greene4">[5]</xref>, <xref ref-type="bibr" rid="pone.0000871-Greene5">[6]</xref>.</p><p>Such very brief time intervals might call for a special retinal encoding mechanism that results in synchronous firing of retinal ganglion cells. A number of investigators have proposed that synchrony serves to bind figural components <xref ref-type="bibr" rid="pone.0000871-VonderMalsburg1">[7]</xref>–<xref ref-type="bibr" rid="pone.0000871-Gray1">[12]</xref>, or to offset redundant information loss <xref ref-type="bibr" rid="pone.0000871-Montani1">[13]</xref>.</p><p>There is evidence that simultaneity is preserved in the signal being sent to the brain. Conduction velocity of optic nerve fibers appears to be designed to preserve the time differentials among stimulus events, or lack thereof. Stanford <xref ref-type="bibr" rid="pone.0000871-Stanford1">[14]</xref> reported that travel time, which was largely a function of axon diameter, was faster for signals coming from more peripheral portions of the retina. This provided for equal time-of-arrival at the lateral geniculate nucleus irrespective of the retinal site that was stimulated. The travel time for arrival at the thalamus was in the range of 5 ms, with a standard deviation of approximately 0.5 ms. Reinagel &amp; Reid <xref ref-type="bibr" rid="pone.0000871-Reinagel1">[15]</xref>, <xref ref-type="bibr" rid="pone.0000871-Reinagel2">[16]</xref> report that the signals being received by the lateral geniculate nucleus are reliable, temporally precise, and are altered very little by noise.</p><p>However, even if the retina provides special mechanisms for registering the simultaneity of stimulation with high precision, this might mediate motion analysis and have no relevance to shape recognition. In general one would not expect any coordination of activity within the retina whose purpose was to modify the utility of shape-recognition cues. The signal may be filtered for contrast, motion and other local properties, but it is thought that global relationships are evaluated at a very late stage – perhaps in the lateral occipital complex, which is a major brain site for analysis of shape information in humans <xref ref-type="bibr" rid="pone.0000871-GrillSpector1">[17]</xref>.</p><p>Further, even if the retina can transmit the timing with great precision, this might provide functional benefit only for messages coming from each half of the retina. As illustrated in <xref ref-type="fig" rid="pone-0000871-g001">Figure 1</xref>, nasal and temporal hemiretinas send their information to different hemispheres. Even with binocular viewing, the projections of the optic nerves carry information from the right visual field, <italic>i.e</italic>., the right half of the display board in the present case, to the left hemisphere, and vice versa. These signal streams will be processed through several neural links, including a requirement for the signal to cross the corpus callosum, before relationships between the two sides of the image can be assessed by the brain. It seems unlikely that millisecond-level precision can be preserved across so many processing stages, and if not, one would find that linkage of contemporaneous shape cues would be restricted to a given hemiretina. If this is the case, one would predict that any benefit from contemporaneous stimulation would be manifested only within each half of the visual field, <italic>i.e.</italic>, for image components that are provided to the left half or to the right half of the display.</p><fig id="pone-0000871-g001" position="float"><object-id pub-id-type="doi">10.1371/journal.pone.0000871.g001</object-id><label>Figure 1</label><caption><title>Stimulus dots on each side of the display go to opposite hemispheres.</title><p>The vertical meridian of the eye provides a dividing line for both anatomical and functional segregation of image information. As subjects fixate the display board, dots that are on each side of the stimulus will be sent to opposite hemispheres. This is true even when both eyes are used to view the stimulus, as illustrated in any basic textbook on visual function. Thus for dot pairs that are horizontally aligned, one member will be sent to the ipsilateral side of the brain and the other to the contralateral side. This might be expected to impair performance in a minimal transient discrete cue task wherein pairs must have millisecond-level contiguity to provide for effective shape recognition.</p></caption><graphic mimetype="image" position="float" xlink:href="info:doi/10.1371/journal.pone.0000871.g001" xlink:type="simple"/></fig><p>Two experiments are reported that provide clear evidence that the two halves of the visual field are linked by a mechanism that registers contemporaneous shape cues. This is best explained on the basis of local encoding mechanisms that link the shape cues, as discussed below.</p><p>A third experiment was performed to answer some questions about the mechanism itself. As noted above, two earlier reports <xref ref-type="bibr" rid="pone.0000871-Greene3">[4]</xref>, <xref ref-type="bibr" rid="pone.0000871-Greene4">[5]</xref> found significant declines in recognition of shapes when near simultaneous dot-pairs were temporally separated by 2 ms. Further, with the pairs being separated by 3 ms, inserting a half millisecond interval between the pair members produced a significant decline in recognition. It is possible that a requirement for sub-millisecond simultaneity is a special requirement for individual dots, providing some form of linkage that makes them more effective at eliciting shape memory. It cannot be assumed that any additional linkage would be seen with dot pairs in which the members have already been yoked. Further, temporal proximity effects for intervals shorter than 2 ms appeared to be stronger than for intervals greater than 2 ms, which again might indicate two separate mechanisms – the former for individual dots and the latter for pairs in which the individual dots have already been linked. One goal of the third experiment was to clarify this matter by providing submillisecond separation of successive dot-pairs.</p><p>One of the previous studies also observed that the temporal proximity had a differential impact on recognition as a function of the number of dots that were used as shape cues <xref ref-type="bibr" rid="pone.0000871-Greene5">[6]</xref>. An early goal in the development of the research protocol was to compensate for complexity and familiarity of shapes by varying the size of the display set, thus providing for approximate equality in potential for recognition. However, if it could be confirmed that recognition is a function of the number of dots in the display set, this might provide an additional tool for examining the mechanism by which the shape cues are integrated.</p><p>The third experiment therefore examined recognition of shapes with brief display of pairs of boundary dots, evaluating with temporal separation between successive pairs at intervals ranging from 0.5 to 8 ms, and with attention to differential effects as a function of the number of dots in the display set. The results indicate linear gradients of effect across time and display set size.</p></sec><sec id="s2"><title>Results</title><sec id="s2a"><title>Experiment 1: Differential display of dot pairs to retinal hemifields</title><p>As illustrated in <xref ref-type="fig" rid="pone-0000871-g002">Figure 2</xref>, each shape was displayed as a spaced sampling of dots that fell on the outer boundary of the shape, similar to a silhouette. The dots of this display set were flashed successively on a 64×64 LED array, with the duration of each dot being 0.1 ms (designated as T1). Dots of the display set were shown in pairs that were chosen to have an axis of alignment that was predominantly vertical or horizontal, as illustrated in the left panels of <xref ref-type="fig" rid="pone-0000871-g002">Figure 2A and 2B</xref>, respectively. Except for the constraint on alignment, the locations of pair members were chosen at random.</p><fig id="pone-0000871-g002" position="float"><object-id pub-id-type="doi">10.1371/journal.pone.0000871.g002</object-id><label>Figure 2</label><caption><title>Horizontal or vertically alignment of pairs.</title><p>The four panels illustrate the method of forming vertically and horizontally aligned pairs. In the first and third panels a full display set is shown, these being all the dots that were paired and successively displayed to a given participant. To form the pair a dot was chosen at random, and then was yoked with another, requiring that the axis of alignment across the two must be approximately vertical or horizontal. This process was repeated until all possible pairs were chosen. The second and fourth panels show the pairs being successively displayed.</p></caption><graphic mimetype="image" position="float" xlink:href="info:doi/10.1371/journal.pone.0000871.g002" xlink:type="simple"/></fig><p>There was no delay in display of a given pair, which is to say that the T2 interval was zero. Thus as soon as the first dot was turned off, the second was turned on, and total display time for the pair was 0.2 ms. The interval between successive, randomly chosen pairs, designated as T3, was varied from 0–6 ms. The right panels of <xref ref-type="fig" rid="pone-0000871-g001">Figure 1A and 1B</xref> show each pair in isolation, suggesting what would stimulate the retina in the 0.2 ms required to show the pair, and with successive pairs being separated by a T3 interval.</p><p>An inventory of 150 shapes was shown to each participant, each shape being shown only once using a particular combination of treatment conditions, <italic>i.e.</italic>, vertical or horizontal alignment of pairs, and one of the four T3 intervals. The participants were asked to name each shape, and their answers were scored as indicating recognition or not. In the analysis that follows, level of recognition may also be identified as hit rate.</p><p>The data were evaluated with a generalized linear mixed model (GLMM), which found a significant decline in recognition as a function of T3 interval (p&lt;.001). There were no significant differences for vertical versus horizontal alignment of the dot pairs (p = .50), no interaction between alignment and T3 (p = .51) and no sign of departure from linearity across the four levels of T3 (p = .54). Model means are plotted in <xref ref-type="fig" rid="pone-0000871-g003">Figure 3</xref>.</p><fig id="pone-0000871-g003" position="float"><object-id pub-id-type="doi">10.1371/journal.pone.0000871.g003</object-id><label>Figure 3</label><caption><title>Lack of horizontal/vertical differential indicates retina cue-binding.</title><p>Experiment 1 examined dot-pair alignment and temporal separation of pairs as factors for successful recognition of the shapes. Each dot pair was shown in 0.2 ms, and the interval between successive pairs was varied from 0–6 ms. Model values reflecting mean recognition level for each of the eight treatment combinations have been plotted. There was no indication of a difference in recognition as a function of vertical or horizontal dot alignment, but there was a significant linear decline as a function of the temporal interval between dot pairs.</p></caption><graphic mimetype="image" position="float" xlink:href="info:doi/10.1371/journal.pone.0000871.g003" xlink:type="simple"/></fig><p>Since dot alignment was not significant, a single regression line has been fitted to the average of the two conditions. A linear decline in recognition is clearly evident, with the differential between 0 ms and 2 ms being significant (p&lt;.01), which agrees with the results of previous work <xref ref-type="bibr" rid="pone.0000871-Greene4">[5]</xref>.</p><p>Finding that pair members are equally effective as shape cues whether they have horizontal or vertical alignment provides clear evidence of functional linkage across the midline of the visual field. The prior work <xref ref-type="bibr" rid="pone.0000871-Greene4">[5]</xref>, <xref ref-type="bibr" rid="pone.0000871-Greene5">[6]</xref> has shown that the members of the pair must be presented with near simultaneity to be maximally effective as shape cues, and temporal separations of even half a millisecond can produce a significant impairment of recognition. With each pair being displayed for only 0.2 ms, both members of a vertically aligned pair would fall on either the nasal hemiretina or temporal hemiretina irrespective of where the subject was looking. Conversely, the horizontal positioning of pair members would place each member on opposite sides of the vertical meridian. One would have seen a differential in the level of recognition if the members of the pair could not be functionally linked with half-millisecond precision. The fact that no differential in recognition was found for the horizontal- and vertical-pairing conditions indicates that the pair members were provided with that linkage.</p><p>To be completely accurate, if the participant was not fixating on the center of the display – even though central fixation would be optimal for performing the recognition task – a few horizontally aligned pairs would likely stimulate the same side of the retina. However, even here most pair members would fall on opposite sides, and one would see dramatic impairment of recognition if the two sides were not functionally linked. This is best explained in terms of a functional linkage of the two hemiretinas, as discussed below.</p></sec><sec id="s2b"><title>Experiment 2: Retinal hemifields register differentials in the millisecond range</title><p>Previous studies using the MTDC protocol <xref ref-type="bibr" rid="pone.0000871-Greene4">[5]</xref>, <xref ref-type="bibr" rid="pone.0000871-Greene5">[6]</xref> found the strongest evidence of the importance of stimulus simultaneity by keeping a constant T3 interval between pairs and varying the T2 interval. Experiment 2 followed that procedure, setting T3 at 3 ms and using four intermediate levels of T2. Only horizontal pairs were used to focus the full effort on an examination of temporal linkage of hemiretinas.</p><p>GLMM analysis found a significant decline in recognition as a function of the T2 interval (p&lt;.001). The differential between 0.0 and 1.0 ms was significant (p&lt;.02), which is consistent with earlier findings that millisecond levels of delay between pair members will impair recognition <xref ref-type="bibr" rid="pone.0000871-Greene4">[5]</xref>.</p><p>Predicted means are plotted in <xref ref-type="fig" rid="pone-0000871-g004">Figure 4</xref>, along with a regression line that affirms the linear decline in treatment effect. The decline demonstrates that the pair members are most effective as shape-recognition cues if they are contemporaneous. This further supports the inference that the two sides of the retina are functionally linked.</p><fig id="pone-0000871-g004" position="float"><object-id pub-id-type="doi">10.1371/journal.pone.0000871.g004</object-id><label>Figure 4</label><caption><title>Manipulation of between-pair timing provides similar evidence.</title><p>Experiment 2 used horizontally aligned dots, kept the interval between successive pairs at a constant 3 ms, and varied the interval between members of each pair from 0–1.5 ms. There was a significant linear decline in recognition as the interval between pair members was increased.</p></caption><graphic mimetype="image" position="float" xlink:href="info:doi/10.1371/journal.pone.0000871.g004" xlink:type="simple"/></fig></sec><sec id="s2c"><title>Experiment 3: Submillisecond dot-pair effects and role of display set size</title><p>The third experiment examined whether the slope of the T3 timing differentials might change as one transitioned into the submillisecond range, and evaluated whether the number of dots in the display set affected the level of recognition. Display set size, <italic>i.e</italic>., the number of dots being used to display a given shape, may also be designated as Dot#. To provide maximal comparability to prior work <xref ref-type="bibr" rid="pone.0000871-Greene4">[5]</xref>, <xref ref-type="bibr" rid="pone.0000871-Greene5">[6]</xref>, pair membership was randomly selected.</p><p>The GLMM analysis found significant declines in recognition with increases in T3 interval or Dot# (p&lt;.001 for each). There was no indication of nonlinear components for T3 (p = 0.18) or for Dot# (p = 0.61). There was a significant interaction between T3 and Dot# (p = .02), with the impact on recognition becoming greater with increases in Dot# and T3 interval.</p><p>Recognition levels derived from the GLMM model were backtransformed, and the predictions at 30, 60, 90 and 120 dots were used to plot treatment effects. <xref ref-type="fig" rid="pone-0000871-g005">Figures 5</xref> and <xref ref-type="fig" rid="pone-0000871-g006">6</xref> show these values, with display set size (Dot#) being specified on the abscissas in the first figure, and T3 in the second. Trend lines have been added to emphasize the most consistently aligned points.</p><fig id="pone-0000871-g005" position="float"><object-id pub-id-type="doi">10.1371/journal.pone.0000871.g005</object-id><label>Figure 5</label><caption><title>Decline of recognition for T3 intervals as a function of Dot#.</title><p>For Experiment 3, model predictions at the eight T3 intervals are plotted across the four display set sizes that were chosen for analysis. Recognition declined in a systematic manner as the number of dots in the display set was increased, with very consistent alignment of plot points except for the largest display set shown at the longest T3 interval.</p></caption><graphic mimetype="image" position="float" xlink:href="info:doi/10.1371/journal.pone.0000871.g005" xlink:type="simple"/></fig><fig id="pone-0000871-g006" position="float"><object-id pub-id-type="doi">10.1371/journal.pone.0000871.g006</object-id><label>Figure 6</label><caption><title>Decline of recognition for Dot# groups as a function of T3 interval.</title><p>The model predictions for the four chosen display set sizes of Experiment 3 are plotted across the range of T3 intervals. Recognition declined in a systematic manner as a function of the delay between successive dot pairs. Alignment across plot points was most consistent for T3 intervals in the 0–2 ms range.</p></caption><graphic mimetype="image" position="float" xlink:href="info:doi/10.1371/journal.pone.0000871.g006" xlink:type="simple"/></fig><p><xref ref-type="fig" rid="pone-0000871-g005">Figure 5</xref> plots show consist differentials for the T3 intervals when each is plotted against the Dot# levels. The plot points for T3 intervals of 2 ms or less were the most consistently aligned, and the trend lines have been fitted using only these points. Plot points for intervals greater than 2 ms are also reasonably well aligned. The worst alignment can be seen for T3 equal to 8 ms where there were 120 dots in the display set, but it is doubtful that the recognition level is reliably greater than zero, which is the prediction of the trend line.</p><p>In <xref ref-type="fig" rid="pone-0000871-g006">Figure 6</xref> one can see that for each of the four levels of Dot#, there was a consistent decline of recognition as a function of the T3 interval, and the differentials in display set size yielded reliable differences in recognition level. Two points deviated from the suggested trend lines, these being for the 120-dot set at T3 intervals of 6 and 8 ms. As for the discrepancy discussed for <xref ref-type="fig" rid="pone-0000871-g005">Figure 5</xref>, these values are close to the linear prediction of zero recognition.</p><p>One might note that the 30- and 60-dot plot points in <xref ref-type="fig" rid="pone-0000871-g006">Figure 6</xref> tend to fall at lower levels of recognition than would be predicted by the trend lines, and for 90- and 120-dot sets the plot points are higher that predicted. If these prove to be reliable deviations from linearity, they would essentially cancel out when combining across the full inventory of shapes, thus yielding a linear decline for the overall mean from 0 to 8 ms, as was found in earlier work <xref ref-type="bibr" rid="pone.0000871-Greene4">[5]</xref>. This suggests that the use of mean hit-rate may not properly estimate declines at long intervals, and one should be careful in accepting the simple linear plots as a reflection of neural mechanism.</p><p>In both <xref ref-type="fig" rid="pone-0000871-g005">figures (5</xref> and <xref ref-type="fig" rid="pone-0000871-g006">6</xref>) one can see the interaction of T3 with Dot# as a progressive spread of plot points (and trend lines) as one moves from left to right – possibly more so in the 0–2 ms range. This provides visual confirmation of the statistically significant interaction reported above.</p><p>The spacing factor had been chosen during early development of research protocols, having the goal of providing shapes that were approximately equivalent in their potential for recognition. Recognition levels had been tested with both T2 and T3 set to zero, and with the dots being delivered in the order given in the original address list. This provided for hit rates in the 70% range for each of the shapes. At least two subsequent experiments failed to note any differential as a function of display set size, the one closest the present work <xref ref-type="bibr" rid="pone.0000871-Greene4">[5]</xref> finding that recognition level for T2 and T3 = 0 was approximately level across the full range of Dot#.</p><p>The present results indicate that the adjustment for display set size did not render the shapes comparable in their potential for recognition, in that hit rates were lower as a function of Dot# for each level of T3, including T3 = 0. It is unclear whether this discrepancy should be attributed to a different sampling of test subjects. Whatever the case, it provides an additional caution against relying too heavily on any given experiment, even where the significance levels are suitably high.</p><p>It should be clear that T3 and Dot# both contribute to the total time required to display the shapes, and total time for the four levels of Dot# were as follows, with the size of the display set shown in parentheses: (30) 3–123 ms; (60) 6–246 ms; (90) 9–369 ms; (120) 12–492 ms</p><p>If impairment of recognition is a function of total display time, then a plot of one against the other should provide a single function for each combination of Dot# and T3 interval. An evaluation of just the 2–8 ms (T3) range seemed to suggest such a function, meaning that one could predict recognition level using only the total time of display, irrespective of how many dots were in the display set. However, for data from T3 = 0–2 ms there were clear and consistent differences in recognition for the four levels of display-set size. Further, if total time for display was plotted for all levels of T3, with Dot# levels being designated by specific symbols, there was sufficient alignment within each Dot# subset that one could make the case that recognition was not solely a function of total display time. There was some indication that the plots converged to zero somewhere near 275 ms, but this could not be affirmed with any certainty given the lack of correspondence of the display time across the four subsets. So while it is possible that recognition deficits are due to the total time required to display the dots if one is using a T3 of 2 ms or longer, even that cannot be affirmed with any confidence. At this point it would be best to await more definitive results.</p></sec></sec><sec id="s3"><title>Discussion</title><p>The third experiment provides data that clarifies and extends earlier findings, and will be discussed first. The prior work found a linear decline in recognition, assessed for the average across all shapes, and measured at T3 intervals of 2 ms and longer [5.6]. The present work extends the finding to T3 intervals shorter than 2 ms, and finds no clear evidence for a change in slope across the two time ranges. This does not rule out the possibility that the strength of effect might differ for dot subsets having more or less than two dots.</p><p>The number of dots in the display set (Dot#) produced major differentials in shape recognition. Each of the four levels of Dot# that was chosen for evaluation, <italic>i.e</italic>., 30, 60, 90 and 120 dots, manifested a linear decline across the 0–2 ms range of T3, with hit-rates for the 2–8 ms range being progressively less linear for each level of Dot# that was examined. In like manner, recognition performance for each of the T3 treatments declined in a linear manner across the four levels of Dot# that were chosen for analysis. While one might think this to be a foregone conclusion given that the plots represent two views of the same experimental results, it would be entirely possible for Dot# to manifest nonlinear effects while T3 intervals were showing linear declines.</p><p>The results indicate that recognition performance is determined by the degree of simultaneity of the dot display. With a T3 interval of zero, all dots in the display set are delivered as quickly as possible given the design of the display board, this being 0.1 ms multiplied by the number of dots in the display set. Thus for the 30-dot display set the entire complement is shown in 3 ms, and for the 120-dot set the shape is delivered in 12 ms. By most standards of work on object/shape recognition, the time required to deliver the full display set is very short, even for shapes having a large set size. But although only 12 ms was needed to show a shape using 120 dots, there was a significant decrement of recognition, which suggests that optimal recognition should require that all the dots be presented in far less time, perhaps at the same moment.</p><p>A standard model for the integration of information over time delays explains the process as one in which briefly displayed information is labile, meaning that it persists only for a limited amount of time. The stimulus is considered to be most salient when it is first displayed, but as the moments pass it becomes less salient and thus less effective as a cue. If one presents two or more brief stimuli in succession, the ones that were shown at an earlier point will have suffered more decay, and the aggregate set will have a net salience that reflects the overall amount of decay among the cues. For reviews of the persistence concept, see <xref ref-type="bibr" rid="pone.0000871-Coltheart1">[18]</xref>–<xref ref-type="bibr" rid="pone.0000871-Nisly1">[20]</xref>. For additional background on the role of information persistence in shape recognition, see <xref ref-type="bibr" rid="pone.0000871-Greene2">[3]</xref>.</p><p>The information persistence model does not seem appropriate for explaining the current results. Virtually all the data to date using the MTDC protocol has indicated linear declines in recognition with changes in timing and/or number of dots in the display set. Biological activities generally do not manifest linear decay curves, and such declines are more commonly found with interruption of an iterative, information processing mechanism. Even if one assumes that a linear decay is possible, it would have to be specific to a given range of T3 and Dot#. If persistence is short, allowing for a linear decline with small display sets and short T3 intervals, there should be too few salient dots available for recognition with large display sets and at long T3 intervals. Conversely, if persistence is long enough to allow a linear prediction for the large sets and long display times, one would not have simple linear declines of recognition for small display sets at short T3 intervals.</p><p>The concept of stimulus binding faces similar problems if simultaneity acts to increase the salience of shape cues by binding successive pairs. Here one would not expect any differentials as a function of the number of pairs, and total display time should be irrelevant. The binding would have to extend downstream to far distant pairs, and it is unclear how it would do so in a linear manner irrespective of the time differentials being provided. For more on the binding hypothesis, see <xref ref-type="bibr" rid="pone.0000871-VonderMalsburg1">[7]</xref>–<xref ref-type="bibr" rid="pone.0000871-Gray1">[12]</xref>.</p><p>Turning to the locus of effect, the first two experiments provided evidence that the requirement for millisecond-level simultaneity was the same whether the two members of a pair were presented to the same hemiretina, <italic>i.e.</italic>, in the same half of the visual field, or were shown with one member falling on the nasal hemiretina and the other on the temporal hemiretina.</p><p>As outlined in the Introduction, in theory one might avoid the conclusion of retinal linkage of contemporaneous stimuli if the timing of the stimulus events were being preserved in the signal being sent to higher brain centers. There is some evidence for such millisecond-level precision, in that a number of laboratories have reported highly correlated firing in retinal ganglion cells <xref ref-type="bibr" rid="pone.0000871-Alonso1">[21]</xref>–<xref ref-type="bibr" rid="pone.0000871-Ackert1">[34]</xref>. There are, however, reasons to be cautious in declaring that millisecond-level differentials in stimulus timing are being preserved in the retinal signal. Most of the evidence supporting millisecond levels of precision has been based on correlations of spontaneous activity, electrically stimulated activity, or averaging across extended periods of time. When brief light flashes are used, response to initial onset of the stimulus is commonly found to be quite variable. Murphey &amp; Rieke <xref ref-type="bibr" rid="pone.0000871-Murphy1">[35]</xref>, for example, measured responses in three kinds of mouse ganglion cells with stimuli that were reasonably well restricted to the excitatory receptive field of the cells. They found that the standard deviation to first-spike response varied from 2–10 ms. Maunsell <italic>et al</italic>. <xref ref-type="bibr" rid="pone.0000871-Maunsell1">[36]</xref> also found substantial variability of response to stimulus onset in the signal being received in lateral geniculate nucleus of <italic>Macaque</italic>. At the very least one should allow that highly precise encoding of stimulus timing is not a general property of retinal signals.</p><p>Further, whether or not the optic nerve signal can preserve the timing of very brief stimulation, it is unlikely that the present results can be explained in terms of high precision signal transmission. Where the dot pairs were horizontally aligned, one fell on the nasal hemiretina and the other on the temporal hemiretina, and the signals that were generated were sent to different hemispheres. Even if one posits temporal precision in the millisecond range up to V1, it is unlikely that it could be preserved on through the corpus callosum, as required for linking a cue in one visual field with a contemporaneous cue in the other visual field. Finding that horizontal pairs as well as vertical pairs are equally sensitive to simultaneity of display argues that the linking mechanism is in the retina.</p><p>Polyaxonal amacrine (PA1) cells, first characterized in primate retina <xref ref-type="bibr" rid="pone.0000871-Dacey1">[37]</xref>, have anatomical features that may be suitable for registering and coordinating among spatially and temporally discrete stimulus events. Across a number of species, these cells have relatively narrow dendritic fields, but also have axons with a prolific branching pattern that extends over a much larger area <xref ref-type="bibr" rid="pone.0000871-Dacey1">[37]</xref>–<xref ref-type="bibr" rid="pone.0000871-Volgyi1">[43]</xref>. In <italic>Macaque</italic> the diameters of the dendritic fields measure about 200 microns in central vision and 600 microns in the periphery, with the span of the axon field being roughly 10 times larger <xref ref-type="bibr" rid="pone.0000871-Dacey1">[37]</xref>. If similar dimensions can be assumed for the PA1 cells of human retina, we can use the unit conversions reported by Dacey <xref ref-type="bibr" rid="pone.0000871-Dacey2">[44]</xref> to estimate diameters of the axonal arbors to be about 7.5 degrees of visual angle for central vision, and 40 degrees of visual angle in the periphery. Wright and Vaney <xref ref-type="bibr" rid="pone.0000871-Wright1">[45]</xref> report that PA1 cells appear to connect to a single class of ganglion cell, which may be “local edge detectors.”</p><p><xref ref-type="fig" rid="pone-0000871-g007">Figure 7A</xref> illustrates a typical PA1 cell, showing a relatively small dendritic field and a far larger axonal arbor. It is unlikely that the cell responds to stimuli that are much bigger than its dendritic field. Most recordings from axon-bearing amacrine cells indicate that the receptive fields are co-extensive with the dendritic fields or only slightly larger <xref ref-type="bibr" rid="pone.0000871-Ammermuller1">[39]</xref>, <xref ref-type="bibr" rid="pone.0000871-Volgyi1">[43]</xref>, <xref ref-type="bibr" rid="pone.0000871-Wright1">[45]</xref>–<xref ref-type="bibr" rid="pone.0000871-Stafford1">[47]</xref>. The dendritic trees are relatively compact, which would be optimal for registering stimulation by discrete boundary markers, <italic>e.g.</italic>, dots. But once activated, the extended axonal plexus could serve to link contemporaneous events being generated at two or more locations <xref ref-type="bibr" rid="pone.0000871-Dacey1">[37]</xref>, <xref ref-type="bibr" rid="pone.0000871-Wright1">[45]</xref>.</p><fig id="pone-0000871-g007" position="float"><object-id pub-id-type="doi">10.1371/journal.pone.0000871.g007</object-id><label>Figure 7</label><caption><title>PA1 cells may register contemporaneous stimulus events.</title><p>The polyaxonal amacrine cell may provide a mechanism for linking discrete stimulus events. A. This illustration approximates the camera Lucida drawing by Dacey <xref ref-type="bibr" rid="pone.0000871-Dacey1">[37]</xref> of a typical primate polyaxonal amacrine cell. The dendritic branches are shown in blue, and evidence indicates that stimulus influence is restricted to this zone. The axon branches are shown in red. These branches have vericosities along their full length that would provide a spreading ring of synaptic influence upon activation of the cell. The scale bar is 500 microns. B. An array of polyaxonal cells is provided to illustrate linkage of cells through an extensive overlapping axon plexus. The span of the axon field, shown in pink, ranges from roughly 7.5 to 40 degrees of visual angle for central and peripheral retina, respectively. For any given location of the retina, axons from approximately 200–300 PA1 cells overlap, providing a plexus with an average spacing of approximately 2 microns <xref ref-type="bibr" rid="pone.0000871-Wright1">[45]</xref>.</p></caption><graphic mimetype="image" position="float" xlink:href="info:doi/10.1371/journal.pone.0000871.g007" xlink:type="simple"/></fig><p><xref ref-type="fig" rid="pone-0000871-g007">Figure 7B</xref> illustrates an array of PA1 cells, showing the ability to distribute activity from the localized stimulation over large spans. It should be noted that the actual cell density is far greater than suggested in the illustration, with about twelve cells lying within the overlap of a given dendritic field, and the axonal-field overlap being 200–300 cells <xref ref-type="bibr" rid="pone.0000871-Wright1">[45]</xref>. Thus even though the axon branches from any one PA1 cell are relatively sparse, the overall mesh of the resulting axonal plexus can almost be described as the woof and weave of a fabric <xref ref-type="bibr" rid="pone.0000871-Dacey1">[37]</xref>, <xref ref-type="bibr" rid="pone.0000871-Wright1">[45]</xref>.</p><p>It should be noted that GABA may be the neurotransmitter in PA1 cells <xref ref-type="bibr" rid="pone.0000871-Dacey1">[37]</xref>, <xref ref-type="bibr" rid="pone.0000871-Wright1">[45]</xref>. One might think that this requires any spreading wave of spikes to be inhibitory, but there are numerous examples of positive communication and control links that have inhibition as a central component. This may be especially true where gap junctions are used in combination with inhibitory transmitters <xref ref-type="bibr" rid="pone.0000871-Bennett1">[48]</xref>. One could imagine, for example, that the electrical excitation being conveyed at a gap junction might be immediately terminated by chemical inhibition at that same locus. Thus activation of PA1 cells might result in ultrabrief signals that spread like rings through the axon branches, providing a physiological substrate for registering submillisecond coincidence of discrete stimulus events.</p><p>An explicit hypothesis about the role of PA1 cells has been suggested, but it should be said that there are numerous alternatives. Masland <xref ref-type="bibr" rid="pone.0000871-Masland1">[49]</xref> estimates that there are upwards of 29 types of amacrine cells, all of which have extended processes that provide for lateral coordination of stimulus events. Those having spiking axons seem especially suitable for linking the activities of neighboring populations, which is one reason that PA1 cells were singled out for discussion. However, given the diverse and unexpected neuronal interactions that have been found in recent years, for example the ability of dendrite-to-dendrite linkage to code for local motion <xref ref-type="bibr" rid="pone.0000871-Lee1">[50]</xref>, it would be wise to watch for other possibilities.</p><p>A final question that should be addressed is why temporal proximity should be a major factor in the effectiveness of the shape cues. From an evolutionary perspective, developing special filters that register simultaneity might provide a way to identifying objects that are moving behind heavy occlusion, such as dense vegetation. Simultaneous changes in luminance across a myriad of openings in the vegetation might well provide the only cue to the existence of the object, and recognition of its shape would hinge on being able to piece together the pattern of these events. Further, encoding of images for purposes of storing and retrieving shape memories may well involve sampling over brief intervals, and if so, then the need to coordinate the sampling process could place a premium on the simultaneous presence of stimulus components.</p><p>Wertheimer <xref ref-type="bibr" rid="pone.0000871-Wertheimer1">[51]</xref> used the term “common fate” to describe the ability to see the gestalt of a moving pattern of points. While we commonly think of gestalt operations as being very cognitive, the early advocates of these concepts believed them to be fundamental, as reflected in the Kohler <xref ref-type="bibr" rid="pone.0000871-Kohler1">[1]</xref> quote given at the outset. The current evidence supports Kohler's conjecture that the process begins in the retina.</p></sec><sec id="s4"><title>Methods</title><p>Recognition judgments were collected from 33 participants, 12 each for the first two experiments, and 9 for the third. Participants were asked to name objects that were displayed using a minimal transient discrete cue (MTDC) protocol that has been detailed previously <xref ref-type="bibr" rid="pone.0000871-Greene1">[2]</xref>–<xref ref-type="bibr" rid="pone.0000871-Greene5">[6]</xref>. One hundred fifty shape patterns were shown to each participant, each being displayed only once.</p><p>As implemented in the present work, the MTDC protocol presented sparse sets of dots that marked the outer boundary of each shape, these being designed as “display sets.” The display set for a given shape was slightly different for each subject. It was chosen from the full inventory of dot positions that marked the outer boundary of the shape, beginning at a starting position and then sampling every Nth dot (see <xref ref-type="supplementary-material" rid="pone.0000871.s002">Figure S1</xref>). The value of N, designated as the spacing factor, determined the number of dots in the display set. The size of the spacing factor was chosen with the goal of having recognition level in the 75% range when all dots in the set were shown with no temporal separation (see timing specifications, below). Some reduction from this level of recognition was expected as a function of the spatial separation of pairs in the each of the experiments <xref ref-type="bibr" rid="pone.0000871-Greene5">[6]</xref>. The names of the shapes, and the size of the display sets can be found in <xref ref-type="supplementary-material" rid="pone.0000871.s001">Table S1</xref>.</p><p>The dots of a given display set were shown as successive brief flashes within a 64×64 LED array, designated as the display board. Participants viewed this display from a distance of 3.5 m. At this distance the diameter of each LED, specified as a visual angle, was 4.9 minutes, center-to-center spacing of LEDs was 7.4 minutes, and the dimensions of the full array, width and height, was 7.7 degrees. Each LED emitted at a wavelength of 660 nm, with a rise/fall time that was less than 100 ns, and with a luminance of 10 Cd/m<sup>2</sup>. LED luminance was measured using a Quantum Instruments LX photometer, with LED adaptor.</p><p>Room illumination was provided by occluded standard fluorescent light fixtures, brightness level being 13.3 lux, as measured with a calibrated Tektronix J 1811 photometer. Brightness of ambient illumination and LED emission were the same as for the “dim” condition of prior reports <xref ref-type="bibr" rid="pone.0000871-Greene2">[3]</xref>–<xref ref-type="bibr" rid="pone.0000871-Greene5">[6]</xref>.</p><p>For each experiment, each dot in the display set was flashed for 0.1 ms, designated as T1. T2 specified the temporal separation of pair members, measured from offset of the first member till onset of the second member. T3 specified the temporal separation of pairs, measured from offset of one pair till onset of the next. For Experiment 1 the T2 interval for display of each shape was 0, and T3 was either 0, 2, 4 or 6 ms. For Experiment 2 the T3 interval was 3 ms for display of each shape, and the T2 interval was either 0.0, 0.5, 1.0 or 1.5 ms. For Experiment 3 T2 was 0 ms, and T3 was 0, 0.5, 1.0, 1.5, 2, 4, 6 or 8 ms. These timing conditions are illustrated in <xref ref-type="supplementary-material" rid="pone.0000871.s003">Figure S2</xref>.</p><p>In each experiment the display set was further broken into subsets consisting of dot pairs. For Experiment 1, pair members were chosen so that the axis of alignment for the pair was either predominantly vertical or horizontal. Shapes were assigned to one of the two alignment conditions, <italic>i.e.</italic>, vertical or horizontal, and also to one of the four T3 levels, providing a given subject with either 18 or 19 shapes for each of the treatment combinations. The shapes were chosen at random for display, which thus randomized the order of the treatment combinations.</p><p>Experiment 2 used only horizontal alignment of pairs. Shapes were assigned to one of the four T2 conditions, providing each subject with either 37 or 38 shapes for each treatment level. The order of shape display (and thus T2 level) was chosen at random.</p><p>Experiment 3 randomly chose which dots would be designated as a pair. Shapes were assigned to one of the eight levels of T3 interval, providing either 18 or 19 shapes for a given T3 level for each subject.</p><p>For each experiment the shapes were shown successively, allowing ample time for the subject to provide a name that was judged to be correct or not. Most participants answered in 2–3 seconds for any given shape. The experimenter was not aware of the alignment or timing condition that was being used for display of the shape.</p><p>A given shape was either correctly identified or not, which is a binary alternative. The resulting data are best evaluated using a generalized linear mixed model (GLMM) that treats the errors using a logit link function <xref ref-type="bibr" rid="pone.0000871-Schall1">[52]</xref>. For this one calculates logit values, these being log <sub>e</sub> (proportion/1−proportion). Treatment differences were compared using the standard error of the difference of these values. For each of the experiments, shape and subject were treated as random effects, and pair alignment, T2 or T3, when serving as treatment variables, were fixed effects. In Experiment 3 display set size (Dot#) was evaluated as a variate.</p><p>Figure plots of percent recognition were based on GLMM predictions, which were extremely close to the raw data means.</p></sec><sec id="s5"><title>Supporting Information</title><supplementary-material id="pone.0000871.s001" mimetype="application/postscript" position="float" xlink:href="info:doi/10.1371/journal.pone.0000871.s001" xlink:type="simple"><label>Table S1</label><caption><p>Names of shapes and descriptive data The table names each of the 150 shapes that were shown to each subject, and gives the length of the perimeter and area (each specified as a dot count). The spacing factor specifies the sampling interval for forming the display set, as further explicated in Supplementary Figure A. This process determines the size of the display set (Dot#), which can also be specified as a percentage of the total number of dots in the perimeter (Dot%).</p><p>(1.48 MB EPS)</p></caption></supplementary-material><supplementary-material id="pone.0000871.s002" mimetype="application/postscript" position="float" xlink:href="info:doi/10.1371/journal.pone.0000871.s002" xlink:type="simple"><label>Figure S1</label><caption><p>Method for selecting the display set The full array of boundary dots for a typical shape is shown. From the full inventory of dots, a display set was chosen for presentation to a given subject, this being an evenly spaced sampling from the full inventory of dots. The particular sample was selected by choosing a random starting point, shown here by the arrow, and then proceeding clockwise around the perimeter of the shape, choosing every Nth dot to be included in the display set. The value of N (the spacing factor) was varied to provide approximate equivalence of potential for recognition across the inventory of shapes. The display set is shown using filled dots, which have been increased in size for purposes of illustration. Unfilled dots would not be part of the display.</p><p>(0.74 MB EPS)</p></caption></supplementary-material><supplementary-material id="pone.0000871.s003" mimetype="application/postscript" position="float" xlink:href="info:doi/10.1371/journal.pone.0000871.s003" xlink:type="simple"><label>Figure S2</label><caption><p>Timing the display of dot pairs For both experiments, dots were shown successively with a duration of 0.1 ms (T1). In Experiment 1, the second member of the pair was shown immediately upon offset of the first pair-member, i.e., T2 = 0, and temporal separation of the pairs (T3) was varied across durations that ranged from 0 to 6 ms. In Experiment 2, the T3 interval was a constant 3 ms for display of each shape, and T2 was varied from 0.0 to 1.5 ms. In Experiment 3, T2 was 0 and T3 intervals ranged from 0–8 ms.</p><p>(0.71 MB EPS)</p></caption></supplementary-material></sec></body><back><ack><p>David Gorin, of DarkHorse Software, wrote the Mac and microprocessor programs for this research. Joseph Francis provided the graphic art in <xref ref-type="fig" rid="pone-0000871-g001">Figure 1</xref>. LED emission was measured by Dr. Andrew Jones, USC Space Science Center. Statistical analysis was done by Dr. Leigh Callinan, Bendigo Scientific Data Analysts.</p></ack><ref-list><title>References</title><ref id="pone.0000871-Kohler1"><label>1</label><element-citation publication-type="journal" xlink:type="simple">             <person-group person-group-type="author"><name name-style="western"><surname>Kohler</surname><given-names>W</given-names></name></person-group>             <year>1928</year>             <article-title>Bemerkungen zur Gestalttheorie (in Anschluss an Rignanos Kritik).</article-title>             <source>Psychologie Forsch</source>             <volume>11</volume>             <fpage>188</fpage>             <lpage>234</lpage>             <comment>Translated (1938) by Ellis W D A Source Book of Gestalt Psychology. London: Routledge &amp; Kegan Paul. pp. 389–390</comment>          </element-citation></ref><ref id="pone.0000871-Greene1"><label>2</label><element-citation publication-type="journal" xlink:type="simple">             <person-group person-group-type="author"><name name-style="western"><surname>Greene</surname><given-names>E</given-names></name></person-group>             <year>2007</year>             <article-title>Recognition of objects that are displayed with incomplete sets of discrete border dots.</article-title>             <source>Percept Mot Skills</source>             <volume>104</volume>             <fpage>1043</fpage>             <lpage>1059</lpage>          </element-citation></ref><ref id="pone.0000871-Greene2"><label>3</label><element-citation publication-type="journal" xlink:type="simple">             <person-group person-group-type="author"><name name-style="western"><surname>Greene</surname><given-names>E</given-names></name></person-group>             <year>2007</year>             <article-title>Information persistence in the integration of partial cues for object recognition.</article-title>             <source>Percept Psychophys</source>             <volume>69</volume>             <fpage>772</fpage>             <lpage>784</lpage>          </element-citation></ref><ref id="pone.0000871-Greene3"><label>4</label><element-citation publication-type="journal" xlink:type="simple">             <person-group person-group-type="author"><name name-style="western"><surname>Greene</surname><given-names>E</given-names></name></person-group>             <year>2007</year>             <article-title>The integration window for shape cues is a function of ambient illumination.</article-title>             <source>Behav Brain Funct</source>             <volume>3</volume>             <fpage>15</fpage>          </element-citation></ref><ref id="pone.0000871-Greene4"><label>5</label><element-citation publication-type="journal" xlink:type="simple">             <person-group person-group-type="author"><name name-style="western"><surname>Greene</surname><given-names>E</given-names></name></person-group>             <year>2006</year>             <article-title>Simultaneity in the millisecond range as a requirement for effective shape recognition.</article-title>             <source>Behav Brain Funct</source>             <volume>2</volume>             <fpage>38</fpage>          </element-citation></ref><ref id="pone.0000871-Greene5"><label>6</label><element-citation publication-type="journal" xlink:type="simple">             <person-group person-group-type="author"><name name-style="western"><surname>Greene</surname><given-names>E</given-names></name></person-group>             <year>2007</year>             <article-title>Spatial and temporal proximity as factors in shape recognition.</article-title>             <source>Behav Brain Funct</source>             <volume>3</volume>             <fpage>27</fpage>          </element-citation></ref><ref id="pone.0000871-VonderMalsburg1"><label>7</label><element-citation publication-type="book" xlink:type="simple">             <person-group person-group-type="author"><name name-style="western"><surname>Von der Malsburg</surname><given-names>C</given-names></name></person-group>             <year>1981</year>             <article-title>The correlation theory of brain function. Internal Report 81-82, Max Planck Institute.</article-title>             <comment>Reprinted (1994) in: Domany E, van Hemmen JL, Schulten K, editors. Models of neural networks II. Berlin: Springer. pp. 95–119</comment>          </element-citation></ref><ref id="pone.0000871-VonderMalsburg2"><label>8</label><element-citation publication-type="journal" xlink:type="simple">             <person-group person-group-type="author"><name name-style="western"><surname>Von der Malsburg</surname><given-names>C</given-names></name></person-group>             <year>1999</year>             <article-title>The what and why of binding: the modeler's perspective.</article-title>             <source>Neuron</source>             <volume>24</volume>             <fpage>95</fpage>             <lpage>104</lpage>          </element-citation></ref><ref id="pone.0000871-Samonds1"><label>9</label><element-citation publication-type="journal" xlink:type="simple">             <person-group person-group-type="author"><name name-style="western"><surname>Samonds</surname><given-names>JM</given-names></name><name name-style="western"><surname>Zhou</surname><given-names>Z</given-names></name><name name-style="western"><surname>Bernard</surname><given-names>MR</given-names></name><name name-style="western"><surname>Bonds</surname><given-names>AB</given-names></name></person-group>             <year>2006</year>             <article-title>Synchronous activity in cat visual cortex encodes collinear and cocircular contours.</article-title>             <source>J Neurophysiol</source>             <volume>95</volume>             <fpage>2602</fpage>             <lpage>2616</lpage>          </element-citation></ref><ref id="pone.0000871-Singer1"><label>10</label><element-citation publication-type="journal" xlink:type="simple">             <person-group person-group-type="author"><name name-style="western"><surname>Singer</surname><given-names>W</given-names></name><name name-style="western"><surname>Gray</surname><given-names>CM</given-names></name></person-group>             <year>1995</year>             <article-title>Visual feature integration and the temporal correlation hypothesis.</article-title>             <source>Ann Rev Neurosci</source>             <volume>18</volume>             <fpage>555</fpage>             <lpage>586</lpage>          </element-citation></ref><ref id="pone.0000871-Engel1"><label>11</label><element-citation publication-type="journal" xlink:type="simple">             <person-group person-group-type="author"><name name-style="western"><surname>Engel</surname><given-names>AK</given-names></name><name name-style="western"><surname>Konig</surname><given-names>P</given-names></name><name name-style="western"><surname>Singer</surname><given-names>W</given-names></name></person-group>             <year>1991</year>             <article-title>Direct physiological evidence for scene segmentation by temporal coding.</article-title>             <source>Proc Natl Acad Sci USA</source>             <volume>88</volume>             <fpage>9136</fpage>             <lpage>9140</lpage>          </element-citation></ref><ref id="pone.0000871-Gray1"><label>12</label><element-citation publication-type="journal" xlink:type="simple">             <person-group person-group-type="author"><name name-style="western"><surname>Gray</surname><given-names>CM</given-names></name></person-group>             <year>1999</year>             <article-title>The temporal correlation hypothesis of visual feature integration: still alive and well.</article-title>             <source>Neuron</source>             <volume>24</volume>             <fpage>31</fpage>             <lpage>47</lpage>          </element-citation></ref><ref id="pone.0000871-Montani1"><label>13</label><element-citation publication-type="journal" xlink:type="simple">             <person-group person-group-type="author"><name name-style="western"><surname>Montani</surname><given-names>F</given-names></name><name name-style="western"><surname>Kohn</surname><given-names>A</given-names></name><name name-style="western"><surname>Smith</surname><given-names>MA</given-names></name><name name-style="western"><surname>Schultz</surname><given-names>SR</given-names></name></person-group>             <year>2007</year>             <article-title>The role of correlations in direction and contrast coding in the primary visual cortex.</article-title>             <source>J Neurosci</source>             <volume>27</volume>             <fpage>2338</fpage>             <lpage>2348</lpage>          </element-citation></ref><ref id="pone.0000871-Stanford1"><label>14</label><element-citation publication-type="journal" xlink:type="simple">             <person-group person-group-type="author"><name name-style="western"><surname>Stanford</surname><given-names>LR</given-names></name></person-group>             <year>1987</year>             <article-title>Conduction velocity variations minimize conduction time differences among retinal ganglion cell axons.</article-title>             <source>Science</source>             <volume>238</volume>             <fpage>358</fpage>             <lpage>360</lpage>          </element-citation></ref><ref id="pone.0000871-Reinagel1"><label>15</label><element-citation publication-type="journal" xlink:type="simple">             <person-group person-group-type="author"><name name-style="western"><surname>Reinagel</surname><given-names>P</given-names></name><name name-style="western"><surname>Reid</surname><given-names>RC</given-names></name></person-group>             <year>2000</year>             <article-title>Temporal coding of visual information in the thalamus.</article-title>             <source>J Neurophysiol</source>             <volume>20</volume>             <fpage>5392</fpage>             <lpage>5400</lpage>          </element-citation></ref><ref id="pone.0000871-Reinagel2"><label>16</label><element-citation publication-type="journal" xlink:type="simple">             <person-group person-group-type="author"><name name-style="western"><surname>Reinagel</surname><given-names>P</given-names></name><name name-style="western"><surname>Reid</surname><given-names>RC</given-names></name></person-group>             <year>2002</year>             <article-title>Precise firing events are conserved across neurons.</article-title>             <source>J Neurophysiol</source>             <volume>22</volume>             <fpage>6837</fpage>             <lpage>6841</lpage>          </element-citation></ref><ref id="pone.0000871-GrillSpector1"><label>17</label><element-citation publication-type="journal" xlink:type="simple">             <person-group person-group-type="author"><name name-style="western"><surname>Grill-Spector</surname><given-names>K</given-names></name><name name-style="western"><surname>Kourtzi</surname><given-names>Z</given-names></name><name name-style="western"><surname>Kanwisher</surname><given-names>N</given-names></name></person-group>             <year>2001</year>             <article-title>The lateral occipital complex and its role in object recognition.</article-title>             <source>Vision Res</source>             <volume>41</volume>             <fpage>1409</fpage>             <lpage>1422</lpage>          </element-citation></ref><ref id="pone.0000871-Coltheart1"><label>18</label><element-citation publication-type="journal" xlink:type="simple">             <person-group person-group-type="author"><name name-style="western"><surname>Coltheart</surname><given-names>M</given-names></name></person-group>             <year>1980</year>             <article-title>Iconic memory and visible persistence.</article-title>             <source>Percept Psychophys</source>             <volume>27</volume>             <fpage>183</fpage>             <lpage>228</lpage>          </element-citation></ref><ref id="pone.0000871-Long1"><label>19</label><element-citation publication-type="journal" xlink:type="simple">             <person-group person-group-type="author"><name name-style="western"><surname>Long</surname><given-names>GM</given-names></name></person-group>             <year>1980</year>             <article-title>Iconic memory: A review and critique of the study of short-term visual storage.</article-title>             <source>Psychol Bull</source>             <volume>88</volume>             <fpage>785</fpage>             <lpage>820</lpage>          </element-citation></ref><ref id="pone.0000871-Nisly1"><label>20</label><element-citation publication-type="journal" xlink:type="simple">             <person-group person-group-type="author"><name name-style="western"><surname>Nisly</surname><given-names>SJ</given-names></name><name name-style="western"><surname>Wasserman</surname><given-names>GS</given-names></name></person-group>             <year>1989</year>             <article-title>Intensity dependence of perceived duration: Data, theories, and neural integration.</article-title>             <source>Psychol Bull</source>             <volume>106</volume>             <fpage>483</fpage>             <lpage>496</lpage>          </element-citation></ref><ref id="pone.0000871-Alonso1"><label>21</label><element-citation publication-type="journal" xlink:type="simple">             <person-group person-group-type="author"><name name-style="western"><surname>Alonso</surname><given-names>J-M</given-names></name><name name-style="western"><surname>Usrey</surname><given-names>WM</given-names></name><name name-style="western"><surname>Reid</surname><given-names>RC</given-names></name></person-group>             <year>1996</year>             <article-title>Precisely correlated firing in cells of the lateral geniculate nucleus.</article-title>             <source>Nature</source>             <volume>383</volume>             <fpage>815</fpage>             <lpage>819</lpage>          </element-citation></ref><ref id="pone.0000871-Berry1"><label>22</label><element-citation publication-type="journal" xlink:type="simple">             <person-group person-group-type="author"><name name-style="western"><surname>Berry</surname><given-names>MJ</given-names></name><name name-style="western"><surname>Warland</surname><given-names>DK</given-names></name><name name-style="western"><surname>Meister</surname><given-names>M</given-names></name></person-group>             <year>1997</year>             <article-title>The structure and precision of retinal spike trains.</article-title>             <source>Proc Natl Acad Sci USA</source>             <volume>94</volume>             <fpage>5411</fpage>             <lpage>5416</lpage>          </element-citation></ref><ref id="pone.0000871-DeVries1"><label>23</label><element-citation publication-type="journal" xlink:type="simple">             <person-group person-group-type="author"><name name-style="western"><surname>DeVries</surname><given-names>SH</given-names></name></person-group>             <year>1999</year>             <article-title>Correlated firing in rabbit retinal ganglion cells.</article-title>             <source>J Neurophysiol</source>             <volume>81</volume>             <fpage>908</fpage>             <lpage>920</lpage>          </element-citation></ref><ref id="pone.0000871-Usrey1"><label>24</label><element-citation publication-type="journal" xlink:type="simple">             <person-group person-group-type="author"><name name-style="western"><surname>Usrey</surname><given-names>WM</given-names></name><name name-style="western"><surname>Reid</surname><given-names>RC</given-names></name></person-group>             <year>1999</year>             <article-title>Synchronous activity in the visual system.</article-title>             <source>Ann Rev Physiol</source>             <volume>61</volume>             <fpage>435</fpage>             <lpage>456</lpage>          </element-citation></ref><ref id="pone.0000871-Brivanlou1"><label>25</label><element-citation publication-type="journal" xlink:type="simple">             <person-group person-group-type="author"><name name-style="western"><surname>Brivanlou</surname><given-names>IH</given-names></name><name name-style="western"><surname>Warland</surname><given-names>DK</given-names></name><name name-style="western"><surname>Meister</surname><given-names>M</given-names></name></person-group>             <year>1998</year>             <article-title>Mechanisms of concerted firing among retinal ganglion cells.</article-title>             <source>Neuron</source>             <volume>20</volume>             <fpage>527</fpage>             <lpage>539</lpage>          </element-citation></ref><ref id="pone.0000871-Meister1"><label>26</label><element-citation publication-type="journal" xlink:type="simple">             <person-group person-group-type="author"><name name-style="western"><surname>Meister</surname><given-names>M</given-names></name><name name-style="western"><surname>Lagnado</surname><given-names>L</given-names></name><name name-style="western"><surname>Baylor</surname><given-names>DA</given-names></name></person-group>             <year>1995</year>             <article-title>Concerted signaling by retinal ganglion cells.</article-title>             <source>Science</source>             <volume>270</volume>             <fpage>1207</fpage>             <lpage>1210</lpage>          </element-citation></ref><ref id="pone.0000871-Uzzell1"><label>27</label><element-citation publication-type="journal" xlink:type="simple">             <person-group person-group-type="author"><name name-style="western"><surname>Uzzell</surname><given-names>VJ</given-names></name><name name-style="western"><surname>Chichilnisky</surname><given-names>EJ</given-names></name></person-group>             <year>2004</year>             <article-title>Precision of spike trains in primate retinal ganglion cells.</article-title>             <source>J Neurophysiol</source>             <volume>92</volume>             <fpage>780</fpage>             <lpage>789</lpage>          </element-citation></ref><ref id="pone.0000871-Amthor1"><label>28</label><element-citation publication-type="journal" xlink:type="simple">             <person-group person-group-type="author"><name name-style="western"><surname>Amthor</surname><given-names>FR</given-names></name><name name-style="western"><surname>Tootle</surname><given-names>JS</given-names></name><name name-style="western"><surname>Grzywacz</surname><given-names>NM</given-names></name></person-group>             <year>2005</year>             <article-title>Stimulus-dependent correlated firing in directionally selective retinal ganglion cells.</article-title>             <source>Vis Neurosci</source>             <volume>22</volume>             <fpage>769</fpage>             <lpage>787</lpage>          </element-citation></ref><ref id="pone.0000871-Chatterjee1"><label>29</label><element-citation publication-type="journal" xlink:type="simple">             <person-group person-group-type="author"><name name-style="western"><surname>Chatterjee</surname><given-names>S</given-names></name><name name-style="western"><surname>Merwine</surname><given-names>DK</given-names></name><name name-style="western"><surname>Grzywacz</surname><given-names>NM</given-names></name></person-group>             <year>2006</year>             <article-title>Stimulus-dependent response correlations between rabbit retinal ganglion cells [abstract].</article-title>             <source>J Vision</source>             <volume>6</volume>             <fpage>62a</fpage>          </element-citation></ref><ref id="pone.0000871-Mastronarde1"><label>30</label><element-citation publication-type="journal" xlink:type="simple">             <person-group person-group-type="author"><name name-style="western"><surname>Mastronarde</surname><given-names>DN</given-names></name></person-group>             <year>1983</year>             <article-title>Correlated firing of cat retinal ganglion cells. I. Spontaneous active inputs to X- and Y-cells.</article-title>             <source>J Neurophysiol</source>             <volume>49</volume>             <fpage>303</fpage>             <lpage>324</lpage>          </element-citation></ref><ref id="pone.0000871-Mastronarde2"><label>31</label><element-citation publication-type="journal" xlink:type="simple">             <person-group person-group-type="author"><name name-style="western"><surname>Mastronarde</surname><given-names>DN</given-names></name></person-group>             <year>1983</year>             <article-title>Correlated firing of cat retinal ganglion cells. II. Responses of X- and Y-cells to single quantal events.</article-title>             <source>J Neurophysiol</source>             <volume>49</volume>             <fpage>325</fpage>             <lpage>349</lpage>          </element-citation></ref><ref id="pone.0000871-Mastronarde3"><label>32</label><element-citation publication-type="journal" xlink:type="simple">             <person-group person-group-type="author"><name name-style="western"><surname>Mastronarde</surname><given-names>DN</given-names></name></person-group>             <year>1983</year>             <article-title>Interactions between ganglion cells in the cat retina.</article-title>             <source>J Neurophysiol</source>             <volume>49</volume>             <fpage>350</fpage>             <lpage>365</lpage>          </element-citation></ref><ref id="pone.0000871-Mastronarde4"><label>33</label><element-citation publication-type="journal" xlink:type="simple">             <person-group person-group-type="author"><name name-style="western"><surname>Mastronarde</surname><given-names>DN</given-names></name></person-group>             <year>1989</year>             <article-title>Correlated firing of retinal ganglion cells.</article-title>             <source>Trends Neurosci</source>             <volume>12</volume>             <fpage>75</fpage>             <lpage>80</lpage>          </element-citation></ref><ref id="pone.0000871-Ackert1"><label>34</label><element-citation publication-type="journal" xlink:type="simple">             <person-group person-group-type="author"><name name-style="western"><surname>Ackert</surname><given-names>JM</given-names></name><name name-style="western"><surname>Wu</surname><given-names>SH</given-names></name><name name-style="western"><surname>Lee</surname><given-names>JC</given-names></name><name name-style="western"><surname>Abrams</surname><given-names>J</given-names></name><name name-style="western"><surname>Hu</surname><given-names>EH</given-names></name><etal/></person-group>             <year>2006</year>             <article-title>Light-induced changes in spike synchronization between coupled ON direction selective ganglion cells in mammalian retina.</article-title>             <source>J Neurosci</source>             <volume>26</volume>             <fpage>4206</fpage>             <lpage>4215</lpage>          </element-citation></ref><ref id="pone.0000871-Murphy1"><label>35</label><element-citation publication-type="journal" xlink:type="simple">             <person-group person-group-type="author"><name name-style="western"><surname>Murphy</surname><given-names>GJ</given-names></name><name name-style="western"><surname>Rieke</surname><given-names>F</given-names></name></person-group>             <year>2006</year>             <article-title>Network variability limits stimulus-evoked spike timing precision in retinal ganglion cells.</article-title>             <source>Neuron</source>             <volume>52</volume>             <fpage>511</fpage>             <lpage>524</lpage>          </element-citation></ref><ref id="pone.0000871-Maunsell1"><label>36</label><element-citation publication-type="journal" xlink:type="simple">             <person-group person-group-type="author"><name name-style="western"><surname>Maunsell</surname><given-names>JHR</given-names></name><name name-style="western"><surname>Ghose</surname><given-names>GM</given-names></name><name name-style="western"><surname>Assad</surname><given-names>JA</given-names></name><name name-style="western"><surname>McAdams</surname><given-names>CJ</given-names></name><name name-style="western"><surname>Christen</surname><given-names>E</given-names></name><etal/></person-group>             <article-title>Visual response latencies of magnocellular and parvocellular LGN neurons in macaque monkeys.</article-title>             <source>Vis Neurosci</source>             <volume>16</volume>             <fpage>1</fpage>             <lpage>14</lpage>          </element-citation></ref><ref id="pone.0000871-Dacey1"><label>37</label><element-citation publication-type="journal" xlink:type="simple">             <person-group person-group-type="author"><name name-style="western"><surname>Dacey</surname><given-names>DM</given-names></name></person-group>             <year>1989</year>             <article-title>Axon-bearing amacrine cells of the Macaque monkey retina.</article-title>             <source>J Comp Neurol</source>             <volume>284</volume>             <fpage>275</fpage>             <lpage>293</lpage>          </element-citation></ref><ref id="pone.0000871-Rodieck1"><label>38</label><element-citation publication-type="book" xlink:type="simple">             <person-group person-group-type="author"><name name-style="western"><surname>Rodieck</surname><given-names>RW</given-names></name></person-group>             <year>1998</year>             <source>The primate retina. In Steklis HD, Erwin J, editors. Comparative primate biology, V. 4, Neuroscience</source>             <publisher-loc>New York</publisher-loc>             <publisher-name>Alan R. Liss</publisher-name>             <fpage>203</fpage>             <lpage>278</lpage>          </element-citation></ref><ref id="pone.0000871-Ammermuller1"><label>39</label><element-citation publication-type="journal" xlink:type="simple">             <person-group person-group-type="author"><name name-style="western"><surname>Ammermuller</surname><given-names>J</given-names></name><name name-style="western"><surname>Weiler</surname><given-names>R</given-names></name></person-group>             <year>1988</year>             <article-title>Physiological and morphological characterization of OFF-center amacrine cells in the turtle retina.</article-title>             <source>J Comp Physiol</source>             <volume>273</volume>             <fpage>137</fpage>             <lpage>148</lpage>          </element-citation></ref><ref id="pone.0000871-Famiglietti1"><label>40</label><element-citation publication-type="journal" xlink:type="simple">             <person-group person-group-type="author"><name name-style="western"><surname>Famiglietti</surname><given-names>EV</given-names></name></person-group>             <year>1992</year>             <article-title>Polyaxonal amacrine cells of rabbit retina: morphology and stratification of PA1 cells.</article-title>             <source>J Comp Neurol</source>             <volume>316</volume>             <fpage>391</fpage>             <lpage>405</lpage>          </element-citation></ref><ref id="pone.0000871-Famiglietti2"><label>41</label><element-citation publication-type="journal" xlink:type="simple">             <person-group person-group-type="author"><name name-style="western"><surname>Famiglietti</surname><given-names>EV</given-names></name></person-group>             <year>1992</year>             <article-title>Polyaxonal amacrine cells of rabbit retina: size and distribution of PA1 cells.</article-title>             <source>J Comp Neurol</source>             <volume>316</volume>             <fpage>406</fpage>             <lpage>421</lpage>          </element-citation></ref><ref id="pone.0000871-Freed1"><label>42</label><element-citation publication-type="journal" xlink:type="simple">             <person-group person-group-type="author"><name name-style="western"><surname>Freed</surname><given-names>MA</given-names></name><name name-style="western"><surname>Pflug</surname><given-names>R</given-names></name><name name-style="western"><surname>Kolb</surname><given-names>H</given-names></name><name name-style="western"><surname>Nelson</surname><given-names>R</given-names></name></person-group>             <year>1996</year>             <article-title>ON-OFF amacrine cells in cat retina.</article-title>             <source>J Comp Neurol</source>             <volume>364</volume>             <fpage>556</fpage>             <lpage>566</lpage>          </element-citation></ref><ref id="pone.0000871-Volgyi1"><label>43</label><element-citation publication-type="journal" xlink:type="simple">             <person-group person-group-type="author"><name name-style="western"><surname>Volgyi</surname><given-names>B</given-names></name><name name-style="western"><surname>Xin</surname><given-names>D</given-names></name><name name-style="western"><surname>Amarillo</surname><given-names>Y</given-names></name><name name-style="western"><surname>Bloomfield</surname><given-names>SA</given-names></name></person-group>             <year>2001</year>             <article-title>Morphology and physiology of the polyaxonal amacrine cells in the rabbit retina.</article-title>             <source>J Comp Neurol</source>             <volume>440</volume>             <fpage>109</fpage>             <lpage>125</lpage>          </element-citation></ref><ref id="pone.0000871-Dacey2"><label>44</label><element-citation publication-type="journal" xlink:type="simple">             <person-group person-group-type="author"><name name-style="western"><surname>Dacey</surname><given-names>DM</given-names></name></person-group>             <year>1993</year>             <article-title>The mosaic of midget ganglion cells in the human retina.</article-title>             <source>J Neurosci</source>             <volume>13</volume>             <fpage>5334</fpage>             <lpage>5355</lpage>          </element-citation></ref><ref id="pone.0000871-Wright1"><label>45</label><element-citation publication-type="journal" xlink:type="simple">             <person-group person-group-type="author"><name name-style="western"><surname>Wright</surname><given-names>LL</given-names></name><name name-style="western"><surname>Vaney</surname><given-names>DI</given-names></name></person-group>             <year>2004</year>             <article-title>The type 1 polyaxonal amacrine cells of the rabbit retina: a tracer-coupled study.</article-title>             <source>Vis Neurosci</source>             <volume>21</volume>             <fpage>145</fpage>             <lpage>155</lpage>          </element-citation></ref><ref id="pone.0000871-Taylor1"><label>46</label><element-citation publication-type="journal" xlink:type="simple">             <person-group person-group-type="author"><name name-style="western"><surname>Taylor</surname><given-names>WR</given-names></name></person-group>             <year>1996</year>             <article-title>Response properties of long-range axon-bearing amacrine cells in the dark-adapted rabbit retina.</article-title>             <source>Vis Neurosci</source>             <volume>13</volume>             <fpage>599</fpage>             <lpage>604</lpage>          </element-citation></ref><ref id="pone.0000871-Stafford1"><label>47</label><element-citation publication-type="journal" xlink:type="simple">             <person-group person-group-type="author"><name name-style="western"><surname>Stafford</surname><given-names>DK</given-names></name><name name-style="western"><surname>Dacey</surname><given-names>DM</given-names></name></person-group>             <year>1997</year>             <article-title>Physiology of the A1 amacrine: a spiking, axon-bearing interneuron of the macaque monkey retina.</article-title>             <source>Vis Neurosci</source>             <volume>14</volume>             <fpage>507</fpage>             <lpage>522</lpage>          </element-citation></ref><ref id="pone.0000871-Bennett1"><label>48</label><element-citation publication-type="journal" xlink:type="simple">             <person-group person-group-type="author"><name name-style="western"><surname>Bennett</surname><given-names>MVL</given-names></name><name name-style="western"><surname>Zukin</surname><given-names>S</given-names></name></person-group>             <year>2004</year>             <article-title>Electrical coupling and neuronal synchronization in the mammalian brain.</article-title>             <source>Neuron</source>             <volume>41</volume>             <fpage>495</fpage>             <lpage>511</lpage>          </element-citation></ref><ref id="pone.0000871-Masland1"><label>49</label><element-citation publication-type="journal" xlink:type="simple">             <person-group person-group-type="author"><name name-style="western"><surname>Masland</surname><given-names>RH</given-names></name></person-group>             <year>2001</year>             <article-title>The fundamental plan of the retina.</article-title>             <source>Nat Neurosci</source>             <volume>4</volume>             <fpage>877</fpage>             <lpage>886</lpage>          </element-citation></ref><ref id="pone.0000871-Lee1"><label>50</label><element-citation publication-type="journal" xlink:type="simple">             <person-group person-group-type="author"><name name-style="western"><surname>Lee</surname><given-names>S</given-names></name><name name-style="western"><surname>Zhou</surname><given-names>ZJ</given-names></name></person-group>             <year>2006</year>             <article-title>The synaptic mechanism of direction selectivity in distal processes of starburst amacrine cells.</article-title>             <source>Neuron</source>             <volume>51</volume>             <fpage>787</fpage>             <lpage>799</lpage>          </element-citation></ref><ref id="pone.0000871-Wertheimer1"><label>51</label><element-citation publication-type="journal" xlink:type="simple">             <person-group person-group-type="author"><name name-style="western"><surname>Wertheimer</surname><given-names>M</given-names></name></person-group>             <year>1923</year>             <article-title>Untersuchungen zur Lehre von der Gestalt.</article-title>             <source>Psychol Forch</source>             <volume>4</volume>             <fpage>301</fpage>             <lpage>350</lpage>             <comment>Translated (1938) by Ellis W D A Source Book of Gestalt Psychology. London: Routledge &amp; Kegan Paul. pp. 71–88</comment>          </element-citation></ref><ref id="pone.0000871-Schall1"><label>52</label><element-citation publication-type="journal" xlink:type="simple">             <person-group person-group-type="author"><name name-style="western"><surname>Schall</surname><given-names>R</given-names></name></person-group>             <year>1991</year>             <article-title>Estimation in generalized linear models with random effects.</article-title>             <source>Biometrika</source>             <volume>40</volume>             <fpage>917</fpage>             <lpage>927</lpage>          </element-citation></ref></ref-list></back></article>