<?xml version="1.0" encoding="UTF-8"?>
<!DOCTYPE article
  PUBLIC "-//NLM//DTD Journal Publishing DTD v3.0 20080202//EN" "http://dtd.nlm.nih.gov/publishing/3.0/journalpublishing3.dtd">
<article xmlns:mml="http://www.w3.org/1998/Math/MathML" xmlns:xlink="http://www.w3.org/1999/xlink" article-type="editorial" dtd-version="3.0" xml:lang="EN">
<front>
<journal-meta><journal-id journal-id-type="nlm-ta">PLoS Negl Trop Dis</journal-id><journal-id journal-id-type="publisher-id">plos</journal-id><journal-id journal-id-type="pmc">plosntds</journal-id><!--===== Grouping journal title elements =====--><journal-title-group><journal-title>PLoS Neglected Tropical Diseases</journal-title></journal-title-group><issn pub-type="epub">1935-2735</issn><publisher>
<publisher-name>Public Library of Science</publisher-name>
<publisher-loc>San Francisco, USA</publisher-loc></publisher></journal-meta>
<article-meta><article-id pub-id-type="publisher-id">10-PNTD-ED-1227R2</article-id><article-id pub-id-type="doi">10.1371/journal.pntd.0000812</article-id><article-categories><subj-group subj-group-type="heading"><subject>Editorial</subject></subj-group><subj-group subj-group-type="Discipline"><subject>Public Health and Epidemiology/Global Health</subject><subject>Public Health and Epidemiology/Health Policy</subject></subj-group></article-categories><title-group><article-title>Neglected Tropical Disease Control in the “Post-American World”</article-title></title-group><contrib-group>
<contrib contrib-type="author" xlink:type="simple"><name name-style="western"><surname>Hotez</surname><given-names>Peter J.</given-names></name><xref ref-type="aff" rid="aff1"><sup>1</sup></xref><xref ref-type="aff" rid="aff2"><sup>2</sup></xref><xref ref-type="corresp" rid="cor1"><sup>*</sup></xref></contrib>
</contrib-group><aff id="aff1"><label>1</label><addr-line>Department of Microbiology, Immunology, and Tropical Medicine, George Washington University, Washington, D.C., United States of America</addr-line>       </aff><aff id="aff2"><label>2</label><addr-line>Sabin Vaccine Institute, Washington, D.C., United States of America</addr-line>       </aff><contrib-group>
<contrib contrib-type="editor" xlink:type="simple"><name name-style="western"><surname>Utzinger</surname><given-names>Juerg</given-names></name>
<role>Editor</role>
<xref ref-type="aff" rid="edit1"/></contrib>
</contrib-group><aff id="edit1">Swiss Tropical and Public Health Institute, Switzerland</aff><author-notes>
<corresp id="cor1">* E-mail: <email xlink:type="simple">mtmpjh@gwumc.edu</email></corresp>
<fn fn-type="other"><p><bold>Author Information</bold>: PJH is Editor-in-Chief of <italic>PLoS Neglected Tropical Diseases</italic>. He is Distinguished Research Professor at George Washington University, and President of the Sabin Vaccine Institute. Some of the content in this article was delivered in his commencement speech to the 2010 graduating class of the George Washington University School of Medicine and Health Sciences.</p></fn>
<fn fn-type="conflict"><p>PJH is an inventor on two international patents for hookworm vaccines and President of the organization hosting the Global Network for Neglected Tropical Diseases.</p></fn></author-notes><pub-date pub-type="collection"><month>8</month><year>2010</year></pub-date><pub-date pub-type="epub"><day>31</day><month>8</month><year>2010</year></pub-date><volume>4</volume><issue>8</issue><elocation-id>e812</elocation-id><!--===== Grouping copyright info into permissions =====--><permissions><copyright-year>2010</copyright-year><copyright-holder>Peter J. Hotez</copyright-holder><license><license-p>This is an open-access article distributed under the terms of the Creative Commons Attribution License, which permits unrestricted use, distribution, and reproduction in any medium, provided the original author and source are credited.</license-p></license></permissions><funding-group><funding-statement>The author has no support or funding to report.</funding-statement></funding-group><counts><page-count count="4"/></counts></article-meta>
</front>
<body><sec id="s1">
<title/>
<p><italic>We cannot expect the United States and the United Kingdom to shoulder the entire financial burden of global NTD control. The world's emerging market economies and the nations of the Gulf Cooperation Council must now step up and share this commitment.</italic></p>
<p>Writer, columnist, and <italic>Newsweek International</italic> Editor Fareed Zakaria has coined the term “the post-American world” to refer to a new world order that has unfolded over the last decade <xref ref-type="bibr" rid="pntd.0000812-Zakaraia1">[1]</xref>. Briefly stated, the United States became the world's most powerful nation beginning in the 20th century, and since the fall of communism we have lived in a world in which the US is the only superpower. However, the last few years have witnessed what Zakaria calls the “rise of the rest,” referring to massive economic growth in what we ordinarily refer to as developing countries. He points out that 124 countries grew at a rate of 4% or higher in 2006 and 2007 <xref ref-type="bibr" rid="pntd.0000812-Zakaraia1">[1]</xref>. While much of this growth can be attributed to the so-called BRIC emerging economies, i.e., Brazil, Russia, India, and China, as well as other Asian nations, the economies of at least 30 African countries also increased, and in all, poverty has been falling among 80% of the world's population, including Indonesia, Kenya, and South Africa <xref ref-type="bibr" rid="pntd.0000812-Zakaraia1">[1]</xref>. Indeed, with the exception of about 50 truly devastated nations, there has been general global growth throughout the low- and middle-income countries of Africa, Asia, and the Americas <xref ref-type="bibr" rid="pntd.0000812-Zakaraia1">[1]</xref>.</p>
<p>World Bank President Robert Zoellick has echoed similar sentiments. In an April 2010 address, he made the statement that 2009 saw the end of what was known as the “Third World” <xref ref-type="bibr" rid="pntd.0000812-Zoellick1">[2]</xref>. According to Mr. Zoelick, Asia's stock markets now account for a larger share of global market capitalization than those of the United States or Europe. He further states that “this change is not just about China and India” <xref ref-type="bibr" rid="pntd.0000812-Zoellick1">[2]</xref>. Instead, what we used to call the developing world's share of global GDP in purchasing power parity is approaching 50%, while India, Bangladesh, and sub-Saharan Africa, where most of the “bottom billion” (i.e., the world's poorest people surviving below the World Bank poverty level of US$1.25 per day) live, are each expected to grow by an average of over 6%–7% annually for at least the next five years <xref ref-type="bibr" rid="pntd.0000812-Zoellick1">[2]</xref>. Together, the Southeast Asian countries of Vietnam, Thailand, and Malaysia have gone from being a low-income region to becoming a powerful group of middle-income countries with important links to India and China <xref ref-type="bibr" rid="pntd.0000812-Zoellick1">[2]</xref>. Some of this economic growth is being fueled by the Middle East, which has become an important source of global capital. Today, the sovereign wealth fund assets of the Gulf Cooperation Council countries, meaning Kuwait, Bahrain, Saudi Arabia, Qatar, United Arab Emirates, and Oman, are estimated to be approximately US$1 trillion <xref ref-type="bibr" rid="pntd.0000812-Zoellick1">[2]</xref>. As a result, the influence of the G8, as well as other European countries, is evaporating in favor of a larger group of G20 countries, which includes Brazil, Mexico, China, Korea, Saudi Arabia, India, Indonesia, and South Africa (<xref ref-type="fig" rid="pntd-0000812-g001">Figure 1</xref>).</p>
<fig id="pntd-0000812-g001" position="float"><object-id pub-id-type="doi">10.1371/journal.pntd.0000812.g001</object-id><label>Figure 1</label><caption>
<title>The emerging market economies.</title>
<p>From Wikimedia Commons. Available: <ext-link ext-link-type="uri" xlink:href="http://commons.wikimedia.org/wiki/File:Developed_and_Emerging_markets.png" xlink:type="simple">http://commons.wikimedia.org/wiki/File:Developed_and_Emerging_markets.png</ext-link>. Accessed July 21, 2010.</p>
</caption><graphic mimetype="image" position="float" xlink:href="info:doi/10.1371/journal.pntd.0000812.g001" xlink:type="simple"/></fig>
<p>Not everyone agrees with such global economic assessments, including the anthropologist Thayer Scudder, who points to evidence suggesting the overall decline of global living standards <xref ref-type="bibr" rid="pntd.0000812-Scudder1">[3]</xref>. But if Zakaria and Zoellick are correct, I believe their assessments and predictions of geopolitical and economic transformations in the developing world could soon have important implications for the global control of the neglected tropical diseases (NTDs). The NTDs are the most common infections of the world's poor, especially the bottom billion <xref ref-type="bibr" rid="pntd.0000812-Hotez1">[4]</xref>. Most are chronic and disabling parasitic infections such as the intestinal helminth infections, schistosomiasis, lymphatic filariasis, food-borne trematode infections, and onchocerciasis, as well as selected bacterial and viral infections such as trachoma and dengue <xref ref-type="bibr" rid="pntd.0000812-Hotez1">[4]</xref>, <xref ref-type="bibr" rid="pntd.0000812-Hotez2">[5]</xref>. A key feature of the NTDs is their ability to exacerbate poverty by impairing child development, pregnancy outcome, and agricultural worker productivity (evidence reviewed in reference <xref ref-type="bibr" rid="pntd.0000812-Hotez1">[4]</xref>). Another feature of the NTDs is their disproportionate impact on Islamic nations and rogue nuclear states, and therefore the areas of geopolitical interest to the US and Europe <xref ref-type="bibr" rid="pntd.0000812-Hotez3">[6]</xref>–<xref ref-type="bibr" rid="pntd.0000812-Hotez6">[9]</xref>.</p>
<p>In response to the growing awareness of the importance of NTDs as a global health and security threat, the US government, through its Agency for International Development (USAID), and to some extent the British Department for International Development (DFID), have begun to provide up to US$100 million annually for NTD control, with plans to possibly double this amount by 2011 <xref ref-type="bibr" rid="pntd.0000812-Hotez7">[10]</xref>. Additional funds for global parasite control have been provided to the government of Japan through its Hashimoto Initiative <xref ref-type="bibr" rid="pntd.0000812-Kojima1">[11]</xref>. While these dollar amounts pale in comparison to the funds allocated for HIV/AIDS through the President's Emergency Plan for AIDS Relief, the truth is that these dollars will go a long way. For as little as US$0.50 annually, it is possible to provide mass drug administration to support the seven most common NTDs and those producing the highest disease burden <xref ref-type="bibr" rid="pntd.0000812-Hotez1">[4]</xref>, <xref ref-type="bibr" rid="pntd.0000812-Hotez2">[5]</xref>, <xref ref-type="bibr" rid="pntd.0000812-Hotez7">[10]</xref>. Therefore, even the modest funds allocated to date may be sufficient to treat 200–400 million people annually, or roughly one-quarter of the bottom billion who urgently need treatments. In addition, ongoing support will be needed for sanitation, clean, water, and the overall strengthening of health systems <xref ref-type="bibr" rid="pntd.0000812-MascariniSerra1">[12]</xref>–<xref ref-type="bibr" rid="pntd.0000812-Spiegel1">[14]</xref>.</p>
<p>Which countries should step up to treat the remainder of the world's population that urgently needs access to essential NTD medicines? Sadly, the G8 countries, other than the US, UK, and Japan, have largely ignored the NTD problem. For instance, the Italian government, which through its Ministry of Foreign Affairs held a high profile NTD workshop in Rome in 2009 <xref ref-type="bibr" rid="pntd.0000812-Italy1">[15]</xref>, has so far failed to translate the conclusions of this meeting into meaningful action; similarly, the German government, whose major pharmaceutical companies, Bayer Schering and Merck KgaA, developed praziquantel in the 1970s, has failed to find a mechanism by which to establish an urgently needed public–private partnership in order fully donate this desperately needed drug for Africa <xref ref-type="bibr" rid="pntd.0000812-Hotez8">[16]</xref>. In addition, the richest non-G8 European countries have also failed to support global NTD control. This failure is in stark contract to companies such as Merck &amp; Co., GlaxoSmithKline, Johnson &amp; Johnson, and Pfizer, which donate ivermectin, albendazole, mebednazole, and azithromycin, respectively <xref ref-type="bibr" rid="pntd.0000812-Hotez2">[5]</xref>. While certainly the European governments are distracted by their own recent economic downturns, such as the recent fall of the euro and economic assistance for Greece <xref ref-type="bibr" rid="pntd.0000812-Fleming1">[17]</xref>, it is now clear that the disease-endemic countries must identify new funding partners for NTD development assistance.</p>
<p>Instead, in this new post-American world order, there is a fresh (and unprecedented) opportunity for some of the highest disease burden countries to look to what we used to call the developing world and 28 so-called emerging markets (<xref ref-type="boxed-text" rid="pntd-0000812-box001">Boxes 1</xref> and <xref ref-type="boxed-text" rid="pntd-0000812-box002">2</xref>). New investments from the former Third World need to happen at multiple levels. First, the BRIC countries almost certainly can afford mass drug therapeutic approaches for their own indigenous NTDs. Based on their NTD disease burden <xref ref-type="bibr" rid="pntd.0000812-Hotez5">[8]</xref>, <xref ref-type="bibr" rid="pntd.0000812-Hotez9">[19]</xref>, if the BRIC countries would take responsibility for their own control and elimination efforts, then roughly 20% of the world's burden of intestinal helminth infections, lymphatic filariasis, and trachoma could be reduced. In addition, the emerging market nations of Nigeria and Indonesia exhibit some of the highest NTD disease burdens in Africa and Southeast Asia, respectively <xref ref-type="bibr" rid="pntd.0000812-Hotez10">[20]</xref>, <xref ref-type="bibr" rid="pntd.0000812-Hotez11">[21]</xref>. If together the BRIC countries and Nigeria and Indonesia would commit to controlling their own NTDs, it would likely double the impact of the current US commitment.</p>
<boxed-text id="pntd-0000812-box001" position="float"><sec id="s1a1">
<title>Box 1. <bold>The Emerging Market Economies </bold> <xref ref-type="bibr" rid="pntd.0000812-MSCI1">[18]</xref></title>
<p>Brazil</p>
<p>Chile</p>
<p>China</p>
<p>Colombia</p>
<p>Czech Republic</p>
<p>Egypt</p>
<p>Hungary</p>
<p>India</p>
<p>Indonesia</p>
<p>Malaysia</p>
<p>Mexico</p>
<p>Morocco</p>
<p>Nigeria</p>
<p>Peru</p>
<p>Philippines</p>
<p>Poland</p>
<p>Russia</p>
<p>South Africa</p>
<p>South Korea</p>
<p>Taiwan</p>
<p>Thailand</p>
<p>Turkey</p>
</sec></boxed-text><boxed-text id="pntd-0000812-box002" position="float"><sec id="s1b1">
<title>Box 2. <bold>Which Countries Should Make NTD Investments?</bold></title>
<list list-type="bullet"><list-item>
<p>US, UK, and Japanese governments for Africa, Asia, Americas</p>
</list-item><list-item>
<p>The remaining G8 countries and richest European countries</p>
</list-item><list-item>
<p>BRIC countries for their indigenous NTDs</p>
</list-item><list-item>
<p>Nigeria, Indonesia, and other emerging market economies for their indigenous NTDs</p>
</list-item><list-item>
<p>China to support NTDs in sub-Saharan Africa</p>
</list-item><list-item>
<p>Gulf nations to support NTDs in poor OIC countries</p>
</list-item><list-item>
<p>Other private investments</p>
</list-item></list>
</sec></boxed-text>
<p>Some of these same BRIC countries must also provide development assistance in the form of NTD control and elimination efforts for the African and Asian countries where they now heavily invest in mining, oil and gas explorations, and other activities with high economic return rates. By some estimates, Chinese investments in Africa are growing by 50% annually, and Beijing is aggressively pursuing Africa's oil, natural gas, and other reserves it requires in order to sustain growth in China <xref ref-type="bibr" rid="pntd.0000812-Zakaraia1">[1]</xref>. According to Zakaria, at a 2006 summit held in Beijing attended by all 48 African countries, the largest number of African leaders assembled outside the continent, China promised to provide US$5 billion in loans and credits and another US$5 billion to encourage ongoing investments in the African continent <xref ref-type="bibr" rid="pntd.0000812-Zakaraia1">[1]</xref>. Undoubtedly, some of these funds will further stimulate Africa's growing economy, but as Zakaria points out, in exchange for access to natural resources, China has entered into questionable agreements with the Mugabe regime in Zimbabwe and the Bashir regime in Sudan <xref ref-type="bibr" rid="pntd.0000812-Zakaraia1">[1]</xref>. At a May 17, 2010 Ministerial Working Group on Scaling Up of Primary Health Systems held in Geneva and organized by Professor Jeffrey Sachs and the Earth Institute at Columbia University, I had the opportunity to meet with Dr. Chen Zhu, the Minister of Health of China, and remind him that China has an unrivaled success in NTD control, having been the first country to successfully eliminate lymphatic filariasis and make enormous progress in reducing its burden of Asian schistosomiasis <xref ref-type="bibr" rid="pntd.0000812-Hotez2">[5]</xref>, <xref ref-type="bibr" rid="pntd.0000812-Hotez11">[21]</xref>, <xref ref-type="bibr" rid="pntd.0000812-Wang1">[22]</xref>. There is now a moral and ethical imperative for China to take the lead in transferring its NTD control and elimination know-how and provide support for NTD control in sub-Saharan Africa. Given the billions of dollars China invests annually in Africa, it certainly can afford a comparatively modest investment in NTD control, one that is at least equivalent to the USAID commitment.</p>
<p>In addition to private philanthropic investments, the final 20% of NTD control can come from the Middle East. In a previous paper I pointed out that almost one-half of the world's NTDs occur in the member nations of the Organisation of the Islamic Conference (OIC), i.e., the world's Islamic countries <xref ref-type="bibr" rid="pntd.0000812-Hotez12">[23]</xref>. In addition to Indonesia and Nigeria, the nations of Bangladesh, Chad, Mali, Niger, Somalia, Sudan, and Yemen are among the OIC countries with the highest NTD burden <xref ref-type="bibr" rid="pntd.0000812-Hotez12">[23]</xref>. With the sovereign wealth funds of the Gulf Cooperation Council countries exceeding US$1 trillion <xref ref-type="bibr" rid="pntd.0000812-Zakaraia1">[1]</xref>, there is no reason why annually 0.01% of this dollar amount—US$100 million—cannot be devoted to NTD control for the poorest OIC countries.</p>
<p>Of course, money alone will not ensure global control and elimination of the NTDs. As new funds become available, there will be a need for appropriate financial mechanisms in order to target them for national NTD control programs; these include bilateral arrangements with health ministries in disease-endemic countries, and regional platforms and funds for the Americas, Africa, and Asia, respectively, as proposed by the Global Network for NTDs <xref ref-type="bibr" rid="pntd.0000812-Hotez7">[10]</xref>. In addition, for some NTDs, there will be additional requirements to develop new drugs, vaccines, and diagnostics and then to fold these new control tools into national programs for NTD control and existing health systems <xref ref-type="bibr" rid="pntd.0000812-Hotez13">[24]</xref>, <xref ref-type="bibr" rid="pntd.0000812-Hotez14">[25]</xref>. The major needs for research and development were outlined in a 2010 “manifesto” document for the NTDs <xref ref-type="bibr" rid="pntd.0000812-Hotez14">[25]</xref>, and recently the Dutch Ministry of Foreign Affairs made an important commitment to support research and development for new NTD drugs and vaccines <xref ref-type="bibr" rid="pntd.0000812-Netherlands1">[26]</xref>. Increasingly, there is also a global demand to strengthen health systems in parallel with support for neglected diseases <xref ref-type="bibr" rid="pntd.0000812-Hotez14">[25]</xref>, <xref ref-type="bibr" rid="pntd.0000812-Frenk1">[27]</xref>, <xref ref-type="bibr" rid="pntd.0000812-Frenk2">[28]</xref>. However, there is now a desperate need for new financial support to complement current NTD control and elimination efforts by the governments of the US and UK. Today, the BRIC countries, Nigeria, Indonesia, and other emerging market economies, as well as the wealthy Gulf Cooperation Council nations in the Middle East, must agree to take on this challenge.</p>
</sec></body>
<back>
<ack>
<p>I wish to thank Ambassador Michael Marine for his thoughtful comments on the manuscript.</p>
</ack>
<ref-list>
<title>References</title>
<ref id="pntd.0000812-Zakaraia1"><label>1</label><element-citation publication-type="other" xlink:type="simple">             <person-group person-group-type="author">
<name name-style="western"><surname>Zakaraia</surname><given-names>F</given-names></name>
</person-group>             <year>2008</year>             <source>The post-American world</source>             <publisher-loc>New York and London</publisher-loc>             <publisher-name>W.W. Norton &amp; Company</publisher-name> <!--===== Restructure page-count as size[@units="page"] =====--><size units="page">292</size>           </element-citation></ref>
<ref id="pntd.0000812-Zoellick1"><label>2</label><element-citation publication-type="other" xlink:type="simple">             <person-group person-group-type="author">
<name name-style="western"><surname>Zoellick</surname><given-names>RB</given-names></name>
</person-group>             <year>2010</year>             <article-title>The end of the third world? Modernizing multilateralism for a multipolar world.</article-title>             <comment>Speech delivered at the Woodrow Wilson Center for International Scholars on April 14, 2010. Available: <ext-link ext-link-type="uri" xlink:href="http://microfinanceafrica.net/news/the-end-of-the-third-world-%E2%80%93-modernizing-multilateralism-for-a-multipolar-world/" xlink:type="simple">http://microfinanceafrica.net/news/the-end-of-the-third-world-%E2%80%93-modernizing-multilateralism-for-a-multipolar-world/</ext-link>. Accessed 6 August 2010</comment>          </element-citation></ref>
<ref id="pntd.0000812-Scudder1"><label>3</label><element-citation publication-type="other" xlink:type="simple">             <person-group person-group-type="author">
<name name-style="western"><surname>Scudder</surname><given-names>T</given-names></name>
</person-group>             <year>2010</year>             <source>Global threats, global futures: living with declining living standards</source>             <publisher-loc>Cheltenham (United Kingdom)</publisher-loc>             <publisher-name>Edward Elgar</publisher-name> <!--===== Restructure page-count as size[@units="page"] =====--><size units="page">304</size>           </element-citation></ref>
<ref id="pntd.0000812-Hotez1"><label>4</label><element-citation publication-type="journal" xlink:type="simple">             <person-group person-group-type="author">
<name name-style="western"><surname>Hotez</surname><given-names>PJ</given-names></name>
<name name-style="western"><surname>Fenwick</surname><given-names>A</given-names></name>
<name name-style="western"><surname>Savioli</surname><given-names>L</given-names></name>
<name name-style="western"><surname>Molyneux</surname><given-names>DH</given-names></name>
</person-group>             <year>2009</year>             <article-title>Rescuing the “bottom billion” through neglected tropical disease control.</article-title>             <source>Lancet</source>             <volume>373</volume>             <fpage>1570</fpage>             <lpage>1574</lpage>          </element-citation></ref>
<ref id="pntd.0000812-Hotez2"><label>5</label><element-citation publication-type="other" xlink:type="simple">             <person-group person-group-type="author">
<name name-style="western"><surname>Hotez</surname><given-names>PJ</given-names></name>
</person-group>             <year>2008</year>             <source>Forgotten people, forgotten diseases: the neglected tropical diseases and their impact on global health and development</source>             <publisher-loc>Washington (D.C.)</publisher-loc>             <publisher-name>ASM Press</publisher-name>          </element-citation></ref>
<ref id="pntd.0000812-Hotez3"><label>6</label><element-citation publication-type="journal" xlink:type="simple">             <person-group person-group-type="author">
<name name-style="western"><surname>Hotez</surname><given-names>PJ</given-names></name>
</person-group>             <year>2009</year>             <article-title>The neglected tropical diseases and their devastating health and economic impact on the member nations of the Organisation of the Islamic Conference.</article-title>             <source>PLoS Negl Trop Dis</source>             <volume>3</volume>             <fpage>e539</fpage>             <comment>doi:<ext-link ext-link-type="uri" xlink:href="http://dx.doi.org/10.1371/journal.pntd.0000539" xlink:type="simple">10.1371/journal.pntd.0000539</ext-link></comment>          </element-citation></ref>
<ref id="pntd.0000812-Hotez4"><label>7</label><element-citation publication-type="journal" xlink:type="simple">             <person-group person-group-type="author">
<name name-style="western"><surname>Hotez</surname><given-names>PJ</given-names></name>
<name name-style="western"><surname>Thompson</surname><given-names>TG</given-names></name>
</person-group>             <year>2009</year>             <article-title>Waging peace through neglected tropical disease control: a U.S. foreign policy for the bottom billion.</article-title>             <source>PLoS Negl Trop Dis</source>             <volume>3</volume>             <fpage>e346</fpage>             <comment>doi:<ext-link ext-link-type="uri" xlink:href="http://dx.doi.org/10.1371/journal.pntd.0000346" xlink:type="simple">10.1371/journal.pntd.0000346</ext-link></comment>          </element-citation></ref>
<ref id="pntd.0000812-Hotez5"><label>8</label><element-citation publication-type="journal" xlink:type="simple">             <person-group person-group-type="author">
<name name-style="western"><surname>Hotez</surname><given-names>PJ</given-names></name>
</person-group>             <year>2010</year>             <article-title>Nuclear weapons and neglected diseases: the “ten thousand to one gap”.</article-title>             <source>PLoS Negl Trop Dis</source>             <volume>4</volume>             <fpage>e680</fpage>             <comment>doi:<ext-link ext-link-type="uri" xlink:href="http://dx.doi.org/10.1371/journal.pntd.0000680" xlink:type="simple">10.1371/journal.pntd.0000680</ext-link></comment>          </element-citation></ref>
<ref id="pntd.0000812-Hotez6"><label>9</label><element-citation publication-type="other" xlink:type="simple">             <person-group person-group-type="author">
<name name-style="western"><surname>Hotez</surname><given-names>PJ</given-names></name>
</person-group>             <year>21 January 2010</year>             <article-title>Gandhi's hookworms. Foreign Policy.</article-title>             <comment>Available: <ext-link ext-link-type="uri" xlink:href="http://www.foreignpolicy.com/articles/2010/01/21/gandhis_hookworms" xlink:type="simple">http://www.foreignpolicy.com/articles/2010/01/21/gandhis_hookworms</ext-link>. Accessed 6 August 2010</comment>          </element-citation></ref>
<ref id="pntd.0000812-Hotez7"><label>10</label><element-citation publication-type="journal" xlink:type="simple">             <person-group person-group-type="author">
<name name-style="western"><surname>Hotez</surname><given-names>PJ</given-names></name>
</person-group>             <year>2010</year>             <article-title>A plan to defeat neglected tropical diseases.</article-title>             <source>Sci Amer</source>             <volume>302</volume>             <fpage>90</fpage>             <lpage>96</lpage>          </element-citation></ref>
<ref id="pntd.0000812-Kojima1"><label>11</label><element-citation publication-type="journal" xlink:type="simple">             <person-group person-group-type="author">
<name name-style="western"><surname>Kojima</surname><given-names>S</given-names></name>
<name name-style="western"><surname>Takeuchi</surname><given-names>T</given-names></name>
</person-group>             <year>2006</year>             <article-title>Global parasite control initiative of Japan (Hashimoto Initiative).</article-title>             <source>Parasite Int</source>             <volume>55</volume>             <supplement>Suppl</supplement>             <fpage>S293</fpage>             <lpage>S296</lpage>          </element-citation></ref>
<ref id="pntd.0000812-MascariniSerra1"><label>12</label><element-citation publication-type="journal" xlink:type="simple">             <person-group person-group-type="author">
<name name-style="western"><surname>Mascarini-Serra</surname><given-names>LM</given-names></name>
<name name-style="western"><surname>Telles</surname><given-names>CA</given-names></name>
<name name-style="western"><surname>Prado</surname><given-names>MS</given-names></name>
<name name-style="western"><surname>Mattos</surname><given-names>SA</given-names></name>
<name name-style="western"><surname>Strina</surname><given-names>A</given-names></name>
<etal/></person-group>             <year>2010</year>             <article-title>Reductions in the prevalence and incidence of geohelminth infections following a city-wide sanitation program in a Brazilian urban center.</article-title>             <source>PLoS Negl Trop Dis</source>             <volume>4</volume>             <fpage>e588</fpage>             <comment>doi:<ext-link ext-link-type="uri" xlink:href="http://dx.doi.org/10.1371/journal.pntd.0000588" xlink:type="simple">10.1371/journal.pntd.0000588</ext-link></comment>          </element-citation></ref>
<ref id="pntd.0000812-Castro1"><label>13</label><element-citation publication-type="journal" xlink:type="simple">             <person-group person-group-type="author">
<name name-style="western"><surname>Castro</surname><given-names>MC</given-names></name>
<name name-style="western"><surname>Kanamori</surname><given-names>S</given-names></name>
<name name-style="western"><surname>Kannady</surname><given-names>K</given-names></name>
<name name-style="western"><surname>Mkude</surname><given-names>S</given-names></name>
<name name-style="western"><surname>Kileen</surname><given-names>GF</given-names></name>
<etal/></person-group>             <year>2010</year>             <article-title>The importance of drains for the larval development of lymphatic filariasis and malaria vectors in Dar es Salaam, United Republic of Tanzania.</article-title>             <source>PLoS Negl Trop Dis</source>             <volume>4</volume>             <fpage>e693</fpage>             <comment>doi:<ext-link ext-link-type="uri" xlink:href="http://dx.doi.org/10.1371/journal.pntd.0000693" xlink:type="simple">10.1371/journal.pntd.0000693</ext-link></comment>          </element-citation></ref>
<ref id="pntd.0000812-Spiegel1"><label>14</label><element-citation publication-type="journal" xlink:type="simple">             <person-group person-group-type="author">
<name name-style="western"><surname>Spiegel</surname><given-names>JM</given-names></name>
<name name-style="western"><surname>Dharamsi</surname><given-names>S</given-names></name>
<name name-style="western"><surname>Wasan</surname><given-names>KM</given-names></name>
<name name-style="western"><surname>Yassi</surname><given-names>A</given-names></name>
<name name-style="western"><surname>Singer</surname><given-names>B</given-names></name>
<etal/></person-group>             <year>2010</year>             <article-title>Which new approaches to tackling neglected tropical diseases show promise?</article-title>             <source>PLoS Med</source>             <volume>7</volume>             <fpage>e1000255</fpage>             <comment>doi:<ext-link ext-link-type="uri" xlink:href="http://dx.doi.org/10.1371/journal.pmed.1000255" xlink:type="simple">10.1371/journal.pmed.1000255</ext-link></comment>          </element-citation></ref>
<ref id="pntd.0000812-Italy1"><label>15</label><element-citation publication-type="other" xlink:type="simple">             <collab xlink:type="simple">Italy Ministry of Foreign Affairs</collab>             <year>2009</year>             <article-title>Neglected tropical diseases–how to combat and prevent them, workshop at the foreign ministry (23 November 2009) [press release].</article-title>             <comment>Available: <ext-link ext-link-type="uri" xlink:href="http://www.esteri.it/MAE/EN/Sala_Stampa/ArchivioNotizie/Comunicati/2009/11/20091119_MalattieTropicali.htm?LANG=EN" xlink:type="simple">http://www.esteri.it/MAE/EN/Sala_Stampa/ArchivioNotizie/Comunicati/2009/11/20091119_MalattieTropicali.htm?LANG=EN</ext-link>. Accessed 6 August 2010</comment>          </element-citation></ref>
<ref id="pntd.0000812-Hotez8"><label>16</label><element-citation publication-type="journal" xlink:type="simple">             <person-group person-group-type="author">
<name name-style="western"><surname>Hotez</surname><given-names>PJ</given-names></name>
<name name-style="western"><surname>Engels</surname><given-names>D</given-names></name>
<name name-style="western"><surname>Fenwick</surname><given-names>A</given-names></name>
<name name-style="western"><surname>Savioli</surname><given-names>L</given-names></name>
</person-group>             <year>2010</year>             <article-title>Africa is desperate for praziquantel.</article-title>             <source>Lancet</source>             <comment>2010. In press</comment>          </element-citation></ref>
<ref id="pntd.0000812-Fleming1"><label>17</label><element-citation publication-type="other" xlink:type="simple">             <person-group person-group-type="author">
<name name-style="western"><surname>Fleming</surname><given-names>S</given-names></name>
<name name-style="western"><surname>Shipman</surname><given-names>T</given-names></name>
</person-group>             <year>13 February 2010</year>             <article-title>Collapse of the euro is ‘inevitable’: bailing out the Greek economy futile, says French banking chief.</article-title>             <comment>The Daily Mail. Available: <ext-link ext-link-type="uri" xlink:href="http://www.dailymail.co.uk/news/worldnews/article-1250433/Greece-debt-bailout-EU-leaders-split-euro-crisis.html" xlink:type="simple">http://www.dailymail.co.uk/news/worldnews/article-1250433/Greece-debt-bailout-EU-leaders-split-euro-crisis.html</ext-link>. Accessed 6 August 2010</comment>          </element-citation></ref>
<ref id="pntd.0000812-MSCI1"><label>18</label><element-citation publication-type="other" xlink:type="simple">             <collab xlink:type="simple">MSCI Barra</collab>             <year>2010</year>             <article-title>MSCI global investable market indices methodology.</article-title>             <comment>Available: <ext-link ext-link-type="uri" xlink:href="http://www.mscibarra.com/eqb/methodology/meth_docs/MSCI_May10_GIMIMethod.pdf" xlink:type="simple">http://www.mscibarra.com/eqb/methodology/meth_docs/MSCI_May10_GIMIMethod.pdf</ext-link>. Accessed 6 August 2010</comment>          </element-citation></ref>
<ref id="pntd.0000812-Hotez9"><label>19</label><element-citation publication-type="journal" xlink:type="simple">             <person-group person-group-type="author">
<name name-style="western"><surname>Hotez</surname><given-names>PJ</given-names></name>
</person-group>             <year>2008</year>             <article-title>The giant anteater in the room: Brazil's neglected tropical disease problem.</article-title>             <source>PLoS Negl Trop Dis</source>             <volume>2</volume>             <fpage>e177</fpage>             <comment>doi:<ext-link ext-link-type="uri" xlink:href="http://dx.doi.org/10.1371/journal.pntd.0000177" xlink:type="simple">10.1371/journal.pntd.0000177</ext-link></comment>          </element-citation></ref>
<ref id="pntd.0000812-Hotez10"><label>20</label><element-citation publication-type="journal" xlink:type="simple">             <person-group person-group-type="author">
<name name-style="western"><surname>Hotez</surname><given-names>PJ</given-names></name>
<name name-style="western"><surname>Kamath</surname><given-names>A</given-names></name>
</person-group>             <year>2009</year>             <article-title>Neglected tropical diseases in sub-Saharan Africa: review of their prevalence, distribution, and disease burden.</article-title>             <source>PLoS Negl Trop Dis</source>             <volume>3</volume>             <fpage>e412</fpage>             <comment>doi:<ext-link ext-link-type="uri" xlink:href="http://dx.doi.org/10.1371/journal.pntd.0000412" xlink:type="simple">10.1371/journal.pntd.0000412</ext-link></comment>          </element-citation></ref>
<ref id="pntd.0000812-Hotez11"><label>21</label><element-citation publication-type="journal" xlink:type="simple">             <person-group person-group-type="author">
<name name-style="western"><surname>Hotez</surname><given-names>PJ</given-names></name>
<name name-style="western"><surname>Ehrenberg</surname><given-names>J</given-names></name>
</person-group>             <year>2010</year>             <article-title>Escalating the global fight against neglected tropical diseases through interventions in the Asia Pacific Region.</article-title>             <source>Adv Parasitol </source>             <comment>2010. In press</comment>          </element-citation></ref>
<ref id="pntd.0000812-Wang1"><label>22</label><element-citation publication-type="journal" xlink:type="simple">             <person-group person-group-type="author">
<name name-style="western"><surname>Wang</surname><given-names>L</given-names></name>
<name name-style="western"><surname>Utzinger</surname><given-names>J</given-names></name>
<name name-style="western"><surname>Zhou</surname><given-names>XN</given-names></name>
</person-group>             <year>2008</year>             <article-title>Schistosomiasis control: experiences and lessons from China.</article-title>             <source>Lancet</source>             <volume>372</volume>             <fpage>1793</fpage>             <lpage>1795</lpage>          </element-citation></ref>
<ref id="pntd.0000812-Hotez12"><label>23</label><element-citation publication-type="journal" xlink:type="simple">             <person-group person-group-type="author">
<name name-style="western"><surname>Hotez</surname><given-names>PJ</given-names></name>
</person-group>             <year>2009</year>             <article-title>The neglected tropical diseases and their devastating health and economic impact on the member nations of the Organisation of the Islamic Conference.</article-title>             <source>PLoS Negl Trop Dis</source>             <volume>3</volume>             <fpage>e539</fpage>             <comment>doi:<ext-link ext-link-type="uri" xlink:href="http://dx.doi.org/10.1371/journal.pntd.0000539" xlink:type="simple">10.1371/journal.pntd.0000539</ext-link></comment>          </element-citation></ref>
<ref id="pntd.0000812-Hotez13"><label>24</label><element-citation publication-type="journal" xlink:type="simple">             <person-group person-group-type="author">
<name name-style="western"><surname>Hotez</surname><given-names>PJ</given-names></name>
<name name-style="western"><surname>Ferris</surname><given-names>M</given-names></name>
</person-group>             <year>2006</year>             <article-title>The antipoverty vaccines.</article-title>             <source>Vaccine</source>             <volume>24</volume>             <fpage>5787</fpage>             <lpage>5799</lpage>          </element-citation></ref>
<ref id="pntd.0000812-Hotez14"><label>25</label><element-citation publication-type="journal" xlink:type="simple">             <person-group person-group-type="author">
<name name-style="western"><surname>Hotez</surname><given-names>PJ</given-names></name>
<name name-style="western"><surname>Pecoul</surname><given-names>B</given-names></name>
</person-group>             <year>2010</year>             <article-title>“Manifesto” for advancing the control and elimination of neglected tropical diseases.</article-title>             <source>PLoS Negl Trop Dis</source>             <volume>4</volume>             <fpage>e718</fpage>             <comment>doi:<ext-link ext-link-type="uri" xlink:href="http://dx.doi.org/10.1371/journal.pntd.0000718" xlink:type="simple">10.1371/journal.pntd.0000718</ext-link></comment>          </element-citation></ref>
<ref id="pntd.0000812-Netherlands1"><label>26</label><element-citation publication-type="other" xlink:type="simple">             <collab xlink:type="simple">Netherlands Minsitry of Foreign Affairs</collab>             <year>2010</year>             <article-title>PDP Fund against poverty-related diseases (2011–2014).</article-title>             <comment>Available: <ext-link ext-link-type="uri" xlink:href="http://www.minbuza.nl/en/Key_Topics/Development_Cooperation/Grant_Programmes/PDP_Fund_against_poverty_related_diseases_2011_2014" xlink:type="simple">http://www.minbuza.nl/en/Key_Topics/Development_Cooperation/Grant_Programmes/PDP_Fund_against_poverty_related_diseases_2011_2014</ext-link>. Accessed 6 August 2010</comment>          </element-citation></ref>
<ref id="pntd.0000812-Frenk1"><label>27</label><element-citation publication-type="journal" xlink:type="simple">             <person-group person-group-type="author">
<name name-style="western"><surname>Frenk</surname><given-names>J</given-names></name>
</person-group>             <year>2009</year>             <article-title>Reinventing primary health care: the need for systems integration.</article-title>             <source>Lancet</source>             <volume>374</volume>             <fpage>170</fpage>             <lpage>173</lpage>          </element-citation></ref>
<ref id="pntd.0000812-Frenk2"><label>28</label><element-citation publication-type="journal" xlink:type="simple">             <person-group person-group-type="author">
<name name-style="western"><surname>Frenk</surname><given-names>J</given-names></name>
</person-group>             <year>2010</year>             <article-title>The global health system: strengthening national health systems as the next step for global progress.</article-title>             <source>PLoS Med</source>             <volume>7</volume>             <fpage>e1000089</fpage>             <comment>doi:<ext-link ext-link-type="uri" xlink:href="http://dx.doi.org/10.1371/journal.pmed.1000089" xlink:type="simple">10.1371/journal.pmed.1000089</ext-link></comment>          </element-citation></ref>
</ref-list>

</back>
</article>