<?xml version="1.0" encoding="UTF-8"?>
<!DOCTYPE article
  PUBLIC "-//NLM//DTD Journal Publishing DTD v3.0 20080202//EN" "http://dtd.nlm.nih.gov/publishing/3.0/journalpublishing3.dtd">
<article xmlns:mml="http://www.w3.org/1998/Math/MathML" xmlns:xlink="http://www.w3.org/1999/xlink" article-type="editorial" dtd-version="3.0" xml:lang="EN">
<front>
<journal-meta><journal-id journal-id-type="nlm-ta">PLoS Negl Trop Dis</journal-id><journal-id journal-id-type="publisher-id">plos</journal-id><journal-id journal-id-type="pmc">plosntds</journal-id><!--===== Grouping journal title elements =====--><journal-title-group><journal-title>PLoS Neglected Tropical Diseases</journal-title></journal-title-group><issn pub-type="epub">1935-2735</issn><publisher>
<publisher-name>Public Library of Science</publisher-name>
<publisher-loc>San Francisco, USA</publisher-loc></publisher></journal-meta>
<article-meta><article-id pub-id-type="publisher-id">09-PNTD-ED-0089R2</article-id><article-id pub-id-type="doi">10.1371/journal.pntd.0000454</article-id><article-categories><subj-group subj-group-type="heading"><subject>Editorial</subject></subj-group><subj-group subj-group-type="Discipline"><subject>Public Health and Epidemiology/Global Health</subject><subject>Public Health and Epidemiology/Health Policy</subject></subj-group></article-categories><title-group><article-title>A Constitutional Amendment for Deworming</article-title></title-group><contrib-group>
<contrib contrib-type="author" xlink:type="simple"><name name-style="western"><surname>Hotez</surname><given-names>Peter J.</given-names></name><xref ref-type="aff" rid="aff1"><sup>1</sup></xref><xref ref-type="aff" rid="aff2"><sup>2</sup></xref><xref ref-type="corresp" rid="cor1"><sup>*</sup></xref></contrib>
</contrib-group><aff id="aff1"><label>1</label><addr-line>Department of Microbiology, Immunology, and Tropical Medicine, The George Washington University, Washington, D.C., United States of America</addr-line>       </aff><aff id="aff2"><label>2</label><addr-line>Sabin Vaccine Institute, Washington, D.C., United States of America</addr-line>       </aff><author-notes>
<corresp id="cor1">* E-mail: <email xlink:type="simple">mtmpjh@gwumc.edu</email>, <email xlink:type="simple">photez@gwu.edu</email></corresp>
<fn fn-type="other"><p>Peter J. Hotez is Editor-in-Chief of PLoS Neglected Tropical Diseases. He is Distinguished Research Professor, the Walter G. Ross Professor and Chair of the Department of Microbiology, Immunology, and Tropical Medicine, and President of the Sabin Vaccine Institute.</p></fn>
<fn fn-type="conflict"><p>The authors have declared that no competing interests exist.</p></fn></author-notes><pub-date pub-type="collection"><month>8</month><year>2009</year></pub-date><pub-date pub-type="epub"><day>25</day><month>8</month><year>2009</year></pub-date><volume>3</volume><issue>8</issue><elocation-id>e454</elocation-id><!--===== Grouping copyright info into permissions =====--><permissions><copyright-year>2009</copyright-year><copyright-holder>Peter J. Hotez</copyright-holder><license><license-p>This is an open-access article distributed under the terms of the Creative Commons Attribution License, which permits unrestricted use, distribution, and reproduction in any medium, provided the original author and source are credited.</license-p></license></permissions><funding-group><funding-statement>The author received no specific funding for this study.</funding-statement></funding-group><counts><page-count count="2"/></counts></article-meta>
</front>
<body><sec id="s1">
<title/>
<disp-quote>
<p><italic>“Canek said: every human being, by being a human, has attributes that are expressions of his essence and voices that reveal his origin and condition. The attribute of the ocean is pride; the attribute of the sun is authority; the attribute of a human is dignity.”</italic></p>
<p><italic>E. Abreu Gómez, 1969 <xref ref-type="bibr" rid="pntd.0000454-Gomez1">[1]</xref></italic></p>
</disp-quote>
<p>In February 2009, <italic>The Washington Post</italic> reported that three South American countries, Bolivia, Ecuador, and Venezuela, have either launched or completed ambitious efforts to rewrite their constitutions in order to expand the social and economic rights guaranteed to its citizens <xref ref-type="bibr" rid="pntd.0000454-Partlow1">[2]</xref>. For the most part these new charters are considered populist documents, reflecting the leanings of newly elected leftist regimes and emphasizing the rights of poor and indigenous people, i.e., populations that have suffered decades or even centuries of neglect in previous regimes. In Venezuela, Hugo Chavez has ruled the longest—a decade—while both Bolivia's Evo Morales (who became the region's first indigenous leader) and Ecuador's Rafael Correa campaigned and won elections based on their pledges to reverse centuries of discrimination <xref ref-type="bibr" rid="pntd.0000454-Moloney1">[3]</xref>.</p>
<p>The new populist constitutions have been described as “sprawling” <xref ref-type="bibr" rid="pntd.0000454-Partlow1">[2]</xref>. Written with the help of a team of Spanish legal scholars led by Roberto Viciano Pastor, the documents list as many as 444 rights, including guarantees to food, water, public health, and lives free of torture <xref ref-type="bibr" rid="pntd.0000454-Partlow1">[2]</xref>. The rights of children and women, especially those from indigenous backgrounds, receive special attention, and in some cases include freedom from physical and sexual violence <xref ref-type="bibr" rid="pntd.0000454-Partlow1">[2]</xref>.</p>
<p>In past articles and editorials published in <italic>PLoS Neglected Tropical Diseases</italic> I have emphasized the vulnerability of children and women living in the Latin American and Caribbean region, particularly those of indigenous and African descent, to the neglected tropical diseases (NTDs) <xref ref-type="bibr" rid="pntd.0000454-Hotez1">[4]</xref>–<xref ref-type="bibr" rid="pntd.0000454-Hotez3">[6]</xref>. As the most common conditions affecting the poorest 100 million people in Latin America and the Caribbean, the NTDs represent major reasons why the poor face a lifetime of discrimination, isolation, ill health, poverty, and overall deprivation <xref ref-type="bibr" rid="pntd.0000454-Hotez1">[4]</xref>,<xref ref-type="bibr" rid="pntd.0000454-Hotez4">[7]</xref>. In Bolivia, Ecuador, and Venezuela, the most common NTDs are the three major intestinal helminth infections, trichuriasis, ascariasis, and hookworm infection <xref ref-type="bibr" rid="pntd.0000454-Hotez1">[4]</xref>,<xref ref-type="bibr" rid="pntd.0000454-deSilva1">[8]</xref>. Shown in <xref ref-type="table" rid="pntd-0000454-t001">Table 1</xref> are the number of cases and prevalence of these helminthiases, with up to 15% of Bolivia's population infected, 38% of Ecuador's population, and 35% of Venezuela's population <xref ref-type="bibr" rid="pntd.0000454-deSilva1">[8]</xref>. What does it mean that millions of indigenous people in these countries harbor ascaris roundworms, trichuris whipworms, and necator hookworms in their intestines? Children usually have the largest numbers of these parasites and as a result they suffer from deficits in physical growth, as well as reductions in intelligence, memory, and cognition <xref ref-type="bibr" rid="pntd.0000454-Hotez5">[9]</xref>,<xref ref-type="bibr" rid="pntd.0000454-Hotez6">[10]</xref>. On this basis, the intestinal helminths have been shown to not only impair health, but also education, which in turn translates into reduced future wage earnings <xref ref-type="bibr" rid="pntd.0000454-Hotez6">[10]</xref>,<xref ref-type="bibr" rid="pntd.0000454-Bleakley1">[11]</xref>. Thus, the intestinal worms are important reasons why children will never grow to their full potential and why they may never escape poverty <xref ref-type="bibr" rid="pntd.0000454-Hotez4">[7]</xref>,<xref ref-type="bibr" rid="pntd.0000454-Hotez6">[10]</xref>,<xref ref-type="bibr" rid="pntd.0000454-Bleakley1">[11]</xref>. In the Americas, young women and pregnant women also endure high rates of hookworm infection, and as a result they are at risk for increased morbidity and mortality and for giving birth to children with low birth weights and reduced survival <xref ref-type="bibr" rid="pntd.0000454-Hotez1">[4]</xref>,<xref ref-type="bibr" rid="pntd.0000454-Larocque1">[12]</xref>.</p>
<table-wrap id="pntd-0000454-t001" position="float"><object-id pub-id-type="doi">10.1371/journal.pntd.0000454.t001</object-id><label>Table 1</label><caption>
<title>Number of Cases and Prevalence of the Major Intestinal Helminth Infections in Bolivia, Ecuador, and Venezuela.</title>
</caption><!--===== Grouping alternate versions of objects =====--><alternatives><graphic id="pntd-0000454-t001-1" mimetype="image" position="float" xlink:href="info:doi/10.1371/journal.pntd.0000454.t001" xlink:type="simple"/><table><colgroup span="1"><col align="left" span="1"/><col align="center" span="1"/><col align="center" span="1"/><col align="center" span="1"/></colgroup>
<thead>
<tr>
<td align="left" colspan="1" rowspan="1">Country (Population)</td>
<td align="left" colspan="1" rowspan="1">Ascariasis</td>
<td align="left" colspan="1" rowspan="1">Trichuriasis</td>
<td align="left" colspan="1" rowspan="1">Hookworm Infection</td>
</tr>
<tr>
<td align="left" colspan="1" rowspan="1"/>
<td align="left" colspan="1" rowspan="1">Number of Cases/Prevalence</td>
<td align="left" colspan="1" rowspan="1">Number of Cases/Prevalence</td>
<td align="left" colspan="1" rowspan="1">Number of Cases/Prevalence</td>
</tr>
</thead>
<tbody>
<tr>
<td align="left" colspan="1" rowspan="1">Bolivia (9 million)</td>
<td align="left" colspan="1" rowspan="1">1.3 million/15%</td>
<td align="left" colspan="1" rowspan="1">065 million/7%</td>
<td align="left" colspan="1" rowspan="1">1.3 million/15%</td>
</tr>
<tr>
<td align="left" colspan="1" rowspan="1">Ecuador (13 million)</td>
<td align="left" colspan="1" rowspan="1">4.9 million38%</td>
<td align="left" colspan="1" rowspan="1">1.6 million/12.5%</td>
<td align="left" colspan="1" rowspan="1">0.8 million/6%</td>
</tr>
<tr>
<td align="left" colspan="1" rowspan="1">Venezuela (25 million)</td>
<td align="left" colspan="1" rowspan="1">7.4 million/29%</td>
<td align="left" colspan="1" rowspan="1">8.7 million/35%</td>
<td align="left" colspan="1" rowspan="1">1.6 million/6%</td>
</tr>
</tbody>
</table></alternatives><table-wrap-foot><fn id="nt101"><p>Data are from <xref ref-type="bibr" rid="pntd.0000454-Hotez4">[7]</xref>.</p></fn></table-wrap-foot></table-wrap>
<p>The fact that millions of indigenous children and women in Latin America suffer from intestinal helminth infections is especially tragic because we can do something about these conditions through interventions that are astonishingly low cost <xref ref-type="bibr" rid="pntd.0000454-Hotez1">[4]</xref>. In many cases, once-yearly deworming with a benimidazole anthelminthic drug such as albendazole or mebendazole is sufficient <xref ref-type="bibr" rid="pntd.0000454-World1">[13]</xref>,<xref ref-type="bibr" rid="pntd.0000454-Hotez7">[14]</xref>. These drugs are particularly effective for treating ascaris and trichuris worm infections <xref ref-type="bibr" rid="pntd.0000454-Hotez7">[14]</xref>,<xref ref-type="bibr" rid="pntd.0000454-Keiser1">[15]</xref> and can be administered for as little as US$0.03 per person <xref ref-type="bibr" rid="pntd.0000454-Montresor1">[16]</xref>,<xref ref-type="bibr" rid="pntd.0000454-Sinuon1">[17]</xref>. For me it is shocking to think that we could allow vulnerable children and women to live with chronic intestinal helminth infections when such NTDs can be controlled through mass drug administration for just a few pennies per individual. Even if we consider all of the roughly 50 million people living in Bolivia, Ecuador, and Venezuela, the costs of annual deworming in national programs of control could be accomplished for less than US$5–10 million. Given the rapid impact and cost-effectiveness of deworming in terms of improving child development and education, pregnancy outcome, and ultimately poverty reduction, it is shameful that we allow this situation to continue. Globally it is estimated that only about 10% of school-aged children and 20% of preschool children who are at risk for acquiring intestinal helminth infections receive anthelminthic drugs <xref ref-type="bibr" rid="pntd.0000454-World1">[13]</xref>,<xref ref-type="bibr" rid="pntd.0000454-Hotez7">[14]</xref>.</p>
<p>In order to address this health disparity in the Latin American and Caribbean region, the Global Network for Neglected Tropical Diseases together with the Interamerican Development Bank, the Pan American Health Organization, and the World Health Organization have recently established a program to ensure that vulnerable populations living in the region have access to essential medicines for NTDs, including benzimidazole anthelminthics <xref ref-type="bibr" rid="pntd.0000454-Hotez4">[7]</xref>,<xref ref-type="bibr" rid="pntd.0000454-The1">[18]</xref>. In the Andean region, where many of the indigenous people of Bolivia and Ecuador live, additional interventions may also include treatments and vector control programs for Chagas disease, cysticercosis, echinococcosis, fascioliasis, leishmaniasis, and other condition (<xref ref-type="boxed-text" rid="pntd-0000454-box001">Box 1</xref>). Simultaneously, and given the health and social benefits of deworming, it may also make sense to guarantee access to essential anthelminthic drugs along with other basic human rights related to maternal and child public health. A constitutional amendment for deworming would announce a governmental commitment to address one of the most glaring health disparities for indigenous children and women living in Bolivia, Ecuador, and Venezuela. Together with co-investments from the Global Network for Neglected Tropical Diseases, deworming would represent an extremely modest yet highly cost-effective expenditure for improving education, reducing poverty, and ending centuries of neglect.</p>
<boxed-text id="pntd-0000454-box001" position="float"><sec id="s1a1">
<title>Box 1. Major Neglected Tropical Diseases in the Andean Region</title>
<p>Ascariasis</p>
<p>Bartonellosis</p>
<p>Chagas disease</p>
<p>Cysticercosis</p>
<p>Ectoparasites</p>
<p>Echinocossis</p>
<p>Fascioliasis</p>
<p>Hookworm infection</p>
<p>Strongyloidiasis</p>
<p>Trichuriasis</p>
<p>Leishmaniasis</p>
<p>Plague</p>
<p>Adapted from <xref ref-type="bibr" rid="pntd.0000454-Moloney1">[3]</xref>.</p>
</sec></boxed-text>
<p>Amending the constitution to provide national commitments to deworming could also stimulate other governments in the region to launch or expand NTD control campaigns. It has been estimated that today approximately 75% of South America's 382 million inhabitants live under leftist governments, including the governments of Argentina, Brazil, Chile, and Uruguay as well as the Andean countries mentioned above <xref ref-type="bibr" rid="pntd.0000454-Moloney1">[3]</xref>. National and regional investments in deworming would help to redress centuries of discrimination. Moreover, success on this front might also lead to investments for research and development into additional and improved control tools, including a new generation of so-called “antipoverty” vaccines to combat hookworm infection, leishmaniasis, schistosomiasis, and other NTDs <xref ref-type="bibr" rid="pntd.0000454-Hotez8">[19]</xref>. I have further suggested that the pending closure of the Guantanamo military base could give way to a replacement facility that includes an international tropical disease research institute devoted to such activities <xref ref-type="bibr" rid="pntd.0000454-Hotez9">[20]</xref>. The new constitutions and the Global Network for Neglected Tropical Diseases may promote important new changes for the health and education of the poorest people in Latin America and elsewhere. Given the extremely modest costs, the rapid health impact, and the resulting high rates of economic return, we cannot afford further delays in implementing large-scale NTD control measures.</p>
</sec></body>
<back><ref-list>
<title>References</title>
<ref id="pntd.0000454-Gomez1"><label>1</label><element-citation publication-type="other" xlink:type="simple">             <person-group person-group-type="author">
<name name-style="western"><surname>Gomez</surname><given-names>EA</given-names></name>
</person-group>             <year>1979</year>             <article-title>Canek: history and legend of a Maya hero.</article-title>             <publisher-loc>Berkeley</publisher-loc>             <publisher-name>University of California Press</publisher-name>          </element-citation></ref>
<ref id="pntd.0000454-Partlow1"><label>2</label><element-citation publication-type="other" xlink:type="simple">             <person-group person-group-type="author">
<name name-style="western"><surname>Partlow</surname><given-names>J</given-names></name>
</person-group>             <year>February 17, 2009</year>             <article-title>Lain America's document-driven revolutions.</article-title>             <source>The Washington Post</source> <!--===== Restructure page-count as size[@units="page"] =====--><size units="page">A1</size>           </element-citation></ref>
<ref id="pntd.0000454-Moloney1"><label>3</label><element-citation publication-type="other" xlink:type="simple">             <person-group person-group-type="author">
<name name-style="western"><surname>Moloney</surname><given-names>A</given-names></name>
</person-group>             <year>2009</year>             <article-title>The challenge of south America's populist left.</article-title>             <source>World Politics Review</source>             <comment>Available: <ext-link ext-link-type="uri" xlink:href="http://www.stwr.org/latin-america-caribbean/the-challenge-of-south-americas-populist-left.html" xlink:type="simple">http://www.stwr.org/latin-america-caribbean/the-challenge-of-south-americas-populist-left.html</ext-link>. Accessed 3 August 2009</comment>          </element-citation></ref>
<ref id="pntd.0000454-Hotez1"><label>4</label><element-citation publication-type="journal" xlink:type="simple">             <person-group person-group-type="author">
<name name-style="western"><surname>Hotez</surname><given-names>PJ</given-names></name>
<name name-style="western"><surname>Bottazzi</surname><given-names>ME</given-names></name>
<name name-style="western"><surname>Franco-Paredes</surname><given-names>C</given-names></name>
<name name-style="western"><surname>Ault</surname><given-names>SK</given-names></name>
<name name-style="western"><surname>Periago</surname><given-names>MR</given-names></name>
</person-group>             <year>2008</year>             <article-title>The neglected tropical diseases of Latin America and the Caribbean: a review of disease burden and distribution and a roadmap for control and elimination.</article-title>             <source>PLoS Negl Trop Dis</source>             <volume>2</volume>             <fpage>e300</fpage>             <comment>doi:<ext-link ext-link-type="uri" xlink:href="http://dx.doi.org/10.1371/journal.pntd.0000300" xlink:type="simple">10.1371/journal.pntd.0000300</ext-link></comment>          </element-citation></ref>
<ref id="pntd.0000454-Hotez2"><label>5</label><element-citation publication-type="journal" xlink:type="simple">             <person-group person-group-type="author">
<name name-style="western"><surname>Hotez</surname><given-names>PJ</given-names></name>
</person-group>             <year>2008</year>             <article-title>Holidays in the sun and the Caribbean's forgotten burden of neglected tropical diseases.</article-title>             <source>PLoS Negl Trop Dis</source>             <volume>2</volume>             <fpage>e239</fpage>             <comment>doi:<ext-link ext-link-type="uri" xlink:href="http://dx.doi.org/10.1371/journal.pntd.0000239" xlink:type="simple">10.1371/journal.pntd.0000239</ext-link></comment>          </element-citation></ref>
<ref id="pntd.0000454-Hotez3"><label>6</label><element-citation publication-type="journal" xlink:type="simple">             <person-group person-group-type="author">
<name name-style="western"><surname>Hotez</surname><given-names>PJ</given-names></name>
</person-group>             <year>2008</year>             <article-title>The giant anteater in the room: Brazil's neglected tropical diseases problem.</article-title>             <source>PLoS Negl Trop Dis</source>             <volume>2</volume>             <fpage>e177</fpage>             <comment>doi:<ext-link ext-link-type="uri" xlink:href="http://dx.doi.org/10.1371/journal.pntd.0000177" xlink:type="simple">10.1371/journal.pntd.0000177</ext-link></comment>          </element-citation></ref>
<ref id="pntd.0000454-Hotez4"><label>7</label><element-citation publication-type="journal" xlink:type="simple">             <person-group person-group-type="author">
<name name-style="western"><surname>Hotez</surname><given-names>PJ</given-names></name>
<name name-style="western"><surname>Fenwick</surname><given-names>A</given-names></name>
<name name-style="western"><surname>Savioli</surname><given-names>L</given-names></name>
<name name-style="western"><surname>Molyneux</surname><given-names>DH</given-names></name>
</person-group>             <year>2009</year>             <article-title>Rescuing the bottom billion through control of neglected tropical diseases.</article-title>             <source>Lancet</source>             <volume>373</volume>             <fpage>1570</fpage>             <lpage>1575</lpage>             <comment>10.1016/S0140-6736(09)60233-6</comment>          </element-citation></ref>
<ref id="pntd.0000454-deSilva1"><label>8</label><element-citation publication-type="journal" xlink:type="simple">             <person-group person-group-type="author">
<name name-style="western"><surname>de Silva</surname><given-names>NR</given-names></name>
<name name-style="western"><surname>Brooker</surname><given-names>S</given-names></name>
<name name-style="western"><surname>Hotez</surname><given-names>PJ</given-names></name>
<name name-style="western"><surname>Montresor</surname><given-names>A</given-names></name>
<name name-style="western"><surname>Engels</surname><given-names>D</given-names></name>
<etal/></person-group>             <year>2003</year>             <article-title>Soil-transmitted helminth infections: updating the global picture.</article-title>             <source>Trends Parasitol</source>             <volume>19</volume>             <fpage>547</fpage>             <lpage>551</lpage>          </element-citation></ref>
<ref id="pntd.0000454-Hotez5"><label>9</label><element-citation publication-type="journal" xlink:type="simple">             <person-group person-group-type="author">
<name name-style="western"><surname>Hotez</surname><given-names>PJ</given-names></name>
<name name-style="western"><surname>Brindley</surname><given-names>PJ</given-names></name>
<name name-style="western"><surname>Bethony</surname><given-names>JM</given-names></name>
<name name-style="western"><surname>King</surname><given-names>CH</given-names></name>
<name name-style="western"><surname>Pearce</surname><given-names>EJ</given-names></name>
<etal/></person-group>             <year>2008</year>             <article-title>Helminth infections: The great neglected tropical diseases.</article-title>             <source>J Clin Invest</source>             <volume>118</volume>             <fpage>1311</fpage>             <lpage>1321</lpage>             <comment>10.1172/JCI34261</comment>          </element-citation></ref>
<ref id="pntd.0000454-Hotez6"><label>10</label><element-citation publication-type="journal" xlink:type="simple">             <person-group person-group-type="author">
<name name-style="western"><surname>Hotez</surname><given-names>P</given-names></name>
</person-group>             <year>2008</year>             <article-title>Hookworm and poverty.</article-title>             <source>Ann N Y Acad Sci</source>             <volume>1136</volume>             <fpage>38</fpage>             <lpage>44</lpage>             <comment>10.1196/annals.1425.000</comment>          </element-citation></ref>
<ref id="pntd.0000454-Bleakley1"><label>11</label><element-citation publication-type="journal" xlink:type="simple">             <person-group person-group-type="author">
<name name-style="western"><surname>Bleakley</surname><given-names>H</given-names></name>
</person-group>             <year>2007</year>             <article-title>Disease and development: Evidence from hookworm eradication in the American South.</article-title>             <source>Quarterly Journal of Economics</source>             <volume>122</volume>             <fpage>73</fpage>             <lpage>112</lpage>          </element-citation></ref>
<ref id="pntd.0000454-Larocque1"><label>12</label><element-citation publication-type="journal" xlink:type="simple">             <person-group person-group-type="author">
<name name-style="western"><surname>Larocque</surname><given-names>R</given-names></name>
<name name-style="western"><surname>Casapia</surname><given-names>M</given-names></name>
<name name-style="western"><surname>Gotuzzo</surname><given-names>E</given-names></name>
<name name-style="western"><surname>Gyorkos</surname><given-names>TW</given-names></name>
</person-group>             <year>2005</year>             <article-title>Relationship between intensity of soil-transmitted helminth infections and anemia during pregnancy.</article-title>             <source>Am J Trop Med Hyg</source>             <volume>73</volume>             <fpage>783</fpage>             <lpage>789</lpage>          </element-citation></ref>
<ref id="pntd.0000454-World1"><label>13</label><element-citation publication-type="journal" xlink:type="simple">             <collab xlink:type="simple">World Health Organization</collab>             <year>2008</year>             <article-title>Soil-transmitted helminthiasis. Progress report on number of children treated with anthelminthic drugs: an update towards the 2010 global target.</article-title>             <source>Wkly Epidemiol Rec</source>             <volume>82</volume>             <fpage>237</fpage>             <lpage>252</lpage>          </element-citation></ref>
<ref id="pntd.0000454-Hotez7"><label>14</label><element-citation publication-type="journal" xlink:type="simple">             <person-group person-group-type="author">
<name name-style="western"><surname>Hotez</surname><given-names>P</given-names></name>
</person-group>             <year>2009</year>             <article-title>Mass drug administration and integrated control for the world's high-prevalence neglected tropical diseases.</article-title>             <source>Clin Pharmacol Ther</source>             <volume>85</volume>             <fpage>659</fpage>             <lpage>664</lpage>             <comment>10.1038/clpt.2009.16</comment>          </element-citation></ref>
<ref id="pntd.0000454-Keiser1"><label>15</label><element-citation publication-type="journal" xlink:type="simple">             <person-group person-group-type="author">
<name name-style="western"><surname>Keiser</surname><given-names>J</given-names></name>
<name name-style="western"><surname>Utzinger</surname><given-names>J</given-names></name>
</person-group>             <year>2008</year>             <article-title>Efficacy of current drugs against soil-transmitted helminth infections: Systematic review and meta-analysis.</article-title>             <source>JAMA</source>             <volume>299</volume>             <fpage>1937</fpage>             <lpage>1948</lpage>             <comment>10.1001/jama.299.16.1937</comment>          </element-citation></ref>
<ref id="pntd.0000454-Montresor1"><label>16</label><element-citation publication-type="journal" xlink:type="simple">             <person-group person-group-type="author">
<name name-style="western"><surname>Montresor</surname><given-names>A</given-names></name>
<name name-style="western"><surname>Cong</surname><given-names>DT</given-names></name>
<name name-style="western"><surname>Le Anh</surname><given-names>T</given-names></name>
<name name-style="western"><surname>Ehrhardt</surname><given-names>A</given-names></name>
<name name-style="western"><surname>Mondadori</surname><given-names>E</given-names></name>
<etal/></person-group>             <year>2007</year>             <article-title>Cost containment in a school deworming programme targeting over 2.7 million children in Vietnam.</article-title>             <source>Trans R Soc Trop Med Hyg</source>             <volume>101</volume>             <fpage>461</fpage>             <lpage>464</lpage>             <comment>10.1016/j.trstmh.2006.07.008</comment>          </element-citation></ref>
<ref id="pntd.0000454-Sinuon1"><label>17</label><element-citation publication-type="journal" xlink:type="simple">             <person-group person-group-type="author">
<name name-style="western"><surname>Sinuon</surname><given-names>M</given-names></name>
<name name-style="western"><surname>Tsuyuoka</surname><given-names>R</given-names></name>
<name name-style="western"><surname>Socheat</surname><given-names>D</given-names></name>
<name name-style="western"><surname>Montresor</surname><given-names>A</given-names></name>
<name name-style="western"><surname>Palmer</surname><given-names>K</given-names></name>
</person-group>             <year>2005</year>             <article-title>Financial costs of deworming children in all primary schools in Cambodia.</article-title>             <source>Trans R Soc Trop Med Hyg</source>             <volume>99</volume>             <fpage>664</fpage>             <lpage>668</lpage>             <comment>10.1016/j.trstmh.2004.12.004</comment>          </element-citation></ref>
<ref id="pntd.0000454-The1"><label>18</label><element-citation publication-type="journal" xlink:type="simple">             <collab xlink:type="simple">The Sabin Vaccine Institute</collab>             <year>2009</year>             <article-title>The Global Network for Neglected Tropical Diseases.</article-title>             <comment>Available: <ext-link ext-link-type="uri" xlink:href="http://www.globalnetwork.org" xlink:type="simple">http://www.globalnetwork.org</ext-link>. Accessed 3 August 2009</comment>          </element-citation></ref>
<ref id="pntd.0000454-Hotez8"><label>19</label><element-citation publication-type="journal" xlink:type="simple">             <person-group person-group-type="author">
<name name-style="western"><surname>Hotez</surname><given-names>PJ</given-names></name>
<name name-style="western"><surname>Ferris</surname><given-names>MT</given-names></name>
</person-group>             <year>2006</year>             <article-title>The antipoverty vaccines.</article-title>             <source>Vaccine</source>             <volume>24</volume>             <fpage>5787</fpage>             <lpage>5799</lpage>             <comment>10.1016/j.vaccine.2006.05.008</comment>          </element-citation></ref>
<ref id="pntd.0000454-Hotez9"><label>20</label><element-citation publication-type="journal" xlink:type="simple">             <person-group person-group-type="author">
<name name-style="western"><surname>Hotez</surname><given-names>PJ</given-names></name>
</person-group>             <year>2008</year>             <article-title>Reinventing Guantanamo: from detainee facility to center for research on neglected diseases of poverty in the Americas.</article-title>             <source>PLoS Negl Trop Dis</source>             <volume>2</volume>             <fpage>e201</fpage>             <comment>doi:<ext-link ext-link-type="uri" xlink:href="http://dx.doi.org/10.1371/journal.pntd.0000201" xlink:type="simple">10.1371/journal.pntd.0000201</ext-link></comment>          </element-citation></ref>
</ref-list>

</back>
</article>