<?xml version="1.0" encoding="UTF-8"?>
<!DOCTYPE article
  PUBLIC "-//NLM//DTD Journal Publishing DTD v3.0 20080202//EN" "http://dtd.nlm.nih.gov/publishing/3.0/journalpublishing3.dtd">
<article xmlns:mml="http://www.w3.org/1998/Math/MathML" xmlns:xlink="http://www.w3.org/1999/xlink" article-type="research-article" dtd-version="3.0" xml:lang="en">
<front>
<journal-meta>
<journal-id journal-id-type="nlm-ta">PLoS Negl Trop Dis</journal-id>
<journal-id journal-id-type="publisher-id">plos</journal-id>
<journal-id journal-id-type="pmc">plosntds</journal-id><journal-title-group>
<journal-title>PLoS Neglected Tropical Diseases</journal-title></journal-title-group>
<issn pub-type="epub">1935-2735</issn>
<publisher>
<publisher-name>Public Library of Science</publisher-name>
<publisher-loc>San Francisco, USA</publisher-loc></publisher>
</journal-meta>
<article-meta>
<article-id pub-id-type="publisher-id">PNTD-D-14-00905</article-id>
<article-id pub-id-type="doi">10.1371/journal.pntd.0003135</article-id>
<article-categories><subj-group subj-group-type="heading"><subject>Editorial</subject></subj-group><subj-group subj-group-type="Discipline-v2"><subject>Biology and life sciences</subject><subj-group><subject>Veterinary science</subject><subj-group><subject>Veterinary diseases</subject><subj-group><subject>Zoonoses</subject><subj-group><subject>Trypanosomiasis</subject><subj-group><subject>African trypanosomiasis</subject></subj-group></subj-group></subj-group></subj-group></subj-group></subj-group><subj-group subj-group-type="Discipline-v2"><subject>Medicine and health sciences</subject><subj-group><subject>Parasitic diseases</subject><subj-group><subject>Helminth infections</subject><subj-group><subject>Schistosomiasis</subject><subject>Soil-transmitted helminthiases</subject></subj-group></subj-group><subj-group><subject>Protozoan infections</subject><subj-group><subject>Chagas disease</subject></subj-group></subj-group></subj-group><subj-group><subject>Tropical diseases</subject><subj-group><subject>Neglected tropical diseases</subject></subj-group></subj-group></subj-group></article-categories>
<title-group>
<article-title>Global Christianity and the Control of Its Neglected Tropical Diseases</article-title>
<alt-title alt-title-type="running-head">Global Christianity and the Control of Its Neglected Tropical Diseases</alt-title>
</title-group>
<contrib-group>
<contrib contrib-type="author" xlink:type="simple"><name name-style="western"><surname>Hotez</surname><given-names>Peter J.</given-names></name><xref ref-type="aff" rid="aff1"><sup>1</sup></xref><xref ref-type="aff" rid="aff2"><sup>2</sup></xref><xref ref-type="aff" rid="aff3"><sup>3</sup></xref><xref ref-type="aff" rid="aff4"><sup>4</sup></xref><xref ref-type="corresp" rid="cor1"><sup>*</sup></xref></contrib>
</contrib-group>
<aff id="aff1"><label>1</label><addr-line>National School of Tropical Medicine and Departments of Pediatrics and Molecular Virology and Microbiology, Baylor College of Medicine, Houston, Texas, United States of America</addr-line></aff>
<aff id="aff2"><label>2</label><addr-line>Sabin Vaccine Institute and Texas Children's Hospital Center for Vaccine Development, Houston, Texas, United States of America</addr-line></aff>
<aff id="aff3"><label>3</label><addr-line>Department of Biology, Baylor University, Waco, Texas, United States of America</addr-line></aff>
<aff id="aff4"><label>4</label><addr-line>James A Baker IIII Institute for Public Policy, Rice University, Houston, Texas, United States of America</addr-line></aff>
<author-notes>
<corresp id="cor1">* E-mail: <email xlink:type="simple">hotez@bcm.edu</email></corresp>
<fn fn-type="conflict"><p>The author has declared that no competing interests exist.</p></fn>
</author-notes>
<pub-date pub-type="collection"><month>11</month><year>2014</year></pub-date>
<pub-date pub-type="epub"><day>20</day><month>11</month><year>2014</year></pub-date>
<volume>8</volume>
<issue>11</issue>
<elocation-id>e3135</elocation-id><permissions>
<copyright-year>2014</copyright-year>
<copyright-holder>Peter J</copyright-holder><license xlink:type="simple"><license-p>Hotez. This is an open-access article distributed under the terms of the <ext-link ext-link-type="uri" xlink:href="http://creativecommons.org/licenses/by/4.0/" xlink:type="simple">Creative Commons Attribution License</ext-link>, which permits unrestricted use, distribution, and reproduction in any medium, provided the original author and source are credited.</license-p></license></permissions><funding-group><funding-statement>No funding was provided for this article.</funding-statement></funding-group><counts><page-count count="3"/></counts></article-meta>
</front>
<body><disp-quote>
<p><italic>Revelations that the majority of the world's two billion Christians currently live in developing countries may have important implications for global neglected tropical disease control and elimination initiatives.</italic></p>
</disp-quote>
<p>In December 2011, the Pew Research Center's Forum on Religion &amp; Public Life produced a landmark report titled “Global Christianity: A Report on the Size and Distribution of the World's Christian Population” <xref ref-type="bibr" rid="pntd.0003135-Pew1">[1]</xref>. Among the report's most important findings was that while the percentage of the world's population who are Christian has remained about the same over the last 100 years—in both 1910 and 2010, Christians comprised about one-third of the world's population—the geography of Christianity has changed dramatically <xref ref-type="bibr" rid="pntd.0003135-Pew1">[1]</xref>. In 1910, two-thirds of the world's Christians lived in Europe, whereas today only one-quarter are Europeans <xref ref-type="bibr" rid="pntd.0003135-Pew1">[1]</xref>. In place of Europe and due to population growth and expansion of Christianity in developing countries, more Christians than ever now live in Latin America, sub-Saharan Africa, and Asia. Indeed, of the ten countries with the largest number of Christians, seven are middle- or low-income countries, including Brazil (175.8 million), Mexico (107.8 million), the Philippines (86.8 million), Nigeria (80.5 million), China (67.1 million), the Democratic Republic of Congo (63.1 million), and Ethiopia (52.6 million) (<xref ref-type="fig" rid="pntd-0003135-g001">Figure 1</xref>) <xref ref-type="bibr" rid="pntd.0003135-Pew1">[1]</xref>. Today, the Pew Forum reports that 61% of the world's Christians—about 1.3 billion people—live in the “Global South,” referring to Africa, Asia, and Latin America <xref ref-type="bibr" rid="pntd.0003135-Pew1">[1]</xref>.</p>
<fig id="pntd-0003135-g001" position="float"><object-id pub-id-type="doi">10.1371/journal.pntd.0003135.g001</object-id><label>Figure 1</label><caption>
<title>Christianity—percentage by country (2010).</title>
<p><ext-link ext-link-type="uri" xlink:href="http://en.wikipedia.org/wiki/File:Christian_distribution.png" xlink:type="simple">http://en.wikipedia.org/wiki/File:Christian_distribution.png</ext-link>.</p>
</caption><graphic mimetype="image" xlink:href="info:doi/10.1371/journal.pntd.0003135.g001" position="float" xlink:type="simple"/></fig>
<p>Prior to the Pew Forum's findings, I reported on an unexpectedly high burden of disease resulting from neglected tropical diseases in Catholic-majority countries <xref ref-type="bibr" rid="pntd.0003135-Hotez1">[2]</xref>. If we now pair the Pew Forum numbers on global Christianity with new information released by the World Health Organization (WHO) and other sources on neglected tropical diseases (NTDs) <xref ref-type="bibr" rid="pntd.0003135-World1">[3]</xref>–<xref ref-type="bibr" rid="pntd.0003135-World7">[10]</xref>, an astonishing picture of disease and poverty in Christendom emerges.</p>
<p>Shown in <xref ref-type="table" rid="pntd-0003135-t001">Table 1</xref> are the largest Christian populations ranked among those that live in developing countries and areas. At the top of the list are Christians living in the Latin American and Caribbean (LAC) region; followed by the Philippines and China in Asia; and Nigeria, the Democratic Republic of Congo, Ethiopia, South Africa, and Kenya in sub-Saharan Africa. In all, eight regions are shown, and all except China are classified by the Pew Forum as Christian-majority regions. Together, almost one billion Christians live in these eight regions and comprise approximately three-quarters of the world's Christians from developing countries. While many of the Christians living in the areas listed in <xref ref-type="table" rid="pntd-0003135-t001">Table 1</xref> are identified as Catholics (especially in the LAC countries), the Pew Forum study finds that in both Asia and sub-Saharan Africa, Protestants actually outnumber Catholics <xref ref-type="bibr" rid="pntd.0003135-Pew1">[1]</xref>. Indeed, outside the United States, Nigeria has the largest number of Protestants in the world (59.7 million), followed by China (58.0 million), Brazil (40.5 million), and South Africa (36.6 million) <xref ref-type="bibr" rid="pntd.0003135-Pew1">[1]</xref>.</p>
<table-wrap id="pntd-0003135-t001" position="float"><object-id pub-id-type="doi">10.1371/journal.pntd.0003135.t001</object-id><label>Table 1</label><caption>
<title>NTDs and global christianity.</title>
</caption><alternatives><graphic id="pntd-0003135-t001-1" position="float" mimetype="image" xlink:href="info:doi/10.1371/journal.pntd.0003135.t001" xlink:type="simple"/>
<table><colgroup span="1"><col align="left" span="1"/><col align="center" span="1"/><col align="center" span="1"/><col align="center" span="1"/><col align="center" span="1"/><col align="center" span="1"/></colgroup>
<thead>
<tr>
<td align="left" rowspan="1" colspan="1">Country or Region (and Rank)</td>
<td align="left" rowspan="1" colspan="1">Estimated 2010 Christian Population <xref ref-type="bibr" rid="pntd.0003135-Pew1">[1]</xref></td>
<td align="left" rowspan="1" colspan="1">Children Requiring Treatment for Intestinal Helminth Infections in 2012 <xref ref-type="bibr" rid="pntd.0003135-World1">[3]</xref>, <xref ref-type="bibr" rid="pntd.0003135-World2">[4]</xref></td>
<td align="left" rowspan="1" colspan="1">Population Requiring Treatment for Schistosomiasis in 2012 <xref ref-type="bibr" rid="pntd.0003135-World3">[5]</xref>, <xref ref-type="bibr" rid="pntd.0003135-World4">[6]</xref></td>
<td align="left" rowspan="1" colspan="1">Chagas Disease Cases <xref ref-type="bibr" rid="pntd.0003135-Bern1">[7]</xref></td>
<td align="left" rowspan="1" colspan="1">Gambian Human African Sleeping Sickness in 2012 <xref ref-type="bibr" rid="pntd.0003135-World5">[8]</xref></td>
</tr>
</thead>
<tbody>
<tr>
<td align="left" rowspan="1" colspan="1">Latin American and Caribbean (LAC) region (1)</td>
<td align="left" rowspan="1" colspan="1">533.9 million<xref ref-type="table-fn" rid="nt101">1</xref></td>
<td align="left" rowspan="1" colspan="1">49.3 million</td>
<td align="left" rowspan="1" colspan="1">1.6 million</td>
<td align="left" rowspan="1" colspan="1">7.5 million</td>
<td align="left" rowspan="1" colspan="1">None</td>
</tr>
<tr>
<td align="left" rowspan="1" colspan="1">Philippines (2)</td>
<td align="left" rowspan="1" colspan="1">86.8 million</td>
<td align="left" rowspan="1" colspan="1">31.2 million</td>
<td align="left" rowspan="1" colspan="1">0.5 million</td>
<td align="left" rowspan="1" colspan="1">None</td>
<td align="left" rowspan="1" colspan="1">None</td>
</tr>
<tr>
<td align="left" rowspan="1" colspan="1">Nigeria (3)</td>
<td align="left" rowspan="1" colspan="1">80.5 million</td>
<td align="left" rowspan="1" colspan="1">65.4 million</td>
<td align="left" rowspan="1" colspan="1">60.6 million</td>
<td align="left" rowspan="1" colspan="1">None</td>
<td align="left" rowspan="1" colspan="1">2</td>
</tr>
<tr>
<td align="left" rowspan="1" colspan="1">China (4)</td>
<td align="left" rowspan="1" colspan="1">67.1 million</td>
<td align="left" rowspan="1" colspan="1">25.6 million</td>
<td align="left" rowspan="1" colspan="1">0.1 million</td>
<td align="left" rowspan="1" colspan="1">None</td>
<td align="left" rowspan="1" colspan="1">None</td>
</tr>
<tr>
<td align="left" rowspan="1" colspan="1">DR Congo (5)</td>
<td align="left" rowspan="1" colspan="1">63.1 million</td>
<td align="left" rowspan="1" colspan="1">29.2 million</td>
<td align="left" rowspan="1" colspan="1">18.0 million</td>
<td align="left" rowspan="1" colspan="1">None</td>
<td align="left" rowspan="1" colspan="1">5,983</td>
</tr>
<tr>
<td align="left" rowspan="1" colspan="1">Ethiopia (6)</td>
<td align="left" rowspan="1" colspan="1">52.6 million</td>
<td align="left" rowspan="1" colspan="1">32.3 million</td>
<td align="left" rowspan="1" colspan="1">22.1 million</td>
<td align="left" rowspan="1" colspan="1">None</td>
<td align="left" rowspan="1" colspan="1">None</td>
</tr>
<tr>
<td align="left" rowspan="1" colspan="1">South Africa (7)</td>
<td align="left" rowspan="1" colspan="1">40.6 million</td>
<td align="left" rowspan="1" colspan="1">3.2 million</td>
<td align="left" rowspan="1" colspan="1">5.2 million</td>
<td align="left" rowspan="1" colspan="1">None</td>
<td align="left" rowspan="1" colspan="1">None</td>
</tr>
<tr>
<td align="left" rowspan="1" colspan="1">Kenya (8)</td>
<td align="left" rowspan="1" colspan="1">34.3 million</td>
<td align="left" rowspan="1" colspan="1">16.7 million</td>
<td align="left" rowspan="1" colspan="1">11.8 million</td>
<td align="left" rowspan="1" colspan="1">None</td>
<td align="left" rowspan="1" colspan="1">None</td>
</tr>
<tr>
<td align="left" rowspan="1" colspan="1">Total</td>
<td align="left" rowspan="1" colspan="1">958.9</td>
<td align="left" rowspan="1" colspan="1">252.9 million</td>
<td align="left" rowspan="1" colspan="1">119.9 million</td>
<td align="left" rowspan="1" colspan="1">7.5 million</td>
<td align="left" rowspan="1" colspan="1">5,985</td>
</tr>
<tr>
<td align="left" rowspan="1" colspan="1">Global</td>
<td align="left" rowspan="1" colspan="1">7.2 billion</td>
<td align="left" rowspan="1" colspan="1">875.9 million</td>
<td align="left" rowspan="1" colspan="1">249.4 million</td>
<td align="left" rowspan="1" colspan="1">7.8 million</td>
<td align="left" rowspan="1" colspan="1">7,106–7,216<xref ref-type="table-fn" rid="nt102">2</xref></td>
</tr>
<tr>
<td align="left" rowspan="1" colspan="1">% in Leading Christian countries</td>
<td align="left" rowspan="1" colspan="1">13%</td>
<td align="left" rowspan="1" colspan="1">29%</td>
<td align="left" rowspan="1" colspan="1">48%</td>
<td align="left" rowspan="1" colspan="1">96%</td>
<td align="left" rowspan="1" colspan="1">83–84%</td>
</tr>
</tbody>
</table>
</alternatives><table-wrap-foot><fn id="nt101"><label>1</label><p>Determined by subtracting the Christian populations of the United States (246.8 million) and Canada (23.4 million) from the total number of Christians living in the Americas (804.1 million).</p></fn><fn id="nt102"><label>2</label><p>Two different numbers provided at <ext-link ext-link-type="uri" xlink:href="http://www.who.int" xlink:type="simple">www.who.int</ext-link>.</p></fn></table-wrap-foot></table-wrap>
<p>The latest information from WHO's Preventive Chemotherapy and Transmission Control (PCT) Databank allows us to superimpose onto the Pew Forum findings the number people who require treatment for either intestinal helminth infections <xref ref-type="bibr" rid="pntd.0003135-World1">[3]</xref>, <xref ref-type="bibr" rid="pntd.0003135-World2">[4]</xref> or schistosomiasis <xref ref-type="bibr" rid="pntd.0003135-World3">[5]</xref>, <xref ref-type="bibr" rid="pntd.0003135-World4">[6]</xref> (also shown in <xref ref-type="table" rid="pntd-0003135-t001">Table 1</xref>). Almost one-third of the world's children who require regular deworming for intestinal helminth infections and one-half of the world's population requiring schistosomiasis chemotherapy live in the eight leading regions where Christians live. Yet only about 13% of the world's population lives in these countries.</p>
<p>For Chagas disease—predominantly a disease of the LAC region, which is overwhelmingly Christian—almost all of the cases (96%) are found in Latin American nations <xref ref-type="bibr" rid="pntd.0003135-Bern1">[7]</xref>. Moreover, the Christian-majority nation of the Democratic Republic of Congo accounts for more than 80% of the world's cases of the Gambian form of human African trypanosomiasis (HAT) <xref ref-type="bibr" rid="pntd.0003135-World5">[8]</xref>, <xref ref-type="bibr" rid="pntd.0003135-World6">[9]</xref>.</p>
<p>The findings confirm that approximately one billion Christians who live in developing countries of Africa, Asia, and the Americas are highly vulnerable to NTDs. These diseases, which are highly destabilizing and associated with chronic and debilitating effects, represent a major force that traps the world's poorest Christians in poverty.</p>
<p>Today, both the intestinal helminth infections and schistosomiasis are being targeted through regular and periodic mass drug administration (“preventive chemotherapy”), costing less than 50 cents per person; but WHO estimates that currently only 35% of the world's population eligible for preventive chemotherapy actually receives essential NTD medicines <xref ref-type="bibr" rid="pntd.0003135-World7">[10]</xref>. Furthermore, less than one percent of people living with Chagas disease are treated with an antiparasitic agent <xref ref-type="bibr" rid="pntd.0003135-Hotez2">[11]</xref>. In contrast, through case detection and management it may be feasible to eliminate the Gambian form of HAT in the coming years <xref ref-type="bibr" rid="pntd.0003135-Simarro1">[12]</xref>.</p>
<p>Christian institutions and organizations could have an important role in expanding the control or treatment of NTDs among the 1.3 billion Christians estimated to live in the Global South. As was pointed out earlier, both local archdioceses of the Catholic Church and Catholic charities have been involved in implementing deworming and other preventive chemotherapy strategies <xref ref-type="bibr" rid="pntd.0003135-Hotez1">[2]</xref>, but there are opportunities for the Vatican to have an expanded role particularly because of the unique commitment by Pope Francis to the poor. Similarly, the leadership of Orthodox Christianity has opportunities to speak out about NTDs, especially in a disease-endemic country such as Ethiopia. Many faith-based organizations could play an essential role in both preventive chemotherapy and programs related to health education and WASH (water, sanitation, and hygiene), while priests and pastors could serve as key advocates for enlisting community support for NTDs. Finally, the leading Christian-based universities in the United States and in developing countries could make important contributions on research and development for new or improved interventions to combat NTDs, such as new drugs, diagnostics, and vaccines, and help lead relevant programs of operational research. Christian organizations and institutions could help raise funds for such research.</p>
<p>Today, the NTDs represent some of the most common afflictions of global Christianity. It is especially noteworthy that Chagas disease and HAT are today almost exclusively a disease of impoverished Christians. Through NTDs, a renewed dialogue with faith-based organizations that work in developing countries and elements of the hierarchy of the Christian Church could make an important difference in global Christianity and the lives of the world's poorest people.</p>
</body>
<back><ref-list>
<title>References</title>
<ref id="pntd.0003135-Pew1"><label>1</label>
<mixed-citation publication-type="other" xlink:type="simple">Pew Research Center, The Pew Forum on Religion &amp; Public Life (2011) Global Christianity: A Report on the Size and Distribution of the World's Christian Population, 130 p. Available: <ext-link ext-link-type="uri" xlink:href="http://www.pewforum.org/files/2011/12/Christianity-fullreport-web.pdf" xlink:type="simple">http://www.pewforum.org/files/2011/12/Christianity-fullreport-web.pdf</ext-link>. Accessed 21 October 2014.</mixed-citation>
</ref>
<ref id="pntd.0003135-Hotez1"><label>2</label>
<mixed-citation publication-type="journal" xlink:type="simple"><name name-style="western"><surname>Hotez</surname><given-names>PJ</given-names></name> (<year>2011</year>) <article-title>Neglected Tropical Diseases in the Catholic World</article-title>. <source>PLOS Negl Trop Dis</source> <volume>5</volume>: <fpage>e1132</fpage> <comment>doi:<ext-link ext-link-type="uri" xlink:href="http://dx.doi.org/10.1371/journal.pntd.0001132" xlink:type="simple">10.1371/journal.pntd.0001132</ext-link></comment></mixed-citation>
</ref>
<ref id="pntd.0003135-World1"><label>3</label>
<mixed-citation publication-type="journal" xlink:type="simple"><collab xlink:type="simple">World Health Organization</collab> <article-title>PCT databank</article-title>. <source>Soil-transmitted helminths</source> Available: <ext-link ext-link-type="uri" xlink:href="http://www.who.int/neglected_diseases/preventive_chemotherapy/sth/en/" xlink:type="simple">http://www.who.int/neglected_diseases/preventive_chemotherapy/sth/en/</ext-link>. Accessed 25 May 2014.</mixed-citation>
</ref>
<ref id="pntd.0003135-World2"><label>4</label>
<mixed-citation publication-type="journal" xlink:type="simple"><collab xlink:type="simple">World Health Organization</collab> (<year>2014</year>) <article-title>Soil-transmitted helminthiases: number of children treated in 2012</article-title>. <source>Weekly Epidemiol Rec</source> <volume>89</volume>: <fpage>133</fpage>–<lpage>140</lpage>.</mixed-citation>
</ref>
<ref id="pntd.0003135-World3"><label>5</label>
<mixed-citation publication-type="other" xlink:type="simple">World Health Organization (2014) Neglected Diseases. Available: <ext-link ext-link-type="uri" xlink:href="http://www.who.int/neglected_diseases/preventive_chemotherapy/sch/en/" xlink:type="simple">http://www.who.int/neglected_diseases/preventive_chemotherapy/sch/en/</ext-link>. Accessed 25 May 2014.</mixed-citation>
</ref>
<ref id="pntd.0003135-World4"><label>6</label>
<mixed-citation publication-type="journal" xlink:type="simple"><collab xlink:type="simple">World Health Organization</collab> (<year>2014</year>) <article-title>Schistosomiasis: number of people receiving preventive chemotherapy in 2012</article-title>. <source>Weekly Epidemiol Rec</source> <volume>89</volume>: <fpage>21</fpage>–<lpage>28</lpage>.</mixed-citation>
</ref>
<ref id="pntd.0003135-Bern1"><label>7</label>
<mixed-citation publication-type="journal" xlink:type="simple"><name name-style="western"><surname>Bern</surname><given-names>C</given-names></name>, <name name-style="western"><surname>Kjos</surname><given-names>S</given-names></name>, <name name-style="western"><surname>Yabsley</surname><given-names>MJ</given-names></name>, <name name-style="western"><surname>Montgomery</surname><given-names>SP</given-names></name> (<year>2011</year>) <article-title>Trypanosoma cruzi and Chagas' disease in the United States</article-title>. <source>Clin Microbiol Rev</source> <volume>24</volume>: <fpage>655</fpage>–<lpage>681</lpage>.</mixed-citation>
</ref>
<ref id="pntd.0003135-World5"><label>8</label>
<mixed-citation publication-type="other" xlink:type="simple">World Health Organization. Neglected Diseases. Available: <ext-link ext-link-type="uri" xlink:href="http://apps.who.int/neglected_diseases/ntddata/hat/hat.html" xlink:type="simple">http://apps.who.int/neglected_diseases/ntddata/hat/hat.html</ext-link>. Accessed 25 May 2014.</mixed-citation>
</ref>
<ref id="pntd.0003135-World6"><label>9</label>
<mixed-citation publication-type="other" xlink:type="simple">World Health Organization. Factsheets. Available: <ext-link ext-link-type="uri" xlink:href="http://www.who.int/mediacentre/factsheets/fs259/en/" xlink:type="simple">http://www.who.int/mediacentre/factsheets/fs259/en/</ext-link>. Accessed 25 May 2014.</mixed-citation>
</ref>
<ref id="pntd.0003135-World7"><label>10</label>
<mixed-citation publication-type="journal" xlink:type="simple"><collab xlink:type="simple">World Health Organization</collab> (<year>2013</year>) <article-title>Estimated number of people covered by preventive chemotherapy: update for 2010 and 2011</article-title>. <source>Weekly Epidemiol Rec</source> <volume>88</volume>: <fpage>17</fpage>–<lpage>28</lpage>.</mixed-citation>
</ref>
<ref id="pntd.0003135-Hotez2"><label>11</label>
<mixed-citation publication-type="journal" xlink:type="simple"><name name-style="western"><surname>Hotez</surname><given-names>PH</given-names></name> (<year>2014</year>) <article-title>Chagas Disease: A 2014 World Cup Yellow Card</article-title>. <source>Huffington Post</source> Available: <ext-link ext-link-type="uri" xlink:href="http://www.huffingtonpost.com/peter-hotez-md-phd/chagas-disease-2014-world-cup_b_5367793.html" xlink:type="simple">http://www.huffingtonpost.com/peter-hotez-md-phd/chagas-disease-2014-world-cup_b_5367793.html</ext-link>. Accessed 25 May 2014.</mixed-citation>
</ref>
<ref id="pntd.0003135-Simarro1"><label>12</label>
<mixed-citation publication-type="journal" xlink:type="simple"><name name-style="western"><surname>Simarro</surname><given-names>PP</given-names></name>, <name name-style="western"><surname>Diarra</surname><given-names>A</given-names></name>, <name name-style="western"><surname>Ruiz Postigo</surname><given-names>JA</given-names></name>, <name name-style="western"><surname>Franco</surname><given-names>JR</given-names></name>, <name name-style="western"><surname>Jannin</surname><given-names>JG</given-names></name> (<year>2011</year>) <article-title>The Human African Trypanosomiasis Control and Surveillance Programme of the World Health Organization 2000–2009: The Way Forward</article-title>. <source>PLoS Negl Trop Dis</source> <volume>5</volume>: <fpage>e1007</fpage>.</mixed-citation>
</ref>
</ref-list><fn-group><fn fn-type="other"><p><bold>Peter Hotez, MD, PhD,</bold> is the Dean of the National School of Tropical Medicine at Baylor College of Medicine, Texas Children’s Hospital Endowed Chair of Tropical Pediatrics, University Professor at Baylor University, President of the Sabin Vaccine Institute, and Baker Fellow in Disease and Poverty at Rice University.</p></fn>
</fn-group></back>
</article>