<?xml version="1.0" encoding="UTF-8"?>
<!DOCTYPE article
  PUBLIC "-//NLM//DTD Journal Publishing DTD v3.0 20080202//EN" "http://dtd.nlm.nih.gov/publishing/3.0/journalpublishing3.dtd">
<article xmlns:mml="http://www.w3.org/1998/Math/MathML" xmlns:xlink="http://www.w3.org/1999/xlink" article-type="article-commentary" dtd-version="3.0" xml:lang="EN">
  <front>
    <journal-meta><journal-id journal-id-type="publisher-id">plos</journal-id><journal-id journal-id-type="publisher">pmed</journal-id><journal-id journal-id-type="nlm-ta">PLoS Med</journal-id><journal-id journal-id-type="pmc">plosmed</journal-id><!--===== Grouping journal title elements =====--><journal-title-group><journal-title>PLoS Medicine</journal-title></journal-title-group><issn pub-type="ppub">1549-1277</issn><issn pub-type="epub">1549-1676</issn><publisher>
        <publisher-name>Public Library of Science</publisher-name>
        <publisher-loc>San Francisco, USA</publisher-loc>
      </publisher></journal-meta>
    <article-meta><article-id pub-id-type="doi">10.1371/journal.pmed.0030031</article-id><article-categories>
        <subj-group subj-group-type="heading">
          <subject>Perspective</subject>
        </subj-group>
        <subj-group subj-group-type="Discipline">
          <subject>Neurological Disorders</subject>
          <subject>Oncology</subject>
        </subj-group>
        <subj-group subj-group-type="System Taxonomy">
          <subject>Oncology</subject>
          <subject>Neurology</subject>
          <subject>Radiotherapy</subject>
          <subject>Chemotherapy</subject>
        </subj-group>
      </article-categories><title-group><article-title>Glioblastoma Multiforme—Treating a Deadly Tumor with Both Strands of RNA</article-title><alt-title alt-title-type="running-head">Perspective</alt-title></title-group><contrib-group>
        <contrib contrib-type="author" xlink:type="simple">
          <name name-style="western">
            <surname>Weil</surname>
            <given-names>Robert J</given-names>
          </name>
        </contrib>
      </contrib-group><author-notes>
        <fn fn-type="current-aff" id="n1">
          <p>Robert J. Weil is at the Brain Tumor Institute, Cleveland Clinic Foundation, Cleveland, Ohio, United States of America. E-mail: <email xlink:type="simple">weilr@ccf.org</email></p>
        </fn>
      <fn fn-type="conflict" id="n2">
        <p> The author declares that no competing interests exist.</p>
      </fn></author-notes><pub-date pub-type="ppub">
        <month>1</month>
        <year>2006</year>
      </pub-date><pub-date pub-type="epub">
        <day>6</day>
        <month>12</month>
        <year>2005</year>
      </pub-date><volume>3</volume><issue>1</issue><elocation-id>e31</elocation-id><!--===== Grouping copyright info into permissions =====--><permissions><copyright-year>2006</copyright-year><copyright-holder>Robert J. Weil</copyright-holder><license><license-p>This is an open-access article distributed under the terms of the Creative Commons Attribution License, which permits unrestricted use, distribution, and reproduction in any medium, provided the original author and source are credited.</license-p></license></permissions><related-article page="e6" related-article-type="companion" vol="3" xlink:href="info:doi/10.1371/journal.pmed.0030006" xlink:title="research article" xlink:type="simple">
				<article-title>EGF Receptor-Targeted Synthetic Double-Stranded RNA Eliminates Glioblastoma, Breast Cancer, and Adenocarcinoma Tumors in Mice</article-title>
			</related-article><abstract abstract-type="toc">
        <p>Weil discusses a promising new technique to deliver double-stranded RNA molecules to cancer cells, described in a new animal study in <italic>PLoS Medicine</italic>.</p>
      </abstract></article-meta>
  </front>
  <body>
    <sec id="s1">
      <title>Glioblastoma—The Clinical Challenge</title>
      <p>Gliomas are the most common primary tumors of the brain, with an incidence of about 25,000 new cases per year in the United States [<xref ref-type="bibr" rid="pmed-0030031-b1">1</xref>]. At least half of all gliomas exhibit aggressive, malignant behavior. Glioblastoma multiforme (GBM), in particular, is clinically and pathologically malignant [<xref ref-type="bibr" rid="pmed-0030031-b1">1–3</xref>]. Patients with GBM have a poor prognosis, with a median survival of one year with aggressive therapy; fewer than 5% will survive five years [<xref ref-type="bibr" rid="pmed-0030031-b1">1</xref>,<xref ref-type="bibr" rid="pmed-0030031-b4">4</xref>,<xref ref-type="bibr" rid="pmed-0030031-b5">5</xref>]. In spite of its seemingly low incidence, mortality from GBM accounts for 3%–4% of all cancer deaths each year in the US [<xref ref-type="bibr" rid="pmed-0030031-b1">1</xref>].</p>
      <p>The mainstays of treatment include surgical resection, radiation, and chemotherapy. Once adjuvant therapy is completed, gliomas generally recur at the surgical resection margin(s), and tend to be more aggressive than at initial presentation (<xref ref-type="fig" rid="pmed-0030031-g001">Figure 1</xref>). At this stage in the course of disease, most therapy is palliative [<xref ref-type="bibr" rid="pmed-0030031-b1">1–5</xref>]. With the exception of a few early-stage clinical trials, current antiglioma therapies have not yet taken advantage of specific genetic abnormalities that lead to and sustain cancer. A new study by Alexander Levitzki and colleagues in this issue of <italic>PLoS Medicine</italic> presents promising preclinical results that appear to do just this, using a novel ligand-directed method to deliver double-stranded RNA molecules to cancer cells [<xref ref-type="bibr" rid="pmed-0030031-b6">6</xref>].</p>
      <fig id="pmed-0030031-g001" position="float">
        <object-id pub-id-type="doi">10.1371/journal.pmed.0030031.g001</object-id>
        <label>Figure 1</label>
        <caption>
          <title>Representative Clinical, Pathological, and Molecular Genetic Features of Glioblastoma Multiforme</title>
          <p>The top panel shows an illustrative set of neuroimages from a patient with glioblastoma multiforme. On the left and in the center are gadolinium-enhanced T1-weighted axial magnetic resonance images from the day before and the day after resection of a large left frontal GBM. The patient was treated with postoperative radiation and chemotherapy. He presented again, 11 months after the first surgery, with stupor and a contrast-enhanced computed tomographic scan (right), which showed a massive and fatal recurrence.</p>
          <p>The middle panel shows histopathological examples of this patient's tumor. In the left image, there is evidence of hypercellularity, pseudopalisading necrosis (small arrow), and vascular proliferation with hemorrhage (large arrow). In the center image, there is hypercellularity with intermittent mitotic figures (small arrows), while in the image to the right, there are several areas with florid endothelial proliferation (small arrows). See also <xref ref-type="table" rid="pmed-0030031-t001">Table 1</xref>. All figures are 200× magnification.</p>
          <p>The bottom panel shows a schematic of current models of astrocytoma development and progression. The de novo pathway is located on top, and the secondary pathway is located on bottom. The principal genetic changes are noted for each pathway. Neuronal tumors and oligodendrogliomas (left top and bottom, respectively) appear to arise independently. Average survivals are noted for each astrocytoma type. While basic genetic features have been elaborated, they have been inconsistently found in GBMs, and as yet appear not to be consistently effective for targeted therapy. There remains a great deal unknown about the process by which these tumors progress to the most malignant state, whether the tumor is a de novo GBM or arises secondarily. Unknown steps from potential progenitor or pluripotent tumor cell(s) are indicated by small arrows.</p>
        </caption>
        <graphic mimetype="image" position="float" xlink:href="info:doi/10.1371/journal.pmed.0030031.g001" xlink:type="simple"/>
      </fig>
      <table-wrap id="pmed-0030031-t001" position="float"><object-id pub-id-type="doi">10.1371/journal.pmed.0030031.t001</object-id><label>Table 1</label><caption>
          <title>Histological Features and Prognosis in Patients with Glioma</title>
        </caption><graphic mimetype="image" position="float" xlink:href="info:doi/10.1371/journal.pmed.0030031.t001" xlink:type="simple"/><table-wrap-foot>
          <fn id="nt101">
            <p>+, presence of characteristic; −, absence of characteristic. Greater numbers of + signs indicate greater prevalence of the characteristic, whereas combinations of + and − indicate that the characteristic may or may not be present.</p>
          </fn>
        </table-wrap-foot><!-- <table>
							<thead>
								<tr>
									<td><bold>Tumor Features</bold></td>
									<td><bold>Grade II Astrocytoma</bold></td>
									<td><bold>Grade III Astrocytoma</bold></td>
									<td><bold>Grade IV Astrocytoma</bold></td>
								</tr>
							</thead>
							<tbody>
								<tr>
									<td>Average survival</td>
									<td>2&ndash;10 years</td>
									<td>2&ndash;5 years</td>
									<td>9&ndash;12 months</td>
								</tr>
								<tr>
									<td>Proliferation</td>
									<td>&plus;/&minus;</td>
									<td>&plus;&plus;</td>
									<td>&plus;&plus;&plus;</td>
								</tr>
								<tr>
									<td>Invasion of brain</td>
									<td>&plus;&plus;</td>
									<td>&plus;&plus;</td>
									<td>&plus;&plus;&plus;</td>
								</tr>
								<tr>
									<td>Neoangiogenesis</td>
									<td>&minus;</td>
									<td>&minus;</td>
									<td>&plus;&plus;&plus;</td>
								</tr>
								<tr>
									<td>Necrosis</td>
									<td>&minus;</td>
									<td>&minus;</td>
									<td>&plus;&plus;&plus;</td>
								</tr>
								<tr>
									<td>Treatmentresponsiveness</td>
									<td>&minus;/&plus;</td>
									<td>&plus;/&plus;&plus;</td>
									<td>Minimal</td>
								</tr>
							</tbody>
						</table> --></table-wrap>
    </sec>
    <sec id="s2">
      <title>Pathologic and Molecular Features</title>
      <p>Gliomas are primary brain tumors that display pathological and ultrastructural features of glial cell differentiation. Primary brain tumors are classified on the basis of presumed line of neuroepithelial differentiation: astrocytic, oligodendroglial, and ependymal (<xref ref-type="fig" rid="pmed-0030031-g001">Figure 1</xref>). Astrocytomas predominate, making up 80%–85% of all glial neoplasms, and will be the focus of this Perspective.</p>
      <p>Grading is performed on a scale, from low to high, according to a tumor's histological features (<xref ref-type="fig" rid="pmed-0030031-g001">Figure 1</xref>; <xref ref-type="table" rid="pmed-0030031-t001">Table 1</xref>). World Health Organization grade IV tumors, the GBMs, are aggressive, invasive, destructive malignancies, with increased mitotic activity, pronounced angiogenesis, necrosis, and proliferation rates two to five times higher than grade III tumors [<xref ref-type="bibr" rid="pmed-0030031-b2">2</xref>]. Roughly 50% of all GBMs are primary or de novo in origin, while the other half arises secondarily from lower-grade tumors [<xref ref-type="bibr" rid="pmed-0030031-b2">2</xref>], often after some years of latency [<xref ref-type="bibr" rid="pmed-0030031-b2">2</xref>]. Current models of gliomagenesis coincide with the two clinically recognized forms of GBM, de novo and progressive (<xref ref-type="fig" rid="pmed-0030031-g001">Figure 1</xref>).</p>
      <p>Most de novo GBMs do not have alterations in <italic>TP53</italic>; rather, nearly all carry EGF receptor <italic>(EGFR)</italic> gene amplifications, often combined with gene rearrangements that lead to a constitutively active, truncated receptor. By contrast, progression from a low-grade to a high-grade glioma often involves the serial accumulation of genetic alterations that inactivate tumor suppressor genes—such as <italic>TP53, p16, RB, PTEN</italic>—or activate oncogenes such as <italic>MDM2, CDK4</italic> and <italic>CDK6</italic> [<xref ref-type="bibr" rid="pmed-0030031-b2">2–4</xref>]. Functionally, gliomas seem to arise along two competing paths [<xref ref-type="bibr" rid="pmed-0030031-b3">3–5</xref>,<xref ref-type="bibr" rid="pmed-0030031-b7">7</xref>]. The first path is altered growth factor signaling—for example, activation of the EGFR-Ras-mitogen activated protein kinase, platelet-derived growth factor, or Akt pathways—which, both independently and through pathway crosstalk, lead to cell proliferation, cell cycle progression, and apoptosis inhibition (<xref ref-type="fig" rid="pmed-0030031-g001">Figure 1</xref>). The second path is direct dys-regulation of cell cycle arrest, such as p16<sup>ink4a</sup> control of Rb or p14<sup>arf</sup> modulation of MDM2 and Tp53, among others.</p>
    </sec>
    <sec id="s3">
      <title>Current Diagnosis and Prognosis</title>
      <p>At present, beyond the positive predictive value of increasing malignancy, as defined histopathologically (<xref ref-type="table" rid="pmed-0030031-t001">Table 1</xref>), survival of patients with GBM is predicated on clinical variables, including the patient's age and condition (Karnofsky performance score) at diagnosis, tumor location and extent of surgical resection, and administration of adjuvant radiotherapy and/or chemotherapy [<xref ref-type="bibr" rid="pmed-0030031-b1">1–5</xref>]. With respect to each modality—surgery, radiation, or chemotherapy—the survival advantage for each remains modest, on the order of a few months, with an average overall survival from the time of initial diagnosis of about 12 months. Therefore, therapies that promote a meaningful survival advantage, while promoting and enhancing quality of life, are urgently needed.</p>
    </sec>
    <sec id="s4">
      <title>Targeting Tumors with dsRNA</title>
      <p>Because EGFR alterations are a common feature of many malignant tumors, including non-small-cell lung and colon cancers and malignant melanoma, among others, a variety of techniques have been designed to target the EGFR and its downstream agents, including antibodies, antisense RNAs, and a large number of small molecule inhibitors [<xref ref-type="bibr" rid="pmed-0030031-b7">7</xref>,<xref ref-type="bibr" rid="pmed-0030031-b8">8</xref>]. While many of these efforts have met with some success in other cancer types, none have had profound or lasting activity against GBM. Levitzki and colleagues have used a different strategy to target cells overexpressing EGFR: they use synthetic, double-stranded RNAs (dsRNAs), linked to EGF, to obtain selective and efficient killing of EGFR overexpressing malignant gliomas in vitro and in vivo in a mouse model [<xref ref-type="bibr" rid="pmed-0030031-b6">6</xref>].</p>
      <p>dsRNA motifs are central to immune regulation, and dsRNA may play several roles in eukaryotic cells—blocking tolerance to tumor-associated self- and foreign antigens; activation of RNaseL and protein kinase R, which effect transcriptional and translational inhibition while simultaneously spurring interferon expression; induction of apoptosis; activation of small RNA-mediated interference; promotion of extracellular or paracrine effects through secretion of interferons and other cytokines (a “bystander effect’); and release of dsRNAs from infected cells, thereby activating antigen-presenting cells [<xref ref-type="bibr" rid="pmed-0030031-b9">9</xref>,<xref ref-type="bibr" rid="pmed-0030031-b10">10</xref>].</p>
      <p>Given this panoply of potential effects, Shir et al. coupled dsRNA (a polyinosine-cytosine or poly IC construct) to EGF, and demonstrated that EGFR-targeted poly IC induced rapid and pronounced apoptosis of EGFR overexpressing cells, but not of cells expressing low EGFR, no EGFR, or mutated constitutively active EGFR, which cannot bind EGF. A variety of cytokines, including interferon-&amp;alpha;, Gro-&amp;alpha;, and interferon-induced protein-10/CXCL10—all of which have been shown to have antitumor or antiproliferative activity—were also expressed by the tumor cells. Importantly, these results were replicated in vivo, where dsRNA treatment led to survival of all animals with intracranial tumors for greater than 244 days. In addition, dsRNA treatment was equally applicable in vitro and in vivo for two other EGFR overexpressing cell lines, A431 (a cervical carcinoma) and MDA-MD-468 (a breast carcinoma), suggesting that this approach has potential for other tumor types that overexpress EGFR.</p>
    </sec>
    <sec id="s5">
      <title>Clinical Implications</title>
      <p>While other treatments have had encouraging in vitro and in vivo debuts in animals, they have failed when translated to malignant gliomas in humans. Only clinical data will show whether the approach described above will be successful in human patients. However, there is reason for cautious optimism: based on recent advances in delivery of macromolecules to the brain, specifically by convection-enhanced delivery, pioneered by Edward Oldfield at the National Institutes of Health, it appears that ligand-guided delivery of dsRNA may hold significant clinical promise [<xref ref-type="bibr" rid="pmed-0030031-b11">11</xref>,<xref ref-type="bibr" rid="pmed-0030031-b12">12</xref>]. Convection-enhanced delivery permits selective delivery of heterogenous macromolecules to targeted-diseased regions within the brain both safely and efficiently, while minimizing or eliminating toxicities to the healthy brain or outside the central nervous system [<xref ref-type="bibr" rid="pmed-0030031-b11">11</xref>,<xref ref-type="bibr" rid="pmed-0030031-b12">12</xref>]. And since the system of Shir et al. can link dsRNAs to essentially any molecule, ligand-guided delivery might be broadly applicable to any cancer, and, quite likely, to benign disorders as well, so long as an endocytosed receptor is substantially overexpressed compared to normal cells. It appears to me that this is one method that should be fast-tracked to the clinic.</p>
    </sec>
  </body>
  <back>
    <ref-list>
      <title>References</title>
      <ref id="pmed-0030031-b1">
        <label>1</label>
        <nlm-citation publication-type="book" xlink:type="simple">
          <person-group person-group-type="editor">
            <name name-style="western">
              <surname>Berger</surname>
              <given-names>MS</given-names>
            </name>
            <name name-style="western">
              <surname>Wilson</surname>
              <given-names>CB</given-names>
            </name>
          </person-group>
          <source>The gliomas. 1st edition</source>
          <year>1999</year>
          <publisher-loc>Philadelphia</publisher-loc>
          <publisher-name>WB Saunders</publisher-name>
          <page-count count="796"/>
        </nlm-citation>
      </ref>
      <ref id="pmed-0030031-b2">
        <label>2</label>
        <nlm-citation publication-type="book" xlink:type="simple">
          <person-group person-group-type="author">
            <name name-style="western">
              <surname>Kleihues</surname>
              <given-names>P</given-names>
            </name>
            <name name-style="western">
              <surname>Cavenee</surname>
              <given-names>W</given-names>
            </name>
          </person-group>
          <source>Pathology and genetics of tumors of the nervous system</source>
          <year>2000</year>
          <publisher-loc>Lyon</publisher-loc>
          <publisher-name>IARC Press</publisher-name>
          <page-count count="314"/>
        </nlm-citation>
      </ref>
      <ref id="pmed-0030031-b3">
        <label>3</label>
        <nlm-citation publication-type="journal" xlink:type="simple">
          <person-group person-group-type="author">
            <name name-style="western">
              <surname>Holland</surname>
              <given-names>EC</given-names>
            </name>
          </person-group>
          <article-title>Gliomagenesis: Genetic alterations and mouse models.</article-title>
          <source>Nat Rev Genet</source>
          <year>2001</year>
          <volume>2</volume>
          <fpage>120</fpage>
          <lpage>129</lpage>
        </nlm-citation>
      </ref>
      <ref id="pmed-0030031-b4">
        <label>4</label>
        <nlm-citation publication-type="journal" xlink:type="simple">
          <person-group person-group-type="author">
            <name name-style="western">
              <surname>Maher</surname>
              <given-names>EA</given-names>
            </name>
            <name name-style="western">
              <surname>Furnari</surname>
              <given-names>FB</given-names>
            </name>
            <name name-style="western">
              <surname>Bachoo</surname>
              <given-names>RM</given-names>
            </name>
            <name name-style="western">
              <surname>Rowitch</surname>
              <given-names>DH</given-names>
            </name>
            <name name-style="western">
              <surname>Louis</surname>
              <given-names>DN</given-names>
            </name>
            <etal/>
          </person-group>
          <article-title>Malignant glioma: Genetics and biology of a grave matter.</article-title>
          <source>Genes Dev</source>
          <year>2001</year>
          <volume>15</volume>
          <fpage>1311</fpage>
          <lpage>1333</lpage>
        </nlm-citation>
      </ref>
      <ref id="pmed-0030031-b5">
        <label>5</label>
        <nlm-citation publication-type="journal" xlink:type="simple">
          <person-group person-group-type="author">
            <name name-style="western">
              <surname>Lacroix</surname>
              <given-names>M</given-names>
            </name>
            <name name-style="western">
              <surname>Abi-Said</surname>
              <given-names>D</given-names>
            </name>
            <name name-style="western">
              <surname>Fourney</surname>
              <given-names>DR</given-names>
            </name>
            <name name-style="western">
              <surname>Gokaslan</surname>
              <given-names>ZL</given-names>
            </name>
            <name name-style="western">
              <surname>Shi</surname>
              <given-names>W</given-names>
            </name>
            <etal/>
          </person-group>
          <article-title>A multivariate analysis of 416 patients with glioblastoma multiforme: Prognosis, extent of resection, and survival.</article-title>
          <source>J Neurosurg</source>
          <year>2001</year>
          <volume>95</volume>
          <fpage>190</fpage>
          <lpage>198</lpage>
        </nlm-citation>
      </ref>
      <ref id="pmed-0030031-b6">
        <label>6</label>
        <nlm-citation publication-type="journal" xlink:type="simple">
          <person-group person-group-type="author">
            <name name-style="western">
              <surname>Shir</surname>
              <given-names>A</given-names>
            </name>
            <name name-style="western">
              <surname>Ogris</surname>
              <given-names>M</given-names>
            </name>
            <name name-style="western">
              <surname>Wagner</surname>
              <given-names>E</given-names>
            </name>
            <name name-style="western">
              <surname>Levitzki</surname>
              <given-names>A</given-names>
            </name>
          </person-group>
          <article-title>EGF receptor targeted synthetic double-stranded RNA eliminates glioblastoma, breast cancer, and adenocarcinoma tumors in mice.</article-title>
          <source>PLoS Med</source>
          <year>2006</year>
          <volume>2</volume>
          <fpage>e6</fpage>
          <comment>doi: <ext-link ext-link-type="doi" xlink:href="http://dx.doi.org/10.1371/journal.pmed.0030006" xlink:type="simple">10.1371/journal.pmed.0030006</ext-link></comment>
        </nlm-citation>
      </ref>
      <ref id="pmed-0030031-b7">
        <label>7</label>
        <nlm-citation publication-type="journal" xlink:type="simple">
          <person-group person-group-type="author">
            <name name-style="western">
              <surname>Hanahan</surname>
              <given-names>D</given-names>
            </name>
            <name name-style="western">
              <surname>Weinberg</surname>
              <given-names>RA</given-names>
            </name>
          </person-group>
          <article-title>The hallmarks of cancer.</article-title>
          <source>Cell</source>
          <year>2000</year>
          <volume>100</volume>
          <fpage>57</fpage>
          <lpage>70</lpage>
        </nlm-citation>
      </ref>
      <ref id="pmed-0030031-b8">
        <label>8</label>
        <nlm-citation publication-type="journal" xlink:type="simple">
          <person-group person-group-type="author">
            <name name-style="western">
              <surname>Kapoor</surname>
              <given-names>GS</given-names>
            </name>
            <name name-style="western">
              <surname>O'Rourke</surname>
              <given-names>DM</given-names>
            </name>
          </person-group>
          <article-title>Receptor tyrosine kinase signaling in gliomagenesis: Pathobiology and therapeutic approaches.</article-title>
          <source>Cancer Biol Ther</source>
          <year>2003</year>
          <volume>2</volume>
          <fpage>330</fpage>
          <lpage>342</lpage>
        </nlm-citation>
      </ref>
      <ref id="pmed-0030031-b9">
        <label>9</label>
        <nlm-citation publication-type="journal" xlink:type="simple">
          <person-group person-group-type="author">
            <name name-style="western">
              <surname>von Herrath</surname>
              <given-names>MG</given-names>
            </name>
            <name name-style="western">
              <surname>Bot</surname>
              <given-names>A</given-names>
            </name>
          </person-group>
          <article-title>Immune reponsiveness, tolerance and dsRNA: Implications for traditional paradigms.</article-title>
          <source>Trends Immunol</source>
          <year>2003</year>
          <volume>24</volume>
          <fpage>289</fpage>
          <lpage>292</lpage>
        </nlm-citation>
      </ref>
      <ref id="pmed-0030031-b10">
        <label>10</label>
        <nlm-citation publication-type="journal" xlink:type="simple">
          <person-group person-group-type="author">
            <name name-style="western">
              <surname>Fire</surname>
              <given-names>A</given-names>
            </name>
          </person-group>
          <article-title>RNA-triggered gene silencing.</article-title>
          <source>Trends Genet</source>
          <year>1999</year>
          <volume>15</volume>
          <fpage>358</fpage>
          <lpage>363</lpage>
        </nlm-citation>
      </ref>
      <ref id="pmed-0030031-b11">
        <label>11</label>
        <nlm-citation publication-type="journal" xlink:type="simple">
          <person-group person-group-type="author">
            <name name-style="western">
              <surname>Bobo</surname>
              <given-names>RH</given-names>
            </name>
            <name name-style="western">
              <surname>Laske</surname>
              <given-names>DW</given-names>
            </name>
            <name name-style="western">
              <surname>Akbasak</surname>
              <given-names>A</given-names>
            </name>
            <name name-style="western">
              <surname>Morrison</surname>
              <given-names>PF</given-names>
            </name>
            <name name-style="western">
              <surname>Dedrick</surname>
              <given-names>RL</given-names>
            </name>
            <etal/>
          </person-group>
          <article-title>Convection-enhanced delivery of macromolecules in the brain.</article-title>
          <source>Proc Natl Acad Sci U S A</source>
          <year>1994</year>
          <volume>91</volume>
          <fpage>2076</fpage>
          <lpage>2080</lpage>
        </nlm-citation>
      </ref>
      <ref id="pmed-0030031-b12">
        <label>12</label>
        <nlm-citation publication-type="journal" xlink:type="simple">
          <person-group person-group-type="author">
            <name name-style="western">
              <surname>Laske</surname>
              <given-names>DW</given-names>
            </name>
            <name name-style="western">
              <surname>Youle</surname>
              <given-names>RJ</given-names>
            </name>
            <name name-style="western">
              <surname>Oldfield</surname>
              <given-names>EH</given-names>
            </name>
          </person-group>
          <article-title>Tumor regression with regional distribution of the targeted toxin TF-CRM107 in patients with malignant brain tumors.</article-title>
          <source>Nat Med</source>
          <year>1997</year>
          <volume>3</volume>
          <fpage>1362</fpage>
          <lpage>1368</lpage>
        </nlm-citation>
      </ref>
    </ref-list>
    <glossary>
      <title>Abbreviations</title>
      <def-list>
        <def-item>
          <term>dsRNA</term>
          <def>
            <p>double-stranded RNA</p>
          </def>
        </def-item>
        <def-item>
          <term>GBM</term>
          <def>
            <p>glioblastoma multiforme</p>
          </def>
        </def-item>
      </def-list>
    </glossary>
    
  </back>
</article>