<?xml version="1.0" encoding="UTF-8"?>
<!DOCTYPE article
  PUBLIC "-//NLM//DTD Journal Publishing DTD v3.0 20080202//EN" "http://dtd.nlm.nih.gov/publishing/3.0/journalpublishing3.dtd">
<article xmlns:mml="http://www.w3.org/1998/Math/MathML" xmlns:xlink="http://www.w3.org/1999/xlink" article-type="research-article" dtd-version="3.0" xml:lang="en">
<front>
<journal-meta>
<journal-id journal-id-type="nlm-ta">PLoS ONE</journal-id>
<journal-id journal-id-type="publisher-id">plos</journal-id>
<journal-id journal-id-type="pmc">plosone</journal-id>
<journal-title-group>
<journal-title>PLOS ONE</journal-title>
</journal-title-group>
<issn pub-type="epub">1932-6203</issn>
<publisher>
<publisher-name>Public Library of Science</publisher-name>
<publisher-loc>San Francisco, CA USA</publisher-loc>
</publisher>
</journal-meta>
<article-meta>
<article-id pub-id-type="doi">10.1371/journal.pone.0131349</article-id>
<article-id pub-id-type="publisher-id">PONE-D-15-04147</article-id>
<article-categories>
<subj-group subj-group-type="heading">
<subject>Research Article</subject>
</subj-group>
</article-categories>
<title-group>
<article-title>The Effect of Natural Multidecadal Ocean Temperature Oscillations on Contiguous U.S. Regional Temperatures</article-title>
<alt-title alt-title-type="running-head">Ocean Temperature Oscillations and Contiguous U.S. Temperatures</alt-title>
</title-group>
<contrib-group>
<contrib contrib-type="author" corresp="yes" xlink:type="simple">
<name name-style="western">
<surname>Kurtz</surname>
<given-names>Bruce E.</given-names>
</name>
<xref rid="cor001" ref-type="corresp">*</xref>
<xref rid="aff001" ref-type="aff"/>
</contrib>
</contrib-group>
<aff id="aff001"><addr-line>Independent consultant, Bradenton, Florida, United States of America</addr-line></aff>
<contrib-group>
<contrib contrib-type="editor" xlink:type="simple">
<name name-style="western">
<surname>Álvarez</surname>
<given-names>Inés</given-names>
</name>
<role>Editor</role>
<xref ref-type="aff" rid="edit1"/>
</contrib>
</contrib-group>
<aff id="edit1"><addr-line>University of Vigo, SPAIN</addr-line></aff>
<author-notes>
<fn fn-type="conflict" id="coi001">
<p>The author has declared that no competing interests exist.</p>
</fn>
<fn fn-type="con" id="contrib001">
<p>Conceived and designed the experiments: BEK. Performed the experiments: BEK. Analyzed the data: BEK. Wrote the paper: BEK.</p>
</fn>
<corresp id="cor001">* E-mail: <email xlink:type="simple">kurtz36ti@gmail.com</email></corresp>
</author-notes>
<pub-date pub-type="epub">
<day>22</day>
<month>6</month>
<year>2015</year>
</pub-date>
<pub-date pub-type="collection">
<year>2015</year>
</pub-date>
<volume>10</volume>
<issue>6</issue>
<elocation-id>e0131349</elocation-id>
<history>
<date date-type="received">
<day>5</day>
<month>2</month>
<year>2015</year>
</date>
<date date-type="accepted">
<day>1</day>
<month>6</month>
<year>2015</year>
</date>
</history>
<permissions>
<copyright-year>2015</copyright-year>
<copyright-holder>Bruce E. Kurtz</copyright-holder>
<license xlink:href="http://creativecommons.org/licenses/by/4.0/" xlink:type="simple">
<license-p>This is an open access article distributed under the terms of the <ext-link ext-link-type="uri" xlink:href="http://creativecommons.org/licenses/by/4.0/" xlink:type="simple">Creative Commons Attribution License</ext-link>, which permits unrestricted use, distribution, and reproduction in any medium, provided the original author and source are credited</license-p>
</license>
</permissions>
<self-uri content-type="pdf" xlink:href="info:doi/10.1371/journal.pone.0131349" xlink:type="simple"/>
<abstract>
<p>Atmospheric temperature time series for the nine climate regions of the contiguous U.S. are accurately reproduced by the superposition of oscillatory modes, representing the Atlantic multidecadal oscillation (AMO) and the Pacific decadal oscillation (PDO), on a monotonic mode representing, at least in part, the effect of radiant forcing due to increasing atmospheric CO<sub>2</sub>. The relative importance of the different modes varies among the nine climate regions, grouping them into three mega-regions: <italic>Southeastern</italic> comprising the South, Southeast and Ohio Valley; <italic>Central</italic> comprising the Southwest, Upper Midwest, and Northeast; and <italic>Northwestern</italic> comprising the West, Northwest, and Northern Rockies &amp; Plains. The defining characteristics of the mega-regions are: <italic>Southeastern</italic> – dominated by the AMO, no PDO influence; <italic>Central</italic> – influenced by the AMO, no PDO influence, <italic>Northwestern</italic> – influenced by both the AMO and PDO. Temperature vs. time curves calculated by combining the separate monotonic and oscillatory modes agree well with the measured temperature time series, indicating that the 1938-1974 small decrease in contiguous U.S. temperature was caused by the superposition of the <italic>downward</italic>-trending oscillatory mode on the <italic>upward</italic>-trending monotonic mode while the 1980-2000 large increase in temperature was caused by the superposition of the <italic>upward</italic>-trending oscillatory mode on the <italic>upward</italic>-trending monotonic mode. The oscillatory mode, mostly representing the AMO, was responsible for about 72% of the entire contiguous U.S. temperature increase over that time span with the contribution varying from 86 to 42% for individual climate regions.</p>
</abstract>
<funding-group>
<funding-statement>The authors have no support or funding to report.</funding-statement>
</funding-group>
<counts>
<fig-count count="9"/>
<table-count count="0"/>
<page-count count="12"/>
</counts>
<custom-meta-group>
<custom-meta id="data-availability" xlink:type="simple">
<meta-name>Data Availability</meta-name>
<meta-value>All relevant data are within the paper and its Supporting Information files.</meta-value>
</custom-meta>
</custom-meta-group>
</article-meta>
</front>
<body>
<sec id="sec001" sec-type="intro">
<title>Introduction</title>
<p>The atmospheric temperature of the contiguous U.S. has increased by about 1.0 K since 1910, but not at a uniform rate, increasing between 1910 and 1938, decreasing slightly between 1938 and 1974, increasing between 1974 and 2000, and decreasing slightly since 2000. The rate of temperature increase between 1980 and 2000 was 0.029 K yr<sup>-1</sup> and since 2000 has been near zero. A similar pause in the rate of global warming has been reported and has attracted a great deal of attention with many explanations proposed. These are summarized in a recent article by Chen &amp; Tung [<xref rid="pone.0131349.ref001" ref-type="bibr">1</xref>] and are mostly focused on change in radiative forcing due to volcanic or anthropogenic aerosols or change in ocean heat content. The latter is a reasonable explanation since, compared to the atmosphere, the ocean is able to store very large amounts of heat with little change in temperature (the heat capacity of the entire atmosphere is equal to that of only a few meters of ocean), but no fully satisfactory explanation has been offered for the mechanism by which heat might be captured or why it should be captured now but was not between 1980 and 2000.</p>
<p>It may be that the current pause in contiguous U.S. warming and the pause seen between 1938 and 1974 have the same root cause, a regular change in the North Atlantic sea surface temperature (SST) with a period of 60–80 years known as the Atlantic multidecadal oscillation (AMO). In 2000, just as in 1938, the AMO may have ended a decades-long warming stage that had been contributing to the increase in atmospheric temperature and begun a new cooling stage, causing the stalling of atmospheric temperature increase. The AMO was not widely recognized prior to an article in 2000 by Kerr [<xref rid="pone.0131349.ref002" ref-type="bibr">2</xref>], which suggested that the rapid global warming seen during 1980–2000 was caused by superposition of a natural mode of temperature variation due to the AMO and an anthropogenic mode due to increasing atmospheric CO<sub>2</sub>. Subsequent research has increased support for this idea [<xref rid="pone.0131349.ref003" ref-type="bibr">3</xref>–<xref rid="pone.0131349.ref006" ref-type="bibr">6</xref>] and it is now accepted that the AMO has important effects on regional and global climate [<xref rid="pone.0131349.ref007" ref-type="bibr">7</xref>–<xref rid="pone.0131349.ref010" ref-type="bibr">10</xref>].</p>
<p>Schlesinger and Ramankutty [<xref rid="pone.0131349.ref011" ref-type="bibr">11</xref>] identified the AMO in 1994 using spectrum analysis of temperature records from 1858–1992. The subsequent paper by Kerr coined the term "AMO" and referenced work by Delworth and Mann in 2000 [<xref rid="pone.0131349.ref012" ref-type="bibr">12</xref>] that used proxy-based reconstructions of surface temperatures from the past 330 years to identify a temperature oscillation with a period of approximately 70 years and suggested variation in the Atlantic meridional overturning circulation (AMOC) as the cause. In 2001 Enfield et al. [<xref rid="pone.0131349.ref013" ref-type="bibr">13</xref>] reported a 65–80 year cycle in North Atlantic SST data for the years 1856–1999 and in 2004 Gray et al. [<xref rid="pone.0131349.ref014" ref-type="bibr">14</xref>] created a tree-ring based reconstruction of the AMO going back to 1567 with a 60–100 year cycle, tying this to SST anomalies from Kaplan et al. [<xref rid="pone.0131349.ref015" ref-type="bibr">15</xref>]. In 2005 Sutton and Hodson [<xref rid="pone.0131349.ref016" ref-type="bibr">16</xref>] showed evidence for the AMO using an 1871–2003 index based on annual mean SST observations and Polyakov et al. [<xref rid="pone.0131349.ref017" ref-type="bibr">17</xref>–<xref rid="pone.0131349.ref018" ref-type="bibr">18</xref>] reported a 50–80 year ocean surface temperature cycle that is exceptionally strong in the Arctic. In 2011 Knudsen et al. [<xref rid="pone.0131349.ref019" ref-type="bibr">19</xref>] used climate proxy data to suggest that a 55–70 year AMO has persisted for at least the last 8000 years.</p>
<p>In 2013 Macias et al. [<xref rid="pone.0131349.ref020" ref-type="bibr">20</xref>] analyzed recent warming of Mediterranean waters and concluded that more than half of the warming was attributable to a sinusoidal mode resembling the AMO superposed on a presumably anthropogenic monotonic component, with the recent slowdown in warming due to the end of AMO warming. In 2014 the same authors [<xref rid="pone.0131349.ref021" ref-type="bibr">21</xref>] used singular spectrum analysis to examine the global warming pause and identified three periods with very little warming: 1878–1907, 1945–1969, and 2001-onwards. These periods coincide with the superposition on the monotonic temperature trend of the warming stage of a multidecadal variation in global atmospheric temperatures resembling the AMO.</p>
<p>In 2015 Yao et al. [<xref rid="pone.0131349.ref022" ref-type="bibr">22</xref>] described the global warming pause as a “natural product of interactions of a secular warming trend and a multidecadal oscillation” resulting in warming slowdowns in the middle of the twentieth and the beginning of the twenty-first centuries. Using empirical mode decomposition applied to SST and atmospheric temperature time series for 1880–2012, they found that these slowdowns were caused by the superposition of the AMO and PDO on the steady warming presumably caused by increasing amounts of atmospheric CO<sub>2</sub>.</p>
<p>It is generally accepted that the AMO is caused by regular variation in the flow rate of the AMOC, which was described in 1959–61 by Stommel and Arons [<xref rid="pone.0131349.ref023" ref-type="bibr">23</xref>–<xref rid="pone.0131349.ref024" ref-type="bibr">24</xref>] as a global circulation comprising northward flow in the upper layer of the Atlantic Ocean ending in deepwater formation in extreme northern latitudes, balanced by southward abyssal return flow to upwelling in ocean basins contiguous with the Southern Ocean. The AMOC is the primary means for transporting heat from the Atlantic equatorial region to northern latitudes [<xref rid="pone.0131349.ref025" ref-type="bibr">25</xref>]. There is as yet no experimental verification that the AMO is caused by multidecadal variation in the AMOC flow because accurate flow measurements from the RAPID moored array at 26.5°N [<xref rid="pone.0131349.ref026" ref-type="bibr">26</xref>] have only been available for a short time. If the AMO is caused by a regular variation in AMOC flow that has persisted for thousands of years, the variation must be driven by a robust mechanism internal to the ocean [<xref rid="pone.0131349.ref027" ref-type="bibr">27</xref>–<xref rid="pone.0131349.ref029" ref-type="bibr">29</xref>] rather than by ocean-atmosphere interaction, as the latter would be subject to stochastic influences inconsistent with this long-term regularity. Not much has been offered that would explain an internal ocean mechanism behaving in this way, but it has recently been proposed that the AMOC flow oscillation could be caused by the interaction of AMOC thermal resistance and North Atlantic upper layer thermal capacitance by analogy to an electrical resistance-capacitance network [<xref rid="pone.0131349.ref030" ref-type="bibr">30</xref>].</p>
<p><xref rid="pone.0131349.g001" ref-type="fig">Fig 1</xref> shows the AMO for 1935–2013, which captures a full period of the oscillation. The sinusoid fitted to the data has a peak at 1938 and a period of 72 years. The AMO is usually described as being either in a cool stage when it is negative or in a warm stage when it is positive, but It is more useful to describe the AMO as being in one of three stages: cooling, warming, or neutral. If the AMO neutral stage is arbitrarily defined as SST within 80% of the peak value (positive or negative) of the sinusoid, then 1945–1966 was a cooling stage and 1981–2002 a warming stage. These classifications are inexact because the transitions between stages are gradual, but they are helpful in recognizing that the AMO warming stage adds to (and the cooling stage subtracts from) the steady warming presumably caused by increasing atmospheric CO<sub>2</sub>. <xref rid="pone.0131349.g002" ref-type="fig">Fig 2</xref> shows another ocean temperature oscillation, much less prominent than the AMO but known to have important regional influences. This is the Pacific decadal oscillation (PDO). Major changes in northeast Pacific ecosystems have been linked to the PDO, but its cause is unknown, it is much less predictable than the AMO, and its effects are more localized [<xref rid="pone.0131349.ref031" ref-type="bibr">31</xref>]. The 1935–2013 time span captures nearly three PDO half-cycles. The sinusoid fitted to the data has a peak at 1933 and a period of 54 years.</p>
<fig id="pone.0131349.g001" position="float">
<object-id pub-id-type="doi">10.1371/journal.pone.0131349.g001</object-id>
<label>Fig 1</label>
<caption>
<title>Atlantic multidecadal oscillation (AMO) 1935–2013.</title>
<p>The AMO is the difference between the North Atlantic sea surface temperature (SST) and its trend line (slope equal to 0.0026 K yr<sup>−1</sup> for 1856–2013). The annual measurements (black dotted line) are smoothed with a 13-year centered moving average filter (black solid line). The sinusoid (red dashed line) is a least squares fit to the moving average. The data are from the NOAA Earth System Research Laboratory (ESRL) AMO website, <ext-link ext-link-type="uri" xlink:href="http://www.esrl.noaa.gov/psd/gcos_wgsp/Timeseries/AMO/" xlink:type="simple">http://www.esrl.noaa.gov/psd/gcos_wgsp/Timeseries/AMO/</ext-link>.</p>
</caption>
<graphic mimetype="image" xlink:href="info:doi/10.1371/journal.pone.0131349.g001" position="float" xlink:type="simple"/>
</fig>
<fig id="pone.0131349.g002" position="float">
<object-id pub-id-type="doi">10.1371/journal.pone.0131349.g002</object-id>
<label>Fig 2</label>
<caption>
<title>Pacific decadal oscillation (PDO) 1935–2013.</title>
<p>The PDO is the leading principal component of the North Pacific monthly sea surface temperature. The annual measurements (black dotted line) are smoothed with a 13-year centered moving average filter (black solid line). The sinusoid (red dashed line) is a least squares fit to the moving average. The data are from the University of Washington's PDO website, <ext-link ext-link-type="uri" xlink:href="http://jisao.washington.edu/pdo/" xlink:type="simple">http://jisao.washington.edu/pdo/</ext-link>.</p>
</caption>
<graphic mimetype="image" xlink:href="info:doi/10.1371/journal.pone.0131349.g002" position="float" xlink:type="simple"/>
</fig>
<p><xref rid="pone.0131349.g003" ref-type="fig">Fig 3</xref> shows the atmospheric temperature time series for the entire contiguous United States. The same kinds of temperature time series are available for the nine individual climate regions within the contiguous U.S. identified by the NOAA National Climatic Data Center (NCDC) as “climatically consistent.” <xref rid="pone.0131349.g004" ref-type="fig">Fig 4</xref> shows the approximate locations of these climate regions. The four regions along the U.S. southern boundary—West (W), Southwest (SW), South (S), and Southeast (SE)–are aligned in a fairly regular longitudinal progression, as are the four regions along the northern border—Northwest (NW), Northern Rockies &amp; Plains (NR&amp;P), Upper Midwest (UMW), and Northeast (NE). The Ohio Valley (OV) region occupies a unique position, pushed southward by the Great Lakes so as to intrude on the S and SE regions.</p>
<fig id="pone.0131349.g003" position="float">
<object-id pub-id-type="doi">10.1371/journal.pone.0131349.g003</object-id>
<label>Fig 3</label>
<caption>
<title>Contiguous U.S. atmospheric temperature history 1902–2013.</title>
<p>The black dotted line is the annual atmospheric temperature time series (°C). The black solid line is the 13-year centered moving average. The 1935–2013 trend line is in red. The data are from the NCDC website, <ext-link ext-link-type="uri" xlink:href="http://www.ncdc.noaa.gov/cag/time-series/us" xlink:type="simple">http://www.ncdc.noaa.gov/cag/time-series/us</ext-link>.</p>
</caption>
<graphic mimetype="image" xlink:href="info:doi/10.1371/journal.pone.0131349.g003" position="float" xlink:type="simple"/>
</fig>
<fig id="pone.0131349.g004" position="float">
<object-id pub-id-type="doi">10.1371/journal.pone.0131349.g004</object-id>
<label>Fig 4</label>
<caption>
<title>Contiguous U.S. NCDC climate regions.</title>
<p>The figure shows the approximate locations of the climate regions and is intended only for illustrative purposes. An accurate map showing the exact locations of the climate regions is available at <ext-link ext-link-type="uri" xlink:href="http://www.ncdc.noaa.gov/monitoring-references/maps/us-climate-regions.php" xlink:type="simple">http://www.ncdc.noaa.gov/monitoring-references/maps/us-climate-regions.php</ext-link>.</p>
</caption>
<graphic mimetype="image" xlink:href="info:doi/10.1371/journal.pone.0131349.g004" position="float" xlink:type="simple"/>
</fig>
</sec>
<sec id="sec002" sec-type="materials|methods">
<title>Methods</title>
<p>Superposed oscillatory and monotonic modes of temperature variation are used to represent the contiguous U.S. temperature time series, based on findings supporting this representation for global temperatures described in the preceding section. The oscillatory modes represent ocean temperature oscillations and the monotonic mode represents, at least in part, the effect of increasing atmospheric CO<sub>2</sub>. The method used is a variant of principal component analysis (PCA) adapted for use with non-linear data sets. Traditional PCA uses an orthogonal linear transformation that is not suitable for identifying physically meaningful relationships explaining the behavior of this highly non-linear 1935–2013 temperature time series. The shortness of the data set precludes the use of singular spectrum analysis. A suitable method is non-linear or generalized principal component analysis (GPCA), which identifies orthogonal coordinates that fit the data to algebraic curves (or surfaces) by minimizing the sum of the squares of the deviations from the curves [<xref rid="pone.0131349.ref032" ref-type="bibr">32</xref>]. The monotonic and oscillatory transformations were chosen because, based on their success in explaining global temperature change, they should be physically meaningful. See <xref rid="pone.0131349.s001" ref-type="supplementary-material">S1 File</xref>.</p>
<p>The starting point for the analysis of the time temperature series for the contiguous U.S. (in its entirety and for the individual climate regions) is the assumption that they can be described in terms of three modes (principal components): two oscillatory modes derived from the sinusoids fitted to the AMO and PDO temperature time series (Figs <xref rid="pone.0131349.g001" ref-type="fig">1</xref> and <xref rid="pone.0131349.g002" ref-type="fig">2</xref>) and a monotonic (linear) mode with a constant slope derived from the atmospheric temperature time series trend line (<xref rid="pone.0131349.g003" ref-type="fig">Fig 3</xref>). The computation is straightforward: the 1935–2013 atmospheric temperature time series data are smoothed with a 13-year moving average, the trend line (monotonic mode) is subtracted from the measured data to give the departures from the monotonic mode, and the correlations of the departures with the monotonic and oscillatory modes (the sinusoids of Figs <xref rid="pone.0131349.g001" ref-type="fig">1</xref> and <xref rid="pone.0131349.g002" ref-type="fig">2</xref>) are calculated. In most cases the monotonic and AMO oscillatory modes together account for almost all of the variation without taking into account the PDO. Where the influence of the PDO is significant the two oscillatory modes are combined to create a single oscillatory mode, adjusting the PDO sinusoid contribution to maximize the correlation between the departures from the monotonic mode and the oscillatory mode. The monotonic and oscillatory modes are then combined, adjusting the amplitude of the oscillatory mode to maximize the correlation between the temperature time series and the combined function.</p>
</sec>
<sec id="sec003" sec-type="conclusions">
<title>Results and Discussion</title>
<p><xref rid="pone.0131349.g005" ref-type="fig">Fig 5</xref> shows the calculated curve of temperature vs. time for the entire contiguous U.S., obtained by combining the monotonic and oscillatory (AMO) modes. The correlation with the measured temperature time series is 0.98 and is not significantly improved by including the PDO oscillatory mode. Similar curves are calculated for each of the NCDC climate regions and are the basis for the results that follow.</p>
<fig id="pone.0131349.g005" position="float">
<object-id pub-id-type="doi">10.1371/journal.pone.0131349.g005</object-id>
<label>Fig 5</label>
<caption>
<title>Measured and calculated contiguous U.S. temperature change.</title>
<p>The black solid line is the 13-year centered moving average atmospheric temperature (°C) from <xref rid="pone.0131349.g003" ref-type="fig">Fig 3</xref> (truncated at 2007 because of the 13-year moving average). The red solid line is calculated by combining the monotonic and oscillatory (AMO) modes. The slope of the monotonic mode is 0.0089 K yr<sup>-1</sup> and the amplitude of the oscillatory mode (AMO) is 0.75 K. The correlation between the measured and calculated curves is 0.98.</p>
</caption>
<graphic mimetype="image" xlink:href="info:doi/10.1371/journal.pone.0131349.g005" position="float" xlink:type="simple"/>
</fig>
<p>Comparing the slopes of the monotonic mode and the amplitude of the adjusted oscillatory mode reveals interesting information, shown by <xref rid="pone.0131349.g006" ref-type="fig">Fig 6</xref>. The nine NCDC climate regions fall into three groups: OV, S, and SE—where the monotonic mode slopes are much smaller than for the other climate regions; NR&amp;P, W, and NW—where the PDO is a significant part of the oscillatory mode; and UMW, SW, and NE—where neither of these circumstances apply. The oscillatory mode amplitude decreases from 0.79 K for the OV, S, and SE group to 0.68 K for the UMW, SW, and NE group to 0.59 K for the NR&amp;P, W, and NW group. These grouped climate regions constitute climate “mega-regions” differentiated by the degree to which they are influenced by the monotonic mode, the AMO oscillatory mode, and the PDO oscillatory mode. The names chosen for these mega-regions are: <italic>Southeastern</italic> (yellow background), <italic>Central</italic> (white background), and <italic>Northwestern</italic> (green background). The <italic>Southeastern</italic> and <italic>Northwestern</italic> mega-regions occupy the southeastern and northwestern corners of the contiguous U.S., while the <italic>Central</italic> mega-region occupies the space between these two sections, stretching from the southwest to the northeast.</p>
<fig id="pone.0131349.g006" position="float">
<object-id pub-id-type="doi">10.1371/journal.pone.0131349.g006</object-id>
<label>Fig 6</label>
<caption>
<title>Monotonic mode slopes and oscillatory mode amplitudes.</title>
<p>The slope of the monotonic mode (K yr<sup>-1</sup>×10<sup>2</sup>) is taken from the trend line of each temperature time series and the oscillatory mode peak-to-peak amplitude (K) is that required to maximize the correlation of the temperature time series with the calculated curve of temperature vs. time. The climate mega-regions are shown by the colors.</p>
</caption>
<graphic mimetype="image" xlink:href="info:doi/10.1371/journal.pone.0131349.g006" position="float" xlink:type="simple"/>
</fig>
<p><xref rid="pone.0131349.g007" ref-type="fig">Fig 7</xref> shows the correlations of the smoothed time series with the calculated monotonic, oscillatory, and combined modes for each of the contiguous U.S. climate regions. In the <italic>Southeastern</italic> mega-region the correlation of the regional temperature time series with the monotonic mode is much smaller relative to the correlation with the oscillatory mode than is the case for the other climate regions. Correlation with the PDO is not significant (≤ 0.10) in either the <italic>Southeastern</italic> or <italic>Central</italic> mega-regions. In the <italic>Northwestern</italic> mega-region the time series is significantly correlated with the PDO: 0.32, 0.24, and 0.26 (not shown by the figure) for the NR&amp;P, W, and NW climate regions, respectively. Adding a PDO contribution to the oscillatory mode, with a weight equal to about 50% of the AMO contribution, improves the correlation of the temperature time series, as shown by the lines near the tops of the <italic>Northwestern</italic> mega-region bars on <xref rid="pone.0131349.g007" ref-type="fig">Fig 7</xref>. The NR&amp;P climate region is placed in the <italic>Northwestern</italic> mega-region on this basis, but it could also fit in the <italic>Central</italic> mega-region since its correlation with the oscillatory mode is higher than with the monotonic mode, in contrast to the W and NW climate regions. This suggests that the NR&amp;P climate region should be divided into two parts, the western part assigned to the <italic>Northwestern</italic> mega-region, the eastern part to the <italic>Central</italic> mega-region.</p>
<fig id="pone.0131349.g007" position="float">
<object-id pub-id-type="doi">10.1371/journal.pone.0131349.g007</object-id>
<label>Fig 7</label>
<caption>
<title>Correlations of the regional temperature time series with monotonic, oscillatory, and combined modes.</title>
<p>This bar chart shows the correlations of temperature time series for individual climate regions with the monotonic, oscillatory, and combined modes. The climate mega-regions are shown by the colors.</p>
</caption>
<graphic mimetype="image" xlink:href="info:doi/10.1371/journal.pone.0131349.g007" position="float" xlink:type="simple"/>
</fig>
<p><xref rid="pone.0131349.g008" ref-type="fig">Fig 8</xref> shows the contribution of the calculated monotonic and oscillatory modes to the 1980–2000 increase in atmospheric temperature for the individual climate regions. The oscillatory mode is responsible for about 85% of the temperature increase in the <italic>Southeastern</italic> mega-region, compared to about 67% in the <italic>Central</italic> mega-region. The <italic>Southeastern</italic> mega-region has the smallest absolute monotonic mode contribution. Again, the NR&amp;P doesn’t fit exactly into either the W or NW climate region since the oscillatory mode in the NR&amp;P accounts for 60% of the temperature increase compared to 42 and 52% in the W and NW, respectively.</p>
<fig id="pone.0131349.g008" position="float">
<object-id pub-id-type="doi">10.1371/journal.pone.0131349.g008</object-id>
<label>Fig 8</label>
<caption>
<title>Contributions of the monotonic and oscillatory modes to the 1980–2000 contiguous U.S. regional temperature increases.</title>
<p>The stacked bars show the contributions (K) of the monotonic and oscillatory modes for each climate region. The inset numbers are the percent of the total temperature increase attributable to the oscillatory mode. The climate mega-regions are shown by the colors.</p>
</caption>
<graphic mimetype="image" xlink:href="info:doi/10.1371/journal.pone.0131349.g008" position="float" xlink:type="simple"/>
</fig>
<p><xref rid="pone.0131349.g009" ref-type="fig">Fig 9</xref> shows the mega-region boundaries (red dashed lines) corresponding to the approximate locations of the NCDC climate regions comprising the mega-regions. The NR&amp;P climate region should probably be divided between the <italic>Central</italic> and <italic>Northwestern</italic> mega-regions, but the location of the boundary separating those mega-regions within the NR&amp;P is unknown. The figure also summarizes the mega-region characteristics in terms of oscillatory and monotonic mode influence.</p>
<fig id="pone.0131349.g009" position="float">
<object-id pub-id-type="doi">10.1371/journal.pone.0131349.g009</object-id>
<label>Fig 9</label>
<caption>
<title>Contiguous U.S. climate mega-regions.</title>
<p>The three mega-regions are shown relative to the approximate locations of the NCDC contiguous U.S. climate regions. Within the NR&amp;P climate region the location of the boundary separating the <italic>Northwestern</italic> and <italic>Central</italic> mega-regions is unclear and is, accordingly, left undrawn.</p>
</caption>
<graphic mimetype="image" xlink:href="info:doi/10.1371/journal.pone.0131349.g009" position="float" xlink:type="simple"/>
</fig>
</sec>
<sec id="sec004" sec-type="conclusions">
<title>Conclusions</title>
<p>The 1935–2006 atmospheric temperature time series for the contiguous U.S. as a whole, and for each of the NCDC climate regions therein, are reproduced very well by the superposition of oscillatory and monotonic modes of temperature variation. The oscillatory modes represent primarily the AMO but also include a contribution from the PDO in some climate regions. The monotonic mode is presumed to be mostly the result of radiant forcing caused by increasing atmospheric CO<sub>2</sub>. The relative contributions of monotonic and oscillatory modes to the change in temperature are used to group the NCDC climate regions into three mega-regions. The W, NW, and NR&amp;P climate regions, which together constitute the <italic>Northwestern</italic> mega-region, are characterized by a significant PDO contribution to the oscillatory mode. The PDO has a weight equal to about ½ that of the AMO in the combined oscillatory mode. The S, SE, and OV climate regions, which together constitute the <italic>Southeastern</italic> mega-region, are characterized by a monotonic mode slope (0.0047 K yr<sup>-1</sup>) much smaller than for the contiguous U.S. as a whole (0.0089 K yr<sup>-1</sup>). This implies that the AMO (SST) influence is so strong that it suppresses the rate of monotonic mode atmospheric temperature increase through the slow rate of increase in North Atlantic SST (0.0026 K yr<sup>-1</sup>). The SW, UMW, and NE, which constitute the <italic>Central</italic> mega-region, have neither of these characteristics.</p>
<p>Temperature time series correlations with the combined monotonic and oscillatory modes are 0.93–0.96 within the <italic>Southeastern</italic> mega-region and 0.95–0.97 within the <italic>Central</italic> mega-region. Within the <italic>Northwestern</italic> mega-region they are 0.92 and 0.94 for the NR&amp;P and W, but only 0.87 for the NW. These correlations are reduced, to 0.87, 0.92, and 0.84, respectively, by removing the PDO from the oscillatory modes. This suggests that the NW climate region is subject to important influences other than those identified here.</p>
<p>The 1938–1974 decreases in contiguous U.S. temperatures are consistent with the superposition of the <italic>downward</italic>-trending oscillatory mode (dominated by the AMO) on the <italic>upward</italic>-trending monotonic mode. The contribution of the monotonic mode is smallest and that of the oscillatory mode is largest in the <italic>Southeastern</italic> mega-region. Similarly, the 1980–2000 increases in temperature are consistent with the superposition of the <italic>upward</italic>-trending oscillatory modes on the <italic>upward</italic>-trending monotonic mode. For the <italic>Southeastern</italic> mega-region the temperature increase is 0.59–0.66 K, about 85% of which is attributable to the AMO oscillatory mode. For the <italic>Central</italic> mega-region the temperature increase is 0.68–0.76 K, about 66% of which is attributable to the oscillatory mode. For the <italic>Northwestern</italic> mega-region the temperature increase is 0.37–0.56 K, 42–60% of which is attributable to the oscillatory mode. For the entire contiguous U.S. the temperature increase is 0.64 K, 72% of which is attributable to the AMO oscillatory mode.</p>
<p>The conclusion is that the oscillatory mode (mostly due to the AMO) is significantly more important than the monotonic mode (mostly due to increasing atmospheric CO<sub>2</sub>) in explaining the 1980–2000 temperature increase. The influence of the AMO is smaller in climate regions further removed from its vicinity. As to the pause in warming since 2000, it seems likely that this is the result of a recurrence of the AMO stage that initiated the 1938–1974 pause, the transition from a warming to a cooling AMO.</p>
</sec>
<sec id="sec005">
<title>Supporting Information</title>
<supplementary-material id="pone.0131349.s001" xlink:href="info:doi/10.1371/journal.pone.0131349.s001" mimetype="application/vnd.openxmlformats-officedocument.presentationml.presentation" position="float" xlink:type="simple">
<label>S1 File</label>
<caption>
<title>Principal component analysis for contiguous U.S. regional temperatures.</title>
<p>(PPTX)</p>
</caption>
</supplementary-material>
</sec>
</body>
<back>
<ack>
<p>The author is grateful to an anonymous reviewer who suggested several important improvements to this paper, most of which have since been incorporated.</p>
</ack>
<ref-list>
<title>References</title>
<ref id="pone.0131349.ref001"><label>1</label><mixed-citation publication-type="journal" xlink:type="simple"><name name-style="western"><surname>Chen</surname> <given-names>X</given-names></name>, <name name-style="western"><surname>Tung</surname> <given-names>K-K</given-names></name> (<year>2014</year>) <article-title>Varying planetary heat sink led to global-warming slowdown and acceleration</article-title>. <source><italic>Science</italic></source> <volume>345</volume>: <fpage>897</fpage>–<lpage>903</lpage>. <comment>doi: <ext-link ext-link-type="uri" xlink:href="http://dx.doi.org/10.1126/science.1254937" xlink:type="simple">10.1126/science.1254937</ext-link></comment> <object-id pub-id-type="pmid">25146282</object-id></mixed-citation></ref>
<ref id="pone.0131349.ref002"><label>2</label><mixed-citation publication-type="journal" xlink:type="simple"><name name-style="western"><surname>Kerr</surname> <given-names>RA</given-names></name> (<year>2005</year>) <article-title>Atlantic climate pacemaker for millennia past, decades hence?</article-title> <source><italic>Science</italic></source> <volume>309</volume>: <fpage>5731</fpage>, <fpage>41</fpage>–<lpage>43</lpage>. <comment>doi: <ext-link ext-link-type="uri" xlink:href="http://dx.doi.org/10.1126/science.309.5731.41" xlink:type="simple">10.1126/science.309.5731.41</ext-link></comment></mixed-citation></ref>
<ref id="pone.0131349.ref003"><label>3</label><mixed-citation publication-type="journal" xlink:type="simple"><name name-style="western"><surname>Zhang</surname> <given-names>R</given-names></name>, <name name-style="western"><surname>Delworth</surname> <given-names>TL</given-names></name>, <name name-style="western"><surname>Held</surname> <given-names>IM</given-names></name> (<year>2007</year>) <article-title>Can the Atlantic Ocean drive the observed multidecadal variability in Northern Hemisphere mean temperature?</article-title> <source>Geophys Res Lett</source> <volume>34</volume>, <fpage>L02709</fpage>, <comment>doi: <ext-link ext-link-type="uri" xlink:href="http://dx.doi.org/10.1029/ 2006GL028683" xlink:type="simple">10.1029/ 2006GL028683</ext-link></comment></mixed-citation></ref>
<ref id="pone.0131349.ref004"><label>4</label><mixed-citation publication-type="journal" xlink:type="simple"><name name-style="western"><surname>Wu</surname> <given-names>Z</given-names></name>, <name name-style="western"><surname>Huang</surname> <given-names>NE</given-names></name>, <name name-style="western"><surname>Wallace</surname> <given-names>JM</given-names></name>, <name name-style="western"><surname>Smoliak</surname> <given-names>BV</given-names></name>, <name name-style="western"><surname>Chen</surname> <given-names>X</given-names></name> (<year>2011</year>) <article-title>On the time-varying trend in global-mean surface temperature</article-title>. <source>Clim Dynam</source> <volume>37</volume>: <fpage>759</fpage>–<lpage>773</lpage>. <comment>doi: <ext-link ext-link-type="uri" xlink:href="http://dx.doi.org/10.1007/s00382-011-1128-8" xlink:type="simple">10.1007/s00382-011-1128-8</ext-link></comment></mixed-citation></ref>
<ref id="pone.0131349.ref005"><label>5</label><mixed-citation publication-type="journal" xlink:type="simple"><name name-style="western"><surname>Wyatt</surname> <given-names>MG</given-names></name>, <name name-style="western"><surname>Kravtsov</surname> <given-names>S</given-names></name>, <name name-style="western"><surname>Tsonis</surname> <given-names>AA</given-names></name> (<year>2012</year>) <article-title>Atlantic Multidecadal Oscillation and Northern Hemisphere’s climate variability</article-title>. <source>Clim Dynam</source> <volume>38</volume>: <fpage>929</fpage>–<lpage>949</lpage>. <comment>doi: <ext-link ext-link-type="uri" xlink:href="http://dx.doi.org/10.1007/s00382-011-1071-8" xlink:type="simple">10.1007/s00382-011-1071-8</ext-link></comment></mixed-citation></ref>
<ref id="pone.0131349.ref006"><label>6</label><mixed-citation publication-type="journal" xlink:type="simple"><name name-style="western"><surname>Tung</surname> <given-names>KK</given-names></name>, <name name-style="western"><surname>Zhou</surname> <given-names>J</given-names></name> (<year>2012</year>) <article-title>Using data to attribute episodes of warming and cooling in instrumental records</article-title>. <source>P Natl Acad USA</source> <volume>110</volume>: <fpage>2058</fpage>–<lpage>2063</lpage>, <comment>doi: <ext-link ext-link-type="uri" xlink:href="http://dx.doi.org/10.1073/pnas.1212471110" xlink:type="simple">10.1073/pnas.1212471110</ext-link></comment></mixed-citation></ref>
<ref id="pone.0131349.ref007"><label>7</label><mixed-citation publication-type="journal" xlink:type="simple"><name name-style="western"><surname>Hu</surname> <given-names>Q</given-names></name>., <name name-style="western"><surname>Feng</surname> <given-names>S</given-names></name>, <name name-style="western"><surname>Oglesby</surname> <given-names>RJ</given-names></name> (<year>2011</year>) <article-title>Variations in North American summer precipitation driven by the Atlantic Multidecadal Oscillation</article-title>. <source>J Clim</source> <volume>24</volume>: <fpage>5555</fpage>–<lpage>5570</lpage>. <comment>doi: <ext-link ext-link-type="uri" xlink:href="http://dx.doi.org/10.1175/2011JCLI4060.1" xlink:type="simple">10.1175/2011JCLI4060.1</ext-link></comment></mixed-citation></ref>
<ref id="pone.0131349.ref008"><label>8</label><mixed-citation publication-type="journal" xlink:type="simple"><name name-style="western"><surname>Wang</surname> <given-names>X</given-names></name>, <name name-style="western"><surname>Brown</surname> <given-names>PM</given-names></name>, <name name-style="western"><surname>Zhang</surname> <given-names>Y</given-names></name>, <name name-style="western"><surname>Song</surname> <given-names>L</given-names></name> (<year>2011</year>) <article-title>Imprint of the Atlantic multidecadal oscillation on tree-ring widths in northeast Asia since 1568</article-title>. <source>PLOS ONE</source> <volume>6</volume>(<issue>7</issue>): <fpage>e22740</fpage>. <comment>doi: <ext-link ext-link-type="uri" xlink:href="http://dx.doi.org/10.1371/journal.pone.0022740" xlink:type="simple">10.1371/journal.pone.0022740</ext-link></comment> <object-id pub-id-type="pmid">21818380</object-id></mixed-citation></ref>
<ref id="pone.0131349.ref009"><label>9</label><mixed-citation publication-type="journal" xlink:type="simple"><name name-style="western"><surname>Kumar</surname> <given-names>S</given-names></name>, <name name-style="western"><surname>Kinter</surname> <given-names>J</given-names></name>, <name name-style="western"><surname>Dirmeyer</surname> <given-names>PA</given-names></name>, <name name-style="western"><surname>Pan</surname> <given-names>Z</given-names></name>, <name name-style="western"><surname>Adams</surname> <given-names>J</given-names></name> (<year>2013</year>) <article-title>Multidecadal climate variability and the “warming hole” in North America: results from CMIP5 twentieth- and twenty-first century climate simulations</article-title>. <source>J Clim</source> <volume>26</volume>: <fpage>3511</fpage>–<lpage>3527</lpage>. <comment>doi: <ext-link ext-link-type="uri" xlink:href="http://dx.doi.org/10.1175/JCLI-D-12-00535.s1" xlink:type="simple">10.1175/JCLI-D-12-00535.s1</ext-link></comment></mixed-citation></ref>
<ref id="pone.0131349.ref010"><label>10</label><mixed-citation publication-type="journal" xlink:type="simple"><name name-style="western"><surname>Edwards</surname> <given-names>M</given-names></name>, <name name-style="western"><surname>Beaugrand</surname> <given-names>G</given-names></name>, <name name-style="western"><surname>Helaouët</surname> <given-names>P</given-names></name>, <name name-style="western"><surname>Alheit</surname> <given-names>J</given-names></name>, <name name-style="western"><surname>Coombs</surname> <given-names>S</given-names></name> (<year>2013</year>) <article-title>Marine Ecosystem Response to the Atlantic Multidecadal Oscillation</article-title>. <source>PLOS ONE</source> <volume>8</volume>(<issue>2</issue>): <fpage>e57212</fpage>. <comment>doi: <ext-link ext-link-type="uri" xlink:href="http://dx.doi.org/10.1371/journal.pone.0057212" xlink:type="simple">10.1371/journal.pone.0057212</ext-link></comment> <object-id pub-id-type="pmid">23460832</object-id></mixed-citation></ref>
<ref id="pone.0131349.ref011"><label>11</label><mixed-citation publication-type="journal" xlink:type="simple"><name name-style="western"><surname>Schlesinger</surname> <given-names>ME</given-names></name>, <name name-style="western"><surname>Ramankutty</surname> <given-names>N</given-names></name> (<year>1994</year>) <article-title>An oscillation in the global climate system of period 65–70 years</article-title>. <source>Nature</source> <volume>367</volume>: <fpage>723</fpage>–<lpage>726</lpage>.</mixed-citation></ref>
<ref id="pone.0131349.ref012"><label>12</label><mixed-citation publication-type="journal" xlink:type="simple"><name name-style="western"><surname>Delworth</surname> <given-names>TL</given-names></name>, <name name-style="western"><surname>Mann</surname> <given-names>ME</given-names></name> (<year>2000</year>) <article-title>Observed and simulated multidecadal variability in the Northern Atlantic</article-title>, <source>Clim Dynam</source> <volume>16</volume>: <fpage>661</fpage>–<lpage>676</lpage>.</mixed-citation></ref>
<ref id="pone.0131349.ref013"><label>13</label><mixed-citation publication-type="journal" xlink:type="simple"><name name-style="western"><surname>Enfield</surname> <given-names>DB</given-names></name>, <name name-style="western"><surname>Mesta-Nunez</surname> <given-names>AM</given-names></name>, <name name-style="western"><surname>Trimble</surname> <given-names>PJ</given-names></name> (<year>2001</year>) <article-title>The Atlantic Multidecadal Oscillation and its relation to rainfall and river flows in the continental U.S</article-title>. <source>Geophys Res Lett</source> <volume>28</volume>: <fpage>10</fpage>, <fpage>2077</fpage>–<lpage>2080</lpage>. <comment>doi: <ext-link ext-link-type="uri" xlink:href="http://dx.doi.org/10.1029/2000GL012745" xlink:type="simple">10.1029/2000GL012745</ext-link></comment></mixed-citation></ref>
<ref id="pone.0131349.ref014"><label>14</label><mixed-citation publication-type="journal" xlink:type="simple"><name name-style="western"><surname>Gray</surname> <given-names>ST</given-names></name>, <name name-style="western"><surname>Graumlich</surname> <given-names>LJ</given-names></name>, <name name-style="western"><surname>Betancourt</surname> <given-names>JI</given-names></name>, <name name-style="western"><surname>Pederson</surname> <given-names>GT</given-names></name> (<year>2004</year>) <article-title>A tree-ring based reconstruction of the Atlantic Multidecadal Oscillation since 1567</article-title>. <source>Geophys Res Lett</source> <volume>31</volume>: <fpage>L12205</fpage>. <comment>doi: <ext-link ext-link-type="uri" xlink:href="http://dx.doi.org/10.1029/2004GL019932" xlink:type="simple">10.1029/2004GL019932</ext-link></comment></mixed-citation></ref>
<ref id="pone.0131349.ref015"><label>15</label><mixed-citation publication-type="journal" xlink:type="simple"><name name-style="western"><surname>Kaplan</surname> <given-names>A</given-names></name>, <name name-style="western"><surname>Cane</surname> <given-names>MA</given-names></name>, <name name-style="western"><surname>Kushnir</surname> <given-names>T</given-names></name>, <name name-style="western"><surname>Clement</surname> <given-names>AC</given-names></name>, <name name-style="western"><surname>Blumenthal</surname> <given-names>MB</given-names></name>, <name name-style="western"><surname>Rajagoplalan</surname> <given-names>B</given-names></name> (<year>1998</year>) <article-title>Analyses of global sea surface temperatures 1856–1991</article-title>. <source>J Geophys Res</source> <volume>103</volume>: <fpage>C9</fpage>, <fpage>18567</fpage>–<lpage>18589</lpage>.</mixed-citation></ref>
<ref id="pone.0131349.ref016"><label>16</label><mixed-citation publication-type="journal" xlink:type="simple"><name name-style="western"><surname>Sutton</surname> <given-names>RT</given-names></name>, <name name-style="western"><surname>Hodson</surname> <given-names>LR</given-names></name> (<year>2005</year>) <article-title>Atlantic Ocean forcing of North American and European summer climate</article-title>. <source>Science</source> <volume>309</volume>: <fpage>5731</fpage>, <fpage>115</fpage>–<lpage>118</lpage>, <comment>doi: <ext-link ext-link-type="uri" xlink:href="http://dx.doi.org/10.1126/science.1109496" xlink:type="simple">10.1126/science.1109496</ext-link></comment></mixed-citation></ref>
<ref id="pone.0131349.ref017"><label>17</label><mixed-citation publication-type="journal" xlink:type="simple"><name name-style="western"><surname>Polyakov</surname> <given-names>IV</given-names></name>, <name name-style="western"><surname>Beszczynska</surname> <given-names>A</given-names></name>, <name name-style="western"><surname>Carmack</surname> <given-names>EC</given-names></name>, <name name-style="western"><surname>Dmitrenko</surname> <given-names>IA</given-names></name>, <name name-style="western"><surname>Fahrbach</surname> <given-names>E</given-names></name>, <name name-style="western"><surname>Frolov</surname> <given-names>IE</given-names></name> <etal>et al</etal>. (<year>2005</year>) <article-title>One more step towards a warmer Arctic</article-title>. <source>Geophys Res Lett</source> <volume>32</volume>: <fpage>L17605</fpage>. <comment>doi: <ext-link ext-link-type="uri" xlink:href="http://dx.doi.org/10.1029/2005GL023740" xlink:type="simple">10.1029/2005GL023740</ext-link></comment></mixed-citation></ref>
<ref id="pone.0131349.ref018"><label>18</label><mixed-citation publication-type="journal" xlink:type="simple"><name name-style="western"><surname>Polyakov</surname> <given-names>IV</given-names></name>, <name name-style="western"><surname>Bhatt</surname> <given-names>US</given-names></name>, <name name-style="western"><surname>Simmons</surname> <given-names>HL</given-names></name>, <name name-style="western"><surname>Walsh</surname> <given-names>D</given-names></name>, <name name-style="western"><surname>Walsh</surname> <given-names>JE</given-names></name>, <name name-style="western"><surname>Zhang</surname> <given-names>X</given-names></name> (<year>2005</year>) <article-title>Multidecadal variability of North Atlantic temperature and salinity during the twentieth century</article-title>. <source>J Clim</source> <volume>18</volume>: <fpage>21</fpage>, <fpage>4562</fpage>–<lpage>4581</lpage>. <comment>doi: <ext-link ext-link-type="uri" xlink:href="http://dx.doi.org/10.1175/JCLI3548.1" xlink:type="simple">10.1175/JCLI3548.1</ext-link></comment></mixed-citation></ref>
<ref id="pone.0131349.ref019"><label>19</label><mixed-citation publication-type="journal" xlink:type="simple"><name name-style="western"><surname>Knudsen</surname> <given-names>MF</given-names></name>, <name name-style="western"><surname>Seidenkrantz</surname> <given-names>M-S</given-names></name>, <name name-style="western"><surname>Jacobsen</surname> <given-names>BH</given-names></name>, <name name-style="western"><surname>Kuijpers</surname> <given-names>A</given-names></name> (<year>2011</year>) <article-title>Tracking the Atlantic multidecadal oscillation through the last 8000 years</article-title>. <source>Nat Commun</source> <volume>2</volume>: <fpage>178</fpage>, <comment>doi: <ext-link ext-link-type="uri" xlink:href="http://dx.doi.org/10.1038/ncomms1186" xlink:type="simple">10.1038/ncomms1186</ext-link></comment> <object-id pub-id-type="pmid">21285956</object-id></mixed-citation></ref>
<ref id="pone.0131349.ref020"><label>20</label><mixed-citation publication-type="journal" xlink:type="simple"><name name-style="western"><surname>Macias</surname> <given-names>D</given-names></name>, <name name-style="western"><surname>Garcia-Gorriz</surname> <given-names>E</given-names></name>, <name name-style="western"><surname>Stips</surname> <given-names>A</given-names></name> (<year>2013</year>) <article-title>Understanding the Causes of Recent Warming of Mediterranean Waters. How Much Could Be Attributed to Climate Change?</article-title> <source>PLOS ONE</source> <volume>8</volume>(<issue>11</issue>): <fpage>e81591</fpage>. <comment>doi: <ext-link ext-link-type="uri" xlink:href="http://dx.doi.org/10.1371/journal.pone.0081591" xlink:type="simple">10.1371/journal.pone.0081591</ext-link></comment> <object-id pub-id-type="pmid">24312322</object-id></mixed-citation></ref>
<ref id="pone.0131349.ref021"><label>21</label><mixed-citation publication-type="journal" xlink:type="simple"><name name-style="western"><surname>Macias</surname> <given-names>D</given-names></name>, <name name-style="western"><surname>Stips</surname> <given-names>A</given-names></name>, <name name-style="western"><surname>Garcia-Gorriz</surname> <given-names>E</given-names></name> (<year>2014</year>) <article-title>Application of the Singular Spectrum Analysis Technique to Study the Recent Hiatus on the Global Surface Temperature Record</article-title>. <source>PLOS ONE</source> <volume>9</volume>(<issue>9</issue>): <fpage>e107222</fpage>. <comment>doi: <ext-link ext-link-type="uri" xlink:href="http://dx.doi.org/10.1371/journal.pone.0107222" xlink:type="simple">10.1371/journal.pone.0107222</ext-link></comment> <object-id pub-id-type="pmid">25208060</object-id></mixed-citation></ref>
<ref id="pone.0131349.ref022"><label>22</label><mixed-citation publication-type="journal" xlink:type="simple"><name name-style="western"><surname>Yao</surname> <given-names>S-L</given-names></name>, <name name-style="western"><surname>Huang</surname> <given-names>G</given-names></name>, <name name-style="western"><surname>Wu</surname> <given-names>R-G</given-names></name>, <name name-style="western"><surname>Qu</surname> <given-names>X</given-names></name> (<year>2015</year>) <article-title>The global warming hiatus—a natural product of interactions of a secular warming trend and a multidecadal oscillation</article-title>. <source>Theor Appl Climatol</source>, <comment>doi: <ext-link ext-link-type="uri" xlink:href="http://dx.doi.org/10.1007/s00704-014-1358-x" xlink:type="simple">10.1007/s00704-014-1358-x</ext-link></comment></mixed-citation></ref>
<ref id="pone.0131349.ref023"><label>23</label><mixed-citation publication-type="journal" xlink:type="simple"><name name-style="western"><surname>Stommel</surname> <given-names>H</given-names></name>, <name name-style="western"><surname>Arons</surname> <given-names>AB</given-names></name> (<year>1959</year>) <article-title>On the abyssal circulation of the world ocean I</article-title>. <source><italic>Contribution No</italic>. <italic>1023</italic>, Woods Hole Oceanographic Institution</source>: <fpage>140</fpage>–<lpage>154</lpage>.</mixed-citation></ref>
<ref id="pone.0131349.ref024"><label>24</label><mixed-citation publication-type="journal" xlink:type="simple"><name name-style="western"><surname>Stommel</surname> <given-names>H</given-names></name> (<year>1961</year>) <article-title>Thermohaline convection with two stable regimes of flow</article-title>. <source>Tellus</source> <volume>13</volume>: <fpage>224</fpage>–<lpage>230</lpage>.</mixed-citation></ref>
<ref id="pone.0131349.ref025"><label>25</label><mixed-citation publication-type="journal" xlink:type="simple"><name name-style="western"><surname>Hall</surname> <given-names>MM</given-names></name>, <name name-style="western"><surname>Bryden</surname> <given-names>HL</given-names></name> (<year>1982</year>) <article-title>Direct estimates and mechanisms of ocean transport</article-title>. <source>Deep-Sea Res</source> <volume>29</volume>: <fpage>3A</fpage>, <fpage>339</fpage>–<lpage>359</lpage>.</mixed-citation></ref>
<ref id="pone.0131349.ref026"><label>26</label><mixed-citation publication-type="journal" xlink:type="simple"><name name-style="western"><surname>McCarthy</surname> <given-names>GD</given-names></name>, <name name-style="western"><surname>Smeed</surname> <given-names>DA</given-names></name>, <name name-style="western"><surname>Johns</surname> <given-names>WE</given-names></name>, <name name-style="western"><surname>Frajka-Williams</surname> <given-names>E</given-names></name>, <name name-style="western"><surname>Moat</surname> <given-names>BI</given-names></name>, <name name-style="western"><surname>Rayner</surname> <given-names>D</given-names></name> <etal>et al</etal>. (<year>2015</year>) <article-title>Measuring the Atlantic meridional overturning circulation at 26°N</article-title>, <source>Prog Oceanogr</source> <volume>130</volume>:<fpage>91</fpage>–<lpage>111</lpage>, <comment>doi: <ext-link ext-link-type="uri" xlink:href="http://dx.doi.org/10.1016/j.pocean.2014.10.006" xlink:type="simple">10.1016/j.pocean.2014.10.006</ext-link></comment></mixed-citation></ref>
<ref id="pone.0131349.ref027"><label>27</label><mixed-citation publication-type="journal" xlink:type="simple"><name name-style="western"><surname>Knight</surname> <given-names>JR</given-names></name>, <name name-style="western"><surname>Allan</surname> <given-names>RJ</given-names></name>, <name name-style="western"><surname>Folland</surname> <given-names>CK</given-names></name>, <name name-style="western"><surname>Vellinga</surname> <given-names>M</given-names></name>, <name name-style="western"><surname>Mann</surname> <given-names>ME</given-names></name> (<year>2005</year>) <article-title>A signature of persistent natural thermohaline circulation cycles in observed climate</article-title>. <source>Geophys Res Letts</source> <volume>32</volume>: <fpage>L20708</fpage>. <comment>doi: <ext-link ext-link-type="uri" xlink:href="http://dx.doi.org/10.1029/2005GL024233" xlink:type="simple">10.1029/2005GL024233</ext-link></comment></mixed-citation></ref>
<ref id="pone.0131349.ref028"><label>28</label><mixed-citation publication-type="journal" xlink:type="simple"><name name-style="western"><surname>Knight</surname> <given-names>JR</given-names></name> (<year>2009</year>) <article-title>The Atlantic multidecadal oscillation inferred from the forced climate response in coupled general circulation models</article-title>. <source>J Clim</source> <volume>22</volume>: <fpage>1610</fpage>–<lpage>1625</lpage>. <comment>doi: <ext-link ext-link-type="uri" xlink:href="http://dx.doi.org/10.1175/2008JCLI2628.1" xlink:type="simple">10.1175/2008JCLI2628.1</ext-link></comment></mixed-citation></ref>
<ref id="pone.0131349.ref029"><label>29</label><mixed-citation publication-type="journal" xlink:type="simple"><name name-style="western"><surname>Wei</surname> <given-names>W</given-names></name>, <name name-style="western"><surname>Lohmann</surname> <given-names>G</given-names></name> (<year>2012</year>) <article-title>Simulated Atlantic Multidecadal Oscillation during the Holocene</article-title>. <source>J Clim</source> <volume>25</volume>: <fpage>6989</fpage>–<lpage>7002</lpage>. <comment>doi: <ext-link ext-link-type="uri" xlink:href="http://dx.doi.org/10.1175/JCLI-D-11-00667.1" xlink:type="simple">10.1175/JCLI-D-11-00667.1</ext-link></comment></mixed-citation></ref>
<ref id="pone.0131349.ref030"><label>30</label><mixed-citation publication-type="journal" xlink:type="simple"><name name-style="western"><surname>Kurtz</surname> <given-names>BE</given-names></name> (<year>2014</year>) <article-title>An Electrical Analogy Relating the Atlantic Multidecadal Oscillation to the Atlantic Meridional Overturning Circulation</article-title>. <source>PLOS ONE</source> <volume>9</volume>(<issue>6</issue>): <fpage>e100306</fpage>. <comment>doi: <ext-link ext-link-type="uri" xlink:href="http://dx.doi.org/10.1371/journal.pone.0100306" xlink:type="simple">10.1371/journal.pone.0100306</ext-link></comment> <object-id pub-id-type="pmid">24940739</object-id></mixed-citation></ref>
<ref id="pone.0131349.ref031"><label>31</label><mixed-citation publication-type="journal" xlink:type="simple"><name name-style="western"><surname>Mantua</surname> <given-names>NJ</given-names></name>, <name name-style="western"><surname>Hare</surname> <given-names>SR</given-names></name> (<year>2002</year>) <article-title>The Pacific decadal oscillation</article-title>. <source>J Oceanogr</source> <volume>58</volume>:<fpage>35</fpage>–<lpage>44</lpage>.</mixed-citation></ref>
<ref id="pone.0131349.ref032"><label>32</label><mixed-citation publication-type="book" xlink:type="simple"><name name-style="western"><surname>Gentle</surname> <given-names>JE</given-names></name>, <name name-style="western"><surname>Härdle</surname> <given-names>WK</given-names></name>, <name name-style="western"><surname>Mori</surname> <given-names>Y</given-names></name> (<year>2004</year>) <source>Handbook of computational statistics: concepts and methods</source>, <edition>1st Ed.</edition> <publisher-name>Springer</publisher-name>.</mixed-citation></ref>
</ref-list>
</back>
</article>