<?xml version="1.0" encoding="UTF-8"?>
<!DOCTYPE article
  PUBLIC "-//NLM//DTD Journal Publishing DTD v3.0 20080202//EN" "http://dtd.nlm.nih.gov/publishing/3.0/journalpublishing3.dtd">
<article xmlns:mml="http://www.w3.org/1998/Math/MathML" xmlns:xlink="http://www.w3.org/1999/xlink" article-type="correction" dtd-version="3.0" xml:lang="EN">
  <front>
    <journal-meta><journal-id journal-id-type="publisher-id">plos</journal-id><journal-id journal-id-type="publisher">pmed</journal-id><journal-id journal-id-type="flc">plme</journal-id><journal-id journal-id-type="nlm-ta">PLoS Med</journal-id><journal-id journal-id-type="pmc">plosmed</journal-id><!--===== Grouping journal title elements =====--><journal-title-group><journal-title>PLoS Medicine</journal-title></journal-title-group><issn pub-type="ppub">1549-1277</issn><issn pub-type="epub">1549-1676</issn><publisher>
        <publisher-name>Public Library of Science</publisher-name>
        <publisher-loc>San Francisco, USA</publisher-loc>
      </publisher></journal-meta>
    <article-meta><article-id pub-id-type="doi">10.1371/journal.pmed.0030543</article-id><article-id pub-id-type="publisher-id">06-PLME-CN-0877</article-id><article-categories>
        <subj-group subj-group-type="heading">
          <subject>Correction</subject>
        </subj-group>
        <subj-group subj-group-type="Discipline">
          <subject>Anesthesiology and Pain Management</subject>
          <subject>Critical Care and Emergency Medicine</subject>
          <subject>Infectious Diseases</subject>
        </subj-group>
        <subj-group subj-group-type="System Taxonomy">
          <subject>Clinical trials</subject>
          <subject>Critical Care / Intensive Care</subject>
          <subject>Evidence Based Practice</subject>
          <subject>Guidelines</subject>
          <subject>Infectious Diseases</subject>
        </subj-group>
      </article-categories><title-group><article-title>Correction: Is the Current Management of Severe Sepsis and Septic Shock Really Evidence Based?</article-title><alt-title alt-title-type="running-head">Correction</alt-title></title-group><contrib-group>
        <contrib contrib-type="author" xlink:type="simple">
          <name name-style="western">
            <surname>Vincent</surname>
            <given-names>Jean-Louis</given-names>
          </name>
        </contrib>
      </contrib-group><pub-date pub-type="ppub">
        <month>12</month>
        <year>2006</year>
      </pub-date><pub-date pub-type="epub">
        <day>26</day>
        <month>12</month>
        <year>2006</year>
      </pub-date><volume>3</volume><issue>12</issue><elocation-id>e543</elocation-id><!--===== Grouping copyright info into permissions =====--><permissions><copyright-year>2006</copyright-year><license><license-p>This is an open-access article distributed under the terms of the Creative Commons Attribution License, which permits unrestricted use, distribution, and reproduction in any medium, provided the original author and source are credited.</license-p></license></permissions><related-article page="e346" related-article-type="corrected-article" vol="3" xlink:href="info:doi/10.1371/journal.pmed.0030346" xlink:title="Policy Forum" xlink:type="simple">
				<article-title>Is the Current Management of Severe Sepsis and Septic Shock Really Evidence Based?</article-title>
			</related-article><counts>
        <page-count count="1"/>
      </counts><!--===== Restructure custom-meta-wrap to custom-meta-group =====--><custom-meta-group>
        <custom-meta>
          <meta-name>citation</meta-name>
          <meta-value>(2006) Correction: Is the current management of severe sepsis and septic shock really evidence based? PLoS Med 3(12): e543. doi:<ext-link ext-link-type="doi" xlink:href="http://dx.doi.org/10.1371/journal.pmed.0030543" xlink:type="simple">10.1371/journal.pmed.0030543</ext-link></meta-value>
        </custom-meta>
      </custom-meta-group></article-meta>
  </front>
  <body>
    <sec id="s1">
      <title/>
      <p>In <italic>PLoS Medicine</italic>, volume 3, issue 9: doi:<ext-link ext-link-type="doi" xlink:href="http://dx.doi.org/10.1371/journal.pmed.0030346" xlink:type="simple">10.1371/journal.pmed.0030346</ext-link></p>
      <p>The competing interests statement was incomplete and should have read: “Jean-Louis Vincent is the current chairman of the International Sepsis Forum, and a member of the steering committee of the Surviving Sepsis Campaign. His personal views do not necessarily reflect those of the other members of these committees. The Surviving Sepsis Campaign has received funding from Eli Lilly, Baxter, and Edwards. The International Sepsis Forum is currently sponsored by bioMérieux, Biosite, Brahms Diagnostics, EBI, Eli Lilly Corporation, Eisai Global Clinical Development, GlaxoSmithKline, Novo Nordisk, Roche Diagnostics, Spectral Diagnostics, Takeda, and Toray. The author declares that he has received grants and/or honorariums from AstraZeneca, Baxter, bioMérieux, Biosite, Brahms Diagnostics, Edwards LifeSciences, Eli Lilly Corporation, Eisai Global Clinical Development, GlaxoSmithKline, Novo Nordisk, Spectral Diagnostics, Takeda, Toray, and Wyeth.”</p>
    </sec>
  </body>
</article>