<?xml version="1.0" encoding="UTF-8"?>
<!DOCTYPE article
  PUBLIC "-//NLM//DTD Journal Publishing DTD v3.0 20080202//EN" "http://dtd.nlm.nih.gov/publishing/3.0/journalpublishing3.dtd">
<article xmlns:mml="http://www.w3.org/1998/Math/MathML" xmlns:xlink="http://www.w3.org/1999/xlink" article-type="research-article" dtd-version="3.0" xml:lang="EN"><front><journal-meta><journal-id journal-id-type="nlm-ta">PLoS ONE</journal-id><journal-id journal-id-type="publisher-id">plos</journal-id><journal-id journal-id-type="pmc">plosone</journal-id><!--===== Grouping journal title elements =====--><journal-title-group><journal-title>PLoS ONE</journal-title></journal-title-group><issn pub-type="epub">1932-6203</issn><publisher><publisher-name>Public Library of Science</publisher-name><publisher-loc>San Francisco, USA</publisher-loc></publisher></journal-meta><article-meta><article-id pub-id-type="publisher-id">07-PONE-RA-02736R1</article-id><article-id pub-id-type="doi">10.1371/journal.pone.0002198</article-id><article-categories><subj-group subj-group-type="heading"><subject>Research Article</subject></subj-group><subj-group subj-group-type="Discipline"><subject>Infectious Diseases</subject><subject>Chemistry/Physical, Inorganic, and Analytical Chemistry</subject><subject>Ecology/Behavioral Ecology</subject><subject>Infectious Diseases/Epidemiology and Control of Infectious Diseases</subject><subject>Public Health and Epidemiology/Epidemiology</subject><subject>Public Health and Epidemiology/Infectious Diseases</subject></subj-group></article-categories><title-group><article-title>Stable Isotope Analysis Can Potentially Identify Completely-Digested Bloodmeals in Mosquitoes</article-title><alt-title alt-title-type="running-head">Bloodmeal Identification</alt-title></title-group><contrib-group><contrib contrib-type="author" xlink:type="simple"><name name-style="western"><surname>Rasgon</surname><given-names>Jason L.</given-names></name><xref ref-type="aff" rid="aff1"/><xref ref-type="corresp" rid="cor1"><sup>*</sup></xref></contrib></contrib-group><aff id="aff1">          <addr-line>The W. Harry Feinstone Department of Molecular Microbiology and Immunology, and the Johns Hopkins Malaria Research Institute, Bloomberg School of Public Health, Johns Hopkins University, Baltimore, Maryland, United States of America</addr-line>       </aff><contrib-group><contrib contrib-type="editor" xlink:type="simple"><name name-style="western"><surname>Hay</surname><given-names>Simon I.</given-names></name><role>Editor</role><xref ref-type="aff" rid="edit1"/></contrib></contrib-group><aff id="edit1">University of Oxford, United Kingdom</aff><author-notes><corresp id="cor1">* E-mail: <email xlink:type="simple">jrasgon@jhsph.edu</email></corresp><fn fn-type="con"><p>Conceived and designed the experiments: JR. Performed the experiments: JR. Analyzed the data: JR. Wrote the paper: JR.</p></fn><fn fn-type="conflict"><p>The author has declared that no competing interests exist.</p></fn></author-notes><pub-date pub-type="collection"><year>2008</year></pub-date><pub-date pub-type="epub"><day>21</day><month>5</month><year>2008</year></pub-date><volume>3</volume><issue>5</issue><elocation-id>e2198</elocation-id><history><date date-type="received"><day>12</day><month>11</month><year>2007</year></date><date date-type="accepted"><day>11</day><month>4</month><year>2008</year></date></history><!--===== Grouping copyright info into permissions =====--><permissions><copyright-year>2008</copyright-year><copyright-holder>Jason Rasgon</copyright-holder><license><license-p>This is an open-access article distributed under the terms of the Creative Commons Attribution License, which permits unrestricted use, distribution, and reproduction in any medium, provided the original author and source are credited.</license-p></license></permissions><abstract><sec><title>Background</title><p>Vertebrate bloodfeeding is a critical component of a mosquito's ability to transmit pathogens that cause diseases such as malaria, dengue fever and viral encephalitis. Due to degradation by the digestive process, current methods to identify mosquito bloodmeal sources are only useful for approximately 36 hours post-feeding. A critical need exists for technologies to extend this window and gain a more complete picture of mosquito feeding behavior for epidemiological studies. Stable isotopes are useful for investigating organism feeding behavior because the isotopic ratio of an organism's tissues reflects that of the material it ingests.</p></sec><sec><title>Methodology/Principal Findings</title><p>Proof-of-principle data indicates that after bloodfeeding, <italic>Aedes albopictus</italic> mosquitoes acquire diagnostic Carbon and Nitrogen stable isotope profiles from their vertebrate hosts that can be accurately identified one week post-feeding, approximately 4 days after the entire bloodmeal has been digested. Total C/N ratio served as a biomarker marker for bloodfeeding (<italic>P</italic>&lt;0.02), while δN was the most informative variable which could distinguish between unfed, chicken-fed and human-fed mosquitoes (<italic>P</italic>&lt;0.01). By plotting C/N vs. δN, all feeding treatments could be identified in a double-blind analysis.</p></sec><sec><title>Conclusions/Significance</title><p>These proof-of-principle experiments indicate that analysis of stable isotopes can be used to distinguish bloodfed from unfed mosquitoes, and also distinguish between different vertebrate bloodmeal sources even after all blood has been digested. The development of stable isotope-based assays for mosquito bloodmeal identification may be a powerful tool to investigate mosquito feeding ecology and the dynamics of vector-borne pathogens.</p></sec></abstract><funding-group><funding-statement>Funding was provided by the Johns Hopkins Malaria Research Institute.</funding-statement></funding-group><counts><page-count count="3"/></counts></article-meta></front><body><sec id="s1"><title>Introduction</title><p>Re-emerging vector-borne diseases, such as malaria, dengue and West Nile viral encephalopathy are a significant public health threat. For example, human malaria, caused by 4 protozoan parasites in the genus <italic>Plasmodium</italic>, infects up to 500 million people per year and is responsible for almost 3 million deaths annually <xref ref-type="bibr" rid="pone.0002198-Snow1">[1]</xref>. Dengue viral infections cause more human morbidity and mortality than any other arthropod-borne virus disease <xref ref-type="bibr" rid="pone.0002198-Monath1">[2]</xref>, <xref ref-type="bibr" rid="pone.0002198-Kuno1">[3]</xref>. Since its introduction in 1999, West Nile Virus (WNV) has spread completely across the contiguous United States and has been responsible for over 20,000 confirmed human cases with over 1,000 deaths <xref ref-type="bibr" rid="pone.0002198-CDC1">[4]</xref>.</p><p>Vector-borne pathogens are dependent on vector insects for propagation from one vertebrate host to the next. Vector insects usually acquire these pathogens from feeding on an infected host, and transmit the pathogen to a naive host during subsequent feeding events. Mosquito bloodfeeding behavior is a very significant component of pathogen transmission and determinant of disease epidemiology. The tendency for certain mosquito vectors to feed primarily on humans is also a major factor driving the transmission of dengue and malaria <xref ref-type="bibr" rid="pone.0002198-Dye1">[5]</xref>. It is important to accurately identify the sources of mosquito bloodmeals to determine if mosquitoes are feeding on epidemiologically relevant hosts. This information can be used to selectively target control efforts to epidemiologically relevant vector species and to conduct proactive risk assessment on the vector potential of mosquito populations prior to pathogen introduction. In addition, one would like to identify mosquitoes that feed on multiple host types. Mosquitoes that tend to feed on multiple host species have the potential to act as bridge vectors, occasionally transferring pathogens from the reservoir host/maintenance cycle to humans or domestic animals. For example, West Nile Virus (WNV) is primarily an infection of birds, but can be transferred to humans or horses by mosquitoes that feed on both birds and mammals <xref ref-type="bibr" rid="pone.0002198-Andreadis1">[6]</xref>–<xref ref-type="bibr" rid="pone.0002198-Sardelis1">[10]</xref>.</p><p>Historically, immunological techniques such as hemagglutination or ELISA have been used to identify the vertebrate species that the mosquitoes fed upon <xref ref-type="bibr" rid="pone.0002198-Beier1">[11]</xref>–<xref ref-type="bibr" rid="pone.0002198-Tempelis1">[14]</xref>. Recently, the more sensitive polymerase chain reaction (PCR) has been used for identifying the species and/or individual upon whom the mosquito fed <xref ref-type="bibr" rid="pone.0002198-Boakye1">[15]</xref>–<xref ref-type="bibr" rid="pone.0002198-Mukabana1">[19]</xref>. While these methods are useful for studying mosquito bloodfeeding behavior, they all depend on the presence of undigested blood in the mosquito midgut. As such, they have a very narrow window in which they can be utilized. After approximately 36 hours, the bloodmeal is sufficiently digested to make identification by immunological or PCR-based techniques highly problematic <xref ref-type="bibr" rid="pone.0002198-ChowShaffer1">[16]</xref>. To accurately study mosquito bloodfeeding behavior, one would like a method to identify vertebrate bloodmeal sources even when no detectable blood remains in the mosquito.</p><p>Different isotopes of an element have different numbers of neutrons and hence, a different atomic mass. For example, the most abundant carbon isotopes are carbon-12 (<sup>12</sup>C) containing 6 protons, 6 electrons and 6 neutrons; carbon-13 (<sup>13</sup>C), containing 6 protons, 6 electrons and 7 neutrons; and carbon-14 (<sup>14</sup>C), containing 6 protons, 6 electrons and 8 neutrons. Too many or too few neutrons cause some isotopes to be unstable (<sup>14</sup>C for example), and these ultimately form stable products by radiodecay. Other isotopes which have stable combinations of neutrons and protons (e.g. <sup>12</sup>C and <sup>13</sup>C) do not decay, and are referred to as stable isotopes. Stable isotopes in biological samples are can be analyzed by gas isotope-ratio mass spectroscopy, in which samples are burned, converted into a gas, ionized, and separated in a magnetic field according to their mass. The intensity of each mass-sorted ion beam is then measured, allowing for quantification of isotope values <xref ref-type="bibr" rid="pone.0002198-Wada1">[20]</xref>–<xref ref-type="bibr" rid="pone.0002198-Werner1">[21]</xref>.</p><p>Stable isotopes of carbon, nitrogen, sulfur, oxygen, and hydrogen are most commonly analyzed for ecological research. Studies have shown that the stable isotopic ratio of an organism's tissues reflects the isotopic ratio of the material it ingests (by eating, drinking or breathing). One can thus compare the isotopic ratio of an organism and make inferences about what it has ingested <xref ref-type="bibr" rid="pone.0002198-Wada1">[20]</xref>, <xref ref-type="bibr" rid="pone.0002198-GayeSiessegger1">[22]</xref>–<xref ref-type="bibr" rid="pone.0002198-Iko1">[25]</xref>. If stable isotope analysis protocols were developed to address questions directly related to mosquito feeding behavior, it might be possible to qualitatively and quantitatively reconstruct the lifetime feeding history of individual wild-caught mosquitoes. In this paper, we demonstrate in proof-of-principle experiments that stable isotope analysis can be used to identify the vertebrate source of mosquito bloodmeals after complete digestion.</p></sec><sec id="s2"><title>Results</title><p>Analysis of stable isotopes was able to distinguish between feeding treatments (<xref ref-type="fig" rid="pone-0002198-g001">Figure 1</xref>). Five-day-old mated adult female <italic>Aedes albopictus</italic> (Houston strain) mosquitoes were either held without being bloodfed (Un; unfed), or allowed to feed for 15 minutes on a lightly-restrained chick (Ch; chicken) or on the arm of the author (Hu; human). Mosquitoes were held for one week to allow for complete digestion of the bloodmeal, after which they were placed in ethanol, coded and analyzed for 5 variables: (δN, δC, %N, %C and C/N) in a double-blind manner (see <xref ref-type="sec" rid="s4">Materials and Methods</xref> for details). Wilks'-Lambda multivariate analysis of variance (MANOVA) indicated that stable isotope profiles of at least one feeding treatment differed significantly (<italic>P</italic>&lt;0.0001). Fishers PLSD pairwise comparisons indicated that there were significant differences among feeding treatments for δN (Ch vs. Hu, <italic>P</italic>&lt;0.0001; Ch vs. Un, <italic>P</italic> = 0.0035; Hu vs. Un, <italic>P</italic> = 0.0082), %N (Ch vs. Un, <italic>P</italic> = 0.0058), and C/N (Ch vs. Un, <italic>P</italic> = 0.0088; Hu vs. Un, <italic>P</italic> = 0.0106). C/N ratio can distinguish between bloodfed and unfed mosquitoes but not between host types and is thus potentially useful as a biomarker for bloodfeeding. δN was the most informative variable and could distinguish unfed, chicken-fed and human-fed mosquitoes. By plotting C/N vs. δN, good discrimination between all three treatments was observed (<xref ref-type="fig" rid="pone-0002198-g001">Fig. 1</xref>).</p><fig id="pone-0002198-g001" position="float"><object-id pub-id-type="doi">10.1371/journal.pone.0002198.g001</object-id><label>Figure 1</label><caption><title>Plot of C/N ratio vs. δN for feeding treatments.</title><p><italic>N</italic> = 10 mosquitoes/treatment. Plots are sample means±95% confidence intervals.</p></caption><graphic mimetype="image" position="float" xlink:href="info:doi/10.1371/journal.pone.0002198.g001" xlink:type="simple"/></fig></sec><sec id="s3"><title>Discussion</title><p>These proof-of-principle experiments indicate that analysis of stable isotopes can be used to distinguish bloodfed from unfed mosquitoes, and also distinguish between different vertebrate bloodmeal sources even after all blood has been digested. In this preliminary study, 2 different host types were examined at a single time-point for 2 isotopes. Field situations will likely be more complicated, with multiple potential hosts present in the environment. Analysis of other isotopes (such as Hydrogen, Oxygen or Sulfur) may improve the resolution of bloodmeal identification, especially in situations of many potential host species. Initial stable isotope profiling will have to be performed against all potential hosts, and temporal-spatial variation in stable isotope profiles within populations and within individual mosquitoes taken into account. Multiple or sequential bloodfeeding events may also complicate profiles, and should be investigated. It should be noted that these limitations are not unique to stable isotope-based profiling techniques, but are important for other bloodmeal identification assays such as PCR.</p><p>For complex feeding systems, it may be beyond the resolution of stable isotope profiling to unambiguously resolve all hosts. While stable isotope profiling is more sensitive than PCR in identifying digested bloodmeals, it is likely less specific. To gain the most complete picture of mosquito feeding habits, stable isotope profiling would be best used in concert with PCR, with PCR utilized on fresh bloodmeals to gain a snapshot picture of present feeding habits, and stable isotopes utilized on specimens unsuitable for PCR (such as gravid individuals or mosquitoes with digested or no observable bloodmeal) to reconstruct the history of previous feeding events.</p><p>Because collected mosquitoes can be simply placed into ethanol and stored until processed, stable isotope analysis may be useful for those working under field conditions in developing countries. If outsourcing analysis to a commercial laboratory, ethanol-preserved samples can be directly shipped to the laboratory to be processed onsite. Samples can also be processed by the investigators if a good microbalance is available to accurately weigh specimens–samples are simply removed from the ethanol, dried, weighed, ground and placed into tin capsules. Costs can range from $4–$30 per sample, depending on whether the investigators analyze the samples themselves or outsource analysis, the amount of sample processing performed by the investigator in the case of outsourcing (drying, weighing, grinding, and/or encapsulation), the specific isotopes examined and the number of samples analyzed.</p><p>The successful development of stable isotope-based assays for identification of mosquito bloodmeals has the potential to be a powerful new tool to study vector bloodfeeding ecology. One validated under field conditions, this technique will stimulate novel efforts to address critical questions related to mosquito ecology, feeding behavior and the dynamics of vector-borne pathogens.</p></sec><sec id="s4"><title>Materials and Methods</title><sec id="s4a"><title>Mosquitoes</title><p>The <italic>Aedes albopictus</italic> Houston strain was used for experiments. Mosquito colonies were reared in 30 cm cubic screen cages in a walk-in insectary at 27°C, 90% RH on a 16∶8 hr light∶dark cycle. Larvae were fed a 1∶2∶2 mix of ground fish food (Tetramix), rabbit pellets and bovine liver powder. Adult mosquitoes were allowed access to a cotton pad soaked in 10% sucrose solution as a carbohydrate source.</p></sec><sec id="s4b"><title>Feeding</title><p>After emergence, adult mosquitoes were allowed to mate for 5 days, after which they were either held without being bloodfed (Un; unfed), or allowed to feed for 15 minutes on a lightly-restrained chick (Ch; chicken) (protocol AV04H369) or on the arm of the author (Hu human) according to established informed consent procedures. After bloodfeeding, engorged mosquitoes were separated and held for an additional 7 days to allow for complete digestion of the bloodmeal. Unfed mosquitoes were held for a similar amount of time. Fed mosquitoes were analyzed as gravid females to maximize the probability of detecting deposited isotopes in tissues. After one week, mosquitoes were placed into 100% ethanol for 2 weeks.</p></sec><sec id="s4c"><title>Sample analysis</title><p>All samples were coded by a third party and analyzed in a double-blind manner. Samples were removed from ethanol, dried, ground, weighed and placed into tin analysis capsules (Costech Analytical Inc.). Samples were analyzed using a Thermo Finnigan DELTA<sup>plus</sup> Advantage gas isotope-ratio mass spectrometer configured with a CONFLO III for automated continuous-flow analysis using a Carlo Erba NC2100 Elemental Analyzer (Thermo Electron Corporation). For each sample, data were collected for 5 variables: δN, δC, %N, %C and C/N. Data were normalized using internationally-accepted isotope standards: Air for Nitrogen and Vienna Peedee Belemnite for Carbon. Stable isotope ratios were expressed in δ notation as parts per thousand deviations according to the equation<disp-formula><graphic mimetype="image" position="float" xlink:href="info:doi/10.1371/journal.pone.0002198.e001" xlink:type="simple"/><label>(1)</label></disp-formula>Where <italic>Y</italic> is the element of interest (N or C) and <italic>R</italic> is the corresponding ratio of <sup>15</sup>N∶<sup>14</sup>N or <sup>13</sup>C∶<sup>12</sup>C.</p></sec><sec id="s4d"><title>Statistical analysis</title><p>Because the dependent variables (δN, δC, %N, %C and C/N) may be correlated, significant differences between feeding treatments were assessed by multivariate analysis of variance (MANOVA). Significance of individual factors was assessed by individual analysis of variance (ANOVA) tests. For significantly-different factors, pair-wise differences between treatments were determined by Fisher's Protected Least Significant Difference (PLSD).</p></sec></sec></body><back><ack><p>We thank Laura Harrington for discussions that stimulated this research, Stephen Dobson for kindly providing the mosquito strain used in these experiments, the Colorado Plateau Stable Isotope Laboratory for assistance with specimen analysis and Gerry Killeen and an anonymous reviewer for comments that significantly improved the manuscript.</p></ack><ref-list><title>References</title><ref id="pone.0002198-Snow1"><label>1</label><element-citation publication-type="journal" xlink:type="simple">             <person-group person-group-type="author"><name name-style="western"><surname>Snow</surname><given-names>RW</given-names></name><name name-style="western"><surname>Guerra</surname><given-names>CA</given-names></name><name name-style="western"><surname>Noor</surname><given-names>AM</given-names></name><name name-style="western"><surname>Myint</surname><given-names>HY</given-names></name><name name-style="western"><surname>Hay</surname><given-names>SI</given-names></name></person-group>             <year>2005</year>             <article-title>The global distribution of clinical episodes of <italic>Plasmodium falciparum</italic> malaria.</article-title>             <source>Nature</source>             <volume>434</volume>             <fpage>214</fpage>             <lpage>217</lpage>          </element-citation></ref><ref id="pone.0002198-Monath1"><label>2</label><element-citation publication-type="journal" xlink:type="simple">             <person-group person-group-type="author"><name name-style="western"><surname>Monath</surname><given-names>TP</given-names></name></person-group>             <year>1994</year>             <article-title>Dengue: the risk to developed and developing countries.</article-title>             <source>Proc Natl Acad Sci USA</source>             <volume>91</volume>             <fpage>2395</fpage>             <lpage>2400</lpage>          </element-citation></ref><ref id="pone.0002198-Kuno1"><label>3</label><element-citation publication-type="journal" xlink:type="simple">             <person-group person-group-type="author"><name name-style="western"><surname>Kuno</surname><given-names>G</given-names></name></person-group>             <year>1995</year>             <article-title>Review of the factors modulating dengue transmission.</article-title>             <source>Epidemiol Rev</source>             <volume>17</volume>             <fpage>321</fpage>             <lpage>335</lpage>          </element-citation></ref><ref id="pone.0002198-CDC1"><label>4</label><element-citation publication-type="journal" xlink:type="simple">             <collab xlink:type="simple">CDC</collab>             <year>2007</year>             <comment><ext-link ext-link-type="uri" xlink:href="http://www.cdc.gov/ncidod/dvbid/westnile" xlink:type="simple">http://www.cdc.gov/ncidod/dvbid/westnile</ext-link>. Accessed 2007 Nov 12</comment>          </element-citation></ref><ref id="pone.0002198-Dye1"><label>5</label><element-citation publication-type="journal" xlink:type="simple">             <person-group person-group-type="author"><name name-style="western"><surname>Dye</surname><given-names>C</given-names></name></person-group>             <year>1992</year>             <article-title>The analysis of parasite transmission by blood-sucking insects.</article-title>             <source>Annu Rev Entomol</source>             <volume>37</volume>             <fpage>1</fpage>             <lpage>19</lpage>          </element-citation></ref><ref id="pone.0002198-Andreadis1"><label>6</label><element-citation publication-type="journal" xlink:type="simple">             <person-group person-group-type="author"><name name-style="western"><surname>Andreadis</surname><given-names>TG</given-names></name><name name-style="western"><surname>Anderson</surname><given-names>JF</given-names></name><name name-style="western"><surname>Vossbrinck</surname><given-names>CR</given-names></name><name name-style="western"><surname>Main</surname><given-names>AJ</given-names></name></person-group>             <year>2004</year>             <article-title>Epidemiology of West Nile virus in Connecticut: a five-year analysis of mosquito data 1999–2003.</article-title>             <source>Vector Borne Zoonotic Dis</source>             <volume>4</volume>             <fpage>360</fpage>             <lpage>378</lpage>          </element-citation></ref><ref id="pone.0002198-Gratz1"><label>7</label><element-citation publication-type="journal" xlink:type="simple">             <person-group person-group-type="author"><name name-style="western"><surname>Gratz</surname><given-names>NG</given-names></name></person-group>             <year>2004</year>             <article-title>Critical review of the vector status of <italic>Aedes albopictus</italic>.</article-title>             <source>Med Vet Entomol</source>             <volume>18</volume>             <fpage>215</fpage>             <lpage>227</lpage>          </element-citation></ref><ref id="pone.0002198-Kilpatrick1"><label>8</label><element-citation publication-type="journal" xlink:type="simple">             <person-group person-group-type="author"><name name-style="western"><surname>Kilpatrick</surname><given-names>AM</given-names></name><name name-style="western"><surname>Kramer</surname><given-names>LD</given-names></name><name name-style="western"><surname>Campbell</surname><given-names>SR</given-names></name><name name-style="western"><surname>Alleyne</surname><given-names>EO</given-names></name><name name-style="western"><surname>Dobson</surname><given-names>AP</given-names></name><etal/></person-group>             <year>2005</year>             <article-title>West Nile virus risk assessment and the bridge vector paradigm.</article-title>             <source>Emerg Infect Dis</source>             <volume>11</volume>             <fpage>425</fpage>             <lpage>429</lpage>          </element-citation></ref><ref id="pone.0002198-Kutz1"><label>9</label><element-citation publication-type="journal" xlink:type="simple">             <person-group person-group-type="author"><name name-style="western"><surname>Kutz</surname><given-names>FW</given-names></name><name name-style="western"><surname>Wade</surname><given-names>TG</given-names></name><name name-style="western"><surname>Pagac</surname><given-names>BB</given-names></name></person-group>             <year>2003</year>             <article-title>A geospatial study of the potential of two exotic species of mosquitoes to impact the epidemiology of West Nile virus in Maryland.</article-title>             <source>J Am Mosq Control Assoc</source>             <volume>19</volume>             <fpage>190</fpage>             <lpage>198</lpage>          </element-citation></ref><ref id="pone.0002198-Sardelis1"><label>10</label><element-citation publication-type="journal" xlink:type="simple">             <person-group person-group-type="author"><name name-style="western"><surname>Sardelis</surname><given-names>MR</given-names></name><name name-style="western"><surname>Turell</surname><given-names>MJ</given-names></name><name name-style="western"><surname>O'Guinn</surname><given-names>ML</given-names></name><name name-style="western"><surname>Andre</surname><given-names>RG</given-names></name><name name-style="western"><surname>Roberts</surname><given-names>DR</given-names></name></person-group>             <year>2002</year>             <article-title>Vector competence of three North American strains of <italic>Aedes albopictus</italic> for West Nile virus.</article-title>             <source>J Am Mosq Control Assoc</source>             <volume>18</volume>             <fpage>284</fpage>             <lpage>289</lpage>          </element-citation></ref><ref id="pone.0002198-Beier1"><label>11</label><element-citation publication-type="journal" xlink:type="simple">             <person-group person-group-type="author"><name name-style="western"><surname>Beier</surname><given-names>JC</given-names></name><name name-style="western"><surname>Perkins</surname><given-names>PV</given-names></name><name name-style="western"><surname>Wirtz</surname><given-names>RA</given-names></name><name name-style="western"><surname>Koros</surname><given-names>J</given-names></name><name name-style="western"><surname>Diggs</surname><given-names>D</given-names></name><etal/></person-group>             <year>1988</year>             <article-title>Bloodmeal identification by direct enzyme-linked immunosorbent assay (ELISA), tested on <italic>Anopheles</italic> (Diptera: Culicidae) in Kenya.</article-title>             <source>J Med Entomol</source>             <volume>25</volume>             <fpage>9</fpage>             <lpage>16</lpage>          </element-citation></ref><ref id="pone.0002198-Chow1"><label>12</label><element-citation publication-type="journal" xlink:type="simple">             <person-group person-group-type="author"><name name-style="western"><surname>Chow</surname><given-names>E</given-names></name><name name-style="western"><surname>Wirtz</surname><given-names>RA</given-names></name><name name-style="western"><surname>Scott</surname><given-names>TW</given-names></name></person-group>             <year>1993</year>             <article-title>Identification of blood meals in <italic>Aedes aegypti</italic> by antibody sandwich enzyme-linked immunosorbent assay.</article-title>             <source>J Am Mosq Control Assoc</source>             <volume>9</volume>             <fpage>196</fpage>             <lpage>205</lpage>          </element-citation></ref><ref id="pone.0002198-Gomes1"><label>13</label><element-citation publication-type="journal" xlink:type="simple">             <person-group person-group-type="author"><name name-style="western"><surname>Gomes</surname><given-names>LA</given-names></name><name name-style="western"><surname>Duarte</surname><given-names>R</given-names></name><name name-style="western"><surname>Lima</surname><given-names>DC</given-names></name><name name-style="western"><surname>Diniz</surname><given-names>BS</given-names></name><name name-style="western"><surname>Serrao</surname><given-names>ML</given-names></name><etal/></person-group>             <year>2001</year>             <article-title>Comparison between precipitin and ELISA tests in the bloodmeal detection of <italic>Aedes aegypti</italic> (Linnaeus) and <italic>Aedes fluviatilis</italic> (Lutz) mosquitoes experimentally fed on feline, canine and human hosts.</article-title>             <source>Mem Inst Oswaldo Cruz</source>             <volume>96</volume>             <fpage>693</fpage>             <lpage>695</lpage>          </element-citation></ref><ref id="pone.0002198-Tempelis1"><label>14</label><element-citation publication-type="journal" xlink:type="simple">             <person-group person-group-type="author"><name name-style="western"><surname>Tempelis</surname><given-names>CH</given-names></name><name name-style="western"><surname>Lofy</surname><given-names>MF</given-names></name></person-group>             <year>1963</year>             <article-title>A Modified precipitin method for identification of mosquito bloodmeals.</article-title>             <source>Am J Trop Med Hyg</source>             <volume>12</volume>             <fpage>825</fpage>             <lpage>831</lpage>          </element-citation></ref><ref id="pone.0002198-Boakye1"><label>15</label><element-citation publication-type="journal" xlink:type="simple">             <person-group person-group-type="author"><name name-style="western"><surname>Boakye</surname><given-names>DA</given-names></name><name name-style="western"><surname>Tang</surname><given-names>J</given-names></name><name name-style="western"><surname>Truc</surname><given-names>P</given-names></name><name name-style="western"><surname>Merriweather</surname><given-names>A</given-names></name><name name-style="western"><surname>Unnasch</surname><given-names>TR</given-names></name></person-group>             <year>1999</year>             <article-title>Identification of bloodmeals in haematophagous Diptera by cytochrome B heteroduplex analysis.</article-title>             <source>Med Vet Entomol</source>             <volume>13</volume>             <fpage>282</fpage>             <lpage>287</lpage>          </element-citation></ref><ref id="pone.0002198-ChowShaffer1"><label>16</label><element-citation publication-type="journal" xlink:type="simple">             <person-group person-group-type="author"><name name-style="western"><surname>Chow-Shaffer</surname><given-names>E</given-names></name><name name-style="western"><surname>Sina</surname><given-names>B</given-names></name><name name-style="western"><surname>Hawley</surname><given-names>WA</given-names></name><name name-style="western"><surname>De Benedictis</surname><given-names>J</given-names></name><name name-style="western"><surname>Scott</surname><given-names>TW</given-names></name></person-group>             <year>2000</year>             <article-title>Laboratory and field evaluation of polymerase chain reaction-based forensic DNA profiling for use in identification of human blood meal sources of <italic>Aedes aegypti</italic> (Diptera: Culicidae).</article-title>             <source>J Med Entomol</source>             <volume>37</volume>             <fpage>492</fpage>             <lpage>502</lpage>          </element-citation></ref><ref id="pone.0002198-Lee1"><label>17</label><element-citation publication-type="journal" xlink:type="simple">             <person-group person-group-type="author"><name name-style="western"><surname>Lee</surname><given-names>JH</given-names></name><name name-style="western"><surname>Hassan</surname><given-names>H</given-names></name><name name-style="western"><surname>Hill</surname><given-names>G</given-names></name><name name-style="western"><surname>Cupp</surname><given-names>EW</given-names></name><name name-style="western"><surname>Higazi</surname><given-names>TB</given-names></name><etal/></person-group>             <year>2002</year>             <article-title>Identification of mosquito avian-derived blood meals by polymerase chain reaction-heteroduplex analysis.</article-title>             <source>Am J Trop Med Hyg</source>             <volume>66</volume>             <fpage>599</fpage>             <lpage>604</lpage>          </element-citation></ref><ref id="pone.0002198-Kent1"><label>18</label><element-citation publication-type="journal" xlink:type="simple">             <person-group person-group-type="author"><name name-style="western"><surname>Kent</surname><given-names>RJ</given-names></name><name name-style="western"><surname>Norris</surname><given-names>DE</given-names></name></person-group>             <year>2006</year>             <article-title>Identification of mammalian blood meals in mosquitoes by a multiplexed polymerase chain reaction targeting cytochrome B.</article-title>             <source>Am J Trop Med Hyg</source>             <volume>73</volume>             <fpage>336</fpage>             <lpage>342</lpage>          </element-citation></ref><ref id="pone.0002198-Mukabana1"><label>19</label><element-citation publication-type="journal" xlink:type="simple">             <person-group person-group-type="author"><name name-style="western"><surname>Mukabana</surname><given-names>WR</given-names></name><name name-style="western"><surname>Takken</surname><given-names>W</given-names></name><name name-style="western"><surname>Knols</surname><given-names>BG</given-names></name></person-group>             <year>2002</year>             <article-title>Analysis of arthropod bloodmeals using molecular genetic markers.</article-title>             <source>Trends Parasitol</source>             <volume>18</volume>             <fpage>505</fpage>             <lpage>509</lpage>          </element-citation></ref><ref id="pone.0002198-Wada1"><label>20</label><element-citation publication-type="journal" xlink:type="simple">             <person-group person-group-type="author"><name name-style="western"><surname>Wada</surname><given-names>E</given-names></name><name name-style="western"><surname>Mizutani</surname><given-names>H</given-names></name><name name-style="western"><surname>Minagawa</surname><given-names>M</given-names></name></person-group>             <year>1991</year>             <article-title>The use of stable isotopes for food web analysis.</article-title>             <source>Crit Rev Food Sci Nutr</source>             <volume>30</volume>             <fpage>361</fpage>             <lpage>371</lpage>          </element-citation></ref><ref id="pone.0002198-Werner1"><label>21</label><element-citation publication-type="journal" xlink:type="simple">             <person-group person-group-type="author"><name name-style="western"><surname>Werner</surname><given-names>RA</given-names></name><name name-style="western"><surname>Brand</surname><given-names>WA</given-names></name></person-group>             <year>2001</year>             <article-title>Referencing strategies and techniques in stable isotope ratio analysis.</article-title>             <source>Rapid Comm Mass Spectro</source>             <volume>15</volume>             <fpage>501</fpage>             <lpage>519</lpage>          </element-citation></ref><ref id="pone.0002198-GayeSiessegger1"><label>22</label><element-citation publication-type="journal" xlink:type="simple">             <person-group person-group-type="author"><name name-style="western"><surname>Gaye-Siessegger</surname><given-names>J</given-names></name><name name-style="western"><surname>Focken</surname><given-names>U</given-names></name><name name-style="western"><surname>Muetzel</surname><given-names>S</given-names></name><name name-style="western"><surname>Abel</surname><given-names>H</given-names></name><name name-style="western"><surname>Becker</surname><given-names>K</given-names></name></person-group>             <year>2004</year>             <article-title>Feeding level and individual metabolic rate affect delta 13C and delta 15N values in carp: implications for food web studies.</article-title>             <source>Oecologia</source>             <volume>138</volume>             <fpage>175</fpage>             <lpage>183</lpage>          </element-citation></ref><ref id="pone.0002198-Grupe1"><label>23</label><element-citation publication-type="journal" xlink:type="simple">             <person-group person-group-type="author"><name name-style="western"><surname>Grupe</surname><given-names>G</given-names></name><name name-style="western"><surname>Kruger</surname><given-names>HH</given-names></name></person-group>             <year>1990</year>             <article-title>Feeding ecology of the stone and pine marten revealed by element analysis of their skeletons.</article-title>             <source>Sci Total Environ</source>             <volume>90</volume>             <fpage>227</fpage>             <lpage>240</lpage>          </element-citation></ref><ref id="pone.0002198-Hobson1"><label>24</label><element-citation publication-type="journal" xlink:type="simple">             <person-group person-group-type="author"><name name-style="western"><surname>Hobson</surname><given-names>KA</given-names></name><name name-style="western"><surname>Bowen</surname><given-names>GJ</given-names></name><name name-style="western"><surname>Wassenaar</surname><given-names>LI</given-names></name><name name-style="western"><surname>Ferrand</surname><given-names>Y</given-names></name><name name-style="western"><surname>Lormee</surname><given-names>H</given-names></name></person-group>             <year>2004</year>             <article-title>Using stable hydrogen and oxygen isotope measurements of feathers to infer geographical origins of migrating European birds.</article-title>             <source>Oecologia</source>             <volume>141</volume>             <fpage>477</fpage>             <lpage>488</lpage>          </element-citation></ref><ref id="pone.0002198-Iko1"><label>25</label><element-citation publication-type="journal" xlink:type="simple">             <person-group person-group-type="author"><name name-style="western"><surname>Iko</surname><given-names>WM</given-names></name><name name-style="western"><surname>Kester</surname><given-names>CL</given-names></name><name name-style="western"><surname>Bern</surname><given-names>CR</given-names></name><name name-style="western"><surname>Stendell</surname><given-names>RC</given-names></name><name name-style="western"><surname>Rye</surname><given-names>RO</given-names></name></person-group>             <year>2003</year>             <article-title>Isotope variations in white-tailed kites from various habitats in California: possible limitations in assessing prey utilization and population dynamics.</article-title>             <source>Isotopes Environ Health Stud</source>             <volume>39</volume>             <fpage>159</fpage>             <lpage>167</lpage>          </element-citation></ref></ref-list></back></article>