<?xml version="1.0" encoding="UTF-8"?>
<!DOCTYPE article
  PUBLIC "-//NLM//DTD Journal Publishing DTD v3.0 20080202//EN" "http://dtd.nlm.nih.gov/publishing/3.0/journalpublishing3.dtd">
<article xmlns:mml="http://www.w3.org/1998/Math/MathML" xmlns:xlink="http://www.w3.org/1999/xlink" article-type="research-article" dtd-version="3.0" xml:lang="EN">
  <front>
    <journal-meta><journal-id journal-id-type="nlm-ta">PLoS ONE</journal-id><journal-id journal-id-type="publisher-id">plos</journal-id><journal-id journal-id-type="pmc">plosone</journal-id><!--===== Grouping journal title elements =====--><journal-title-group><journal-title>PLoS ONE</journal-title></journal-title-group><issn pub-type="epub">1932-6203</issn><publisher>
        <publisher-name>Public Library of Science</publisher-name>
        <publisher-loc>San Francisco, USA</publisher-loc>
      </publisher></journal-meta>
    <article-meta><article-id pub-id-type="publisher-id">10-PONE-RA-21363</article-id><article-id pub-id-type="doi">10.1371/journal.pone.0030381</article-id><article-categories>
        <subj-group subj-group-type="heading">
          <subject>Research Article</subject>
        </subj-group>
        <subj-group subj-group-type="Discipline-v2">
          <subject>Biology</subject>
          <subj-group>
            <subject>Biotechnology</subject>
            <subj-group>
              <subject>Genetic engineering</subject>
            </subj-group>
          </subj-group>
          <subj-group>
            <subject>Ecology</subject>
          </subj-group>
          <subj-group>
            <subject>Evolutionary biology</subject>
          </subj-group>
          <subj-group>
            <subject>Genetics</subject>
          </subj-group>
          <subj-group>
            <subject>Genomics</subject>
          </subj-group>
          <subj-group>
            <subject>Microbiology</subject>
          </subj-group>
          <subj-group>
            <subject>Population biology</subject>
          </subj-group>
        </subj-group>
        <subj-group subj-group-type="Discipline">
          <subject>Genetics and Genomics</subject>
          <subject>Biotechnology</subject>
          <subject>Ecology</subject>
          <subject>Evolutionary Biology</subject>
        </subj-group>
      </article-categories><title-group><article-title><italic>Wolbachia</italic> Induces Male-Specific Mortality in the Mosquito <italic>Culex pipiens</italic> (LIN Strain)</article-title><alt-title alt-title-type="running-head"><italic>Wolbachia</italic>-Induced Mortality</alt-title></title-group><contrib-group>
        <contrib contrib-type="author" xlink:type="simple">
          <name name-style="western">
            <surname>Rasgon</surname>
            <given-names>Jason L.</given-names>
          </name>
          <xref ref-type="aff" rid="aff1"/>
          <xref ref-type="corresp" rid="cor1">
            <sup>*</sup>
          </xref>
        </contrib>
      </contrib-group><aff id="aff1">          <addr-line>The Department of Entomology, Center for Infectious Disease Dynamics and Huck Institutes of the Life Sciences, Pennsylvania State University, University Park, Pennsylvania, United States of America</addr-line>       </aff><contrib-group>
        <contrib contrib-type="editor" xlink:type="simple">
          <name name-style="western">
            <surname>Moreau</surname>
            <given-names>Corrie S.</given-names>
          </name>
          <role>Editor</role>
          <xref ref-type="aff" rid="edit1"/>
        </contrib>
      </contrib-group><aff id="edit1">Field Museum of Natural History, United States of America</aff><author-notes>
        <corresp id="cor1">* E-mail: <email xlink:type="simple">jlr54@psu.edu</email></corresp>
        <fn fn-type="con">
          <p>Conceived and designed the experiments: JLR. Performed the experiments: JLR. Analyzed the data: JLR. Contributed reagents/materials/analysis tools: JLR. Wrote the paper: JLR.</p>
        </fn>
      <fn fn-type="conflict">
        <p>The author has declared that no competing interests exist.</p>
      </fn></author-notes><pub-date pub-type="collection">
        <year>2012</year>
      </pub-date><pub-date pub-type="epub">
        <day>12</day>
        <month>3</month>
        <year>2012</year>
      </pub-date><volume>7</volume><issue>3</issue><elocation-id>e30381</elocation-id><history>
        <date date-type="received">
          <day>20</day>
          <month>7</month>
          <year>2010</year>
        </date>
        <date date-type="accepted">
          <day>16</day>
          <month>12</month>
          <year>2011</year>
        </date>
      </history><!--===== Grouping copyright info into permissions =====--><permissions><copyright-year>2012</copyright-year><copyright-holder>Jason L. Rasgon</copyright-holder><license><license-p>This is an open-access article distributed under the terms of the Creative Commons Attribution License, which permits unrestricted use, distribution, and reproduction in any medium, provided the original author and source are credited.</license-p></license></permissions><abstract>
        <sec>
          <title>Background</title>
          <p><italic>Wolbachia</italic> are maternally inherited endosymbionts that infect a diverse range of invertebrates, including insects, arachnids, crustaceans and filarial nematodes. <italic>Wolbachia</italic> are responsible for causing diverse reproductive alterations in their invertebrate hosts that maximize their transmission to the next generation. Evolutionary theory suggests that due to maternal inheritance, <italic>Wolbachia</italic> should evolve toward mutualism in infected females, but strict maternal inheritance means there is no corresponding force to select for <italic>Wolbachia</italic> strains that are mutualistic in males.</p>
        </sec>
        <sec>
          <title>Methodology/Principal findings</title>
          <p>Using cohort life-table analysis, we demonstrate that in the mosquito <italic>Culex pipiens</italic> (LIN strain), <italic>Wolbachia</italic>-infected females show no fitness costs due to infection. However, <italic>Wolbachia</italic> induces up to a 30% reduction in male lifespan.</p>
        </sec>
        <sec>
          <title>Conclusions/significance</title>
          <p>These results indicate that the <italic>Wolbachia</italic> infection of the <italic>Culex pipiens</italic> LIN strain is virulent in a sex-specific manner. Under laboratory situations where mosquitoes generally mate at young ages, <italic>Wolbachia</italic> strains that reduce male survival could evolve by drift because increased mortality in older males is not a significant selective force.</p>
        </sec>
      </abstract><funding-group><funding-statement>This research was supported by grants from the NIH/NIAID (AI070178 and GM020092) and the Bloomberg Family Foundation. The funders had no role in study design, data collection and analysis, decision to publish, or preparation of the manuscript.</funding-statement></funding-group><counts>
        <page-count count="5"/>
      </counts></article-meta>
  </front>
  <body>
    <sec id="s1">
      <title>Introduction</title>
      <p><italic>Wolbachia</italic> are maternally inherited α-proteobacterial endosymbionts that infect a diverse range of invertebrates, including insects, arachnids, crustaceans and filarial nematodes. Infection prevalence among taxa is very high; it is estimated that in insects alone, up to 65% of species are infected, making <italic>Wolbachia</italic> perhaps the most wide-spread endosymbiotic bacterium on the planet. <italic>Wolbachia</italic> are responsible for causing diverse reproductive alterations in their invertebrate hosts that maximize their transmission to the next generation. Alterations include parthenogenesis, male-killing, cytoplasmic incompatibility (CI), feminization, and obligate mutualism. These phenotypes have allowed, in many cases, the spread of infection in populations to high frequency <xref ref-type="bibr" rid="pone.0030381-Werren1">[1]</xref>.</p>
      <p>Evolutionary theory predicts that, due to maternal inheritance, <italic>Wolbachia</italic> should evolve in a mutualistic fashion to increase the fitness of infected females <xref ref-type="bibr" rid="pone.0030381-Turelli1">[2]</xref>. While many studies on the effect of <italic>Wolbachia</italic> infection on insect fitness have been performed, no clear pattern has emerged. <italic>Wolbachia</italic> infections can be mutualistic, parasitic or neutral, or even a combination. For instance, in laboratory studies of the mosquito <italic>Aedes albopictus</italic>, <italic>Wolbachia</italic>-infected females live longer and have more offspring than their uninfected counterparts <xref ref-type="bibr" rid="pone.0030381-Dobson1">[3]</xref>, <xref ref-type="bibr" rid="pone.0030381-Dobson2">[4]</xref>, but these benefits are offset by an increased rate of death in infected larvae <xref ref-type="bibr" rid="pone.0030381-Islam1">[5]</xref>. In <italic>Drosophila</italic>, the benefit or cost of <italic>Wolbachia</italic> infection can vary depending on the fly species, the <italic>Wolbachia</italic> strain and is complicated by host effects <xref ref-type="bibr" rid="pone.0030381-Fry1">[6]</xref>–<xref ref-type="bibr" rid="pone.0030381-Dean1">[8]</xref>. In natural <italic>Drosophila</italic> populations, the evolution of mutualism was observed and was shown to be surprisingly rapid; within 20 years, the <italic>Wolbachia</italic> infection of <italic>D. simulans</italic> in California evolved from a parasite that caused an approximately 20% reduction in fecundity to a mutualistic symbiont that increased fecundity by approximately 10% <xref ref-type="bibr" rid="pone.0030381-Weeks1">[9]</xref>. The effect of <italic>Wolbachia</italic> on insect fitness is not just of basic scientific interest. Since the daily probability of survival is the most sensitive component in a mosquitoes' role in pathogen transmission, it has been proposed that the invasion of virulent <italic>Wolbachia</italic> strains that shorten vector lifespan could have a significant effect on reducing transmission of vector-borne pathogens. This scenario has been investigated theoretically, where it was shown that under certain conditions, virulent <italic>Wolbachia</italic> strains could spread to high frequency in mosquito populations. This invasion can potentially shift the population age structure toward younger age classes and result in significant reductions in pathogen transmission <xref ref-type="bibr" rid="pone.0030381-Rasgon1">[10]</xref>. Recently, this approach was shown to be potentially feasible by the successful transfer of the virulent <italic>Wolbachia</italic> strain wMelPop into <italic>Aedes aegypti</italic>, where the lifespan of infected mosquitoes was reduced by approximately 50% <xref ref-type="bibr" rid="pone.0030381-McMeniman1">[11]</xref>. CI expression in these transinfected mosquitoes was 100%, and there was no obvious reduction in mosquito fecundity due to infection, suggesting that the virulent infection could invade populations to high frequency <xref ref-type="bibr" rid="pone.0030381-Rasgon1">[10]</xref>–<xref ref-type="bibr" rid="pone.0030381-Rasgon2">[13]</xref>.</p>
      <p>In the mosquito <italic>Culex pipiens</italic>, <italic>Wolbachia</italic> has been indirectly inferred to enact a fitness cost in some mosquito strains with a genetic background of resistance to organophosphate insecticides (amplified esterase) <xref ref-type="bibr" rid="pone.0030381-Duron1">[14]</xref>. Other studies failed to detect positive or negative effect of <italic>Wolbachia</italic> infection on female fecundity under laboratory or field conditions, but the researchers only measured the first oviposition cycle and did not take into account potential effects over the lifespan of the mosquitoes <xref ref-type="bibr" rid="pone.0030381-Rasgon3">[15]</xref>, <xref ref-type="bibr" rid="pone.0030381-Rasgon4">[16]</xref>. In this paper, we used cohort life table analyses to investigate the effect of <italic>Wolbachia</italic> on lifetime fitness in the <italic>Culex pipiens</italic> LIN strain. As predicted by theory, no cost of infection was detected in females. However, infection exerted a fitness cost in males, whose lifespan was reduced up to approximately 30% compared to uninfected males. While there are obvious theoretical and empirical advantages for the evolution of mutualism in females, strict maternal inheritance means there is no corresponding force to select for <italic>Wolbachia</italic> strains that are mutualistic in males. Especially in laboratory situations where typically only young mosquitoes mate, <italic>Wolbachia</italic> infections that decrease male fitness could potentially evolve by drift and be maintained.</p>
    </sec>
    <sec id="s2">
      <title>Results</title>
      <p>Non-bloodfed mosquitoes: Infected and uninfected mosquito cage populations were established, but while mosquitoes were allowed access to sugar, they were not bloodfed and an oviposition substrate was not provided. Sex ratios (F/M) were male-biased, but similar between treatments (infected: 0.36, uninfected: 0.39; <italic>P</italic>&lt;0.0001). Due to non-normality of data (Shapiro-Wilks W = 0.985, <italic>P</italic>&lt;0.0001), data were analyzed using non-parametric methods. Kruskal-Wallis test indicated that at least one infection-sex combination differed significantly (tie-adjusted T = 112.9, <italic>P</italic>&lt;0.0001). Pairwise comparisons indicated that while <italic>Wolbachia</italic> infection did not significantly affect the longevity of females, the average lifespan of infected males was reduced approximately 17% compare to uninfected males (<xref ref-type="fig" rid="pone-0030381-g001">Figure 1</xref>) (<italic>P</italic>&lt;0.0001). In females, cumulative hazard rates did not significantly differ between infected and uninfected mosquitoes. In contrast, in male mosquitoes cumulative hazard rates begin to diverge after day 20 post-emergence (<xref ref-type="fig" rid="pone-0030381-g002">Figure 2</xref>). For all treatments, maximum likelihood simulations executed in WinModest indicated that the logistic model of mortality best fit the observed data for all 4 treatments (<xref ref-type="table" rid="pone-0030381-t001">Table 1</xref>).</p>
      <fig id="pone-0030381-g001" position="float">
        <object-id pub-id-type="doi">10.1371/journal.pone.0030381.g001</object-id>
        <label>Figure 1</label>
        <caption>
          <title>Mean lifespan (days) for mosquitoes in Experiment one.</title>
          <p>Treatments indicated by different letters are significantly different. Error bars represent standard errors.</p>
        </caption>
        <graphic mimetype="image" position="float" xlink:href="info:doi/10.1371/journal.pone.0030381.g001" xlink:type="simple"/>
      </fig>
      <fig id="pone-0030381-g002" position="float">
        <object-id pub-id-type="doi">10.1371/journal.pone.0030381.g002</object-id>
        <label>Figure 2</label>
        <caption>
          <title>Cumulative hazards rates for mosquitoes in Experiment 1.</title>
          <p>A) females, B) males.</p>
        </caption>
        <graphic mimetype="image" position="float" xlink:href="info:doi/10.1371/journal.pone.0030381.g002" xlink:type="simple"/>
      </fig>
      <table-wrap id="pone-0030381-t001" position="float"><object-id pub-id-type="doi">10.1371/journal.pone.0030381.t001</object-id><label>Table 1</label><caption>
          <title>Best-fit model statistics and parameters calculated by WinMoDest.</title>
        </caption><!--===== Grouping alternate versions of objects =====--><alternatives><graphic id="pone-0030381-t001-1" mimetype="image" position="float" xlink:href="info:doi/10.1371/journal.pone.0030381.t001" xlink:type="simple"/><table>
          <colgroup span="1">
            <col align="left" span="1"/>
            <col align="center" span="1"/>
            <col align="center" span="1"/>
            <col align="center" span="1"/>
            <col align="center" span="1"/>
            <col align="center" span="1"/>
            <col align="center" span="1"/>
            <col align="center" span="1"/>
          </colgroup>
          <thead>
            <tr>
              <td align="left" colspan="1" rowspan="1">Experiment</td>
              <td align="left" colspan="1" rowspan="1">Treatment</td>
              <td align="left" colspan="1" rowspan="1">LLS</td>
              <td align="left" colspan="1" rowspan="1">Model</td>
              <td align="left" colspan="1" rowspan="1">a</td>
              <td align="left" colspan="1" rowspan="1">b</td>
              <td align="left" colspan="1" rowspan="1">s</td>
              <td align="left" colspan="1" rowspan="1">c</td>
            </tr>
          </thead>
          <tbody>
            <tr>
              <td align="left" colspan="1" rowspan="1">Bloodfed</td>
              <td align="left" colspan="1" rowspan="1">IF</td>
              <td align="left" colspan="1" rowspan="1">−819.79</td>
              <td align="left" colspan="1" rowspan="1">L</td>
              <td align="left" colspan="1" rowspan="1">0.00087</td>
              <td align="left" colspan="1" rowspan="1">0.15322</td>
              <td align="left" colspan="1" rowspan="1">1.03630</td>
              <td align="left" colspan="1" rowspan="1">-</td>
            </tr>
            <tr>
              <td align="left" colspan="1" rowspan="1">Bloodfed</td>
              <td align="left" colspan="1" rowspan="1">IM</td>
              <td align="left" colspan="1" rowspan="1">−2029.18</td>
              <td align="left" colspan="1" rowspan="1">L</td>
              <td align="left" colspan="1" rowspan="1">0.00126</td>
              <td align="left" colspan="1" rowspan="1">0.17939</td>
              <td align="left" colspan="1" rowspan="1">0.61733</td>
              <td align="left" colspan="1" rowspan="1">-</td>
            </tr>
            <tr>
              <td align="left" colspan="1" rowspan="1">Bloodfed</td>
              <td align="left" colspan="1" rowspan="1">UF</td>
              <td align="left" colspan="1" rowspan="1">−776.07</td>
              <td align="left" colspan="1" rowspan="1">L</td>
              <td align="left" colspan="1" rowspan="1">0.00095</td>
              <td align="left" colspan="1" rowspan="1">0.16539</td>
              <td align="left" colspan="1" rowspan="1">1.44211</td>
              <td align="left" colspan="1" rowspan="1">-</td>
            </tr>
            <tr>
              <td align="left" colspan="1" rowspan="1">Bloodfed</td>
              <td align="left" colspan="1" rowspan="1">UM</td>
              <td align="left" colspan="1" rowspan="1">−1955.45</td>
              <td align="left" colspan="1" rowspan="1">L</td>
              <td align="left" colspan="1" rowspan="1">0.00212</td>
              <td align="left" colspan="1" rowspan="1">0.12803</td>
              <td align="left" colspan="1" rowspan="1">0.85683</td>
              <td align="left" colspan="1" rowspan="1">-</td>
            </tr>
            <tr>
              <td align="left" colspan="1" rowspan="1">Non-bloodfed</td>
              <td align="left" colspan="1" rowspan="1">IBF</td>
              <td align="left" colspan="1" rowspan="1">−830.30</td>
              <td align="left" colspan="1" rowspan="1">G</td>
              <td align="left" colspan="1" rowspan="1">0.00924</td>
              <td align="left" colspan="1" rowspan="1">0.06489</td>
              <td align="left" colspan="1" rowspan="1">-</td>
              <td align="left" colspan="1" rowspan="1">-</td>
            </tr>
            <tr>
              <td align="left" colspan="1" rowspan="1">Non-bloodfed</td>
              <td align="left" colspan="1" rowspan="1">IBM</td>
              <td align="left" colspan="1" rowspan="1">−770.53</td>
              <td align="left" colspan="1" rowspan="1">L</td>
              <td align="left" colspan="1" rowspan="1">0.01042</td>
              <td align="left" colspan="1" rowspan="1">0.26890</td>
              <td align="left" colspan="1" rowspan="1">1.07064</td>
              <td align="left" colspan="1" rowspan="1">-</td>
            </tr>
            <tr>
              <td align="left" colspan="1" rowspan="1">Non-bloodfed</td>
              <td align="left" colspan="1" rowspan="1">INBF</td>
              <td align="left" colspan="1" rowspan="1">−906.42</td>
              <td align="left" colspan="1" rowspan="1">G</td>
              <td align="left" colspan="1" rowspan="1">0.00618</td>
              <td align="left" colspan="1" rowspan="1">0.07784</td>
              <td align="left" colspan="1" rowspan="1">-</td>
              <td align="left" colspan="1" rowspan="1">-</td>
            </tr>
            <tr>
              <td align="left" colspan="1" rowspan="1">Non-bloodfed</td>
              <td align="left" colspan="1" rowspan="1">INBM</td>
              <td align="left" colspan="1" rowspan="1">−741.16</td>
              <td align="left" colspan="1" rowspan="1">G</td>
              <td align="left" colspan="1" rowspan="1">0.02587</td>
              <td align="left" colspan="1" rowspan="1">0.10614</td>
              <td align="left" colspan="1" rowspan="1">-</td>
              <td align="left" colspan="1" rowspan="1">-</td>
            </tr>
            <tr>
              <td align="left" colspan="1" rowspan="1">Non-bloodfed</td>
              <td align="left" colspan="1" rowspan="1">UBF</td>
              <td align="left" colspan="1" rowspan="1">−580.68</td>
              <td align="left" colspan="1" rowspan="1">G</td>
              <td align="left" colspan="1" rowspan="1">0.00854</td>
              <td align="left" colspan="1" rowspan="1">0.06965</td>
              <td align="left" colspan="1" rowspan="1">-</td>
              <td align="left" colspan="1" rowspan="1">-</td>
            </tr>
            <tr>
              <td align="left" colspan="1" rowspan="1">Non-bloodfed</td>
              <td align="left" colspan="1" rowspan="1">UBM</td>
              <td align="left" colspan="1" rowspan="1">−887.04</td>
              <td align="left" colspan="1" rowspan="1">LM</td>
              <td align="left" colspan="1" rowspan="1">0.00006</td>
              <td align="left" colspan="1" rowspan="1">0.68010</td>
              <td align="left" colspan="1" rowspan="1">2.00000</td>
              <td align="left" colspan="1" rowspan="1">0.01528</td>
            </tr>
            <tr>
              <td align="left" colspan="1" rowspan="1">Non-bloodfed</td>
              <td align="left" colspan="1" rowspan="1">UNBF</td>
              <td align="left" colspan="1" rowspan="1">−737.03</td>
              <td align="left" colspan="1" rowspan="1">G</td>
              <td align="left" colspan="1" rowspan="1">0.00847</td>
              <td align="left" colspan="1" rowspan="1">0.06112</td>
              <td align="left" colspan="1" rowspan="1">-</td>
              <td align="left" colspan="1" rowspan="1">-</td>
            </tr>
            <tr>
              <td align="left" colspan="1" rowspan="1">Non-bloodfed</td>
              <td align="left" colspan="1" rowspan="1">UNBM</td>
              <td align="left" colspan="1" rowspan="1">−863.75</td>
              <td align="left" colspan="1" rowspan="1">LM</td>
              <td align="left" colspan="1" rowspan="1">0.00002</td>
              <td align="left" colspan="1" rowspan="1">0.76203</td>
              <td align="left" colspan="1" rowspan="1">1.72564</td>
              <td align="left" colspan="1" rowspan="1">0.02323</td>
            </tr>
          </tbody>
        </table></alternatives><table-wrap-foot>
          <fn id="nt101">
            <label/>
            <p>I = Infected, U = uninfected, F = female, M = male, LLS = log-likelihood score.</p>
          </fn>
        </table-wrap-foot></table-wrap>
      <p>Effect of bloodfeeding and oviposition substrate: Cage populations were established as described above, but mosquitoes were allowed to feed on a restrained 7-day-old-old chicken once per week and an oviposition substrate (cup filled with strained larval water) was provided at all times for egg depositions. Sex ratios (F/M) in infected treatments (bloodfed and non-bloodfed) did not significantly differ from 1∶1; however, uninfected treatments (bloodfed and non-bloodfed) were significantly male-biased (bloodfed: 0.62, non-bloodfed: 0.72; <italic>P</italic> = 0.01). Due to non-normality of data (Shapiro-Wilks W = 0.956, <italic>P</italic>&lt;0.0001), data were analyzed using non-parametric methods. Kruskal-Wallis test indicated that at least one infection-sex-bloodfeeding combination differed significantly (tie-adjusted T = 533.95, <italic>P</italic>&lt;0.0001). Pairwise comparisons indicated that neither <italic>Wolbachia</italic> infection nor bloodfeeding/reproduction affected the mean longevity of females. However, for males housed with bloodfed females, the average lifespan of infected males was reduced over 28% compared to uninfected males (<italic>P</italic>&lt;0.0001). A similar, but non-significant trend was observed in males housed with non-bloodfed females (11.5% reduction in average lifespan) (<xref ref-type="fig" rid="pone-0030381-g003">Figure 3</xref>). Hazard rates for infected males began increasing compared to uninfected males at approximately day 10 for males in the bloodfeeding treatment and day 22 for males in the non-bloodfeeding treatment (<xref ref-type="fig" rid="pone-0030381-g004">Figure 4</xref>). Maximum likelihood simulations indicated that the Gompertz model of mortality best fit the observed data for all 4 female treatments, and for infected, non- bloodfed males. The remainder of the male treatments best fit the logistic or logistic-Makeham model (<xref ref-type="table" rid="pone-0030381-t001">Table 1</xref>).</p>
      <fig id="pone-0030381-g003" position="float">
        <object-id pub-id-type="doi">10.1371/journal.pone.0030381.g003</object-id>
        <label>Figure 3</label>
        <caption>
          <title>Mean lifespan (days) for mosquitoes in Experiment 2.</title>
          <p>Treatments indicated by different letters are significantly different. IB = infected, bloodfed, UB = uninfected, bloodfed, INB = infected, non-bloodfed, UNB = uninfected, non-bloodfed. Error bars represent standard errors.</p>
        </caption>
        <graphic mimetype="image" position="float" xlink:href="info:doi/10.1371/journal.pone.0030381.g003" xlink:type="simple"/>
      </fig>
      <fig id="pone-0030381-g004" position="float">
        <object-id pub-id-type="doi">10.1371/journal.pone.0030381.g004</object-id>
        <label>Figure 4</label>
        <caption>
          <title>Cumulative hazards rates for mosquitoes in Experiment 2.</title>
          <p>A: females, B: males. IB = infected, bloodfed, UB = uninfected, bloodfed, INB = infected, non-bloodfed, UNB = uninfected, non-bloodfed.</p>
        </caption>
        <graphic mimetype="image" position="float" xlink:href="info:doi/10.1371/journal.pone.0030381.g004" xlink:type="simple"/>
      </fig>
      <p>Life-table statistics: Life-table statistics were only calculated for experiment two where mosquitoes were allowed to reproduce. Infected mosquitoes had significantly higher net reproductive rate (<italic>Ro</italic>), higher intrinsic rate of population increase (<italic>r</italic>) and shorter generation time (<italic>T</italic>) compared to uninfected mosquitoes (<xref ref-type="table" rid="pone-0030381-t002">Table 2</xref>), but these observations are possibly not due directly to <italic>Wolbachia</italic> infection. Rather, mosquitoes in the infected cohort began bloodfeeding 2 days earlier than the uninfected cohort, which may or may not be related to <italic>Wolbachia</italic> infection. Nevertheless, the data indicate that there is no obvious fitness cost in females due to <italic>Wolbachia</italic> infection in <italic>Cx. pipiens</italic>.</p>
      <table-wrap id="pone-0030381-t002" position="float"><object-id pub-id-type="doi">10.1371/journal.pone.0030381.t002</object-id><label>Table 2</label><caption>
          <title>Comparison of life-table parameters between infected and uninfected <italic>C. pipiens</italic> mosquitoes.</title>
        </caption><!--===== Grouping alternate versions of objects =====--><alternatives><graphic id="pone-0030381-t002-2" mimetype="image" position="float" xlink:href="info:doi/10.1371/journal.pone.0030381.t002" xlink:type="simple"/><table>
          <colgroup span="1">
            <col align="left" span="1"/>
            <col align="center" span="1"/>
            <col align="center" span="1"/>
          </colgroup>
          <thead>
            <tr>
              <td align="left" colspan="1" rowspan="1"/>
              <td align="left" colspan="1" rowspan="1">Infected</td>
              <td align="left" colspan="1" rowspan="1">Uninfected</td>
            </tr>
          </thead>
          <tbody>
            <tr>
              <td align="left" colspan="1" rowspan="1">
                <italic>Ro</italic>
              </td>
              <td align="left" colspan="1" rowspan="1">138.9</td>
              <td align="left" colspan="1" rowspan="1">97.4</td>
            </tr>
            <tr>
              <td align="left" colspan="1" rowspan="1">
                <italic>T</italic>
              </td>
              <td align="left" colspan="1" rowspan="1">17.3</td>
              <td align="left" colspan="1" rowspan="1">19.2</td>
            </tr>
            <tr>
              <td align="left" colspan="1" rowspan="1">
                <italic>r</italic>
              </td>
              <td align="left" colspan="1" rowspan="1">0.284</td>
              <td align="left" colspan="1" rowspan="1">0.238</td>
            </tr>
          </tbody>
        </table></alternatives></table-wrap>
    </sec>
    <sec id="s3">
      <title>Discussion</title>
      <p>Previous studies <xref ref-type="bibr" rid="pone.0030381-Rasgon3">[15]</xref> were not able to detect any fitness costs in <italic>Cx. pipiens</italic> females due to <italic>Wolbachia</italic> infection under laboratory or field conditions. In this study we have confirmed and extended this observation, showing no negative effect of infection on female fitness traits under multiple conditions. However, we did detect, under all conditions examined, reductions in survival in infected males. Calculated life-table statistics do not support any fecundity cost due to <italic>Wolbachia</italic> infection in females – if anything, they suggest the possibility of a slight benefit due to earlier bloodfeeding and oviposition in infected females relative to uninfected females. Due to the cumulative nature of these statistics, even minor events that occur early in life can have major influences on the calculated parameters <xref ref-type="bibr" rid="pone.0030381-Carey1">[17]</xref>. Further experiments will be necessary to establish or refute a causal link between <italic>Wolbachia</italic> infection status and mosquito bloodfeeding behavior.</p>
      <p>In general, best-fit models supported age-dependent mortality patterns (Logistic or Gompertz) in both infected and uninfected mosquitoes, similar to previous studies <xref ref-type="bibr" rid="pone.0030381-Styer1">[18]</xref>, <xref ref-type="bibr" rid="pone.0030381-Styer2">[19]</xref>. For uninfected mosquitoes allowed access to an oviposition cup, there was an age-independent mortality component as well (Logistic- Makeham) – this is likely due to age-independent drowning of males in this infection treatment. A similar effect was not seen in infected males.</p>
      <p>In the laboratory, where mosquitoes reproduce early and generations are not overlapping, <italic>Wolbachia</italic> strains that reduce male survival according to the patterns we observed (no costs in females and late-life induced mortality in males) would have little effect on infection dynamics and could evolve and be maintained by drift. It is likely in the field that males would eventually evolve resistance to the negative effects where these factors may not apply. It remains to be seen how common male-specific virulent <italic>Wolbachia</italic> strains are among laboratory colonies and in nature. Most studies examining fitness effects of <italic>Wolbachia</italic> infection in insects are unlikely to observe this phenomenon since they often focus on females and/or do not examine fitness components using detailed cohort studies. Future studies should examine multiple <italic>Culex</italic> strains, both from established colonies and recently colonized material using cohort life-table analysis.</p>
    </sec>
    <sec id="s4" sec-type="methods">
      <title>Methods</title>
      <p>Mosquito strains: Infected mosquitoes used in this study were from the LIN strain, a naturally <italic>Wolbachia</italic>-infected <italic>Cx. pipiens</italic> strain originally collected from Lincoln, CA in August 1999. Uninfected mosquitoes were from the LINT strain, generated from LIN mosquitoes by tetracycline treatment <xref ref-type="bibr" rid="pone.0030381-Rasgon3">[15]</xref>. These 2 strains were genetically similar, as assessed by previous studies <xref ref-type="bibr" rid="pone.0030381-Rasgon3">[15]</xref> and similar low frequency (∼2%) of the recessive sex- linked <italic>crimson</italic> eye color mutation <xref ref-type="bibr" rid="pone.0030381-Rasgon5">[20]</xref>.</p>
      <p>Rearing: Because mosquito size has been shown to correlate with fitness parameters <xref ref-type="bibr" rid="pone.0030381-Koenraadt1">[21]</xref>, we reared mosquitoes according to a standardized protocol. 200 first-instar larvae were placed into each 2 L pan with 2.5 g larval food (1∶2∶2 mix of Tetramix fish food, bovine liver powder and ground rabbit pellets. No additional food was added during rearing. Pans were held in a walk-in insectary at 28°C and 80% relative humidity, and randomly rotated on a daily basis to control for insectary microclimate effects. Upon pupation, pupae were placed in experimental cages as described below. Adult cages were held at the same conditions as larval pans.</p>
      <p>Survival cages: Cages were custom-built from wood framing and wire mesh screen. Cage dimensions were 1 m×1 m×0.3 m. In all experiments, mosquitoes had access at all times to water and 10% sucrose solution by cotton wicks. Cages were rotated randomly on a daily basis to control for insectary microclimate effects.</p>
      <p>Non-bloodfed mosquitoes: In this experiment, mosquitoes were not blood-fed, and an oviposition substrate was not included in the cages. To initiate the experiment, a cup containing approximately 500 24-hour old pupae was placed into each cage. The cup was removed 12 hours later, so that each cage was initiated with similarly-aged mosquitoes. Treatments were <italic>Wolbachia</italic>-infected (LIN) or <italic>Wolbachia</italic> uninfected (LINT) (2 replicate cages per treatment). Cages were checked daily at 12 pm (±0.5 hour) for dead mosquitoes, which were removed from the cage by aspiration and their sex recorded. This continued until all mosquitoes had died.</p>
      <p>Effect of bloodfeeding and oviposition substrate: In this experiment, we investigated the effect that mosquito reproduction had on <italic>Wolbachia</italic>-induced fitness effects. Mosquitoes in blood- feeding treatments were allowed to feed once per week on a 1-week old restrained chicken according to approved animal use protocols. To initiate the experiment, a cup containing approximately 500 24-hour old pupae was placed into each cage. The cup was removed 12 hours later, so that each cage was initiated with similarly-aged mosquitoes. An oviposition substrate consisting of a 250 ml plastic cup half-filled with strained larval water was provided in all cages (bloodfed and non- bloodfed) to control for mortality of mosquitoes drowning in the oviposition water. Treatments were (1) <italic>Wolbachia</italic>-infected, bloodfed, (2) <italic>Wolbachia</italic>-infected, non- bloodfed, (3) <italic>Wolbachia</italic>-uninfected, bloodfed and (4) <italic>Wolbachia</italic>-uninfected, non- bloodfed (2 replicate cages per treatment). Cages were checked daily at 12 pm (±0.5 hour) for dead mosquitoes, which were removed from the cage by aspiration and their sex recorded. This continued until all mosquitoes had died.</p>
      <p>Statistical analysis: For each experiment, mortality and reproductive data were used to construct treatment and sex-specific cohort life tables <xref ref-type="bibr" rid="pone.0030381-Rasgon4">[16]</xref>. Because data did not conform to parametric assumption, data were analyzed by Kruskal-Wallis test using STATVIEW (SAS Corporation, Cary NC) Pairwise comparisons between infection, sex and feeding treatments were conducted using the Dwass multiple test procedure with a Bonferroni correction for multiple tests using StatsDirect (StatsDirect ltd., Cheshire, UK). Age-specific hazard rates (a measure of instantaneous mortality) were calculated by STATVIEW for all treatments.</p>
      <p>To estimate the relative fitness of mosquitoes in experiment 2, we calculated cohort survival (<italic>l<sub>x</sub></italic>), daily number of female offspring per female assuming a 1∶1 sex ratio (<italic>m<sub>x</sub></italic>), net reproductive rate (<italic>R<sub>0</sub> = Σl<sub>x</sub>m<sub>x</sub></italic>), generation time (<italic>T = Σl<sub>x</sub>m<sub>x</sub>x/R<sub>0</sub></italic>) and intrinsic rate of increase (<italic>r = ln R<sub>0</sub>/T</italic>) <xref ref-type="bibr" rid="pone.0030381-Carey1">[17]</xref>. Net reproductive rate (<italic>R<sub>0</sub></italic>) gives the total number of eggs a female is expected to lay during her lifetime, generation time (<italic>T</italic>) describes the average age at which females lay their eggs, and intrinsic rate of increase (<italic>r</italic>) describes the instantaneous population growth rate <xref ref-type="bibr" rid="pone.0030381-Rasgon3">[15]</xref>. Because mosquitoes were maintained in group cages, the number of female offspring per female (<italic>m<sub>x</sub></italic>) is not the exact number of eggs laid by each female, but rather represents the average number of eggs laid on day <italic>x</italic> by the remaining females in each cage on day <italic>x</italic>.</p>
      <p>We used WinMoDest <xref ref-type="bibr" rid="pone.0030381-Pletcher1">[22]</xref> to fit the most appropriate mortality model to each individual mortality treatment (infection status, sex, bloodfeeding). The software fits the parameters (a, b, c, s) for a series of semi-hierarchical models (Gompertz [G], Gompertz- Makeham [GM], logistic [L], and logistic-Makeham [LM]) to the data and calculates the log-likelihood for each model. The software allows one to estimate age-dependent [G and L] and age-independent [GM and LM] components of lifespan. Hazard functions for these four models are as follows:<disp-formula><graphic mimetype="image" position="float" xlink:href="info:doi/10.1371/journal.pone.0030381.e001" xlink:type="simple"/></disp-formula></p>
    </sec>
  </body>
  <back>
    <ref-list>
      <title>References</title>
      <ref id="pone.0030381-Werren1">
        <label>1</label>
        <element-citation publication-type="journal" xlink:type="simple">             <person-group person-group-type="author"><name name-style="western"><surname>Werren</surname><given-names>JH</given-names></name><name name-style="western"><surname>Baldo</surname><given-names>L</given-names></name><name name-style="western"><surname>Clark</surname><given-names>ME</given-names></name></person-group>             <year>2008</year>             <article-title>Wolbachia: master manipulators of invertebrate biology.</article-title>             <source>Nat Rev Microbiol</source>             <volume>6</volume>             <fpage>741</fpage>             <lpage>751</lpage>          </element-citation>
      </ref>
      <ref id="pone.0030381-Turelli1">
        <label>2</label>
        <element-citation publication-type="journal" xlink:type="simple">             <person-group person-group-type="author"><name name-style="western"><surname>Turelli</surname><given-names>M</given-names></name></person-group>             <year>1994</year>             <article-title>Evolution of incompatibility-inducing microbes and their hosts.</article-title>             <source>Evolution</source>             <volume>48</volume>             <fpage>1500</fpage>             <lpage>1513</lpage>          </element-citation>
      </ref>
      <ref id="pone.0030381-Dobson1">
        <label>3</label>
        <element-citation publication-type="journal" xlink:type="simple">             <person-group person-group-type="author"><name name-style="western"><surname>Dobson</surname><given-names>SL</given-names></name><name name-style="western"><surname>Marsland</surname><given-names>EJ</given-names></name><name name-style="western"><surname>Rattanadechakul</surname><given-names>W</given-names></name></person-group>             <year>2002</year>             <article-title>Mutualistic Wolbachia infection in Aedes albopictus: accelerating cytoplasmic drive.</article-title>             <source>Genetics</source>             <volume>160</volume>             <fpage>1087</fpage>             <lpage>1094</lpage>          </element-citation>
      </ref>
      <ref id="pone.0030381-Dobson2">
        <label>4</label>
        <element-citation publication-type="journal" xlink:type="simple">             <person-group person-group-type="author"><name name-style="western"><surname>Dobson</surname><given-names>SL</given-names></name><name name-style="western"><surname>Rattanadechakul</surname><given-names>W</given-names></name><name name-style="western"><surname>Marsland</surname><given-names>EJ</given-names></name></person-group>             <year>2004</year>             <article-title>Fitness advantage and cytoplasmic incompatibility in Wolbachia single- and superinfected Aedes albopictus.</article-title>             <source>Heredity</source>             <volume>93</volume>             <fpage>135</fpage>             <lpage>142</lpage>          </element-citation>
      </ref>
      <ref id="pone.0030381-Islam1">
        <label>5</label>
        <element-citation publication-type="journal" xlink:type="simple">             <person-group person-group-type="author"><name name-style="western"><surname>Islam</surname><given-names>MS</given-names></name><name name-style="western"><surname>Dobson</surname><given-names>SL</given-names></name></person-group>             <year>2006</year>             <article-title>Wolbachia effects on Aedes albopictus (Diptera: Culicidae) immature survivorship and development.</article-title>             <source>J Med Entomol</source>             <volume>43</volume>             <fpage>689</fpage>             <lpage>695</lpage>          </element-citation>
      </ref>
      <ref id="pone.0030381-Fry1">
        <label>6</label>
        <element-citation publication-type="journal" xlink:type="simple">             <person-group person-group-type="author"><name name-style="western"><surname>Fry</surname><given-names>AJ</given-names></name><name name-style="western"><surname>Rand</surname><given-names>DM</given-names></name></person-group>             <year>2002</year>             <article-title>Wolbachia interactions that determine Drosophila melanogaster survival.</article-title>             <source>Evolution</source>             <volume>56</volume>             <fpage>1976</fpage>             <lpage>1981</lpage>          </element-citation>
      </ref>
      <ref id="pone.0030381-Fry2">
        <label>7</label>
        <element-citation publication-type="journal" xlink:type="simple">             <person-group person-group-type="author"><name name-style="western"><surname>Fry</surname><given-names>AJ</given-names></name><name name-style="western"><surname>Palmer</surname><given-names>MR</given-names></name><name name-style="western"><surname>Rand</surname><given-names>DM</given-names></name></person-group>             <year>2004</year>             <article-title>Variable fitness effects of Wolbachia infection in Drosophila melanogaster.</article-title>             <source>Heredity</source>             <volume>93</volume>             <fpage>379</fpage>             <lpage>389</lpage>          </element-citation>
      </ref>
      <ref id="pone.0030381-Dean1">
        <label>8</label>
        <element-citation publication-type="journal" xlink:type="simple">             <person-group person-group-type="author"><name name-style="western"><surname>Dean</surname><given-names>MD</given-names></name></person-group>             <year>2006</year>             <article-title>A Wolbachia-associated fitness benefit depends on genetic background in Drosophila simulans.</article-title>             <source>Proc Biol Sci</source>             <volume>273</volume>             <fpage>1415</fpage>             <lpage>1420</lpage>          </element-citation>
      </ref>
      <ref id="pone.0030381-Weeks1">
        <label>9</label>
        <element-citation publication-type="journal" xlink:type="simple">             <person-group person-group-type="author"><name name-style="western"><surname>Weeks</surname><given-names>AR</given-names></name><name name-style="western"><surname>Turelli</surname><given-names>M</given-names></name><name name-style="western"><surname>Harcombe</surname><given-names>WR</given-names></name><name name-style="western"><surname>Reynolds</surname><given-names>KT</given-names></name><name name-style="western"><surname>Hoffmann</surname><given-names>AA</given-names></name></person-group>             <year>2007</year>             <article-title>From parasite to mutualist: rapid evolution of Wolbachia in natural populations of Drosophila.</article-title>             <source>PLoS Biol</source>             <volume>5</volume>             <fpage>e114</fpage>          </element-citation>
      </ref>
      <ref id="pone.0030381-Rasgon1">
        <label>10</label>
        <element-citation publication-type="journal" xlink:type="simple">             <person-group person-group-type="author"><name name-style="western"><surname>Rasgon</surname><given-names>JL</given-names></name><name name-style="western"><surname>Styer</surname><given-names>LM</given-names></name><name name-style="western"><surname>Scott</surname><given-names>TW</given-names></name></person-group>             <year>2003</year>             <article-title>Wolbachia-induced mortality as a mechanism to modulate pathogen transmission by vector arthropods.</article-title>             <source>J Med Entomol</source>             <volume>40</volume>             <fpage>125</fpage>             <lpage>132</lpage>          </element-citation>
      </ref>
      <ref id="pone.0030381-McMeniman1">
        <label>11</label>
        <element-citation publication-type="journal" xlink:type="simple">             <person-group person-group-type="author"><name name-style="western"><surname>McMeniman</surname><given-names>CJ</given-names></name><name name-style="western"><surname>Lane</surname><given-names>RV</given-names></name><name name-style="western"><surname>Cass</surname><given-names>BN</given-names></name><name name-style="western"><surname>Fong</surname><given-names>AW</given-names></name><name name-style="western"><surname>Sidhu</surname><given-names>M</given-names></name><etal/></person-group>             <year>2009</year>             <article-title>Stable introduction of a life-shortening Wolbachia infection into the mosquito Aedes aegypti.</article-title>             <source>Science</source>             <volume>323</volume>             <fpage>141</fpage>             <lpage>144</lpage>          </element-citation>
      </ref>
      <ref id="pone.0030381-Hoffmann1">
        <label>12</label>
        <element-citation publication-type="journal" xlink:type="simple">             <person-group person-group-type="author"><name name-style="western"><surname>Hoffmann</surname><given-names>AA</given-names></name><name name-style="western"><surname>Montgomery</surname><given-names>BL</given-names></name><name name-style="western"><surname>Popovici</surname><given-names>J</given-names></name><name name-style="western"><surname>Iturbe-Ormaetxe</surname><given-names>I</given-names></name><name name-style="western"><surname>Johnson</surname><given-names>PH</given-names></name><etal/></person-group>             <year>2011</year>             <article-title>Successful establishment of Wolbachia in Aedes populations to suppress dengue transmission.</article-title>             <source>Nature</source>             <volume>476</volume>             <fpage>454</fpage>             <lpage>457</lpage>          </element-citation>
      </ref>
      <ref id="pone.0030381-Rasgon2">
        <label>13</label>
        <element-citation publication-type="journal" xlink:type="simple">             <person-group person-group-type="author"><name name-style="western"><surname>Rasgon</surname><given-names>JL</given-names></name></person-group>             <year>2011</year>             <article-title>Dengue fever: Mosquitoes attacked from within.</article-title>             <source>Nature</source>             <volume>476</volume>             <fpage>407</fpage>             <lpage>408</lpage>          </element-citation>
      </ref>
      <ref id="pone.0030381-Duron1">
        <label>14</label>
        <element-citation publication-type="journal" xlink:type="simple">             <person-group person-group-type="author"><name name-style="western"><surname>Duron</surname><given-names>O</given-names></name><name name-style="western"><surname>Labbé</surname><given-names>P</given-names></name><name name-style="western"><surname>Berticat</surname><given-names>C</given-names></name><name name-style="western"><surname>Rousset</surname><given-names>F</given-names></name><name name-style="western"><surname>Guillot</surname><given-names>S</given-names></name><etal/></person-group>             <year>2006</year>             <article-title>High Wolbachia density correlates with cost of infection for insecticide resistant Culex pipiens mosquitoes.</article-title>             <source>Evolution</source>             <volume>60</volume>             <fpage>303</fpage>             <lpage>314</lpage>          </element-citation>
      </ref>
      <ref id="pone.0030381-Rasgon3">
        <label>15</label>
        <element-citation publication-type="journal" xlink:type="simple">             <person-group person-group-type="author"><name name-style="western"><surname>Rasgon</surname><given-names>JL</given-names></name><name name-style="western"><surname>Scott</surname><given-names>TW</given-names></name></person-group>             <year>2003</year>             <article-title>Wolbachia and cytoplasmic incompatibility in the California Culex pipiens mosquito species complex: parameter estimates and infection dynamics in natural populations.</article-title>             <source>Genetics</source>             <volume>165</volume>             <fpage>2029</fpage>             <lpage>2038</lpage>          </element-citation>
      </ref>
      <ref id="pone.0030381-Rasgon4">
        <label>16</label>
        <element-citation publication-type="journal" xlink:type="simple">             <person-group person-group-type="author"><name name-style="western"><surname>Rasgon</surname><given-names>JL</given-names></name><name name-style="western"><surname>Scott</surname><given-names>TW</given-names></name></person-group>             <year>2004</year>             <article-title>Impact of population age structure on Wolbachia transgene driver efficacy: ecologically complex factors and release of genetically modified mosquitoes.</article-title>             <source>Insect Biochem Mol Biol</source>             <volume>34</volume>             <fpage>707</fpage>             <lpage>713</lpage>          </element-citation>
      </ref>
      <ref id="pone.0030381-Carey1">
        <label>17</label>
        <element-citation publication-type="other" xlink:type="simple">             <person-group person-group-type="author"><name name-style="western"><surname>Carey</surname><given-names>JR</given-names></name></person-group>             <year>1993</year>             <article-title>Applied Biodemography for Biologists with Special Emphasis on Insects.</article-title>             <comment>Oxford University Press: New York</comment>          </element-citation>
      </ref>
      <ref id="pone.0030381-Styer1">
        <label>18</label>
        <element-citation publication-type="journal" xlink:type="simple">             <person-group person-group-type="author"><name name-style="western"><surname>Styer</surname><given-names>LM</given-names></name><name name-style="western"><surname>Carey</surname><given-names>JR</given-names></name><name name-style="western"><surname>Wang</surname><given-names>JL</given-names></name><name name-style="western"><surname>Scott</surname><given-names>TW</given-names></name></person-group>             <year>2007a</year>             <article-title>Mosquitoes do senesce: departure from the paradigm of constant mortality.</article-title>             <source>Am J Trop Med Hyg</source>             <volume>76</volume>             <fpage>111</fpage>             <lpage>117</lpage>          </element-citation>
      </ref>
      <ref id="pone.0030381-Styer2">
        <label>19</label>
        <element-citation publication-type="journal" xlink:type="simple">             <person-group person-group-type="author"><name name-style="western"><surname>Styer</surname><given-names>LM</given-names></name><name name-style="western"><surname>Minnick</surname><given-names>SL</given-names></name><name name-style="western"><surname>Sun</surname><given-names>AK</given-names></name><name name-style="western"><surname>Scott</surname><given-names>TW</given-names></name></person-group>             <year>2007b</year>             <article-title>Mortality and reproductive dynamics of Aedes aegypti (Diptera: Culicidae) fed human blood.</article-title>             <source>Vector Borne Zoonotic Dis</source>             <volume>7</volume>             <fpage>86</fpage>             <lpage>98</lpage>          </element-citation>
      </ref>
      <ref id="pone.0030381-Rasgon5">
        <label>20</label>
        <element-citation publication-type="journal" xlink:type="simple">             <person-group person-group-type="author"><name name-style="western"><surname>Rasgon</surname><given-names>JL</given-names></name><name name-style="western"><surname>Scott</surname><given-names>TW</given-names></name></person-group>             <year>2004a</year>             <article-title>Crimson: a novel sex-linked eye color mutant of Culex pipiens L. (Diptera: Culicidae).</article-title>             <source>J Med Entomol</source>             <volume>41</volume>             <fpage>255</fpage>             <lpage>257</lpage>          </element-citation>
      </ref>
      <ref id="pone.0030381-Koenraadt1">
        <label>21</label>
        <element-citation publication-type="journal" xlink:type="simple">             <person-group person-group-type="author"><name name-style="western"><surname>Koenraadt</surname><given-names>CJ</given-names></name></person-group>             <year>2008</year>             <article-title>Pupal dimensions as predictors of adult size in fitness studies of Aedes aegypti (Diptera: Culicidae).</article-title>             <source>J Med Entomol</source>             <volume>45</volume>             <fpage>331</fpage>             <lpage>336</lpage>          </element-citation>
      </ref>
      <ref id="pone.0030381-Pletcher1">
        <label>22</label>
        <element-citation publication-type="other" xlink:type="simple">             <person-group person-group-type="author"><name name-style="western"><surname>Pletcher</surname><given-names>S</given-names></name></person-group>             <year>1999</year>             <article-title>WinModest 1.0.</article-title>             <comment>Demographic Analysis Tool [computer program]. Max Planck Institute for Demographic Research Rostock, Germany</comment>          </element-citation>
      </ref>
    </ref-list>
    
  </back>
</article>