<?xml version="1.0" encoding="UTF-8"?>
<!DOCTYPE article
  PUBLIC "-//NLM//DTD Journal Publishing DTD v3.0 20080202//EN" "http://dtd.nlm.nih.gov/publishing/3.0/journalpublishing3.dtd">
<article xmlns:mml="http://www.w3.org/1998/Math/MathML" xmlns:xlink="http://www.w3.org/1999/xlink" xmlns:xsi="http://www.w3.org/2001/XMLSchema-instance" article-type="research-article" dtd-version="3.0" xml:lang="en">
  <front>
    <journal-meta><journal-id journal-id-type="nlm-ta">PLoS Med</journal-id><journal-id journal-id-type="publisher-id">plos</journal-id><journal-id journal-id-type="pmc">plosmed</journal-id><issn pub-type="epub">1549-1676</issn><publisher>
        <publisher-name>Public Library of Science</publisher-name>
        <publisher-loc>San Francisco, USA</publisher-loc>
      </publisher></journal-meta>
    <article-meta><article-id pub-id-type="publisher-id">PMEDICINE-D-11-00928</article-id><article-id pub-id-type="doi">10.1371/journal.pmed.1001274</article-id><article-categories>
        <subj-group subj-group-type="heading">
          <subject>Essay</subject>
        </subj-group>
        <subj-group subj-group-type="Discipline-v2">
          <subject>Medicine</subject>
          <subj-group>
            <subject>Global health</subject>
          </subj-group>
          <subj-group>
            <subject>Obstetrics and gynecology</subject>
          </subj-group>
          <subj-group>
            <subject>Public health</subject>
            <subj-group>
              <subject>Health screening</subject>
            </subj-group>
          </subj-group>
          <subj-group>
            <subject>Women's health</subject>
          </subj-group>
        </subj-group>
        <subj-group subj-group-type="Discipline">
          <subject>Public Health and Epidemiology</subject>
          <subject>Women's Health</subject>
        </subj-group>
      </article-categories><title-group><article-title>Researching New Methods of Screening for Adverse Pregnancy Outcome: Lessons from Pre-eclampsia</article-title></title-group><contrib-group>
        <contrib contrib-type="author" xlink:type="simple">
          <name name-style="western">
            <surname>Smith</surname>
            <given-names>Gordon C. S.</given-names>
          </name>
          <xref ref-type="aff" rid="aff1"/>
          <xref ref-type="corresp" rid="cor1">
            <sup>*</sup>
          </xref>
        </contrib>
      </contrib-group><aff id="aff1">
        <addr-line>Department of Obstetrics and Gynaecology, Cambridge University, Cambridge, United Kingdom</addr-line>
      </aff><author-notes>
        <corresp id="cor1">* E-mail: <email xlink:type="simple">gcss2@cam.ac.uk</email></corresp>
        <fn fn-type="conflict">
          <p>GS is a member of the <italic>PLoS Medicine</italic> Editorial Board.</p>
        </fn>
        <fn fn-type="other">
          <p><bold>Provenance:</bold> Not commissioned; externally peer reviewed.</p>
        </fn>
        <fn fn-type="con">
          <p>Wrote the first draft of the manuscript: GS. Contributed to the writing of the manuscript: GS. <ext-link ext-link-type="uri" xlink:href="http://www.icmje.org/" xlink:type="simple">ICMJE</ext-link> criteria for authorship read and met: GS. Agree with manuscript results and conclusions: GS.</p>
        </fn>
      </author-notes><pub-date pub-type="collection">
        <month>7</month>
        <year>2012</year>
      </pub-date><pub-date pub-type="epub">
        <day>31</day>
        <month>7</month>
        <year>2012</year>
      </pub-date><volume>9</volume><issue>7</issue><elocation-id>e1001274</elocation-id><permissions>
        
        <copyright-holder>Gordon C. S. Smith</copyright-holder>
        <license xlink:type="simple">
          <license-p>This is an open-access article distributed under the terms of the Creative Commons Attribution License, which permits unrestricted use, distribution, and reproduction in any medium, provided the original author and source are credited.</license-p>
        </license>
      </permissions><abstract abstract-type="toc">
        <p>Gordon Smith argues for more and better research in screening for pregnancy outcomes, using the example of previous trials in pre-eclampsia.</p>
      </abstract><funding-group>
        <funding-statement>This work was funded by the National Institutes for Health Research Cambridge Comprehensive Biomedical Research Centre. The funders had no role in study design, data collection and analysis, decision to publish, or preparation of the manuscript.</funding-statement>
      </funding-group><counts>
        <page-count count="3"/>
      </counts></article-meta>
  </front>
  <body>
    <boxed-text id="pmed-1001274-box001" orientation="portrait" position="float">
      <sec id="s1a">
        <title>Summary Points</title>
        <list list-type="bullet">
          <list-item>
            <p>Screening low-risk women for the risk of adverse pregnancy outcome, such as pre-eclampsia, is still largely based on clinical assessment, due to negative trials of new methods.</p>
          </list-item>
          <list-item>
            <p>I argue that previous studies have weaknesses in their design and have focused on preterm pre-eclampsia despite the lack of clearly effective interventions to improve outcome.</p>
          </list-item>
          <list-item>
            <p>A significant proportion of severe pre-eclampsia occurs at term and could plausibly be prevented by novel screening tests and early term delivery of high-risk women.</p>
          </list-item>
          <list-item>
            <p>Novel screening programmes focused on preventing adverse pregnancy outcome at term are also more likely to be translatable into low-income settings, where the majority of maternal and perinatal deaths occur.</p>
          </list-item>
        </list>
      </sec>
    </boxed-text>
    <sec id="s2">
      <title>Screening for Adverse Pregnancy Outcome</title>
      <p>Complications of pregnancy contribute to a substantial proportion of the global burden of disease <xref ref-type="bibr" rid="pmed.1001274-World1">[1]</xref>. Most adverse pregnancy outcomes occur to women who lack obvious risk factors. However, despite many years of research, the current approach to screening low-risk women for complications such as pre-eclampsia and stillbirth is still based around serial measurement of blood pressure, urinalysis, and symphysis-fundal height <xref ref-type="bibr" rid="pmed.1001274-National1">[2]</xref>. In this Essay, I argue that the failure to develop more effective programmes of screening and intervention is due in part to limitations in the approach to research in this area. The arguments will be illustrated using utero-placental Doppler flow velocimetry and screening for pre-eclampsia as an example. Many of the principles are relevant for trials of other methods of screening and intervention to prevent pre-eclampsia, for other adverse pregnancy outcomes (stillbirth in particular), and in other areas of medicine.</p>
    </sec>
    <sec id="s3">
      <title>Existing Trials of Screening for Pre-eclampsia</title>
      <p>Research on the biological pathways that lead to pre-eclampsia focus on the placenta. The current view is that impaired invasion of the maternal uterine resistance vessels by the invading extravillous trophoblast is a key determinant. Trophoblast invasion can be assessed clinically by Doppler flow velocimetry of the uterine arteries <xref ref-type="bibr" rid="pmed.1001274-Yu1">[3]</xref>. A high resistance pattern of flow at 23 weeks gestational age is a sensitive and specific predictor of early onset pre-eclampsia in an unselected population <xref ref-type="bibr" rid="pmed.1001274-Yu1">[3]</xref>. However, meta-analysis of randomised controlled trials indicates that routine use of utero-placental Doppler in low-risk women had no effect on pregnancy outcome <xref ref-type="bibr" rid="pmed.1001274-Alfirevic1">[4]</xref>.</p>
    </sec>
    <sec id="s4">
      <title>Existing Interventions to Reduce the Risk of Pre-eclampsia</title>
      <p>A successful screening programme consists of two components. The first is that women at high risk of a disease, or in the early phase of a disease, are identified. The second is that these women are then treated with an intervention that results in a better outcome than if treatment had been initiated when the disease became clinically apparent. A screening programme could, therefore, yield a negative result due either to failure of the screening test or failure of the intervention. A detailed analysis of the literature conducted for the NICE Guideline on Hypertension in Pregnancy demonstrated that, of the many candidate interventions evaluated (dietary, lifestyle, nutritional, and pharmacological), only low dose aspirin had been clearly shown to reduce the risk of pre-eclampsia in high-risk women <xref ref-type="bibr" rid="pmed.1001274-National2">[5]</xref>. However, aspirin only reduced the risk of pre-eclampsia by about 17% <xref ref-type="bibr" rid="pmed.1001274-Duley1">[6]</xref>. Hence, there are currently no highly effective disease modifying therapies available for women who screen as high risk for pre-eclampsia.</p>
    </sec>
    <sec id="s5">
      <title>Designing Trials</title>
      <p>The simplest way to evaluate a screening programme is to randomise women to be screened or not screened. However, an alternative approach is to screen all women and to randomise those who screen positive to the intervention or to having the result concealed (see <xref ref-type="fig" rid="pmed-1001274-g001">Figure 1</xref>). The second approach has two advantages. First, it requires a smaller sample size (<xref ref-type="supplementary-material" rid="pmed.1001274.s001">Table S1</xref>). In the example illustrated by <xref ref-type="fig" rid="pmed-1001274-g001">Figure 1</xref>, it reduced the required number of participants by 60%. Second, if a trial of randomisation to the screening test yields a negative result, it is impossible to assess whether it is because of failure of the screening test or failure of the intervention. In contrast, if high-risk women are randomised to an intervention or to having the result concealed, it allows the effectiveness of the screening test and the intervention to be evaluated separately in the same study.</p>
      <fig id="pmed-1001274-g001" orientation="portrait" position="float">
        <object-id pub-id-type="doi">10.1371/journal.pmed.1001274.g001</object-id>
        <label>Figure 1</label>
        <caption>
          <title>The effect of study design on sample size calculations and conclusions that can be drawn from screening studies.</title>
          <p>(A) Women are randomised to having or not having the screening test performed. (B) Women have the screening test performed and those who screen as high risk are randomised to having an intervention or having the result concealed. The number of women required (indicated in the top of each figure) is from a sample size calculation for 90% power to detect an effect at <italic>p</italic>&lt;0.05 (two sided). In panel (A), it is the number of women who need to be consented to be randomised to being screened or not screened and the calculation is based on the rate of the primary outcome comparing screened versus not-screened. In panel (B), it is the number of women who need to be screened and it is based on the rate of the primary outcome comparing intervention versus no intervention among women who screened positive. Both calculations assume an outcome with a background incidence of 1%, a screen positive rate of 5%, and a positive predictive value of 10% (hence a positive likelihood ratio of 11). Based on these parameters, the 95% of the population who screened negative would have a 0.53% incidence, giving a negative predictive value of 99.5% and a negative likelihood ratio of 0.52. The intervention is assumed to reduce the risk of the outcome by 60%. See <xref ref-type="supplementary-material" rid="pmed.1001274.s001">Table S1</xref> for power calculations for both designs using other values of screening performance or intervention efficacy.</p>
        </caption>
        <graphic mimetype="image" orientation="portrait" position="float" xlink:href="info:doi/10.1371/journal.pmed.1001274.g001" xlink:type="simple"/>
      </fig>
    </sec>
    <sec id="s6">
      <title>Critical Assessment of Trials of Screening Using Utero-Placental Doppler</title>
      <p>Reviewing the trials included in the meta-analysis of screening low-risk women using utero-placental Doppler indicates that all of them randomised women to being screened or not being screened. The power calculation in <xref ref-type="fig" rid="pmed-1001274-g001">Figure 1</xref> indicates that, where the background incidence of the outcome is 1% (as is the case for severe pre-eclampsia), this study design would require recruiting &gt;40,000 women, even where the test is highly informative and the intervention is highly effective. The meta-analysis of routine Doppler contains 14,185 individuals <xref ref-type="bibr" rid="pmed.1001274-Alfirevic1">[4]</xref>. Furthermore, none of the trials included in the meta-analysis had a specific intervention other than revealing the result, with or without a programme of increased surveillance.</p>
    </sec>
    <sec id="s7">
      <title>Designing Interventions for Future Trials</title>
      <p>A key intervention in the management of women with established pre-eclampsia is to deliver the infant, but the effect depends on the gestational age. Routine delivery preterm increases neonatal morbidity without improving maternal outcome <xref ref-type="bibr" rid="pmed.1001274-Churchill1">[7]</xref>. However, even among women with mild pre-eclampsia, routine delivery at 37 weeks gestational age improved outcome <xref ref-type="bibr" rid="pmed.1001274-Koopmans1">[8]</xref>. It is plausible that delivery at 37 weeks gestational age would also be an effective intervention for women who were asymptomatic but were at high risk of severe pre-eclampsia at term. When considering the most severe consequences of pre-eclampsia, there tends to be a focus on disease resulting in preterm birth. However, a significant proportion of severe disease occurs at term. For example, an analysis of data from Canada demonstrated that two-thirds of cases of eclamptic seizures occurred at term <xref ref-type="bibr" rid="pmed.1001274-Liu1">[9]</xref>. Furthermore, a review of cases of severe pre-eclampsia in 16 maternity units in Yorkshire (United Kingdom) demonstrated that one-third of neonatal deaths were of infants born at term <xref ref-type="bibr" rid="pmed.1001274-Tuffnell1">[10]</xref>.</p>
    </sec>
    <sec id="s8">
      <title>Designing Screening Tests for Complications at Term</title>
      <p>A significant body of work demonstrates that many complications of late pregnancy may be determined in the first trimester <xref ref-type="bibr" rid="pmed.1001274-Smith1">[11]</xref>. While these analyses provide interesting insights into possible biological determinants of adverse outcome, clinical studies of both biochemical and ultrasonic screening tests for placental dysfunction indicate that both are more strongly associated with complications temporally closer to the time of measurement (<xref ref-type="fig" rid="pmed-1001274-g002">Figure 2</xref>). Hence, screening for adverse outcome at term may be most informative if it includes an assessment around 34–36 weeks gestation. This could be combined with earlier data and clinical details to provide an individualised risk of pre-eclampsia at term. However, some current high quality prospective cohort studies, such as nuMoM2b (<ext-link ext-link-type="uri" xlink:href="http://www.clinicaltrials.gov/ct2/show/NCT01322529" xlink:type="simple">http://www.clinicaltrials.gov/ct2/show/NCT01322529</ext-link>) and SCOPE (<ext-link ext-link-type="uri" xlink:href="http://www.scopestudy.net/" xlink:type="simple">http://www.scopestudy.net/</ext-link>) only assess screening tests up to 29 and 24 weeks gestational age, respectively.</p>
      <fig id="pmed-1001274-g002" orientation="portrait" position="float">
        <object-id pub-id-type="doi">10.1371/journal.pmed.1001274.g002</object-id>
        <label>Figure 2</label>
        <caption>
          <title>Timing of screening tests and the subsequent risk of complications, in relation to gestational age at delivery.</title>
          <p>(A) Area under the receiver operating characteristic curve (AUROCC) for pre-eclampsia at different gestational ages in relation to uterine artery Doppler flow velocimetry performed at around 23 weeks gestational age. The origin of the <italic>y</italic>-axis is set to 0.5 as this is the value where the test is non-informative (data from <xref ref-type="bibr" rid="pmed.1001274-Yu1">[3]</xref>). (B) Adjusted odds ratio for stillbirth at different gestational ages among women with maternal serum alpha fetoprotein levels in top 1% at 15–20 weeks. (C) As (B) except top 1% of maternal serum levels of human chorionic gonadotrophin (data from <xref ref-type="bibr" rid="pmed.1001274-Smith2">[13]</xref>).</p>
        </caption>
        <graphic mimetype="image" orientation="portrait" position="float" xlink:href="info:doi/10.1371/journal.pmed.1001274.g002" xlink:type="simple"/>
      </fig>
    </sec>
    <sec id="s9">
      <title>Screening and Intervention to Prevent Severe Pre-eclampsia</title>
      <p>On the basis of the above, I propose that the current lack of progress in reducing the burden of morbidity and mortality in relation to pre-eclampsia (as well as other serious adverse outcomes of pregnancy, such as stillbirth) may be best addressed by the following approach. 1. High quality non-interventional studies should characterise the screening performance of existing and novel tests in low-risk populations. 2. The gestational age dependence of risk prediction should be assessed. 3. Measurements should be made in all three trimesters, including a late preterm assessment (34–36 weeks). 4. Initial efforts should focus on identifying women at high risk of developing severe disease at term. 5. Screening algorithms for severe disease at term should be evaluated in trials where all women are screened and high-risk women are randomly allocated to having the result revealed with a recommendation for delivery at 37 weeks, or having the result concealed. Such trials would allow proof of principle of both the screening test and the intervention, prior to larger and more expensive trials of screening versus no screening.</p>
    </sec>
    <sec id="s10">
      <title>Improving Outcomes in Low-Income Settings</title>
      <p>Globally, approximately 350,000 women die during or shortly after pregnancy, 2.6 million babies are stillborn, and 3.2 million liveborn children die in the first month of life <xref ref-type="bibr" rid="pmed.1001274-World1">[1]</xref>,<xref ref-type="bibr" rid="pmed.1001274-Lawn1">[12]</xref>. Although most research on improved methods of screening and prevention of maternal and perinatal mortality occurs in high-income settings, most deaths occur in low- and middle-income settings. Focusing on screening for disease at preterm gestations is less likely to be translatable to low- and middle-income settings, as these countries often have limited provision of neonatal intensive care. However, if novel biomarkers are developed to identify women at high risk of severe term pre-eclampsia, screening women in late pregnancy in low- and middle-income settings could be feasible. For example, community testing using urine or capillary blood could be used to identify women who should be transferred to a health care facility for early term delivery.</p>
    </sec>
    <sec id="s11">
      <title>Supporting Information</title>
      <supplementary-material id="pmed.1001274.s001" mimetype="application/msword" orientation="portrait" position="float" xlink:href="info:doi/10.1371/journal.pmed.1001274.s001" xlink:type="simple">
        <label>Table S1</label>
        <caption>
          <p>
            <bold>Sensitivity analyses: effect of study design on sample size with different screening test performance and treatment effects.</bold>
          </p>
          <p>(DOC)</p>
        </caption>
      </supplementary-material>
    </sec>
  </body>
  <back>
    <ref-list>
      <title>References</title>
      <ref id="pmed.1001274-World1">
        <label>1</label>
        <mixed-citation publication-type="other" xlink:type="simple">World Health Organization (2011) World health statistics 2011. Geneva: WHO Press.</mixed-citation>
      </ref>
      <ref id="pmed.1001274-National1">
        <label>2</label>
        <mixed-citation publication-type="other" xlink:type="simple">National Collaborating Centre for Women's and Children's Health (2008) NICE guideline: antenatal care. London: RCOG Press.</mixed-citation>
      </ref>
      <ref id="pmed.1001274-Yu1">
        <label>3</label>
        <mixed-citation publication-type="journal" xlink:type="simple"><name name-style="western"><surname>Yu</surname><given-names>CK</given-names></name>, <name name-style="western"><surname>Smith</surname><given-names>GC</given-names></name>, <name name-style="western"><surname>Papageorghiou</surname><given-names>AT</given-names></name>, <name name-style="western"><surname>Cacho</surname><given-names>AM</given-names></name>, <name name-style="western"><surname>Nicolaides</surname><given-names>KH</given-names></name> (<year>2005</year>) <article-title>An integrated model for the prediction of preeclampsia using maternal factors and uterine artery Doppler velocimetry in unselected low-risk women</article-title>. <source>Am J Obstet Gynecol</source> <volume>193</volume>: <fpage>429</fpage>–<lpage>436</lpage>.</mixed-citation>
      </ref>
      <ref id="pmed.1001274-Alfirevic1">
        <label>4</label>
        <mixed-citation publication-type="journal" xlink:type="simple"><name name-style="western"><surname>Alfirevic</surname><given-names>Z</given-names></name>, <name name-style="western"><surname>Stampalija</surname><given-names>T</given-names></name>, <name name-style="western"><surname>Gyte</surname><given-names>GM</given-names></name> (<year>2010</year>) <article-title>Fetal and umbilical Doppler ultrasound in normal pregnancy</article-title>. <source>Cochrane Database Syst Rev</source> <issue>(8)</issue> <fpage>CD001450</fpage>.</mixed-citation>
      </ref>
      <ref id="pmed.1001274-National2">
        <label>5</label>
        <mixed-citation publication-type="other" xlink:type="simple">National Collaborating Centre for Women's and Children's Health (2011) NICE guideline: hypertension in pregnancy. London: RCOG Press.</mixed-citation>
      </ref>
      <ref id="pmed.1001274-Duley1">
        <label>6</label>
        <mixed-citation publication-type="journal" xlink:type="simple"><name name-style="western"><surname>Duley</surname><given-names>L</given-names></name>, <name name-style="western"><surname>Henderson-Smart</surname><given-names>DJ</given-names></name>, <name name-style="western"><surname>Meher</surname><given-names>S</given-names></name>, <name name-style="western"><surname>King</surname><given-names>JF</given-names></name> (<year>2007</year>) <article-title>Antiplatelet agents for preventing pre-eclampsia and its complications</article-title>. <source>Cochrane Database Syst Rev</source> <issue>(2)</issue> <fpage>CD004659</fpage>.</mixed-citation>
      </ref>
      <ref id="pmed.1001274-Churchill1">
        <label>7</label>
        <mixed-citation publication-type="journal" xlink:type="simple"><name name-style="western"><surname>Churchill</surname><given-names>D</given-names></name>, <name name-style="western"><surname>Duley</surname><given-names>L</given-names></name> (<year>2002</year>) <article-title>Interventionist versus expectant care for severe pre-eclampsia before term</article-title>. <source>Cochrane Database Syst Rev</source> <issue>(3)</issue> <fpage>CD003106</fpage>.</mixed-citation>
      </ref>
      <ref id="pmed.1001274-Koopmans1">
        <label>8</label>
        <mixed-citation publication-type="journal" xlink:type="simple"><name name-style="western"><surname>Koopmans</surname><given-names>CM</given-names></name>, <name name-style="western"><surname>Bijlenga</surname><given-names>D</given-names></name>, <name name-style="western"><surname>Groen</surname><given-names>H</given-names></name>, <name name-style="western"><surname>Vijgen</surname><given-names>SM</given-names></name>, <name name-style="western"><surname>Aarnoudse</surname><given-names>JG</given-names></name>, <name name-style="western"><surname>Bekedam</surname><given-names>DJ</given-names></name>, <etal>et al</etal>. (<year>2009</year>) <article-title>Induction of labour versus expectant monitoring for gestational hypertension or mild pre-eclampsia after 36 weeks' gestation (HYPITAT): a multicentre, open-label randomised controlled trial</article-title>. <source>Lancet</source> <volume>374</volume>: <fpage>979</fpage>–<lpage>988</lpage>.</mixed-citation>
      </ref>
      <ref id="pmed.1001274-Liu1">
        <label>9</label>
        <mixed-citation publication-type="journal" xlink:type="simple"><name name-style="western"><surname>Liu</surname><given-names>S</given-names></name>, <name name-style="western"><surname>Joseph</surname><given-names>KS</given-names></name>, <name name-style="western"><surname>Liston</surname><given-names>RM</given-names></name>, <name name-style="western"><surname>Bartholomew</surname><given-names>S</given-names></name>, <name name-style="western"><surname>Walker</surname><given-names>M</given-names></name>, <name name-style="western"><surname>Leon</surname><given-names>JA</given-names></name>, <etal>et al</etal>. (<year>2011</year>) <article-title>Incidence, risk factors, and associated complications of eclampsia</article-title>. <source>Obstet Gynecol</source> <volume>118</volume>: <fpage>987</fpage>–<lpage>994</lpage>.</mixed-citation>
      </ref>
      <ref id="pmed.1001274-Tuffnell1">
        <label>10</label>
        <mixed-citation publication-type="journal" xlink:type="simple"><name name-style="western"><surname>Tuffnell</surname><given-names>DJ</given-names></name>, <name name-style="western"><surname>Jankowicz</surname><given-names>D</given-names></name>, <name name-style="western"><surname>Lindow</surname><given-names>SW</given-names></name>, <name name-style="western"><surname>Lyons</surname><given-names>G</given-names></name>, <name name-style="western"><surname>Mason</surname><given-names>GC</given-names></name>, <name name-style="western"><surname>Russell</surname><given-names>IF</given-names></name>, <etal>et al</etal>. (<year>2005</year>) <article-title>Outcomes of severe pre-eclampsia/eclampsia in Yorkshire 1999/2003</article-title>. <source>BJOG</source> <volume>112</volume>: <fpage>875</fpage>–<lpage>880</lpage>.</mixed-citation>
      </ref>
      <ref id="pmed.1001274-Smith1">
        <label>11</label>
        <mixed-citation publication-type="journal" xlink:type="simple"><name name-style="western"><surname>Smith</surname><given-names>GC</given-names></name> (<year>2010</year>) <article-title>First-trimester determination of complications of late pregnancy</article-title>. <source>JAMA</source> <volume>303</volume>: <fpage>561</fpage>–<lpage>562</lpage>.</mixed-citation>
      </ref>
      <ref id="pmed.1001274-Lawn1">
        <label>12</label>
        <mixed-citation publication-type="journal" xlink:type="simple"><name name-style="western"><surname>Lawn</surname><given-names>JE</given-names></name>, <name name-style="western"><surname>Blencowe</surname><given-names>H</given-names></name>, <name name-style="western"><surname>Pattinson</surname><given-names>R</given-names></name>, <name name-style="western"><surname>Cousens</surname><given-names>S</given-names></name>, <name name-style="western"><surname>Kumar</surname><given-names>R</given-names></name>, <name name-style="western"><surname>Ibiebele</surname><given-names>I</given-names></name>, <etal>et al</etal>. (<year>2011</year>) <article-title>Stillbirths: where? when? why? How to make the data count?</article-title> <source>Lancet</source> <volume>377</volume>: <fpage>1448</fpage>–<lpage>1463</lpage>.</mixed-citation>
      </ref>
      <ref id="pmed.1001274-Smith2">
        <label>13</label>
        <mixed-citation publication-type="journal" xlink:type="simple"><name name-style="western"><surname>Smith</surname><given-names>GC</given-names></name>, <name name-style="western"><surname>Shah</surname><given-names>I</given-names></name>, <name name-style="western"><surname>White</surname><given-names>IR</given-names></name>, <name name-style="western"><surname>Pell</surname><given-names>JP</given-names></name>, <name name-style="western"><surname>Crossley</surname><given-names>JA</given-names></name>, <etal>et al</etal>. (<year>2007</year>) <article-title>Maternal and biochemical predictors of antepartum stillbirth among nulliparous women in relation to gestational age of fetal death</article-title>. <source>BJOG</source> <volume>114</volume>: <fpage>705</fpage>–<lpage>714</lpage>.</mixed-citation>
      </ref>
    </ref-list>
  </back>
</article>