<?xml version="1.0" encoding="UTF-8"?>
<!DOCTYPE article
  PUBLIC "-//NLM//DTD Journal Publishing DTD v3.0 20080202//EN" "http://dtd.nlm.nih.gov/publishing/3.0/journalpublishing3.dtd">
<article xmlns:mml="http://www.w3.org/1998/Math/MathML" xmlns:xlink="http://www.w3.org/1999/xlink" article-type="research-article" dtd-version="3.0" xml:lang="en">
<front>
<journal-meta>
<journal-id journal-id-type="publisher-id">PLoS</journal-id>
<journal-id journal-id-type="nlm-ta">PLoS Med</journal-id>
<journal-id journal-id-type="pmc">plosmed</journal-id><journal-title-group>
<journal-title>PLoS Medicine</journal-title></journal-title-group>
<issn pub-type="epub">1549-1676</issn>
<publisher>
<publisher-name>Public Library of Science</publisher-name>
<publisher-loc>San Francisco, USA</publisher-loc></publisher>
</journal-meta>
<article-meta>
<article-id pub-id-type="publisher-id">PMEDICINE-D-14-02662</article-id>
<article-id pub-id-type="doi">10.1371/journal.pmed.1001746</article-id>
<article-categories><subj-group subj-group-type="heading"><subject>Perspective</subject></subj-group><subj-group subj-group-type="Discipline-v2"><subject>Medicine and health sciences</subject></subj-group></article-categories>
<title-group>
<article-title>Variation in Caesarean Section Rates in the US: Outliers, Damned Outliers, and Statistics</article-title>
<alt-title alt-title-type="running-head">Caesarean section rates: outliers, damned outliers and statistics</alt-title>
</title-group>
<contrib-group>
<contrib contrib-type="author" xlink:type="simple"><name name-style="western"><surname>Smith</surname><given-names>Gordon C. S.</given-names></name><xref ref-type="aff" rid="aff1"><sup>1</sup></xref><xref ref-type="aff" rid="aff2"><sup>2</sup></xref><xref ref-type="corresp" rid="cor1"><sup>*</sup></xref></contrib>
</contrib-group>
<aff id="aff1"><label>1</label><addr-line>Department of Obstetrics and Gynaecology, University of Cambridge, Cambridge, United Kingdom</addr-line></aff>
<aff id="aff2"><label>2</label><addr-line>NIHR Cambridge Comprehensive Biomedical Research Centre, Cambridge, United Kingdom</addr-line></aff>
<author-notes>
<corresp id="cor1">* E-mail: <email xlink:type="simple">gcss2@cam.ac.uk</email></corresp>
<fn fn-type="conflict"><p>I have no competing interests.</p></fn>
<fn fn-type="con"><p>Conceived and designed the experiments: GS. Wrote the first draft of the manuscript: GS. Wrote the paper: GS. <ext-link ext-link-type="uri" xlink:href="http://www.icmje.org/" xlink:type="simple">ICMJE</ext-link> criteria for authorship read and met: GS. Agree with manuscript results and conclusions: GS.</p></fn>
<fn><p><bold>Perspectives</bold> are commissioned from an expert and discuss the clinical practice or public health implications of a published study. The original publication must be freely available online.</p></fn>
</author-notes>
<pub-date pub-type="collection"><month>10</month><year>2014</year></pub-date>
<pub-date pub-type="epub"><day>21</day><month>10</month><year>2014</year></pub-date>
<volume>11</volume>
<issue>10</issue>
<elocation-id>e1001746</elocation-id><permissions>
<copyright-year>2014</copyright-year>
<copyright-holder>Gordon C</copyright-holder><license xlink:type="simple"><license-p>S. Smith. This is an open-access article distributed under the terms of the <ext-link ext-link-type="uri" xlink:href="http://creativecommons.org/licenses/by/4.0/" xlink:type="simple">Creative Commons Attribution License</ext-link>, which permits unrestricted use, distribution, and reproduction in any medium, provided the original author and source are credited.</license-p></license></permissions><related-article id="RA1" related-article-type="companion" ext-link-type="uri" page="e1001745" xlink:type="simple" xlink:href="info:doi/10.1371/journal.pmed.1001745"><article-title>Patient Clinical Diagnoses and Hospital Variation in the Risk of Cesarean Delivery: Analyses of a National US Hospital Discharge Database.</article-title></related-article>
<abstract abstract-type="toc"><sec>
<title/>
<p>Gordon C. Smith discusses the study by Katy Kozhimannil and colleagues that examines variations in cesarean section rates in the US and argues for the need for high-quality routine data collection to better understand the reasons for these variations.</p>
<p><italic>Please see later in the article for the Editors' Summary</italic></p>
</sec></abstract>
<funding-group><funding-statement>Not externally funded.</funding-statement></funding-group><counts><page-count count="2"/></counts></article-meta>
</front>
<body><boxed-text id="pmed-1001746-box001" position="float"><sec id="s1a">
<title>Linked Research Article</title>
<p>This Perspective discusses the following new study published in <italic>PLOS Medicine</italic>:</p>
<p>Kozhimannil KB, Arcaya MC, Subramanian SV (2014) Maternal Clinical Diagnoses and Hospital Variation in the Risk of Cesarean Delivery: Analyses of a National US Hospital Discharge Database. PLoS Med 11(10): e1001745. <ext-link ext-link-type="uri" xlink:href="http://www.plosmedicine.org/article/info:doi/10.1371/journal.pmed.1001745" xlink:type="simple">doi:10.1371/journal.pmed.1001745</ext-link></p>
<p>Katy Kozhimannil and colleagues use a national database to examine the extent to which variability in cesarean section rates across the US in 2009–2010 was attributable to individual women’s clinical diagnoses.</p></sec></boxed-text>
<p>Prior to the 20th century, birth could only safely be achieved by vaginal delivery of the fetus. This natural process was accompanied by high mortality rates for both mothers and infants. The development of safe abdominal delivery was one of a series of interventions that led to dramatic falls in maternal and perinatal mortality in high-income countries in the 20th century. Today, lack of access to safe caesarean delivery is a major global public health problem, and provision of the procedure in low-income settings is a key element of programmes aimed at reducing the substantial proportion of the global burden of death and disability that follows pregnancy complications <xref ref-type="bibr" rid="pmed.1001746-Bhutta1">[1]</xref>.</p>
<p>However, in many higher income countries around the world, caesarean section evolved during the course of the 20th century from being a rarely performed, desperate measure, to being a life-saving occasional intervention, to being a core component of safe obstetric care, ultimately to become the most commonly performed laparotomy and a major focus of concerns around unnecessary medical intervention and avoidable healthcare costs. Women and doctors grapple with the concept of clinically indicated and non-clinically indicated procedures. However, in most cases, there is no absolute indication. The decision to perform a caesarean section involves balancing multiple risks: short- and long-term, maternal and foetal, for and against performing the procedure <xref ref-type="bibr" rid="pmed.1001746-Royal1">[2]</xref>. Judging the balance of these risks for an individual woman in many ways requires more skill than performing the procedure. Moreover, many women approach the decision with firmly held prior beliefs that, quite naturally, are not wholly based on an objective balancing of the probabilities of adverse events.</p>
<p>How does this decisional complexity manifest itself in the real world? This question is addressed by the research article of Katy Kozhimannil and colleagues published in this week’s <italic>PLOS Medicine</italic> <xref ref-type="bibr" rid="pmed.1001746-Kozhimannil1">[3]</xref>. The authors show that between-institution differences in the rates of caesarean section in the United States were not explainable purely by random variation. In an analysis of almost 1.5 million births in a representative sample of 20% of obstetric units in the US, they demonstrated an excess of outliers, i.e., units with unexpectedly low or high rates of caesarean section. If variation had simply been due to the play of chance, they would have expected 70 outliers. What they observed were 541 outliers, i.e., an almost 8-fold excess. The variability was not affected by adjustment for a range of demographic and obstetric characteristics that were recorded in the dataset employed.</p>
<p>Major determinants of the prior risk of caesarean section include nulliparity, induction of labour (primarily through the indication rather than the procedure itself) <xref ref-type="bibr" rid="pmed.1001746-Gulmezoglu1">[4]</xref>, previous caesarean delivery, multiple pregnancy, malpresentation, and prematurity <xref ref-type="bibr" rid="pmed.1001746-Brennan1">[5]</xref>. The importance of these factors has led to analysis of variation in caesarean section rates being performed within groups, such as "nulliparous, single cephalic, ≥37 weeks, in spontaneous labour". Analysis by group allows assessment of whether an overall high (or low) caesarean section rate within an institution is observed across a range of clinical scenarios in which the decision-making processes may differ. A consistently high rate of caesarean section across diverse categories may indicate bias towards performing the procedure in the absence of a strong clinical indication. Conversely, an institution may have a high overall rate due to an excess of one or more groups that have inherently higher rates of caesarean birth. Such analyses then allow clinicians to identify interventions which are most likely to reduce the number of unnecessary surgical births, such as improved utilisation or performance of external cephalic version for term breech presentation, or facilitating better uptake of vaginal birth after caesarean section when appropriate. The paper of Kozhimannil et al. lacked the basic information available that is required to analyse rates by subgroups. This limits our ability to understand from this analysis why the rates varied so much and how the variation might be addressed.</p>
<p>A series of further questions remains. First, even within the categories of caesarean section, there are important maternal characteristics, unmeasured in the present study, that can influence the risk, such as height, body mass index, and post-dates pregnancy <xref ref-type="bibr" rid="pmed.1001746-Crane1">[6]</xref>,<xref ref-type="bibr" rid="pmed.1001746-Smith1">[7]</xref>. The lack of information on these factors adds further to concerns that the persistence of an excess of outliers in the analyses by Kozhimannil and colleagues may simply reflect the influence of unmeasured maternal or obstetric characteristics. Second, if the high level of variation observed is due to institutional factors, such as maternal or physician preference in the presence of ambiguous or marginal indications, why was the variation greater for high-risk situations, where practice and maternal choices might have been expected to be more consistent? Third, what was the relationship between the observed and expected proportion of caesarean section and the proportion of adverse maternal and perinatal outcomes? Did the units with lower proportions of caesarean section achieve the lower rate at the expense of higher rates of serious adverse events? Did units with high rates of caesarean delivery also have higher rates of serious maternal morbidity? Finally, given that between 1 and 1.5 million women are delivered by caesarean section each year in the US <xref ref-type="bibr" rid="pmed.1001746-Martin1">[8]</xref>, and given the associated costs of these procedures (financial and clinical), how can it be that we can only guess at the effects of parity and gestational age on variation in caesarean section rates in the world's richest nation? The weaknesses in routine collection of maternity data in the US are well recognised <xref ref-type="bibr" rid="pmed.1001746-Cahill1">[9]</xref>. Why is the collection of high quality maternity data such a low priority?</p>
<p>As researchers, we need to continue to strive to understand the determinants and consequences of varying rates of caesarean section and to identify appropriate responses. But this can only be done if providers recognise that the collection of high quality routine data—and making it available for the purposes of research—is an essential element of safe health care.</p>
</body>
<back><ref-list>
<title>References</title>
<ref id="pmed.1001746-Bhutta1"><label>1</label>
<mixed-citation publication-type="journal" xlink:type="simple"><name name-style="western"><surname>Bhutta</surname><given-names>ZA</given-names></name>, <name name-style="western"><surname>Yakoob</surname><given-names>MY</given-names></name>, <name name-style="western"><surname>Lawn</surname><given-names>JE</given-names></name>, <name name-style="western"><surname>Rizvi</surname><given-names>A</given-names></name>, <name name-style="western"><surname>Friberg</surname><given-names>IK</given-names></name>, <etal>et al</etal>. (<year>2011</year>) <article-title>Stillbirths: what difference can we make and at what cost?</article-title> <source>Lancet</source> <volume>377</volume>: <fpage>1523</fpage>–<lpage>1538</lpage>.</mixed-citation>
</ref>
<ref id="pmed.1001746-Royal1"><label>2</label>
<mixed-citation publication-type="other" xlink:type="simple">Royal College of Obstetricians &amp; Gynaecologists (2007) Birth after previous caesarean birth: greentop guideline No. 45. 1–17. London: RCOG Press. Available: <ext-link ext-link-type="uri" xlink:href="http://www.rcog.org.uk/womens-health/clinical-guidance/birth-after-previous-caesarean-birth-green-top-45" xlink:type="simple">http://www.rcog.org.uk/womens-health/clinical-guidance/birth-after-previous-caesarean-birth-green-top-45</ext-link>. Accessed 15 September 2014.</mixed-citation>
</ref>
<ref id="pmed.1001746-Kozhimannil1"><label>3</label>
<mixed-citation publication-type="journal" xlink:type="simple"><name name-style="western"><surname>Kozhimannil</surname><given-names>KB</given-names></name>, <name name-style="western"><surname>Arcaya</surname><given-names>MC</given-names></name>, <name name-style="western"><surname>Subramanian</surname><given-names>SV</given-names></name> (<year>2014</year>) <article-title>Patient Clinical Diagnoses and Hospital Variation in the Risk of Cesarean Delivery: Analyses of a National US Hospital Discharge Database</article-title>. <source>PLoS Med</source> <volume>11</volume>: <fpage>e1001745</fpage>.</mixed-citation>
</ref>
<ref id="pmed.1001746-Gulmezoglu1"><label>4</label>
<mixed-citation publication-type="journal" xlink:type="simple"><name name-style="western"><surname>Gulmezoglu</surname><given-names>AM</given-names></name>, <name name-style="western"><surname>Crowther</surname><given-names>CA</given-names></name>, <name name-style="western"><surname>Middleton</surname><given-names>P</given-names></name>, <name name-style="western"><surname>Heatley</surname><given-names>E</given-names></name> (<year>2012</year>) <article-title>Induction of labour for improving birth outcomes for women at or beyond term</article-title>. <source>Cochrane Database Syst Rev</source> <volume>6</volume>: <fpage>CD004945</fpage>.</mixed-citation>
</ref>
<ref id="pmed.1001746-Brennan1"><label>5</label>
<mixed-citation publication-type="journal" xlink:type="simple"><name name-style="western"><surname>Brennan</surname><given-names>DJ</given-names></name>, <name name-style="western"><surname>Robson</surname><given-names>MS</given-names></name>, <name name-style="western"><surname>Murphy</surname><given-names>M</given-names></name>, <name name-style="western"><surname>O'Herlihy</surname><given-names>C</given-names></name> (<year>2009</year>) <article-title>Comparative analysis of international cesarean delivery rates using 10-group classification identifies significant variation in spontaneous labor</article-title>. <source>Am J Obstet Gynecol</source> <volume>201</volume>: <fpage>308</fpage>.</mixed-citation>
</ref>
<ref id="pmed.1001746-Crane1"><label>6</label>
<mixed-citation publication-type="journal" xlink:type="simple"><name name-style="western"><surname>Crane</surname><given-names>SS</given-names></name>, <name name-style="western"><surname>Wojtowycz</surname><given-names>MA</given-names></name>, <name name-style="western"><surname>Dye</surname><given-names>TD</given-names></name>, <name name-style="western"><surname>Aubry</surname><given-names>RH</given-names></name>, <name name-style="western"><surname>Artal</surname><given-names>R</given-names></name> (<year>1997</year>) <article-title>Association between pre-pregnancy obesity and the risk of cesarean delivery</article-title>. <source>Obstet Gynecol</source> <volume>89</volume>: <fpage>213</fpage>–<lpage>216</lpage>.</mixed-citation>
</ref>
<ref id="pmed.1001746-Smith1"><label>7</label>
<mixed-citation publication-type="journal" xlink:type="simple"><name name-style="western"><surname>Smith</surname><given-names>GC</given-names></name>, <name name-style="western"><surname>White</surname><given-names>IR</given-names></name>, <name name-style="western"><surname>Pell</surname><given-names>JP</given-names></name>, <name name-style="western"><surname>Dobbie</surname><given-names>R</given-names></name> (<year>2005</year>) <article-title>Predicting cesarean section and uterine rupture among women attempting vaginal birth after prior cesarean section</article-title>. <source>PLoS Med</source> <volume>2</volume>: <fpage>e252</fpage>.</mixed-citation>
</ref>
<ref id="pmed.1001746-Martin1"><label>8</label>
<mixed-citation publication-type="journal" xlink:type="simple"><name name-style="western"><surname>Martin</surname><given-names>JA</given-names></name>, <name name-style="western"><surname>Hamilton</surname><given-names>BE</given-names></name>, <name name-style="western"><surname>Osterman</surname><given-names>MJK</given-names></name>, <name name-style="western"><surname>Curtin</surname><given-names>SC</given-names></name>, <name name-style="western"><surname>Mathews</surname><given-names>MS</given-names></name> (<year>2012</year>) <article-title>Births: Final Data for 2012</article-title>. <source>Natl Vital Stat Rep</source> <volume>62</volume>: <fpage>1</fpage>–<lpage>87</lpage>.</mixed-citation>
</ref>
<ref id="pmed.1001746-Cahill1"><label>9</label>
<mixed-citation publication-type="journal" xlink:type="simple"><name name-style="western"><surname>Cahill</surname><given-names>AG</given-names></name>, <name name-style="western"><surname>Macones</surname><given-names>GA</given-names></name> (<year>2006</year>) <article-title>Vital considerations for the use of vital statistics in obstetrical research</article-title>. <source>Am J Obstet Gynecol</source> <volume>194</volume>: <fpage>909</fpage>–<lpage>910</lpage>.</mixed-citation>
</ref>
</ref-list><fn-group><fn fn-type="other"><p><bold>Provenance:</bold> Commissioned; not externally peer reviewed</p></fn>
</fn-group></back>
</article>