<?xml version="1.0" encoding="UTF-8"?>
<!DOCTYPE article
  PUBLIC "-//NLM//DTD Journal Publishing DTD v3.0 20080202//EN" "http://dtd.nlm.nih.gov/publishing/3.0/journalpublishing3.dtd">
<article xmlns:mml="http://www.w3.org/1998/Math/MathML" xmlns:xlink="http://www.w3.org/1999/xlink" article-type="research-article" dtd-version="3.0" xml:lang="en">
<front>
<journal-meta>
<journal-id journal-id-type="nlm-ta">PLoS Negl Trop Dis</journal-id>
<journal-id journal-id-type="publisher-id">plos</journal-id>
<journal-id journal-id-type="pmc">plosntds</journal-id><journal-title-group>
<journal-title>PLoS Neglected Tropical Diseases</journal-title></journal-title-group>
<issn pub-type="epub">1935-2735</issn>
<publisher>
<publisher-name>Public Library of Science</publisher-name>
<publisher-loc>San Francisco, USA</publisher-loc></publisher>
</journal-meta>
<article-meta>
<article-id pub-id-type="publisher-id">PNTD-D-13-00250</article-id>
<article-id pub-id-type="doi">10.1371/journal.pntd.0002264</article-id>
<article-categories><subj-group subj-group-type="heading"><subject>Viewpoints</subject></subj-group><subj-group subj-group-type="Discipline-v2"><subject>Medicine</subject><subj-group><subject>Infectious diseases</subject></subj-group><subj-group><subject>Mental health</subject></subj-group><subj-group><subject>Public health</subject></subj-group></subj-group><subj-group subj-group-type="Discipline-v2"><subject>Science policy</subject><subj-group><subject>Bioethics</subject></subj-group><subj-group><subject>Science and technology workforce</subject></subj-group></subj-group><subj-group subj-group-type="Discipline-v2"><subject>Social and behavioral sciences</subject><subj-group><subject>Psychology</subject></subj-group><subj-group><subject>Sociology</subject></subj-group></subj-group></article-categories>
<title-group>
<article-title>Global Elimination of Lymphatic Filariasis: A “Mass Uprising of Compassion”</article-title>
</title-group>
<contrib-group>
<contrib contrib-type="author" xlink:type="simple"><name name-style="western"><surname>Addiss</surname><given-names>David G.</given-names></name><xref ref-type="aff" rid="aff1"/><xref ref-type="corresp" rid="cor1"><sup>*</sup></xref></contrib>
</contrib-group>
<aff id="aff1"><addr-line>Task Force for Global Health, Decatur, Georgia, United States of America</addr-line></aff>
<contrib-group>
<contrib contrib-type="editor" xlink:type="simple"><name name-style="western"><surname>Lammie</surname><given-names>Patrick J.</given-names></name>
<role>Editor</role>
<xref ref-type="aff" rid="edit1"/></contrib>
</contrib-group>
<aff id="edit1"><addr-line>Centers for Disease Control and Prevention, United States of America</addr-line></aff>
<author-notes>
<corresp id="cor1">* E-mail: <email xlink:type="simple">daddiss@taskforce.org</email></corresp>
<fn fn-type="conflict"><p>The author has declared that no competing interests exist.</p></fn>
</author-notes>
<pub-date pub-type="collection"><month>8</month><year>2013</year></pub-date>
<pub-date pub-type="epub"><day>29</day><month>8</month><year>2013</year></pub-date>
<volume>7</volume>
<issue>8</issue>
<elocation-id>e2264</elocation-id>
<history>
<date date-type="received"><day>20</day><month>2</month><year>2013</year></date>
<date date-type="accepted"><day>11</day><month>3</month><year>2013</year></date>
</history>
<permissions>
<copyright-year>2013</copyright-year>
<copyright-holder>Addiss</copyright-holder><license xlink:type="simple"><license-p>This is an open-access article distributed under the terms of the Creative Commons Attribution License, which permits unrestricted use, distribution, and reproduction in any medium, provided the original author and source are credited.</license-p></license></permissions><funding-group><funding-statement>No external sources of funding supported this work.</funding-statement></funding-group><counts><page-count count="3"/></counts></article-meta>
</front>
<body><sec id="s1">
<title>Introduction</title>
<p>Hospitals and medical centers often cite compassion as a core value in their mission statements. In contrast, the importance of compassion in global health is rarely acknowledged, even though it is a significant source of motivation and sustenance for those working in the field. The Global Programme to Eliminate Lymphatic Filariasis (GPELF) provides an illustrative example of the role and promise of compassion in global health. It was established in 1998 to alleviate and prevent immense human suffering caused by the neglected tropical disease (NTD) lymphatic filariasis (LF).</p>
<p>From its beginning, the GPELF was conceived as having two “pillars”: one to interrupt transmission of the parasites that cause LF and the other to care for those who already have LF-related disease <xref ref-type="bibr" rid="pntd.0002264-Seim1">[1]</xref>. Inclusion of a morbidity management pillar distinguished the GPELF from efforts to eradicate smallpox, polio, and Guinea worm disease, which focused primarily, if not exclusively, on interrupting transmission. This two-pronged approach was initially criticized on the basis that efforts to reduce the suffering of those affected would divert attention and resources from the principal goal of stopping LF transmission <xref ref-type="bibr" rid="pntd.0002264-Addiss1">[2]</xref>.</p>
<p>Despite these reservations, the GPELF adopted morbidity management for three main reasons. First, the World Health Assembly (WHA) resolution that launched the GPELF (WHA 50.29) called for eliminating LF “as a public health problem.” The public health problem in question was not microfilaremia, but rather the stigmatizing and disfiguring conditions of lymphedema, affecting some 15 million persons, and hydrocele, affecting some 25 million men. Second, it was thought that providing clinical care to those who already had LF-related disease could enhance the acceptability of preventive chemotherapy to interrupt transmission. Cantey and colleagues recently documented this beneficial effect in a study from Orissa, India <xref ref-type="bibr" rid="pntd.0002264-Cantey1">[3]</xref>. Finally, and most importantly, relieving suffering through morbidity management was considered the right thing to do. Compassion demanded it.</p>
</sec><sec id="s2">
<title>Compassion and the GPELF</title>
<p>Social psychology teaches that compassion is comprised of three key elements: cognitive awareness, emotional resonance, and compassionate action. The GPELF is characterized by all three. First, a compassionate response to suffering requires that one first be aware of its existence. In a speech to the Centers for Disease Control and Prevention (CDC) in 1984, Bill Foege said: “If we are to maintain the reputation this institution now enjoys, it will be because in everything we do, behind everything we say, as the basis for every program decision we make—we will be willing to see faces.” This was an extraordinary message for a major public health institution with responsibilities for the health of populations, not individuals. The CDC's reputation would depend not on programmatic effectiveness, measurable outcomes, or epidemiologic prowess, but on compassion—the willingness of its employees, collectively, to see the faces of suffering.</p>
<p>Many who established the GPELF had studied LF as scientists and they were acutely aware of the personal suffering, stigmatization, and disability that it caused. They had seen the faces—and could not forget them. Inspired by the pioneering clinical work of Dr. Gerusa Dreyer in Brazil <xref ref-type="bibr" rid="pntd.0002264-Dreyer1">[4]</xref> and Professor R.K. Shenoy in India <xref ref-type="bibr" rid="pntd.0002264-Shenoy1">[5]</xref>, they insisted that priority be given to relieving LF-related suffering. During the past two decades, our collective awareness of the magnitude and nature of this suffering has grown tremendously, thanks to excellent studies by social scientists in Ghana, Brazil, Haiti, the Dominican Republic, India, and elsewhere (summarized in <xref ref-type="bibr" rid="pntd.0002264-Zeldenryk1">[6]</xref>).</p>
<p>Second, compassion requires emotional attunement or empathy—the ability to <italic>feel</italic> the suffering of the other. The LF program has engaged the emotions since it began. A 1997 booklet by the World Health Organization (WHO) that promoted the cause of LF elimination was punctuated with sentences from a letter by a Ghanaian woman with advanced LF-related lymphedema <xref ref-type="bibr" rid="pntd.0002264-WHO1">[7]</xref>. “Dear sir,” she begins, “I am writing with the hope that you can help me.” A few pages later, she continues: “I kneel and plead to be touched by your innermost heart for a humanitarian feeling, to try and do your best to help me.” Although the role of emotion as a motivating force, either individually or collectively, is rarely discussed, virtually everyone who is actively engaged in LF elimination has a story, a lived experience of human suffering that was deeply moving—and that lies at the core of their motivation for the work.</p>
<p>Third, compassion is characterized by action. The Fourteenth Dalai Lama said that compassion “is not just a wish to see sentient beings free from suffering, but an immediate need to intervene and actively engage, to try to help…A person who has attained stability in his or her compassion training…should now be out, running around like a mad dog, actively engaged in acts of compassion” <xref ref-type="bibr" rid="pntd.0002264-Davidson1">[8]</xref>. By any standard, the action mobilized by the GPELF to eliminate LF-related suffering for future generations has been “mad dog” impressive. Some 3.9 billion preventive chemotherapy treatments have been delivered since 2001. The GPELF is one of the most rapidly upscaling programs in public health history, having engaged hundreds of thousands of workers and now treating more than 500 million persons each year <xref ref-type="bibr" rid="pntd.0002264-WHO2">[9]</xref>.</p>
</sec><sec id="s3">
<title>Are We Seeing the Faces?</title>
<p>Unfortunately, the morbidity management pillar, which WHO describes as “rooted in compassion” <xref ref-type="bibr" rid="pntd.0002264-WHO3">[10]</xref>, has not fared as well. In 2011, 53 of 73 LF-endemic countries had preventive chemotherapy programs, while only 27 reported activities in morbidity management <xref ref-type="bibr" rid="pntd.0002264-WHO3">[10]</xref>. Several reasons likely contribute to this. Preventive chemotherapy has proven such a powerful intervention for interrupting LF transmission that most of the attention and resources in the GPELF have been devoted to scaling it up. Because of its success, preventive chemotherapy has become the overriding organizing principle not only for the elimination of LF, but also for the control of other NTDs <xref ref-type="bibr" rid="pntd.0002264-Hotez1">[11]</xref>, <xref ref-type="bibr" rid="pntd.0002264-Utzinger1">[12]</xref>. In addition, recommended procedures and guidelines for management of hydrocele and lymphedema in LF-endemic areas were not well-established when the GPELF began. Further, effective national programs to manage lymphedema and hydrocele require extensive collaboration with clinical health services, beyond the purview and experience of many LF program managers. A more nuanced and sophisticated matrix approach toward LF morbidity management is emerging that mobilizes surgical services to manage urogenital LF and integrates lymphedema management with clinical care for conditions such as diabetic foot, leprosy, and Buruli ulcer <xref ref-type="bibr" rid="pntd.0002264-WHO4">[13]</xref>. In many areas, this integrated approach, although not “solely owned” by the LF program, will be essential for the LF program to achieve its goals.</p>
<p>A more subtle and pervasive reason for the slow uptake of morbidity management in the GPELF lies in the corrosive forces that inhibit and obstruct compassion in many global health programs. Sustaining the empathic connection required for compassion—seeing the faces behind the numbers—is difficult when working to improve the health of hundreds of millions of people, across great geographic distances. What does it mean to have compassion for entire populations? The global scope of the LF program requires the collaboration of many complex organizations, often with competing agendas and historic rivalries. Motivations other than compassion, such as economic profit, political and military hegemony, and personal ambition, are notoriously active. Our collective silence on compassion in our work isolates us as individuals and allows these other forces to operate unchallenged.</p>
</sec><sec id="s4">
<title>Addressing the Challenges</title>
<p>Much remains to be done if the 2020 target for LF elimination is to be met <xref ref-type="bibr" rid="pntd.0002264-WHO3">[10]</xref>. In addition to addressing the remaining technical, logistical, and financial challenges, it will be necessary to simultaneously attend to four pairs of activities, each of which holds the tension of paradox. First, we need to maintain focus on eliminating transmission <italic>and</italic> expand our peripheral vision to include, to a much greater extent, those with LF disease. The two pillars are complementary and mutually reinforcing, not conflicting. Second, extending the benefits of the GPELF to those who currently suffer from LF-related disease will require national LF elimination programs that are cohesive and unified <italic>and</italic> that engage different sectors of the health care system—a more sophisticated and collaborative approach. Third, we need to be able to see the faces <italic>and</italic> the numbers—and to do this <italic>at the same time</italic> <xref ref-type="bibr" rid="pntd.0002264-Foege1">[14]</xref>. Finally, we need to combine compassion for individuals with action at the population level.</p>
<p>How might we begin to see both the faces and the numbers, to combine compassion for individuals with action at the population level? We might start by sharing our stories, by venturing to speak more openly about the compassion that motivates our work and sustains our spirits. Many of us find that travel to the field, literally to “see the faces,” revitalizes our efforts to improve the health of populations. We keep photos in our workplace that remind us of individuals whose lives have touched us. As we break our collective silence on compassion, other possibilities and practices will undoubtedly emerge.</p>
<p>The late Steve Ben Israel, an American comedian, anarchist, and performance artist, said that the intent of his life's work was to “foment a mass uprising of compassion” <xref ref-type="bibr" rid="pntd.0002264-Vitello1">[15]</xref>. While the GPELF has not fully extended the benefits it initially promised to those with LF-related disease, as a global response to human suffering, it represents a spectacular—if unfinished—mass uprising of compassion. By connecting more deeply with the compassionate impulse within us, by cultivating the capacity to be fully present to the faces of suffering, we will be better equipped, individually and collectively, to realize the GPELF's tremendous potential.</p>
</sec></body>
<back>
<ack>
<p>I would like to thank Mark Rosenberg for crucial conversations and Julie Hliboki for helpful comments on the manuscript. This paper was presented, in part, at the 7<sup>th</sup> meeting of the Global Alliance to Eliminate Lymphatic Filariasis, held at The World Bank, Washington, D.C., November 18–19, 2012.</p>
</ack>
<ref-list>
<title>References</title>
<ref id="pntd.0002264-Seim1"><label>1</label>
<mixed-citation publication-type="journal" xlink:type="simple"><name name-style="western"><surname>Seim</surname><given-names>A</given-names></name>, <name name-style="western"><surname>Dreyer</surname><given-names>G</given-names></name>, <name name-style="western"><surname>Addiss</surname><given-names>D</given-names></name> (<year>1999</year>) <article-title>Controlling morbidity and interrupting transmission: twin pillars of lymphatic filariasis elimination</article-title>. <source>Rev Soc Bras Med Trop</source> <volume>32</volume>: <fpage>325</fpage>–<lpage>328</lpage>.</mixed-citation>
</ref>
<ref id="pntd.0002264-Addiss1"><label>2</label>
<mixed-citation publication-type="journal" xlink:type="simple"><name name-style="western"><surname>Addiss</surname><given-names>DG</given-names></name> (<year>2010</year>) <article-title>Global elimination of lymphatic filariasis: addressing the public health problem</article-title>. <source>PLoS Negl Trop Dis</source> <volume>4</volume>: <fpage>e741</fpage> <comment>doi:<ext-link ext-link-type="uri" xlink:href="http://dx.doi.org/10.1371/journal.pntd.0000741" xlink:type="simple">10.1371/journal.pntd.0000741</ext-link></comment></mixed-citation>
</ref>
<ref id="pntd.0002264-Cantey1"><label>3</label>
<mixed-citation publication-type="journal" xlink:type="simple"><name name-style="western"><surname>Cantey</surname><given-names>PT</given-names></name>, <name name-style="western"><surname>Rout</surname><given-names>J</given-names></name>, <name name-style="western"><surname>Rao</surname><given-names>G</given-names></name>, <name name-style="western"><surname>Williamson</surname><given-names>J</given-names></name>, <name name-style="western"><surname>Fox</surname><given-names>LM</given-names></name> (<year>2010</year>) <article-title>Increasing compliance with mass drug administration programs for lymphatic filariasis in India through education and lymphedema management programs</article-title>. <source>PLoS Negl Trop Dis</source> <volume>4</volume>: <fpage>e728</fpage> <comment>doi:<ext-link ext-link-type="uri" xlink:href="http://dx.doi.org/10.1371/journal.pntd.0000728" xlink:type="simple">10.1371/journal.pntd.0000728</ext-link></comment></mixed-citation>
</ref>
<ref id="pntd.0002264-Dreyer1"><label>4</label>
<mixed-citation publication-type="other" xlink:type="simple">Dreyer G, Addiss D, Dreyer P, Noroes J (2002) Basic lymphoedema management: treatment and prevention of problems associated with lymphatic filariasis. Hollis, NH: Hollis Publishing Co. 112 pp.</mixed-citation>
</ref>
<ref id="pntd.0002264-Shenoy1"><label>5</label>
<mixed-citation publication-type="journal" xlink:type="simple"><name name-style="western"><surname>Shenoy</surname><given-names>RK</given-names></name> (<year>2008</year>) <article-title>Clinical and pathological aspects of filarial lymphedema and its management</article-title>. <source>Korean J Parasitol</source> <volume>46</volume>: <fpage>119</fpage>–<lpage>125</lpage>.</mixed-citation>
</ref>
<ref id="pntd.0002264-Zeldenryk1"><label>6</label>
<mixed-citation publication-type="journal" xlink:type="simple"><name name-style="western"><surname>Zeldenryk</surname><given-names>LM</given-names></name>, <name name-style="western"><surname>Gray</surname><given-names>M</given-names></name>, <name name-style="western"><surname>Speare</surname><given-names>R</given-names></name>, <name name-style="western"><surname>Gordon</surname><given-names>S</given-names></name>, <name name-style="western"><surname>Melrose</surname><given-names>W</given-names></name> (<year>2011</year>) <article-title>The emerging story of disability associated with lymphatic filariasis: a critical review</article-title>. <source>PLoS Negl Trop Dis</source> <volume>5</volume>: <fpage>e1366</fpage> <comment>doi:<ext-link ext-link-type="uri" xlink:href="http://dx.doi.org/10.1371/journal.pntd.0001366" xlink:type="simple">10.1371/journal.pntd.0001366</ext-link></comment></mixed-citation>
</ref>
<ref id="pntd.0002264-WHO1"><label>7</label>
<mixed-citation publication-type="other" xlink:type="simple">WHO (1997) Lymphatic filariasis: elimination of a public health problem in our lifetime. Geneva: World Health Organization. Report Number WHO/CTD/FIL/97.4. 20 pp.</mixed-citation>
</ref>
<ref id="pntd.0002264-Davidson1"><label>8</label>
<mixed-citation publication-type="other" xlink:type="simple">Davidson RJ, Harrington A (2002) Visions of compassion: western scientists and Tibetan Buddhists examine human nature. New York: Oxford University Press. 263 pp.</mixed-citation>
</ref>
<ref id="pntd.0002264-WHO2"><label>9</label>
<mixed-citation publication-type="journal" xlink:type="simple"><collab xlink:type="simple">WHO</collab> (<year>2012</year>) <article-title>Global programme to eliminate lymphatic filariasis: progress report, 2011</article-title>. <source>Wkly Epidemiol Rec</source> <volume>87</volume>: <fpage>345</fpage>–<lpage>356</lpage>.</mixed-citation>
</ref>
<ref id="pntd.0002264-WHO3"><label>10</label>
<mixed-citation publication-type="other" xlink:type="simple">WHO (2010) Progress report 2000–2009 and strategic plan 2010–2020 of the global programme to eliminate lymphatic filariasis: halfway towards eliminating lymphatic filariasis. Geneva: World Health Organization.</mixed-citation>
</ref>
<ref id="pntd.0002264-Hotez1"><label>11</label>
<mixed-citation publication-type="journal" xlink:type="simple"><name name-style="western"><surname>Hotez</surname><given-names>PJ</given-names></name>, <name name-style="western"><surname>Molyneux</surname><given-names>DH</given-names></name>, <name name-style="western"><surname>Fenwick</surname><given-names>A</given-names></name>, <name name-style="western"><surname>Kumaresan</surname><given-names>J</given-names></name>, <name name-style="western"><surname>Ehrlich Sachs</surname><given-names>S</given-names></name>, <etal>et al</etal>. (<year>2007</year>) <article-title>Control of neglected tropical diseases</article-title>. <source>N Engl J Med</source> <volume>357</volume>: <fpage>1018</fpage>–<lpage>1027</lpage>.</mixed-citation>
</ref>
<ref id="pntd.0002264-Utzinger1"><label>12</label>
<mixed-citation publication-type="journal" xlink:type="simple"><name name-style="western"><surname>Utzinger</surname><given-names>J</given-names></name>, <name name-style="western"><surname>Raso</surname><given-names>G</given-names></name>, <name name-style="western"><surname>Brooker</surname><given-names>S</given-names></name>, <name name-style="western"><surname>De Savigny</surname><given-names>D</given-names></name>, <name name-style="western"><surname>Tanner</surname><given-names>M</given-names></name>, <etal>et al</etal>. (<year>2009</year>) <article-title>Schistosomiasis and neglected tropical diseases: towards integrated and sustainable control and a word of caution</article-title>. <source>Parasitology</source> <volume>136</volume>: <fpage>1859</fpage>–<lpage>1874</lpage>.</mixed-citation>
</ref>
<ref id="pntd.0002264-WHO4"><label>13</label>
<mixed-citation publication-type="other" xlink:type="simple">WHO (2012) Managing morbidity and preventing disability in the Global Programme to Eliminate Lymphatic Filariasis: WHO position statement. Geneva: World Health Organization. Report Number WHO/HTM/NTD/PCT/2011.8.</mixed-citation>
</ref>
<ref id="pntd.0002264-Foege1"><label>14</label>
<mixed-citation publication-type="other" xlink:type="simple">Foege B, Rosenberg M (1999) Public and community health. In: Gilkey RW, editor. The 21<sup>st</sup> century health care leader. San Francisco: Josey-Bass. pp. 85–90.</mixed-citation>
</ref>
<ref id="pntd.0002264-Vitello1"><label>15</label>
<mixed-citation publication-type="other" xlink:type="simple">Vitello P (2012 June 17) Steve Ben Israel, 74, a living theater performance artist. The New York Times; A22.</mixed-citation>
</ref>
</ref-list></back>
</article>