<?xml version="1.0" encoding="UTF-8"?>
<!DOCTYPE article
  PUBLIC "-//NLM//DTD Journal Publishing DTD v3.0 20080202//EN" "http://dtd.nlm.nih.gov/publishing/3.0/journalpublishing3.dtd">
<article xmlns:mml="http://www.w3.org/1998/Math/MathML" xmlns:xlink="http://www.w3.org/1999/xlink" article-type="letter" dtd-version="3.0" xml:lang="EN">
  <front>
    <journal-meta><journal-id journal-id-type="publisher-id">plos</journal-id><journal-id journal-id-type="publisher">pmed</journal-id><journal-id journal-id-type="flc">plme</journal-id><journal-id journal-id-type="nlm-ta">PLoS Med</journal-id><journal-id journal-id-type="pmc">plosmed</journal-id><!--===== Grouping journal title elements =====--><journal-title-group><journal-title>PLoS Medicine</journal-title></journal-title-group><issn pub-type="ppub">1549-1277</issn><issn pub-type="epub">1549-1676</issn><publisher>
        <publisher-name>PLoS Medicine</publisher-name>
        <publisher-loc>San Francisco, USA</publisher-loc>
      </publisher></journal-meta>
    <article-meta><article-id pub-id-type="doi">10.1371/journal.pmed.0040053</article-id><article-id pub-id-type="publisher-id">06-PLME-C-0998</article-id><article-categories>
        <subj-group subj-group-type="heading">
          <subject>Correspondence</subject>
        </subj-group>
        <subj-group subj-group-type="Discipline">
          <subject>Infectious Diseases</subject>
        </subj-group>
      </article-categories><title-group><article-title>HIV, Stigma, and Rates of Infection: But Is AIDS-Related Stigma Understood?</article-title><alt-title alt-title-type="running-head">Correspondence</alt-title></title-group><contrib-group>
        <contrib contrib-type="author" xlink:type="simple">
          <name name-style="western">
            <surname>Castro</surname>
            <given-names>Arachu</given-names>
          </name>
        </contrib>
      </contrib-group><author-notes>
        <fn fn-type="current-aff" id="n3">
          <p>Arachu Castro (<email xlink:type="simple">Arachu_Castro@hms.harvard.edu</email>)</p>
        </fn>
        <fn fn-type="current-aff" id="n4">
          <p>Harvard Medical School, Boston, Massachusetts, United States of America</p>
        </fn>
      <fn fn-type="conflict" id="n2">
        <p> The author has declared that no competing interests exist.</p>
      </fn></author-notes><pub-date pub-type="ppub">
        <month>1</month>
        <year>2007</year>
      </pub-date><pub-date pub-type="epub">
        <day>30</day>
        <month>1</month>
        <year>2007</year>
      </pub-date><volume>4</volume><issue>1</issue><elocation-id>e53</elocation-id><!--===== Grouping copyright info into permissions =====--><permissions><copyright-year>2007</copyright-year><copyright-holder>Arachu Castro</copyright-holder><license><license-p>This is an open-access article distributed under the terms of the Creative Commons Attribution License, which permits unrestricted use, distribution, and reproduction in any medium, provided the original author and source are credited.</license-p></license></permissions><related-article page="e435" related-article-type="companion" vol="3" xlink:href="info:doi/10.1371/journal.pmed.0030435" xlink:title="Essay" xlink:type="simple">
				<article-title>HIV, Stigma, and Rates of Infection: A Rumour without Evidence</article-title>
			</related-article><related-article page="e44" related-article-type="companion" vol="4" xlink:href="info:doi/10.1371/journal.pmed.0040044" xlink:title="Correspondence" xlink:type="simple">
				<article-title>HIV, Stigma, and Rates of Infection: Authors' Reply</article-title>
			</related-article><funding-group><funding-statement>The author received no specific funding for this article.</funding-statement></funding-group><counts>
        <page-count count="2"/>
      </counts><!--===== Restructure custom-meta-wrap to custom-meta-group =====--><custom-meta-group>
        <custom-meta>
          <meta-name>citation</meta-name>
          <meta-value>Castro A (2007) HIV, stigma, and rates of infection: But is AIDS-related stigma understood? PLoS Med 4(1): e53. doi:<ext-link ext-link-type="doi" xlink:href="http://dx.doi.org/10.1371/journal.pmed.0040053" xlink:type="simple">10.1371/journal.pmed.0040053</ext-link></meta-value>
        </custom-meta>
      </custom-meta-group></article-meta>
  </front>
  <body>
    <sec id="s1">
      <title/>
      <p>Although its title attracted me to read this paper [<xref ref-type="bibr" rid="pmed-0040053-b001">1</xref>], I was quickly disappointed. First, it advances a Malthusian approach that applauds the “potential benefits” of AIDS-related stigma. Second, it reflects a poor understanding of some of the existing literature on AIDS-related stigma cited in the article. The authors claim that the idea that stigma and discrimination thwart efforts to control the epidemic and constitute barriers for prevention and treatment is said over and over, with no evidence, “like a shibboleth,” and cite eleven references that are meant as examples of this uncritical repetition. Surprisingly though, at least one of the articles cited already argues that “confusion surrounds debate over stigma as a barrier to introducing antiretrovirals to poor countries or to making voluntary HIV tests accessible” and that “to assess AIDS-related stigma and declare it a cause rather than both cause and consequence of inequality will probably weaken efforts to address AIDS among those with heightened risk of HIV because of poverty, racism, and gender inequality” [<xref ref-type="bibr" rid="pmed-0040053-b002">2</xref>]. Finally, the authors show limited understanding of social and sexual dynamics. Their distinction between “subpopulations” and “the general population” seems to imply that the former, such as the subpopulation of sex workers, lives in isolation of the latter and that it takes a certain amount of time for HIV to go from one to the other; it implies, for example, that sex workers first transmit HIV amongst themselves and then at some later point they transmit it to “the general population.” I am afraid that the authors are actually conceptualizing HIV transmission within the similar linear frameworks that they are trying, unsuccessfully, to criticize.</p>
    </sec>
  </body>
  <back>
    <ref-list>
      <title>References</title>
      <ref id="pmed-0040053-b001">
        <label>1</label>
        <element-citation publication-type="journal" xlink:type="simple">
					<person-group><name name-style="western"><surname>Reidpath</surname><given-names>DD</given-names></name><name name-style="western"><surname>Chan</surname><given-names>KY</given-names></name></person-group>
					<year>2006</year>
					<article-title>HIV, stigma, and rates of infection: A rumour without evidence.</article-title>
					<source>PLoS Med</source>
					<volume>3</volume>
					<fpage>e435</fpage>
					<comment>doi:<ext-link ext-link-type="doi" xlink:href="http://dx.doi.org/10.1371/journal.pmed.0030435" xlink:type="simple">10.1371/journal.pmed.0030435</ext-link></comment>
				</element-citation>
      </ref>
      <ref id="pmed-0040053-b002">
        <label>2</label>
        <element-citation publication-type="journal" xlink:type="simple">
					<person-group><name name-style="western"><surname>Castro</surname><given-names>A</given-names></name><name name-style="western"><surname>Farmer</surname><given-names>P</given-names></name></person-group>
					<year>2005</year>
					<article-title>Understanding and addressing AIDS-related stigma: From anthropological theory to clinical practice in Haiti.</article-title>
					<source>Am J Public Health</source>
					<volume>95</volume>
					<fpage>53</fpage>
					<lpage>59</lpage>
				</element-citation>
      </ref>
    </ref-list>
    
  </back>
</article>