<?xml version="1.0" encoding="UTF-8"?>
<!DOCTYPE article
  PUBLIC "-//NLM//DTD Journal Publishing DTD v3.0 20080202//EN" "http://dtd.nlm.nih.gov/publishing/3.0/journalpublishing3.dtd">
<article xmlns:mml="http://www.w3.org/1998/Math/MathML" xmlns:xlink="http://www.w3.org/1999/xlink" article-type="research-article" dtd-version="3.0" xml:lang="EN">
<front>
<journal-meta><journal-id journal-id-type="nlm-ta">PLoS ONE</journal-id><journal-id journal-id-type="publisher-id">plos</journal-id><journal-id journal-id-type="pmc">plosone</journal-id><!--===== Grouping journal title elements =====--><journal-title-group><journal-title>PLoS ONE</journal-title></journal-title-group><issn pub-type="epub">1932-6203</issn><publisher>
<publisher-name>Public Library of Science</publisher-name>
<publisher-loc>San Francisco, USA</publisher-loc></publisher></journal-meta>
<article-meta><article-id pub-id-type="publisher-id">10-PONE-RA-20555R1</article-id><article-id pub-id-type="doi">10.1371/journal.pone.0012256</article-id><article-categories><subj-group subj-group-type="heading"><subject>Research Article</subject></subj-group><subj-group subj-group-type="Discipline"><subject>Computer Science</subject><subject>Mathematics/Statistics</subject><subject>Physics/Interdisciplinary Physics</subject></subj-group></article-categories><title-group><article-title>Statistic Complexity: Combining Kolmogorov Complexity with an Ensemble Approach</article-title><alt-title alt-title-type="running-head">Statistic Complexity</alt-title></title-group><contrib-group>
<contrib contrib-type="author" xlink:type="simple"><name name-style="western"><surname>Emmert-Streib</surname><given-names>Frank</given-names></name><xref ref-type="aff" rid="aff1"/><xref ref-type="corresp" rid="cor1"><sup>*</sup></xref></contrib>
</contrib-group><aff id="aff1">          <addr-line>Computational Biology and Machine Learning, Center for Cancer Research and Cell Biology, School of Medicine, Dentistry and Biomedical Sciences, Queen's University Belfast, Belfast, United Kingdom</addr-line>       </aff><contrib-group>
<contrib contrib-type="editor" xlink:type="simple"><name name-style="western"><surname>Scalas</surname><given-names>Enrico</given-names></name>
<role>Editor</role>
<xref ref-type="aff" rid="edit1"/></contrib>
</contrib-group><aff id="edit1">University of East Piedmont, Italy</aff><author-notes>
<corresp id="cor1">* E-mail: <email xlink:type="simple">v@bio-complexity.com</email></corresp>
<fn fn-type="con"><p>Conceived and designed the experiments: FES. Performed the experiments: FES. Analyzed the data: FES. Contributed reagents/materials/analysis tools: FES. Wrote the paper: FES.</p></fn>
<fn fn-type="conflict"><p>The author has declared that no competing interests exist.</p></fn></author-notes><pub-date pub-type="collection"><year>2010</year></pub-date><pub-date pub-type="epub"><day>26</day><month>8</month><year>2010</year></pub-date><volume>5</volume><issue>8</issue><elocation-id>e12256</elocation-id><history>
<date date-type="received"><day>2</day><month>7</month><year>2010</year></date>
<date date-type="accepted"><day>26</day><month>7</month><year>2010</year></date>
</history><!--===== Grouping copyright info into permissions =====--><permissions><copyright-year>2010</copyright-year><copyright-holder>Frank Emmert-Streib</copyright-holder><license><license-p>This is an open-access article distributed under the terms of the Creative Commons Attribution License, which permits unrestricted use, distribution, and reproduction in any medium, provided the original author and source are credited.</license-p></license></permissions><abstract><sec>
<title>Background</title>
<p>The evaluation of the complexity of an observed object is an old but outstanding problem. In this paper we are tying on this problem introducing a measure called <italic>statistic complexity</italic>.</p>
</sec><sec>
<title>Methodology/Principal Findings</title>
<p>This complexity measure is different to all other measures in the following senses. First, it is a bivariate measure that compares two objects, corresponding to pattern generating processes, on the basis of the <italic>normalized compression distance</italic> with each other. Second, it provides the quantification of an error that could have been encountered by comparing samples of finite size from the underlying processes. Hence, the <italic>statistic complexity</italic> provides a statistical quantification of the statement ‘<inline-formula><inline-graphic mimetype="image" xlink:href="info:doi/10.1371/journal.pone.0012256.e001" xlink:type="simple"/></inline-formula> is similarly complex as <inline-formula><inline-graphic mimetype="image" xlink:href="info:doi/10.1371/journal.pone.0012256.e002" xlink:type="simple"/></inline-formula>’.</p>
</sec><sec>
<title>Conclusions</title>
<p>The presented approach, ultimately, transforms the classic problem of assessing the complexity of an object into the realm of statistics. This may open a wider applicability of this complexity measure to diverse application areas.</p>
</sec></abstract><funding-group><funding-statement>The author has no support or funding to report.</funding-statement></funding-group><counts><page-count count="6"/></counts></article-meta>
</front>
<body><sec id="s1">
<title>Introduction</title>
<p>Complex systems is the study of interactions of simple building blocks that result in a collective behavior or properties absent in the elementary components of the system itself. Due to the fact that this problem does not fit into one of the traditional research fields, it is connected to various of these, for instance physics, biology, chemistry or econometrics <xref ref-type="bibr" rid="pone.0012256-BarYam1">[1]</xref>–<xref ref-type="bibr" rid="pone.0012256-Wolfram1">[5]</xref>. Many measures, properties or characteristics of a multitude of different complex systems from these fields has been studied to date <xref ref-type="bibr" rid="pone.0012256-Dehmer1">[6]</xref>–<xref ref-type="bibr" rid="pone.0012256-Watts1">[8]</xref>, however, the <italic>complexity</italic> of an object may have received the most attention. This property of complex systems has fascinated generations of scientists <xref ref-type="bibr" rid="pone.0012256-Kolmogorov1">[9]</xref>–<xref ref-type="bibr" rid="pone.0012256-Solomonoff1">[11]</xref> trying to quantify such a notation. Very coarsely speaking, <italic>an object is said to be ‘complex’ when it does not match patterns regarded as simple</italic>, as L<sc>ópez</sc>-R<sc>uiz</sc> et al. <xref ref-type="bibr" rid="pone.0012256-LpezRuiza1">[12]</xref> describe it in their article. Over the last decades, many approaches have been suggested to define the complexity of an object quantitatively <xref ref-type="bibr" rid="pone.0012256-Kolmogorov1">[9]</xref>, <xref ref-type="bibr" rid="pone.0012256-Solomonoff1">[11]</xref>, <xref ref-type="bibr" rid="pone.0012256-Badii1">[13]</xref>–<xref ref-type="bibr" rid="pone.0012256-Zurek1">[19]</xref>. An intrinsic problem with such a measure is that there are various ways to perceive and, hence, characterize complexity leading to complementing complexity measures <xref ref-type="bibr" rid="pone.0012256-Grassberger2">[20]</xref>. For example, Kolmogorov complexity <xref ref-type="bibr" rid="pone.0012256-Kolmogorov1">[9]</xref>, <xref ref-type="bibr" rid="pone.0012256-Solomonoff1">[11]</xref>, <xref ref-type="bibr" rid="pone.0012256-Chaitin1">[21]</xref> is based on algorithmic information theory considering objects as individual symbol strings, whereas the measures <italic>effective measure complexity</italic> (EMC) <xref ref-type="bibr" rid="pone.0012256-Grassberger1">[17]</xref>, <italic>excess entropy</italic> <xref ref-type="bibr" rid="pone.0012256-Crutchfield2">[22]</xref>, <italic>predictive information</italic> <xref ref-type="bibr" rid="pone.0012256-Bialek1">[23]</xref> or <italic>thermodynamic depth</italic> <xref ref-type="bibr" rid="pone.0012256-Lloyd1">[18]</xref> relate objects to random variables and are ensemble based. Interestingly, despite considerable differences among all these complexity measures <inline-formula><inline-graphic mimetype="image" xlink:href="info:doi/10.1371/journal.pone.0012256.e003" xlink:type="simple"/></inline-formula> they all have in common that they assign a complexity value to each individual object <inline-formula><inline-graphic mimetype="image" xlink:href="info:doi/10.1371/journal.pone.0012256.e004" xlink:type="simple"/></inline-formula> under consideration, <inline-formula><inline-graphic mimetype="image" xlink:href="info:doi/10.1371/journal.pone.0012256.e005" xlink:type="simple"/></inline-formula>. In this paper we will assume that <inline-formula><inline-graphic mimetype="image" xlink:href="info:doi/10.1371/journal.pone.0012256.e006" xlink:type="simple"/></inline-formula> corresponds to a string sequence of a certain length and its components assume values from a certain domain, e.g., <inline-formula><inline-graphic mimetype="image" xlink:href="info:doi/10.1371/journal.pone.0012256.e007" xlink:type="simple"/></inline-formula> or <inline-formula><inline-graphic mimetype="image" xlink:href="info:doi/10.1371/journal.pone.0012256.e008" xlink:type="simple"/></inline-formula>. It is of importance to note that there is a conceptually different measure recently introduced by V<sc>itányi</sc> et al. that evaluates the complexity <italic>distance</italic> among two objects <inline-formula><inline-graphic mimetype="image" xlink:href="info:doi/10.1371/journal.pone.0012256.e009" xlink:type="simple"/></inline-formula> and <inline-formula><inline-graphic mimetype="image" xlink:href="info:doi/10.1371/journal.pone.0012256.e010" xlink:type="simple"/></inline-formula> instead of their absolute values. This measure is called the <italic>normalized compression distance</italic> (NCD) <xref ref-type="bibr" rid="pone.0012256-Cilibrasi1">[24]</xref>, <inline-formula><inline-graphic mimetype="image" xlink:href="info:doi/10.1371/journal.pone.0012256.e011" xlink:type="simple"/></inline-formula>, and is based on Kolmogorov complexity <xref ref-type="bibr" rid="pone.0012256-Li1">[10]</xref>.</p>
<p>The purpose of this paper is to introduce a new measure of complexity we call <italic>statistic complexity</italic> that is not only different to all other complexity measures introduced so far, but also connects directly to statistics, specifically, to statistical inference <xref ref-type="bibr" rid="pone.0012256-Casella1">[25]</xref>, <xref ref-type="bibr" rid="pone.0012256-Mood1">[26]</xref>. More precisely, we introduce a complexity measure with the following properties. First, the measure is bivariate comparing two objects, corresponding to pattern generating processes, on the basis of the <italic>normalized compression distance</italic> with each other. Second, this measure provides the quantification of an error that could have encountered by comparing samples of finite size from the underlying processes. Hence, the <italic>statistic complexity</italic> provides a statistical quantification of the statement ‘<inline-formula><inline-graphic mimetype="image" xlink:href="info:doi/10.1371/journal.pone.0012256.e012" xlink:type="simple"/></inline-formula> is similarly complex as <inline-formula><inline-graphic mimetype="image" xlink:href="info:doi/10.1371/journal.pone.0012256.e013" xlink:type="simple"/></inline-formula>’.</p>
<p>This paper is organized as follows. In the next section we describe the general problem in more detail and introduce our complexity measure. Then we present numerical results and provide a discussion. We finish with conclusions and an outlook.</p>
</sec><sec id="s2" sec-type="methods">
<title>Methods</title>
<p>Currently, a commonly acknowledged, rigorous mathematical definition of the complexity of an object is not available. Instead, when complexity measures are suggested they are normally assessed by their behavior with respect to three qualitative patterns, namely simple, random (chaotic) and complex patterns. Qualitatively, a complexity measure is considered <italic>good</italic> if: (1) the complexity of simple and random objects is less than the complexity value of complex objects <xref ref-type="bibr" rid="pone.0012256-Grassberger1">[17]</xref>, (2) the complexity of an object does not change if the system size changes. For example, Kolmogorov complexity has the desireable property to remain unchanged if the system size doubles, i.e., <inline-formula><inline-graphic mimetype="image" xlink:href="info:doi/10.1371/journal.pone.0012256.e014" xlink:type="simple"/></inline-formula>, however, it cannot distinguish random from complex pattern because in both cases the compressibility of an object is low resulting in high values of <inline-formula><inline-graphic mimetype="image" xlink:href="info:doi/10.1371/journal.pone.0012256.e015" xlink:type="simple"/></inline-formula>. We want to add a third property to the above criteria: (3) A complexity measure should quantify the uncertainty of the complexity value. As motivation for this property we just want to mention that there is a crucial difference between an observed object <inline-formula><inline-graphic mimetype="image" xlink:href="info:doi/10.1371/journal.pone.0012256.e016" xlink:type="simple"/></inline-formula> and its generating process <inline-formula><inline-graphic mimetype="image" xlink:href="info:doi/10.1371/journal.pone.0012256.e017" xlink:type="simple"/></inline-formula> <xref ref-type="bibr" rid="pone.0012256-Bialek1">[23]</xref>. If the complexity of <inline-formula><inline-graphic mimetype="image" xlink:href="info:doi/10.1371/journal.pone.0012256.e018" xlink:type="simple"/></inline-formula> should be assessed, based on the observation <inline-formula><inline-graphic mimetype="image" xlink:href="info:doi/10.1371/journal.pone.0012256.e019" xlink:type="simple"/></inline-formula> only, this assessment may be erroneous. This error may stem from the limited (finite) size of observations. Also, the possibility of measurement errors would be another source derogating the ability of an error-free assessment. For this reason, the major objective of this article is to introduce a complexity measure possessing all three properties listed above that assesses the complexity classes of the underlying processes instead of individual objects.</p>
<p>We start by pointing out that criteria (1) provides a relative statement connecting different objects. That means the complexity of an object is always related to the complexity of another object <xref ref-type="bibr" rid="pone.0012256-Grassberger2">[20]</xref> leading to relative statements like ‘<inline-formula><inline-graphic mimetype="image" xlink:href="info:doi/10.1371/journal.pone.0012256.e020" xlink:type="simple"/></inline-formula> is similarly complex as <inline-formula><inline-graphic mimetype="image" xlink:href="info:doi/10.1371/journal.pone.0012256.e021" xlink:type="simple"/></inline-formula>’. Hence, a numerical value <inline-formula><inline-graphic mimetype="image" xlink:href="info:doi/10.1371/journal.pone.0012256.e022" xlink:type="simple"/></inline-formula> without knowledge of any other complexity value for other objects has no meaning at all. For reasons of mathematical rigor, we propose to include this implicit reference point into a proper definition of complexity. This implies that a fundamental complexity measure needs to be bivariate, <inline-formula><inline-graphic mimetype="image" xlink:href="info:doi/10.1371/journal.pone.0012256.e023" xlink:type="simple"/></inline-formula>, instead of univariate comparing two processes <inline-formula><inline-graphic mimetype="image" xlink:href="info:doi/10.1371/journal.pone.0012256.e024" xlink:type="simple"/></inline-formula> and <inline-formula><inline-graphic mimetype="image" xlink:href="info:doi/10.1371/journal.pone.0012256.e025" xlink:type="simple"/></inline-formula>. As a side note, we remark that all complexity measures suggested so far we are aware of are univariate measures <xref ref-type="bibr" rid="pone.0012256-Badii1">[13]</xref>, <xref ref-type="bibr" rid="pone.0012256-Bennett1">[14]</xref>, <xref ref-type="bibr" rid="pone.0012256-GellMann1">[16]</xref>–<xref ref-type="bibr" rid="pone.0012256-Lloyd1">[18]</xref>, <xref ref-type="bibr" rid="pone.0012256-Crutchfield2">[22]</xref>, <xref ref-type="bibr" rid="pone.0012256-Bialek1">[23]</xref> with respect to the context set above, except for the normalized compression distance (NCD) <xref ref-type="bibr" rid="pone.0012256-Cilibrasi1">[24]</xref>, <xref ref-type="bibr" rid="pone.0012256-Li2">[27]</xref>. However, a practical problem of the NCD is that Kolmogorov complexity, on which it is based, is not computable but only upper semi-computable <xref ref-type="bibr" rid="pone.0012256-Li2">[27]</xref>. L<sc>i</sc> et al. introduced in <xref ref-type="bibr" rid="pone.0012256-Li2">[27]</xref> a normalized and universal metric called <sc>normalized</sc> <sc>information</sc> <sc>distance</sc> (NID) which can be approximated by,<disp-formula><graphic mimetype="image" position="float" xlink:href="info:doi/10.1371/journal.pone.0012256.e026" xlink:type="simple"/><label>(1)</label></disp-formula>the <sc>normalized</sc> <sc>compression</sc> <sc>distance</sc> <xref ref-type="bibr" rid="pone.0012256-Li2">[27]</xref>. Here, <inline-formula><inline-graphic mimetype="image" xlink:href="info:doi/10.1371/journal.pone.0012256.e027" xlink:type="simple"/></inline-formula> denotes the compression size of string <inline-formula><inline-graphic mimetype="image" xlink:href="info:doi/10.1371/journal.pone.0012256.e028" xlink:type="simple"/></inline-formula> and <inline-formula><inline-graphic mimetype="image" xlink:href="info:doi/10.1371/journal.pone.0012256.e029" xlink:type="simple"/></inline-formula> the compression size of the concatenated stings <inline-formula><inline-graphic mimetype="image" xlink:href="info:doi/10.1371/journal.pone.0012256.e030" xlink:type="simple"/></inline-formula> and <inline-formula><inline-graphic mimetype="image" xlink:href="info:doi/10.1371/journal.pone.0012256.e031" xlink:type="simple"/></inline-formula>. Practically, the quantities <inline-formula><inline-graphic mimetype="image" xlink:href="info:doi/10.1371/journal.pone.0012256.e032" xlink:type="simple"/></inline-formula> are obtained by compressors like gzip or bzip2, see <xref ref-type="bibr" rid="pone.0012256-Cebrian1">[28]</xref>, <xref ref-type="bibr" rid="pone.0012256-EmmertStreib1">[29]</xref> for details.</p>
<p>Criteria (3) of a complexity measure stated above acknowledges the fact that an assessment of an object's complexity cannot be without uncertainty or error in case only finite information about this object is available. That means, for a complexity measure to be applicable to real objects (rather than pure mathematical ones) it has to be statistic in order to deal appropriately with incomplete information. Based on these considerations, the <italic>statistic complexity</italic> measure we suggest is defined by the following procedure visualized in <xref ref-type="fig" rid="pone-0012256-g001">Fig. 1</xref>:</p>
<list list-type="order"><list-item>
<p>Estimate the empirical distribution function <inline-formula><inline-graphic mimetype="image" xlink:href="info:doi/10.1371/journal.pone.0012256.e033" xlink:type="simple"/></inline-formula> (We indicate estimated entities by <inline-formula><inline-graphic mimetype="image" xlink:href="info:doi/10.1371/journal.pone.0012256.e034" xlink:type="simple"/></inline-formula> and refer to the ensemble by <inline-formula><inline-graphic mimetype="image" xlink:href="info:doi/10.1371/journal.pone.0012256.e035" xlink:type="simple"/></inline-formula>.) of the normalized compression distance from <inline-formula><inline-graphic mimetype="image" xlink:href="info:doi/10.1371/journal.pone.0012256.e036" xlink:type="simple"/></inline-formula> samples, <inline-formula><inline-graphic mimetype="image" xlink:href="info:doi/10.1371/journal.pone.0012256.e037" xlink:type="simple"/></inline-formula>, from objects <inline-formula><inline-graphic mimetype="image" xlink:href="info:doi/10.1371/journal.pone.0012256.e038" xlink:type="simple"/></inline-formula> and <inline-formula><inline-graphic mimetype="image" xlink:href="info:doi/10.1371/journal.pone.0012256.e039" xlink:type="simple"/></inline-formula> of size <inline-formula><inline-graphic mimetype="image" xlink:href="info:doi/10.1371/journal.pone.0012256.e040" xlink:type="simple"/></inline-formula> generated by process <inline-formula><inline-graphic mimetype="image" xlink:href="info:doi/10.1371/journal.pone.0012256.e041" xlink:type="simple"/></inline-formula> (Here <inline-formula><inline-graphic mimetype="image" xlink:href="info:doi/10.1371/journal.pone.0012256.e042" xlink:type="simple"/></inline-formula> means that <inline-formula><inline-graphic mimetype="image" xlink:href="info:doi/10.1371/journal.pone.0012256.e043" xlink:type="simple"/></inline-formula> is generated (or drawn) from process (distribution) <inline-formula><inline-graphic mimetype="image" xlink:href="info:doi/10.1371/journal.pone.0012256.e044" xlink:type="simple"/></inline-formula>.).</p>
</list-item><list-item>
<p>Estimate the empirical distribution function <inline-formula><inline-graphic mimetype="image" xlink:href="info:doi/10.1371/journal.pone.0012256.e045" xlink:type="simple"/></inline-formula> of the normalized compression distance from <inline-formula><inline-graphic mimetype="image" xlink:href="info:doi/10.1371/journal.pone.0012256.e046" xlink:type="simple"/></inline-formula> samples, <inline-formula><inline-graphic mimetype="image" xlink:href="info:doi/10.1371/journal.pone.0012256.e047" xlink:type="simple"/></inline-formula>, from objects <inline-formula><inline-graphic mimetype="image" xlink:href="info:doi/10.1371/journal.pone.0012256.e048" xlink:type="simple"/></inline-formula> and <inline-formula><inline-graphic mimetype="image" xlink:href="info:doi/10.1371/journal.pone.0012256.e049" xlink:type="simple"/></inline-formula> of size <inline-formula><inline-graphic mimetype="image" xlink:href="info:doi/10.1371/journal.pone.0012256.e050" xlink:type="simple"/></inline-formula> from two different processes, <inline-formula><inline-graphic mimetype="image" xlink:href="info:doi/10.1371/journal.pone.0012256.e051" xlink:type="simple"/></inline-formula> and <inline-formula><inline-graphic mimetype="image" xlink:href="info:doi/10.1371/journal.pone.0012256.e052" xlink:type="simple"/></inline-formula>.</p>
</list-item><list-item>
<p>Determine <inline-formula><inline-graphic mimetype="image" xlink:href="info:doi/10.1371/journal.pone.0012256.e053" xlink:type="simple"/></inline-formula> and <inline-formula><inline-graphic mimetype="image" xlink:href="info:doi/10.1371/journal.pone.0012256.e054" xlink:type="simple"/></inline-formula>.</p>
</list-item><list-item>
<p>Define, <inline-formula><inline-graphic mimetype="image" xlink:href="info:doi/10.1371/journal.pone.0012256.e055" xlink:type="simple"/></inline-formula>, as <italic>statistic complexity</italic></p>
</list-item></list>
<p>This procedure corresponds to a two-sided, two-sample Kolmogorov-Smirnov (KS) test <xref ref-type="bibr" rid="pone.0012256-Conover1">[30]</xref>, <xref ref-type="bibr" rid="pone.0012256-Smirnov1">[31]</xref> based on the normalized compression distance <xref ref-type="bibr" rid="pone.0012256-Cilibrasi1">[24]</xref>, <xref ref-type="bibr" rid="pone.0012256-Li2">[27]</xref> obtaining distances among observed objects. The <italic>statistic complexity</italic> corresponds to the p-value of the underlying null hypotheses, <inline-formula><inline-graphic mimetype="image" xlink:href="info:doi/10.1371/journal.pone.0012256.e056" xlink:type="simple"/></inline-formula>, and, hence, assumes values in <inline-formula><inline-graphic mimetype="image" xlink:href="info:doi/10.1371/journal.pone.0012256.e057" xlink:type="simple"/></inline-formula>. The null hypothesis is a statement about the null distribution of the test statistic <inline-formula><inline-graphic mimetype="image" xlink:href="info:doi/10.1371/journal.pone.0012256.e058" xlink:type="simple"/></inline-formula>, and because the distribution functions are based on the normalized compression distances among objects <inline-formula><inline-graphic mimetype="image" xlink:href="info:doi/10.1371/journal.pone.0012256.e059" xlink:type="simple"/></inline-formula> and <inline-formula><inline-graphic mimetype="image" xlink:href="info:doi/10.1371/journal.pone.0012256.e060" xlink:type="simple"/></inline-formula>, drawn from the processes <inline-formula><inline-graphic mimetype="image" xlink:href="info:doi/10.1371/journal.pone.0012256.e061" xlink:type="simple"/></inline-formula> and <inline-formula><inline-graphic mimetype="image" xlink:href="info:doi/10.1371/journal.pone.0012256.e062" xlink:type="simple"/></inline-formula>, this leads to a statement about the distribution of normalized compression distances. Hence, verbally, <inline-formula><inline-graphic mimetype="image" xlink:href="info:doi/10.1371/journal.pone.0012256.e063" xlink:type="simple"/></inline-formula> can be phrased as ‘in average, the compression distance of objects from <inline-formula><inline-graphic mimetype="image" xlink:href="info:doi/10.1371/journal.pone.0012256.e064" xlink:type="simple"/></inline-formula> to objects from <inline-formula><inline-graphic mimetype="image" xlink:href="info:doi/10.1371/journal.pone.0012256.e065" xlink:type="simple"/></inline-formula> equals the compression distance of objects only taken from <inline-formula><inline-graphic mimetype="image" xlink:href="info:doi/10.1371/journal.pone.0012256.e066" xlink:type="simple"/></inline-formula>’. It is important to emphasize that this equality holds in <italic>average</italic> and, thus needs to be connected to two ensembles <inline-formula><inline-graphic mimetype="image" xlink:href="info:doi/10.1371/journal.pone.0012256.e067" xlink:type="simple"/></inline-formula> and <inline-formula><inline-graphic mimetype="image" xlink:href="info:doi/10.1371/journal.pone.0012256.e068" xlink:type="simple"/></inline-formula>. If the alternative hypothesis, <inline-formula><inline-graphic mimetype="image" xlink:href="info:doi/10.1371/journal.pone.0012256.e069" xlink:type="simple"/></inline-formula>, is true this equality does no longer hold implying differences in the underlying processes <inline-formula><inline-graphic mimetype="image" xlink:href="info:doi/10.1371/journal.pone.0012256.e070" xlink:type="simple"/></inline-formula> and <inline-formula><inline-graphic mimetype="image" xlink:href="info:doi/10.1371/journal.pone.0012256.e071" xlink:type="simple"/></inline-formula>, leading to differences in the NCDs. From the formulation of the hypotheses, tested by the <italic>statistic complexity</italic>, it is apparent that we are following closely the guiding principle expressed by L<sc>ópez</sc>-R<sc>uiz</sc> et al. <xref ref-type="bibr" rid="pone.0012256-LpezRuiza1">[12]</xref> as cited at the beginning of this paper, because <inline-formula><inline-graphic mimetype="image" xlink:href="info:doi/10.1371/journal.pone.0012256.e072" xlink:type="simple"/></inline-formula> is intrinsically a comparative measure. As a side note regarding the choice of the null hypothesis we want to remark that substituting <inline-formula><inline-graphic mimetype="image" xlink:href="info:doi/10.1371/journal.pone.0012256.e073" xlink:type="simple"/></inline-formula> with <inline-formula><inline-graphic mimetype="image" xlink:href="info:doi/10.1371/journal.pone.0012256.e074" xlink:type="simple"/></inline-formula> may encounter problems in cases where the complexity value of objects in <inline-formula><inline-graphic mimetype="image" xlink:href="info:doi/10.1371/journal.pone.0012256.e075" xlink:type="simple"/></inline-formula> is systematically shifted compared to the complexity value of objects in <inline-formula><inline-graphic mimetype="image" xlink:href="info:doi/10.1371/journal.pone.0012256.e076" xlink:type="simple"/></inline-formula>. In this case, the distributions <inline-formula><inline-graphic mimetype="image" xlink:href="info:doi/10.1371/journal.pone.0012256.e077" xlink:type="simple"/></inline-formula> and <inline-formula><inline-graphic mimetype="image" xlink:href="info:doi/10.1371/journal.pone.0012256.e078" xlink:type="simple"/></inline-formula> could be similar, although, the complexity of elements in <inline-formula><inline-graphic mimetype="image" xlink:href="info:doi/10.1371/journal.pone.0012256.e079" xlink:type="simple"/></inline-formula> and <inline-formula><inline-graphic mimetype="image" xlink:href="info:doi/10.1371/journal.pone.0012256.e080" xlink:type="simple"/></inline-formula> are different. Practically, this may correspond to a pathological case rarely encountered in practice, however, conceptually, such a null hypothesis is apparently less stringent.</p>
<p>Regarding the notation and interpretation of the above procedure it is important to note the following. First, the entities <inline-formula><inline-graphic mimetype="image" xlink:href="info:doi/10.1371/journal.pone.0012256.e081" xlink:type="simple"/></inline-formula> and <inline-formula><inline-graphic mimetype="image" xlink:href="info:doi/10.1371/journal.pone.0012256.e082" xlink:type="simple"/></inline-formula> refer to values of the NCD. For example, <inline-formula><inline-graphic mimetype="image" xlink:href="info:doi/10.1371/journal.pone.0012256.e083" xlink:type="simple"/></inline-formula> whereas <inline-formula><inline-graphic mimetype="image" xlink:href="info:doi/10.1371/journal.pone.0012256.e084" xlink:type="simple"/></inline-formula> and <inline-formula><inline-graphic mimetype="image" xlink:href="info:doi/10.1371/journal.pone.0012256.e085" xlink:type="simple"/></inline-formula> are observable objects that are identically and independently (iid) generated from a process <inline-formula><inline-graphic mimetype="image" xlink:href="info:doi/10.1371/journal.pone.0012256.e086" xlink:type="simple"/></inline-formula>, <inline-formula><inline-graphic mimetype="image" xlink:href="info:doi/10.1371/journal.pone.0012256.e087" xlink:type="simple"/></inline-formula>. Because <inline-formula><inline-graphic mimetype="image" xlink:href="info:doi/10.1371/journal.pone.0012256.e088" xlink:type="simple"/></inline-formula> and <inline-formula><inline-graphic mimetype="image" xlink:href="info:doi/10.1371/journal.pone.0012256.e089" xlink:type="simple"/></inline-formula> are generated from the same process <inline-formula><inline-graphic mimetype="image" xlink:href="info:doi/10.1371/journal.pone.0012256.e090" xlink:type="simple"/></inline-formula>, the resulting distribution function <inline-formula><inline-graphic mimetype="image" xlink:href="info:doi/10.1371/journal.pone.0012256.e091" xlink:type="simple"/></inline-formula> is only indexed by this process. The <inline-formula><inline-graphic mimetype="image" xlink:href="info:doi/10.1371/journal.pone.0012256.e092" xlink:type="simple"/></inline-formula> entities are obtained similarly, however, in this case <inline-formula><inline-graphic mimetype="image" xlink:href="info:doi/10.1371/journal.pone.0012256.e093" xlink:type="simple"/></inline-formula> and <inline-formula><inline-graphic mimetype="image" xlink:href="info:doi/10.1371/journal.pone.0012256.e094" xlink:type="simple"/></inline-formula> are objects generated from two <italic>different</italic> processes, namely <inline-formula><inline-graphic mimetype="image" xlink:href="info:doi/10.1371/journal.pone.0012256.e095" xlink:type="simple"/></inline-formula> and <inline-formula><inline-graphic mimetype="image" xlink:href="info:doi/10.1371/journal.pone.0012256.e096" xlink:type="simple"/></inline-formula>. For this reason the distribution function is indexed by these two processes, <inline-formula><inline-graphic mimetype="image" xlink:href="info:doi/10.1371/journal.pone.0012256.e097" xlink:type="simple"/></inline-formula>. Second, we use the notation, <inline-formula><inline-graphic mimetype="image" xlink:href="info:doi/10.1371/journal.pone.0012256.e098" xlink:type="simple"/></inline-formula>, to indicate that <inline-formula><inline-graphic mimetype="image" xlink:href="info:doi/10.1371/journal.pone.0012256.e099" xlink:type="simple"/></inline-formula> is generated from a process <inline-formula><inline-graphic mimetype="image" xlink:href="info:doi/10.1371/journal.pone.0012256.e100" xlink:type="simple"/></inline-formula>, but also that <inline-formula><inline-graphic mimetype="image" xlink:href="info:doi/10.1371/journal.pone.0012256.e101" xlink:type="simple"/></inline-formula> is drawn from <inline-formula><inline-graphic mimetype="image" xlink:href="info:doi/10.1371/journal.pone.0012256.e102" xlink:type="simple"/></inline-formula>. The first meaning is clear if thinking of <inline-formula><inline-graphic mimetype="image" xlink:href="info:doi/10.1371/journal.pone.0012256.e103" xlink:type="simple"/></inline-formula> as a model for a complex system, e.g., a cellular automata or a stochastic process. The latter emphasizes the fact that such a process, even if deterministic, becomes random with respect to, e.g., random initial conditions and, hence, effectively is a stochastic process. Third, for reasons of conceptual simplicity we require all objects to have the same size <inline-formula><inline-graphic mimetype="image" xlink:href="info:doi/10.1371/journal.pone.0012256.e104" xlink:type="simple"/></inline-formula>. This condition may be relaxed to allow objects of varying sizes but it may require additional technical consideration. On a technical note, the above defined <italic>statistic complexity</italic> has the very desirable property that the power reaches asymptotically <inline-formula><inline-graphic mimetype="image" xlink:href="info:doi/10.1371/journal.pone.0012256.e105" xlink:type="simple"/></inline-formula> for <inline-formula><inline-graphic mimetype="image" xlink:href="info:doi/10.1371/journal.pone.0012256.e106" xlink:type="simple"/></inline-formula> and <inline-formula><inline-graphic mimetype="image" xlink:href="info:doi/10.1371/journal.pone.0012256.e107" xlink:type="simple"/></inline-formula> <xref ref-type="bibr" rid="pone.0012256-Milbrodt1">[32]</xref>. This means, for infinite many observations the error of the test to falsely accept the null hypotheses when in fact the alternative is true becomes zero. This limiting property is important to hold, because in this case all information about the system is available and, hence, it would be implausible if for such circumstances no error-free decision could be achieved. Formally, this property can be stated as <inline-formula><inline-graphic mimetype="image" xlink:href="info:doi/10.1371/journal.pone.0012256.e108" xlink:type="simple"/></inline-formula> for <inline-formula><inline-graphic mimetype="image" xlink:href="info:doi/10.1371/journal.pone.0012256.e109" xlink:type="simple"/></inline-formula> and <inline-formula><inline-graphic mimetype="image" xlink:href="info:doi/10.1371/journal.pone.0012256.e110" xlink:type="simple"/></inline-formula>. Finally, we would like to note that despite the fact that <italic>statistic complexity</italic> is a statistical test, it borrows part of its strength from the NCD respectively Kolmogorov complexity on which this is based on. Hence, it unites various properties from very different concepts.</p>
<fig id="pone-0012256-g001" position="float"><object-id pub-id-type="doi">10.1371/journal.pone.0012256.g001</object-id><label>Figure 1</label><caption>
<title>Visualization of the problem and the construction of the test statistic from observations.</title>
<p>The double headed arrows represent comparisons of entities. Red indicates that this comparison cannot be performed because the two entities are hidden (unobservable) whereas blue indicates a feasible comparison.</p>
</caption><graphic mimetype="image" position="float" xlink:href="info:doi/10.1371/journal.pone.0012256.g001" xlink:type="simple"/></fig></sec><sec id="s3">
<title>Results</title>
<p>In the following we provide different numerical examples for data frequently used when studying complexity measures. This allows a direct comparison of ours with different measures.</p>
<p>The first characteristic of the <italic>statistic complexity</italic> we study is the influence of the size <inline-formula><inline-graphic mimetype="image" xlink:href="info:doi/10.1371/journal.pone.0012256.e111" xlink:type="simple"/></inline-formula> of objects on <inline-formula><inline-graphic mimetype="image" xlink:href="info:doi/10.1371/journal.pone.0012256.e112" xlink:type="simple"/></inline-formula>. <xref ref-type="table" rid="pone-0012256-t001">Table 1</xref> shows the results for comparing patterns generated by different rules of one-dimensional cellular automata. Column one represents the reference process, <inline-formula><inline-graphic mimetype="image" xlink:href="info:doi/10.1371/journal.pone.0012256.e113" xlink:type="simple"/></inline-formula>, and column two corresponds to <inline-formula><inline-graphic mimetype="image" xlink:href="info:doi/10.1371/journal.pone.0012256.e114" xlink:type="simple"/></inline-formula>. The third and fifty column shows the averaged p-values obtained for cellular automata of length <inline-formula><inline-graphic mimetype="image" xlink:href="info:doi/10.1371/journal.pone.0012256.e115" xlink:type="simple"/></inline-formula> respectively <inline-formula><inline-graphic mimetype="image" xlink:href="info:doi/10.1371/journal.pone.0012256.e116" xlink:type="simple"/></inline-formula> - column four and six provide the variances for the corresponding p-values. For the simulation results shown in <xref ref-type="table" rid="pone-0012256-t001">Table 1</xref> we generated spatiotemporal patterns for one-dimensional CA for <inline-formula><inline-graphic mimetype="image" xlink:href="info:doi/10.1371/journal.pone.0012256.e117" xlink:type="simple"/></inline-formula> (space) and <inline-formula><inline-graphic mimetype="image" xlink:href="info:doi/10.1371/journal.pone.0012256.e118" xlink:type="simple"/></inline-formula> (time), an alphabet of size <inline-formula><inline-graphic mimetype="image" xlink:href="info:doi/10.1371/journal.pone.0012256.e119" xlink:type="simple"/></inline-formula> and a <inline-formula><inline-graphic mimetype="image" xlink:href="info:doi/10.1371/journal.pone.0012256.e120" xlink:type="simple"/></inline-formula> neighborhood with periodic boundary conditions. As burn-in time we used <inline-formula><inline-graphic mimetype="image" xlink:href="info:doi/10.1371/journal.pone.0012256.e121" xlink:type="simple"/></inline-formula> time steps. Each of these spatiotemporal pattern <inline-formula><inline-graphic mimetype="image" xlink:href="info:doi/10.1371/journal.pone.0012256.e122" xlink:type="simple"/></inline-formula>, with <inline-formula><inline-graphic mimetype="image" xlink:href="info:doi/10.1371/journal.pone.0012256.e123" xlink:type="simple"/></inline-formula> and <inline-formula><inline-graphic mimetype="image" xlink:href="info:doi/10.1371/journal.pone.0012256.e124" xlink:type="simple"/></inline-formula>, is transformed to its difference pattern <inline-formula><inline-graphic mimetype="image" xlink:href="info:doi/10.1371/journal.pone.0012256.e125" xlink:type="simple"/></inline-formula> (Here <inline-formula><inline-graphic mimetype="image" xlink:href="info:doi/10.1371/journal.pone.0012256.e126" xlink:type="simple"/></inline-formula> with <inline-formula><inline-graphic mimetype="image" xlink:href="info:doi/10.1371/journal.pone.0012256.e127" xlink:type="simple"/></inline-formula> corresponds to a row vector of length <inline-formula><inline-graphic mimetype="image" xlink:href="info:doi/10.1371/journal.pone.0012256.e128" xlink:type="simple"/></inline-formula>.) resulting in a string (object) of length <inline-formula><inline-graphic mimetype="image" xlink:href="info:doi/10.1371/journal.pone.0012256.e129" xlink:type="simple"/></inline-formula> to be applicable for the NCD. Here, the operator <inline-formula><inline-graphic mimetype="image" xlink:href="info:doi/10.1371/journal.pone.0012256.e130" xlink:type="simple"/></inline-formula> means concatenation of strings. See <xref ref-type="bibr" rid="pone.0012256-EmmertStreib1">[29]</xref> for numerical details for the application of NCD. The results in <xref ref-type="table" rid="pone-0012256-t001">Table 1</xref> show that the p-values remain in the same order of magnitude if the size of an object <inline-formula><inline-graphic mimetype="image" xlink:href="info:doi/10.1371/journal.pone.0012256.e131" xlink:type="simple"/></inline-formula> is doubled meaning that the overall quantitative assessment of two processes <inline-formula><inline-graphic mimetype="image" xlink:href="info:doi/10.1371/journal.pone.0012256.e132" xlink:type="simple"/></inline-formula> and <inline-formula><inline-graphic mimetype="image" xlink:href="info:doi/10.1371/journal.pone.0012256.e133" xlink:type="simple"/></inline-formula> - based on sampled objects thereof - by the measure <inline-formula><inline-graphic mimetype="image" xlink:href="info:doi/10.1371/journal.pone.0012256.e134" xlink:type="simple"/></inline-formula> is invariant to extensions of the size <inline-formula><inline-graphic mimetype="image" xlink:href="info:doi/10.1371/journal.pone.0012256.e135" xlink:type="simple"/></inline-formula>. Next we demonstrate that the <italic>statistic complexity</italic> is capable to differentiate between random and complex objects. For this reason we compare rule <inline-formula><inline-graphic mimetype="image" xlink:href="info:doi/10.1371/journal.pone.0012256.e136" xlink:type="simple"/></inline-formula>, producing random patterns, with rule <inline-formula><inline-graphic mimetype="image" xlink:href="info:doi/10.1371/journal.pone.0012256.e137" xlink:type="simple"/></inline-formula>, <inline-formula><inline-graphic mimetype="image" xlink:href="info:doi/10.1371/journal.pone.0012256.e138" xlink:type="simple"/></inline-formula>, both random, and rule <inline-formula><inline-graphic mimetype="image" xlink:href="info:doi/10.1371/journal.pone.0012256.e139" xlink:type="simple"/></inline-formula>, which is complex because it is capable of universal computation. From <xref ref-type="table" rid="pone-0012256-t001">Table 1</xref> one can see that the p-values correspond with our expectations giving high values for <inline-formula><inline-graphic mimetype="image" xlink:href="info:doi/10.1371/journal.pone.0012256.e140" xlink:type="simple"/></inline-formula> and <inline-formula><inline-graphic mimetype="image" xlink:href="info:doi/10.1371/journal.pone.0012256.e141" xlink:type="simple"/></inline-formula> and low values for <inline-formula><inline-graphic mimetype="image" xlink:href="info:doi/10.1371/journal.pone.0012256.e142" xlink:type="simple"/></inline-formula>. In addition we compare rule <inline-formula><inline-graphic mimetype="image" xlink:href="info:doi/10.1371/journal.pone.0012256.e143" xlink:type="simple"/></inline-formula> with rules <inline-formula><inline-graphic mimetype="image" xlink:href="info:doi/10.1371/journal.pone.0012256.e144" xlink:type="simple"/></inline-formula> and <inline-formula><inline-graphic mimetype="image" xlink:href="info:doi/10.1371/journal.pone.0012256.e145" xlink:type="simple"/></inline-formula>, classified according to Wolfram as random, and obtain very low p-values, suggesting significant differences among those patterns. The crucial point here is that not all CA rules that produce chaotic patterns are indistinguishable from each other. In <xref ref-type="bibr" rid="pone.0012256-Mattos1">[33]</xref> the growth exponent of the roughness along other measures have been used to obtain several subclasses for CA rules leading to chaotic behavior. Comparing our results with their classification reveals that actually rule <inline-formula><inline-graphic mimetype="image" xlink:href="info:doi/10.1371/journal.pone.0012256.e146" xlink:type="simple"/></inline-formula> and <inline-formula><inline-graphic mimetype="image" xlink:href="info:doi/10.1371/journal.pone.0012256.e147" xlink:type="simple"/></inline-formula> are in different subclasses whereas rule <inline-formula><inline-graphic mimetype="image" xlink:href="info:doi/10.1371/journal.pone.0012256.e148" xlink:type="simple"/></inline-formula> is classified together with rule <inline-formula><inline-graphic mimetype="image" xlink:href="info:doi/10.1371/journal.pone.0012256.e149" xlink:type="simple"/></inline-formula> and <inline-formula><inline-graphic mimetype="image" xlink:href="info:doi/10.1371/journal.pone.0012256.e150" xlink:type="simple"/></inline-formula>. Last, we compare rule <inline-formula><inline-graphic mimetype="image" xlink:href="info:doi/10.1371/journal.pone.0012256.e151" xlink:type="simple"/></inline-formula> with a periodic pattern, rule <inline-formula><inline-graphic mimetype="image" xlink:href="info:doi/10.1371/journal.pone.0012256.e152" xlink:type="simple"/></inline-formula>, and obtain also in this case a clear distinction. In summary, <inline-formula><inline-graphic mimetype="image" xlink:href="info:doi/10.1371/journal.pone.0012256.e153" xlink:type="simple"/></inline-formula> can not only distinguish between simple and complex patterns but finds also meaningful substructures among chaotic patterns if rule <inline-formula><inline-graphic mimetype="image" xlink:href="info:doi/10.1371/journal.pone.0012256.e154" xlink:type="simple"/></inline-formula> is used as reference process.</p>
<table-wrap id="pone-0012256-t001" position="float"><object-id pub-id-type="doi">10.1371/journal.pone.0012256.t001</object-id><label>Table 1</label><caption>
<title>Results for one-dimensional CA (<inline-formula><inline-graphic mimetype="image" xlink:href="info:doi/10.1371/journal.pone.0012256.e155" xlink:type="simple"/></inline-formula>, <inline-formula><inline-graphic mimetype="image" xlink:href="info:doi/10.1371/journal.pone.0012256.e156" xlink:type="simple"/></inline-formula>, <inline-formula><inline-graphic mimetype="image" xlink:href="info:doi/10.1371/journal.pone.0012256.e157" xlink:type="simple"/></inline-formula> (third and fourth column) and <inline-formula><inline-graphic mimetype="image" xlink:href="info:doi/10.1371/journal.pone.0012256.e158" xlink:type="simple"/></inline-formula> (fifth and sixth column)) averaged over <inline-formula><inline-graphic mimetype="image" xlink:href="info:doi/10.1371/journal.pone.0012256.e159" xlink:type="simple"/></inline-formula> runs.</title>
</caption><!--===== Grouping alternate versions of objects =====--><alternatives><graphic id="pone-0012256-t001-1" mimetype="image" position="float" xlink:href="info:doi/10.1371/journal.pone.0012256.t001" xlink:type="simple"/><table><colgroup span="1"><col align="left" span="1"/><col align="center" span="1"/><col align="center" span="1"/><col align="center" span="1"/><col align="center" span="1"/><col align="center" span="1"/></colgroup>
<thead>
<tr>
<td align="left" colspan="1" rowspan="1">X</td>
<td align="left" colspan="1" rowspan="1">Y</td>
<td align="left" colspan="2" rowspan="1">T = 100</td>
<td align="left" colspan="2" rowspan="1">T = 200</td>
</tr>
<tr>
<td align="left" colspan="1" rowspan="1">CA rule</td>
<td align="left" colspan="1" rowspan="1">CA rule</td>
<td align="left" colspan="1" rowspan="1"><inline-formula><inline-graphic mimetype="image" xlink:href="info:doi/10.1371/journal.pone.0012256.e160" xlink:type="simple"/></inline-formula></td>
<td align="left" colspan="1" rowspan="1"><inline-formula><inline-graphic mimetype="image" xlink:href="info:doi/10.1371/journal.pone.0012256.e161" xlink:type="simple"/></inline-formula></td>
<td align="left" colspan="1" rowspan="1"><inline-formula><inline-graphic mimetype="image" xlink:href="info:doi/10.1371/journal.pone.0012256.e162" xlink:type="simple"/></inline-formula></td>
<td align="left" colspan="1" rowspan="1"><inline-formula><inline-graphic mimetype="image" xlink:href="info:doi/10.1371/journal.pone.0012256.e163" xlink:type="simple"/></inline-formula></td>
</tr>
</thead>
<tbody>
<tr>
<td align="left" colspan="1" rowspan="1">30</td>
<td align="left" colspan="1" rowspan="1">30</td>
<td align="left" colspan="1" rowspan="1">0.593</td>
<td align="left" colspan="1" rowspan="1">0.075</td>
<td align="left" colspan="1" rowspan="1">0.684</td>
<td align="left" colspan="1" rowspan="1">0.102</td>
</tr>
<tr>
<td align="left" colspan="1" rowspan="1">30</td>
<td align="left" colspan="1" rowspan="1">90</td>
<td align="left" colspan="1" rowspan="1">0.617</td>
<td align="left" colspan="1" rowspan="1">0.102</td>
<td align="left" colspan="1" rowspan="1">0.575</td>
<td align="left" colspan="1" rowspan="1">0.139</td>
</tr>
<tr>
<td align="left" colspan="1" rowspan="1">30</td>
<td align="left" colspan="1" rowspan="1">225</td>
<td align="left" colspan="1" rowspan="1">0.388</td>
<td align="left" colspan="1" rowspan="1">0.131</td>
<td align="left" colspan="1" rowspan="1">0.632</td>
<td align="left" colspan="1" rowspan="1">0.086</td>
</tr>
<tr>
<td align="left" colspan="1" rowspan="1">30</td>
<td align="left" colspan="1" rowspan="1">73</td>
<td align="left" colspan="1" rowspan="1">0.002</td>
<td align="left" colspan="1" rowspan="1">0.001</td>
<td align="left" colspan="1" rowspan="1">0.002</td>
<td align="left" colspan="1" rowspan="1">0.001</td>
</tr>
<tr>
<td align="left" colspan="1" rowspan="1">30</td>
<td align="left" colspan="1" rowspan="1">54</td>
<td align="left" colspan="1" rowspan="1">0.002</td>
<td align="left" colspan="1" rowspan="1">0.000</td>
<td align="left" colspan="1" rowspan="1">0.001</td>
<td align="left" colspan="1" rowspan="1">0.001</td>
</tr>
<tr>
<td align="left" colspan="1" rowspan="1">30</td>
<td align="left" colspan="1" rowspan="1">22</td>
<td align="left" colspan="1" rowspan="1">0.002</td>
<td align="left" colspan="1" rowspan="1">0.000</td>
<td align="left" colspan="1" rowspan="1">0.001</td>
<td align="left" colspan="1" rowspan="1">0.001</td>
</tr>
<tr>
<td align="left" colspan="1" rowspan="1">30</td>
<td align="left" colspan="1" rowspan="1">33</td>
<td align="left" colspan="1" rowspan="1">0.001</td>
<td align="left" colspan="1" rowspan="1">0.001</td>
<td align="left" colspan="1" rowspan="1">0.002</td>
<td align="left" colspan="1" rowspan="1">0.000</td>
</tr>
<tr>
<td align="left" colspan="1" rowspan="1">30</td>
<td align="left" colspan="1" rowspan="1">110</td>
<td align="left" colspan="1" rowspan="1">0.002</td>
<td align="left" colspan="1" rowspan="1">0.001</td>
<td align="left" colspan="1" rowspan="1">0.002</td>
<td align="left" colspan="1" rowspan="1">0.001</td>
</tr>
</tbody>
</table></alternatives><table-wrap-foot><fn id="nt101"><label/><p>First column: process <inline-formula><inline-graphic mimetype="image" xlink:href="info:doi/10.1371/journal.pone.0012256.e164" xlink:type="simple"/></inline-formula>. Second column: process <inline-formula><inline-graphic mimetype="image" xlink:href="info:doi/10.1371/journal.pone.0012256.e165" xlink:type="simple"/></inline-formula>. Sample size is <inline-formula><inline-graphic mimetype="image" xlink:href="info:doi/10.1371/journal.pone.0012256.e166" xlink:type="simple"/></inline-formula>.</p></fn></table-wrap-foot></table-wrap>
<p>Next, we apply our measure to the logistic map and compare the results with the Lyapunov exponent (<inline-formula><inline-graphic mimetype="image" xlink:href="info:doi/10.1371/journal.pone.0012256.e167" xlink:type="simple"/></inline-formula>). The results are summarized in <xref ref-type="fig" rid="pone-0012256-g002">Fig. 2</xref>. We calculate the time series for various values of <inline-formula><inline-graphic mimetype="image" xlink:href="info:doi/10.1371/journal.pone.0012256.e168" xlink:type="simple"/></inline-formula> (x-axis) in the intervall <inline-formula><inline-graphic mimetype="image" xlink:href="info:doi/10.1371/journal.pone.0012256.e169" xlink:type="simple"/></inline-formula> (<inline-formula><inline-graphic mimetype="image" xlink:href="info:doi/10.1371/journal.pone.0012256.e170" xlink:type="simple"/></inline-formula> was varied in step sizes of <inline-formula><inline-graphic mimetype="image" xlink:href="info:doi/10.1371/journal.pone.0012256.e171" xlink:type="simple"/></inline-formula> and sample size was <inline-formula><inline-graphic mimetype="image" xlink:href="info:doi/10.1371/journal.pone.0012256.e172" xlink:type="simple"/></inline-formula>.). <inline-formula><inline-graphic mimetype="image" xlink:href="info:doi/10.1371/journal.pone.0012256.e173" xlink:type="simple"/></inline-formula> assumes negative values in <inline-formula><inline-graphic mimetype="image" xlink:href="info:doi/10.1371/journal.pone.0012256.e174" xlink:type="simple"/></inline-formula> and <inline-formula><inline-graphic mimetype="image" xlink:href="info:doi/10.1371/journal.pone.0012256.e175" xlink:type="simple"/></inline-formula> indicating a nonchaotic behavior of the logistic map for these values of <inline-formula><inline-graphic mimetype="image" xlink:href="info:doi/10.1371/journal.pone.0012256.e176" xlink:type="simple"/></inline-formula>. The vertical dashed line separates positive from negative values. The p-values of the <italic>statistic complexity</italic> (blue line, cross symbols) are obtained for each value of <inline-formula><inline-graphic mimetype="image" xlink:href="info:doi/10.1371/journal.pone.0012256.e177" xlink:type="simple"/></inline-formula> by averaging over <inline-formula><inline-graphic mimetype="image" xlink:href="info:doi/10.1371/journal.pone.0012256.e178" xlink:type="simple"/></inline-formula> time series each of length <inline-formula><inline-graphic mimetype="image" xlink:href="info:doi/10.1371/journal.pone.0012256.e179" xlink:type="simple"/></inline-formula> (After waiting a transient period of <inline-formula><inline-graphic mimetype="image" xlink:href="info:doi/10.1371/journal.pone.0012256.e180" xlink:type="simple"/></inline-formula> steps.). As reference process, <inline-formula><inline-graphic mimetype="image" xlink:href="info:doi/10.1371/journal.pone.0012256.e181" xlink:type="simple"/></inline-formula>, we use a logistic map with <inline-formula><inline-graphic mimetype="image" xlink:href="info:doi/10.1371/journal.pone.0012256.e182" xlink:type="simple"/></inline-formula>, which corresponds to a periodic behavior. From <xref ref-type="fig" rid="pone-0012256-g002">Fig. 2</xref> one can see that there are essentially two types of p-values, ones that are not zero and ones that are close to zero. For example, using a significance level of <inline-formula><inline-graphic mimetype="image" xlink:href="info:doi/10.1371/journal.pone.0012256.e183" xlink:type="simple"/></inline-formula> (dotted horizontal line) one obtains that significant values correspond to positive Lyapunov exponents and non-significant values to negative Lyapunov exponents. Again, we want to emphasize that the p-values do not provide a yes or no answer if the logistic map, for a given <inline-formula><inline-graphic mimetype="image" xlink:href="info:doi/10.1371/journal.pone.0012256.e184" xlink:type="simple"/></inline-formula> value, is chaotic or nonchaotic but the correct interpretation is that low p-values provide strong evidence against the null hypotheses whereas high p-values do not allow to reject the null hypotheses. Because we use <inline-formula><inline-graphic mimetype="image" xlink:href="info:doi/10.1371/journal.pone.0012256.e185" xlink:type="simple"/></inline-formula> as reference - for which the logistic map shows periodic (nonchaotic) behavior - this is a similar though not identical question. The results for the logistic map allow a comparison with a well studied system. As demonstrated by our results shown in <xref ref-type="fig" rid="pone-0012256-g002">Fig. 2</xref>, for an appropriately chosen reference process, <inline-formula><inline-graphic mimetype="image" xlink:href="info:doi/10.1371/journal.pone.0012256.e186" xlink:type="simple"/></inline-formula>, there is a clear correspondence between the <italic>statistic complexity</italic> and the Lyapunov exponent. This property is certainly desirable to hold because it may allows to connect to traditional contributions in the field beyond the logistic map. The possibility of such a connection, despite the seemingly different methods underlying the <italic>statistic complexity</italic> respectively the Lyapunov exponent, can be attributed to the parametric form of our complexity measure allowing a flexibility that is entirely missing in other measures. More importantly, this flexibility is not imposed into the measure but follows naturally from a consequent interpretation of complexity as a referential measure <xref ref-type="bibr" rid="pone.0012256-LpezRuiza1">[12]</xref> implying imperatively the existence of a reference process <inline-formula><inline-graphic mimetype="image" xlink:href="info:doi/10.1371/journal.pone.0012256.e187" xlink:type="simple"/></inline-formula> against which another process <inline-formula><inline-graphic mimetype="image" xlink:href="info:doi/10.1371/journal.pone.0012256.e188" xlink:type="simple"/></inline-formula> is <italic>quantitatively</italic> compared.</p>
<fig id="pone-0012256-g002" position="float"><object-id pub-id-type="doi">10.1371/journal.pone.0012256.g002</object-id><label>Figure 2</label><caption>
<title>Lyapunov exponent (<inline-formula><inline-graphic mimetype="image" xlink:href="info:doi/10.1371/journal.pone.0012256.e189" xlink:type="simple"/></inline-formula> - red line, plus symbol) and p-values (blue line, cross symbol) of the logistic map in dependence on <inline-formula><inline-graphic mimetype="image" xlink:href="info:doi/10.1371/journal.pone.0012256.e190" xlink:type="simple"/></inline-formula>.</title>
<p>The dotted horizontal line corresponds to a significance level of <inline-formula><inline-graphic mimetype="image" xlink:href="info:doi/10.1371/journal.pone.0012256.e191" xlink:type="simple"/></inline-formula> and the dashed line to <inline-formula><inline-graphic mimetype="image" xlink:href="info:doi/10.1371/journal.pone.0012256.e192" xlink:type="simple"/></inline-formula>.</p>
</caption><graphic mimetype="image" position="float" xlink:href="info:doi/10.1371/journal.pone.0012256.g002" xlink:type="simple"/></fig></sec><sec id="s4">
<title>Discussion</title>
<p>The complexity measure introduced in this paper has several properties that are different to all other measures proposed so far. First, <inline-formula><inline-graphic mimetype="image" xlink:href="info:doi/10.1371/journal.pone.0012256.e193" xlink:type="simple"/></inline-formula> is a bivariate measure allowing to make comparative statements, instead of absolute ones. This may appear as a disadvantage first, however, as L<sc>ópez</sc>-R<sc>uiz</sc> et al. <xref ref-type="bibr" rid="pone.0012256-LpezRuiza1">[12]</xref> point out, we inevitably compare patterns with each other to make a decision about their complexity (See also the <italic>comparative</italic> discussion on page 909 in <xref ref-type="bibr" rid="pone.0012256-Grassberger1">[17]</xref> about the three patterns shown in <xref ref-type="fig" rid="pone-0012256-g001">Fig. 1</xref>.) <xref ref-type="bibr" rid="pone.0012256-Grassberger2">[20]</xref>. Second, we do not make assumptions with respect to the size of patterns to which our measure can be applied, instead, principally, we allow patterns of any finite or infinite size <inline-formula><inline-graphic mimetype="image" xlink:href="info:doi/10.1371/journal.pone.0012256.e194" xlink:type="simple"/></inline-formula>. For example, measures like EMC or <italic>excess entropy</italic> are based on block entropies of varying order <inline-formula><inline-graphic mimetype="image" xlink:href="info:doi/10.1371/journal.pone.0012256.e195" xlink:type="simple"/></inline-formula> and the final measure is obtained in the limit for <inline-formula><inline-graphic mimetype="image" xlink:href="info:doi/10.1371/journal.pone.0012256.e196" xlink:type="simple"/></inline-formula> against infinity. Strictly, such measures require an infinite amount of data. Third, due to the fact that <italic>statistic complexity</italic> allows the comparison of patterns of any size <inline-formula><inline-graphic mimetype="image" xlink:href="info:doi/10.1371/journal.pone.0012256.e197" xlink:type="simple"/></inline-formula> with finite sample sizes <inline-formula><inline-graphic mimetype="image" xlink:href="info:doi/10.1371/journal.pone.0012256.e198" xlink:type="simple"/></inline-formula> and <inline-formula><inline-graphic mimetype="image" xlink:href="info:doi/10.1371/journal.pone.0012256.e199" xlink:type="simple"/></inline-formula> the result of the comparison may be erroneous. The KS test, underlying <inline-formula><inline-graphic mimetype="image" xlink:href="info:doi/10.1371/journal.pone.0012256.e200" xlink:type="simple"/></inline-formula>, allows a quantification of such an error statistically. Because this error can be quantified in dependence on <inline-formula><inline-graphic mimetype="image" xlink:href="info:doi/10.1371/journal.pone.0012256.e201" xlink:type="simple"/></inline-formula>, <inline-formula><inline-graphic mimetype="image" xlink:href="info:doi/10.1371/journal.pone.0012256.e202" xlink:type="simple"/></inline-formula> and <inline-formula><inline-graphic mimetype="image" xlink:href="info:doi/10.1371/journal.pone.0012256.e203" xlink:type="simple"/></inline-formula>, there is no need to assume limiting properties. At this point we would like to re-emphasize that the term <italic>statistic complexity</italic> has been chosen to underline the involvement of a <italic>test statistic</italic> in our measure on which the complexity value is based. For this reason other complexity measures that have been named <italic>statistical complexity</italic> <xref ref-type="bibr" rid="pone.0012256-LpezRuiza1">[12]</xref>, <xref ref-type="bibr" rid="pone.0012256-Crutchfield3">[34]</xref>, <xref ref-type="bibr" rid="pone.0012256-Feldman1">[35]</xref> are not similar to our measure at all due to the fact that none of these measures uses a test statistic or a statistical test. Hence, they are actually not related to statistics (the field). An alternative name for these measures would be <italic>probabilistic complexity</italic>, which would make this difference more obvious. The fourth point relates to the empirical distribution functions. The reason for their introduction is, besides the fact that they allow a connection to the KS test, they allow the introduction of two ensembles, one for the process <inline-formula><inline-graphic mimetype="image" xlink:href="info:doi/10.1371/journal.pone.0012256.e204" xlink:type="simple"/></inline-formula> and one for processes <inline-formula><inline-graphic mimetype="image" xlink:href="info:doi/10.1371/journal.pone.0012256.e205" xlink:type="simple"/></inline-formula>. These ensembles compensate that the classic K<sc>olmogorov</sc> complexity is not related to any ensemble but only to one string. Further, the ensembles induce a probabilistic interpretation of the deterministic NCD with respect to the underlying processes that generate the patterns. This is in accordance with <xref ref-type="bibr" rid="pone.0012256-Grassberger1">[17]</xref> emphasizing the importance of complexity measures being probabilistic. Taken together, this allows a quantifiable approximation, in dependence on <inline-formula><inline-graphic mimetype="image" xlink:href="info:doi/10.1371/journal.pone.0012256.e206" xlink:type="simple"/></inline-formula>, <inline-formula><inline-graphic mimetype="image" xlink:href="info:doi/10.1371/journal.pone.0012256.e207" xlink:type="simple"/></inline-formula> and <inline-formula><inline-graphic mimetype="image" xlink:href="info:doi/10.1371/journal.pone.0012256.e208" xlink:type="simple"/></inline-formula>, of the underlying processes <inline-formula><inline-graphic mimetype="image" xlink:href="info:doi/10.1371/journal.pone.0012256.e209" xlink:type="simple"/></inline-formula> and <inline-formula><inline-graphic mimetype="image" xlink:href="info:doi/10.1371/journal.pone.0012256.e210" xlink:type="simple"/></inline-formula> with respect to the information they provide about their complexity, in form of the real observable patterns.</p>
<p>From an applied point of view, the direct connection of <italic>statistic complexity</italic> with statistical inference allows a confirmatory analysis of the complexity of objects. Due to the fact that the uncertainty of a complexity comparison is inherently provided by our measure, it is applicable to (real) objects from a multitude of different application domains. In the future we are planing to investigate the complexity of biological pathways in the context of cancer and other complex diseases <xref ref-type="bibr" rid="pone.0012256-EmmertStreib2">[37]</xref>. A further potential direction would be an analysis of different <italic>goodness-of-fit</italic> tests. For example, it would be interesting to study a Cramér-von Mises or an Anderson-Darling test, instead of a Kolmogorov-Smirnov test <xref ref-type="bibr" rid="pone.0012256-Lehman1">[36]</xref>. Other tests may have advantages in different application areas or specific experimental conditions, although, a Kolmogorov-Smirnov test was sufficient with respect to the applications studied in this paper.</p>
</sec></body>
<back>
<ack>
<p>For the statistical simulations R <xref ref-type="bibr" rid="pone.0012256-R1">[38]</xref> has been used.</p>
</ack>
<ref-list>
<title>References</title>
<ref id="pone.0012256-BarYam1"><label>1</label><element-citation publication-type="other" xlink:type="simple">             <person-group person-group-type="author">
<name name-style="western"><surname>Bar-Yam</surname><given-names>Y</given-names></name>
</person-group>             <year>1997</year>             <source>Dynamics of Complex Systems</source>             <publisher-name>Perseus Books</publisher-name>          </element-citation></ref>
<ref id="pone.0012256-Nicolis1"><label>2</label><element-citation publication-type="other" xlink:type="simple">             <person-group person-group-type="author">
<name name-style="western"><surname>Nicolis</surname><given-names>G</given-names></name>
<name name-style="western"><surname>Prigogine</surname><given-names>I</given-names></name>
</person-group>             <year>1989</year>             <source>Exploring Complexity</source>             <publisher-name>Freeman</publisher-name>          </element-citation></ref>
<ref id="pone.0012256-Prokopenko1"><label>3</label><element-citation publication-type="journal" xlink:type="simple">             <person-group person-group-type="author">
<name name-style="western"><surname>Prokopenko</surname><given-names>M</given-names></name>
<name name-style="western"><surname>Boschetti</surname><given-names>F</given-names></name>
<name name-style="western"><surname>Ryan</surname><given-names>A</given-names></name>
</person-group>             <year>2009</year>             <article-title>An information-theoretic primer on complexity, self-organization, and emergence.</article-title>             <source>Complexity</source>             <volume>15</volume>             <fpage>11</fpage>             <lpage>28</lpage>          </element-citation></ref>
<ref id="pone.0012256-Schuster1"><label>4</label><element-citation publication-type="other" xlink:type="simple">             <person-group person-group-type="author">
<name name-style="western"><surname>Schuster</surname><given-names>H</given-names></name>
</person-group>             <year>2002</year>             <source>Complex Adaptive Systems</source>             <publisher-name>Scator Verlag</publisher-name>          </element-citation></ref>
<ref id="pone.0012256-Wolfram1"><label>5</label><element-citation publication-type="journal" xlink:type="simple">             <person-group person-group-type="author">
<name name-style="western"><surname>Wolfram</surname><given-names>S</given-names></name>
</person-group>             <year>1983</year>             <article-title>Statistical mechanics of cellular automata.</article-title>             <source>Phys Rev E</source>             <volume>55</volume>             <fpage>601</fpage>             <lpage>644</lpage>          </element-citation></ref>
<ref id="pone.0012256-Dehmer1"><label>6</label><element-citation publication-type="journal" xlink:type="simple">             <person-group person-group-type="author">
<name name-style="western"><surname>Dehmer</surname><given-names>M</given-names></name>
</person-group>             <year>2008</year>             <article-title>A novel method for measuring the structural information content of networks.</article-title>             <source>Cybernetics and Systems</source>             <volume>39</volume>             <fpage>825</fpage>             <lpage>842</lpage>          </element-citation></ref>
<ref id="pone.0012256-Dehmer2"><label>7</label><element-citation publication-type="journal" xlink:type="simple">             <person-group person-group-type="author">
<name name-style="western"><surname>Dehmer</surname><given-names>M</given-names></name>
<name name-style="western"><surname>Barbarini</surname><given-names>N</given-names></name>
<name name-style="western"><surname>Varmuza</surname><given-names>K</given-names></name>
<name name-style="western"><surname>Graber</surname><given-names>A</given-names></name>
</person-group>             <year>2009</year>             <article-title>A large scale analysis of information-theoretic network complexity measures using chemical structures.</article-title>             <source>PLoS ONE</source>             <volume>4</volume>             <fpage>e8057</fpage>          </element-citation></ref>
<ref id="pone.0012256-Watts1"><label>8</label><element-citation publication-type="journal" xlink:type="simple">             <person-group person-group-type="author">
<name name-style="western"><surname>Watts</surname><given-names>D</given-names></name>
<name name-style="western"><surname>Strogatz</surname><given-names>S</given-names></name>
</person-group>             <year>1998</year>             <article-title>Collective dynamics of ‘small-world’ networks.</article-title>             <source>Nature</source>             <volume>393</volume>             <fpage>440</fpage>             <lpage>442</lpage>          </element-citation></ref>
<ref id="pone.0012256-Kolmogorov1"><label>9</label><element-citation publication-type="journal" xlink:type="simple">             <person-group person-group-type="author">
<name name-style="western"><surname>Kolmogorov</surname><given-names>AN</given-names></name>
</person-group>             <year>1965</year>             <article-title>Three approaches to the quantitative definition of ‘information’.</article-title>             <source>Problems of Information Transmission</source>             <volume>1</volume>             <fpage>1</fpage>             <lpage>7</lpage>          </element-citation></ref>
<ref id="pone.0012256-Li1"><label>10</label><element-citation publication-type="other" xlink:type="simple">             <person-group person-group-type="author">
<name name-style="western"><surname>Li</surname><given-names>M</given-names></name>
<name name-style="western"><surname>Vitányi</surname><given-names>P</given-names></name>
</person-group>             <year>1997</year>             <source>An Introduction to Kolmogorov Complexity and Its Applications</source>             <publisher-name>Springer</publisher-name>          </element-citation></ref>
<ref id="pone.0012256-Solomonoff1"><label>11</label><element-citation publication-type="other" xlink:type="simple">             <person-group person-group-type="author">
<name name-style="western"><surname>Solomonoff</surname><given-names>R</given-names></name>
</person-group>             <year>1960</year>             <article-title>A preliminary report on a general theory of inductive inference.</article-title>             <comment>Technical Report V-131, Zator Co., Cambridge, Ma</comment>          </element-citation></ref>
<ref id="pone.0012256-LpezRuiza1"><label>12</label><element-citation publication-type="journal" xlink:type="simple">             <person-group person-group-type="author">
<name name-style="western"><surname>López-Ruiza</surname><given-names>R</given-names></name>
<name name-style="western"><surname>Mancinib</surname><given-names>H</given-names></name>
<name name-style="western"><surname>Calbet</surname><given-names>X</given-names></name>
</person-group>             <year>1995</year>             <article-title>A statistical measure of complexity.</article-title>             <source>Physics Letters A</source>             <volume>209</volume>             <fpage>321</fpage>             <lpage>326</lpage>          </element-citation></ref>
<ref id="pone.0012256-Badii1"><label>13</label><element-citation publication-type="other" xlink:type="simple">             <person-group person-group-type="author">
<name name-style="western"><surname>Badii</surname><given-names>R</given-names></name>
<name name-style="western"><surname>Politi</surname><given-names>A</given-names></name>
</person-group>             <year>1997</year>             <article-title>Complexity: Hierarchical Structures and Scaling in Physics.</article-title>             <comment>Cambridge University Press, Cambridge</comment>          </element-citation></ref>
<ref id="pone.0012256-Bennett1"><label>14</label><element-citation publication-type="other" xlink:type="simple">             <person-group person-group-type="author">
<name name-style="western"><surname>Bennett</surname><given-names>C</given-names></name>
</person-group>             <year>1988</year>             <article-title>Logical depth and physical complexity.</article-title>             <person-group person-group-type="editor">
<name name-style="western"><surname>Herken</surname><given-names>R</given-names></name>
</person-group>             <source>The Universal Turing Machine– a Half-Century Survey</source>             <publisher-name>Oxford University Press</publisher-name>             <fpage>227</fpage>             <lpage>257</lpage>          </element-citation></ref>
<ref id="pone.0012256-Crutchfield1"><label>15</label><element-citation publication-type="journal" xlink:type="simple">             <person-group person-group-type="author">
<name name-style="western"><surname>Crutchfield</surname><given-names>JP</given-names></name>
<name name-style="western"><surname>Young</surname><given-names>K</given-names></name>
</person-group>             <year>1989</year>             <article-title>Inferring statistical complexity.</article-title>             <source>Phys Rev Lett</source>             <volume>63</volume>             <fpage>105</fpage>             <lpage>108</lpage>          </element-citation></ref>
<ref id="pone.0012256-GellMann1"><label>16</label><element-citation publication-type="journal" xlink:type="simple">             <person-group person-group-type="author">
<name name-style="western"><surname>Gell-Mann</surname><given-names>M</given-names></name>
<name name-style="western"><surname>Lloyd</surname><given-names>S</given-names></name>
</person-group>             <year>1998</year>             <article-title>Information measures, effective complexity, and total information.</article-title>             <source>Complexity</source>             <volume>2</volume>             <fpage>44</fpage>             <lpage>52</lpage>          </element-citation></ref>
<ref id="pone.0012256-Grassberger1"><label>17</label><element-citation publication-type="journal" xlink:type="simple">             <person-group person-group-type="author">
<name name-style="western"><surname>Grassberger</surname><given-names>P</given-names></name>
</person-group>             <year>1986</year>             <article-title>Toward a quantitative theory of self-generated complexity.</article-title>             <source>Int J Theor Phys</source>             <volume>25</volume>             <fpage>907</fpage>             <lpage>938</lpage>          </element-citation></ref>
<ref id="pone.0012256-Lloyd1"><label>18</label><element-citation publication-type="journal" xlink:type="simple">             <person-group person-group-type="author">
<name name-style="western"><surname>Lloyd</surname><given-names>S</given-names></name>
<name name-style="western"><surname>Pagels</surname><given-names>H</given-names></name>
</person-group>             <year>1988</year>             <article-title>Complexity as thermodynamic depth.</article-title>             <source>Annals of Physics</source>             <volume>188</volume>             <fpage>186</fpage>             <lpage>213</lpage>          </element-citation></ref>
<ref id="pone.0012256-Zurek1"><label>19</label><element-citation publication-type="other" xlink:type="simple">             <person-group person-group-type="editor">
<name name-style="western"><surname>Zurek</surname><given-names>W</given-names></name>
</person-group>             <year>1990</year>             <article-title>Complexity, Entropy and the Physics of Information.</article-title>             <comment>Addison-Wesley, Redwood City</comment>          </element-citation></ref>
<ref id="pone.0012256-Grassberger2"><label>20</label><element-citation publication-type="journal" xlink:type="simple">             <person-group person-group-type="author">
<name name-style="western"><surname>Grassberger</surname><given-names>P</given-names></name>
</person-group>             <year>1989</year>             <article-title>Problems in quantifying self-generated complexity.</article-title>             <source>Helvetica Physica Acta</source>             <volume>62</volume>             <fpage>489</fpage>             <lpage>511</lpage>          </element-citation></ref>
<ref id="pone.0012256-Chaitin1"><label>21</label><element-citation publication-type="journal" xlink:type="simple">             <person-group person-group-type="author">
<name name-style="western"><surname>Chaitin</surname><given-names>G</given-names></name>
</person-group>             <year>1966</year>             <article-title>On the length of programs for computing finite binary sequences.</article-title>             <source>Journal of the ACM</source>             <fpage>547</fpage>             <lpage>569</lpage>          </element-citation></ref>
<ref id="pone.0012256-Crutchfield2"><label>22</label><element-citation publication-type="journal" xlink:type="simple">             <person-group person-group-type="author">
<name name-style="western"><surname>Crutchfield</surname><given-names>J</given-names></name>
<name name-style="western"><surname>Packard</surname><given-names>N</given-names></name>
</person-group>             <year>1983</year>             <article-title>Symbolic dynamics of noisy chaos.</article-title>             <source>Physica D</source>             <volume>7</volume>             <fpage>201</fpage>             <lpage>223</lpage>          </element-citation></ref>
<ref id="pone.0012256-Bialek1"><label>23</label><element-citation publication-type="journal" xlink:type="simple">             <person-group person-group-type="author">
<name name-style="western"><surname>Bialek</surname><given-names>W</given-names></name>
<name name-style="western"><surname>Nemenman</surname><given-names>I</given-names></name>
<name name-style="western"><surname>Tishby</surname><given-names>N</given-names></name>
</person-group>             <year>2001</year>             <article-title>Predictability, complexity, and learning.</article-title>             <source>Neural Computation</source>             <volume>13</volume>             <fpage>2409</fpage>             <lpage>2463</lpage>          </element-citation></ref>
<ref id="pone.0012256-Cilibrasi1"><label>24</label><element-citation publication-type="journal" xlink:type="simple">             <person-group person-group-type="author">
<name name-style="western"><surname>Cilibrasi</surname><given-names>R</given-names></name>
<name name-style="western"><surname>Vitányi</surname><given-names>P</given-names></name>
</person-group>             <year>2005</year>             <article-title>Clustering by compression.</article-title>             <source>IEEE Transactions Information Theory</source>             <volume>51</volume>             <fpage>1523</fpage>             <lpage>1545</lpage>          </element-citation></ref>
<ref id="pone.0012256-Casella1"><label>25</label><element-citation publication-type="other" xlink:type="simple">             <person-group person-group-type="author">
<name name-style="western"><surname>Casella</surname><given-names>G</given-names></name>
<name name-style="western"><surname>Berger</surname><given-names>R</given-names></name>
</person-group>             <year>2002</year>             <source>Statistical Inference</source>             <publisher-name>Duxbury Press</publisher-name>          </element-citation></ref>
<ref id="pone.0012256-Mood1"><label>26</label><element-citation publication-type="other" xlink:type="simple">             <person-group person-group-type="author">
<name name-style="western"><surname>Mood</surname><given-names>A</given-names></name>
<name name-style="western"><surname>Graybill</surname><given-names>F</given-names></name>
<name name-style="western"><surname>Boes</surname><given-names>D</given-names></name>
</person-group>             <year>1974</year>             <source>Introduction to the Theory of Statistics</source>             <publisher-name>McGrw-Hill</publisher-name>          </element-citation></ref>
<ref id="pone.0012256-Li2"><label>27</label><element-citation publication-type="journal" xlink:type="simple">             <person-group person-group-type="author">
<name name-style="western"><surname>Li</surname><given-names>M</given-names></name>
<name name-style="western"><surname>Chen</surname><given-names>X</given-names></name>
<name name-style="western"><surname>Li</surname><given-names>X</given-names></name>
<name name-style="western"><surname>Ma</surname><given-names>B</given-names></name>
<name name-style="western"><surname>Vitányi</surname><given-names>P</given-names></name>
</person-group>             <year>2004</year>             <article-title>The similarity metric.</article-title>             <source>IEEE Transactions on Information Theory</source>             <volume>50</volume>             <fpage>3250</fpage>             <lpage>3264</lpage>          </element-citation></ref>
<ref id="pone.0012256-Cebrian1"><label>28</label><element-citation publication-type="journal" xlink:type="simple">             <person-group person-group-type="author">
<name name-style="western"><surname>Cebrian</surname><given-names>M</given-names></name>
<name name-style="western"><surname>Alfonseca</surname><given-names>M</given-names></name>
<name name-style="western"><surname>Ortega</surname><given-names>A</given-names></name>
</person-group>             <year>2005</year>             <article-title>Common pitfalls using the normalized compression distance: What to watch out for in a compressor.</article-title>             <source>Communications in Information and Systems</source>             <volume>5</volume>             <fpage>367</fpage>             <lpage>384</lpage>          </element-citation></ref>
<ref id="pone.0012256-EmmertStreib1"><label>29</label><element-citation publication-type="journal" xlink:type="simple">             <person-group person-group-type="author">
<name name-style="western"><surname>Emmert-Streib</surname><given-names>F</given-names></name>
</person-group>             <year>2010</year>             <article-title>Exploratory analysis of spatiotemporal patterns of cellular automata by clustering compressibility.</article-title>             <source>Physical Review E</source>             <volume>81</volume>             <fpage>026103</fpage>          </element-citation></ref>
<ref id="pone.0012256-Conover1"><label>30</label><element-citation publication-type="other" xlink:type="simple">             <person-group person-group-type="author">
<name name-style="western"><surname>Conover</surname><given-names>W</given-names></name>
</person-group>             <year>1999</year>             <article-title>Practical Nonparametric Statistics.</article-title>             <comment>John Wiley &amp; Sons, New York</comment>          </element-citation></ref>
<ref id="pone.0012256-Smirnov1"><label>31</label><element-citation publication-type="journal" xlink:type="simple">             <person-group person-group-type="author">
<name name-style="western"><surname>Smirnov</surname><given-names>N</given-names></name>
</person-group>             <year>1939</year>             <article-title>Estimate of deviation between empirical distribution functions in two independent samples.</article-title>             <source>Bulletin Moscow University</source>             <volume>2</volume>             <fpage>3</fpage>             <lpage>16</lpage>          </element-citation></ref>
<ref id="pone.0012256-Milbrodt1"><label>32</label><element-citation publication-type="journal" xlink:type="simple">             <person-group person-group-type="author">
<name name-style="western"><surname>Milbrodt</surname><given-names>H</given-names></name>
<name name-style="western"><surname>Strasser</surname><given-names>H</given-names></name>
</person-group>             <year>1990</year>             <article-title>On the asymptotic power of the two-sided kolmogorov-smirnov test.</article-title>             <source>Journal of Statistical Planning and Inference</source>             <volume>26</volume>             <fpage>1</fpage>             <lpage>23</lpage>          </element-citation></ref>
<ref id="pone.0012256-Mattos1"><label>33</label><element-citation publication-type="journal" xlink:type="simple">             <person-group person-group-type="author">
<name name-style="western"><surname>Mattos</surname><given-names>T</given-names></name>
<name name-style="western"><surname>Moreira</surname><given-names>J</given-names></name>
</person-group>             <year>2004</year>             <article-title>Universality Classes of Chaotic Cellular Automata.</article-title>             <source>Brazilian Journal of Physics</source>             <volume>34</volume>             <fpage>448</fpage>             <lpage>451</lpage>          </element-citation></ref>
<ref id="pone.0012256-Crutchfield3"><label>34</label><element-citation publication-type="journal" xlink:type="simple">             <person-group person-group-type="author">
<name name-style="western"><surname>Crutchfield</surname><given-names>J</given-names></name>
<name name-style="western"><surname>Feldman</surname><given-names>D</given-names></name>
</person-group>             <year>1997</year>             <article-title>Statistical complexity of simple one-dimensional spin systems.</article-title>             <source>Phys Rev E</source>             <volume>55</volume>             <fpage>R1239</fpage>          </element-citation></ref>
<ref id="pone.0012256-Feldman1"><label>35</label><element-citation publication-type="journal" xlink:type="simple">             <person-group person-group-type="author">
<name name-style="western"><surname>Feldman</surname><given-names>D</given-names></name>
<name name-style="western"><surname>Crutchfield</surname><given-names>J</given-names></name>
</person-group>             <year>1998</year>             <article-title>Measures of statistical complexity: Why?</article-title>             <source>Physics Letters A</source>             <volume>238</volume>             <fpage>244</fpage>             <lpage>252</lpage>          </element-citation></ref>
<ref id="pone.0012256-Lehman1"><label>36</label><element-citation publication-type="other" xlink:type="simple">             <person-group person-group-type="author">
<name name-style="western"><surname>Lehman</surname><given-names>E</given-names></name>
</person-group>             <year>2005</year>             <source>Testing Statistical Hypotheses</source>             <publisher-name>Springer</publisher-name>          </element-citation></ref>
<ref id="pone.0012256-EmmertStreib2"><label>37</label><element-citation publication-type="journal" xlink:type="simple">             <person-group person-group-type="author">
<name name-style="western"><surname>Emmert-Streib</surname><given-names>F</given-names></name>
</person-group>             <year>2007</year>             <article-title>The chronic fatigue syndrome: A comparative pathway analysis.</article-title>             <source>Journal of Computational Biology</source>             <volume>14</volume>             <fpage>961</fpage>             <lpage>972</lpage>          </element-citation></ref>
<ref id="pone.0012256-R1"><label>38</label><element-citation publication-type="other" xlink:type="simple">             <collab xlink:type="simple">R Development Core Team</collab>             <year>2008</year>             <article-title>R: A Language and Environment for Statistical Computing.</article-title>             <comment>R Foundation for Statistical Computing, Vienna, Austria. ISBN 3-900051-07-0</comment>          </element-citation></ref>
</ref-list>

</back>
</article>