<?xml version="1.0" encoding="UTF-8"?>
<!DOCTYPE article
  PUBLIC "-//NLM//DTD Journal Publishing DTD v3.0 20080202//EN" "http://dtd.nlm.nih.gov/publishing/3.0/journalpublishing3.dtd">
<article xmlns:mml="http://www.w3.org/1998/Math/MathML" xmlns:xlink="http://www.w3.org/1999/xlink" article-type="discussion" dtd-version="3.0" xml:lang="EN">
  <front>
    <journal-meta><journal-id journal-id-type="publisher-id">plos</journal-id><journal-id journal-id-type="publisher">pbio</journal-id><journal-id journal-id-type="nlm-ta">PLoS Biol</journal-id><journal-id journal-id-type="pmc">plosbiol</journal-id><!--===== Grouping journal title elements =====--><journal-title-group><journal-title>PLoS Biology</journal-title></journal-title-group><issn pub-type="ppub">1544-9173</issn><issn pub-type="epub">1545-7885</issn><publisher>
        <publisher-name>Public Library of Science</publisher-name>
        <publisher-loc>San Francisco, USA</publisher-loc>
      </publisher></journal-meta>
    <article-meta><article-id pub-id-type="doi">10.1371/journal.pbio.0000027</article-id><article-categories>
        <subj-group subj-group-type="heading">
          <subject>Unsolved Mystery</subject>
        </subj-group>
        <subj-group subj-group-type="Discipline">
          <subject>Cell Biology</subject>
          <subject>Ecology</subject>
          <subject>Evolutionary Biology</subject>
          <subject>Genetics and Genomics</subject>
        </subj-group>
        <subj-group subj-group-type="System Taxonomy">
          <subject>Homo</subject>
        </subj-group>
      </article-categories><title-group><article-title>What Controls Variation in Human Skin Color?</article-title><alt-title alt-title-type="running-head">Unsolved Mystery</alt-title></title-group><contrib-group>
        <contrib contrib-type="author" xlink:type="simple">
          <name name-style="western">
            <surname>Barsh</surname>
            <given-names>Gregory S</given-names>
          </name>
        </contrib>
      </contrib-group><author-notes>
        <fn fn-type="current-aff" id="n1">
          <p>Gregory S. Barsh is an associate professor of Departments of Genetics and Pediatrics and an associate investigator at the Howard Hughes Medical Institute, Stanford University School of Medicine, Stanford, California, United States. E-mail: <email xlink:type="simple">gbarsh@cmgm.stanford.edu</email>.</p>
        </fn>
      </author-notes><pub-date pub-type="ppub">
        <month>10</month>
        <year>2003</year>
      </pub-date><pub-date pub-type="epub">
        <day>13</day>
        <month>10</month>
        <year>2003</year>
      </pub-date><volume>1</volume><issue>1</issue><elocation-id>e27</elocation-id><!--===== Grouping copyright info into permissions =====--><permissions><copyright-year>2003</copyright-year><copyright-holder>Public Library of Science</copyright-holder><license><license-p>This is an open-access article distributed under the terms of the Public Library of Science Open-Access License, which permits unrestricted use, distribution, and reproduction in any medium, provided the original work is properly cited.</license-p></license></permissions><related-article issue="3" page="e91" related-article-type="correction-forward" vol="1" xlink:href="info:doi/10.1371/journal.pbio.0000091" xlink:title="Correction" xlink:type="simple">
        <article-title>Correction: What Controls Variation in Human Skin Color?</article-title>
      </related-article><abstract abstract-type="toc">
        <p>There is a large range of human skin color, yet we know very little about the underlying genetic architecture. Is the number of skin color genes close to five, 50, or 500?</p>
      </abstract></article-meta>
  </front>
  <body>
    <sec id="s1">
      <title/>
      <p>Diversity of human appearance and form has intrigued biologists for centuries, but nearly 100 years after the term “genetics” was coined by William Bateson in 1906, the genes that underlie this diversity are an unsolved mystery. One of the most obvious phenotypes that distinguish members of our species, differences in skin pigmentation, is also one of the most enigmatic. There is a tremendous range of human skin color in which variation can be correlated with climates, continents, and/or cultures, yet we know very little about the underlying genetic architecture. Is the number of common skin color genes closer to five, 50, or 500? Do gain- and loss-of-function alleles for a small set of genes give rise to phenotypes at opposite ends of the pigmentary spectrum? Has the effect of natural selection on similar pigmentation phenotypes proceeded independently via similar pathways? And, finally, should we care about the genetics of human pigmentation if it is only skin-deep?</p>
    </sec>
    <sec id="s2">
      <title>Why Should We Care?</title>
      <p>From a clinical perspective, inadequate protection from sunlight has a major impact on human health (<xref ref-type="bibr" rid="pbio-0000027-Armstrong1">Armstrong et al. 1997</xref>; <xref ref-type="bibr" rid="pbio-0000027-Diepgen1">Diepgen and Mahler 2002</xref>). In Australia, the lifetime cumulative incidence of skin cancer approaches 50%, yet the oxymoronic “smart tanning” industry continues to grow, and there is controversy over the extent to which different types of melanin can influence susceptibility to ultraviolet (UV) radiation (<xref ref-type="bibr" rid="pbio-0000027-Schmitz1">Schmitz et al. 1995</xref>; <xref ref-type="bibr" rid="pbio-0000027-Wenczl1">Wenczl et al. 1998</xref>). At the other end of the spectrum, inadequate exposure to sunlight, leading to vitamin D deficiency and rickets, has been mostly cured by nutritional advances made in the early 1900s. In both cases, understanding the genetic architecture of human skin color is likely to provide a greater appreciation of underlying biological mechanisms, much in the same way that mutational hotspots in the gene <italic>TP53</italic> have helped to educate society about the risks of tobacco (<xref ref-type="bibr" rid="pbio-0000027-Takahashi1">Takahashi et al. 1989</xref>; <xref ref-type="bibr" rid="pbio-0000027-Toyooka1">Toyooka et al. 2003</xref>).</p>
      <p>From a basic science perspective, variation in human skin color represents an unparalleled opportunity for cell biologists, geneticists, and anthropologists to learn more about the biogenesis and movement of subcellular organelles, to better characterize the relationship between genotypic and phenotypic diversity, to further investigate human origins, and to understand how recent human evolution may have been shaped by natural selection.</p>
    </sec>
    <sec id="s3">
      <title>The Color Variation Toolbox</title>
      <p>Historically, measurement of human skin color is often based on subjective categories, e.g., “moderate brown, rarely burns, tans very easily.” More recently, quantitative methods based on reflectance spectrophotometry have been applied, which allow reddening caused by inflammation and increased hemoglobin to be distinguished from darkening caused by increased melanin (<xref ref-type="bibr" rid="pbio-0000027-Alaluf2">Alaluf et al. 2002b</xref>; <xref ref-type="bibr" rid="pbio-0000027-Shriver1">Shriver and Parra 2000</xref>; <xref ref-type="bibr" rid="pbio-0000027-Wagner1">Wagner et al. 2002</xref>). Melanin itself is an organic polymer built from oxidative tyrosine derivatives and comes in two types, a cysteine-rich red–yellow form known as pheomelanin and a less-soluble black--brown form known as eumelanin (<xref ref-type="fig" rid="pbio-0000027-g001">Figure 1A</xref>). Discriminating among pigment types in biological samples requires chemical extraction, but is worth the effort, since the little we do know about common variation in human pigmentation involves pigment type-switching. The characteristic phenotype of fair skin, freckling, and carrot-red hair is associated with large amounts of pheomelanin and small amounts of eumelanin and is caused by loss-of-function alleles in a single gene, the melanocortin 1 receptor <italic>(MC1R)</italic> (<xref ref-type="bibr" rid="pbio-0000027-Sturm1">Sturm et al. 1998</xref>; <xref ref-type="bibr" rid="pbio-0000027-Rees1">Rees 2000</xref>) However, <italic>MC1R</italic> variation has a significant effect on pigmentation only in populations where red hair and fair skin are common (<xref ref-type="bibr" rid="pbio-0000027-Rana1">Rana et al. 1999</xref>; <xref ref-type="bibr" rid="pbio-0000027-Harding1">Harding et al. 2000</xref>), and its primary effects—to promote eumelanin synthesis at the expense of pheomelanin synthesis, or vice versa— contribute little to variation of skin reflectance among or between major ethnic groups (<xref ref-type="bibr" rid="pbio-0000027-Alaluf1">Alaluf et al. 2002a</xref>).</p>
      <fig id="pbio-0000027-g001" position="float">
        <object-id pub-id-type="doi">10.1371/journal.pbio.0000027.g001</object-id>
        <label>Figure 1</label>
        <caption>
          <title>Biochemistry and Histology of Different Skin Types</title>
          <p>(A) Activation of the melanocortin 1 receptor (MC1R) promotes the synthesis of eumelanin at the expense of pheomelanin, although oxidation of tyrosine by tyrosinase (TYR) is required for synthesis of both pigment types. The membrane-associated transport protein (MATP) and the pink-eyed dilution protein (P) are melanosomal membrane components that contribute to the extent of pigment synthesis within melanosomes. (B) There is a gradient of melanosome size and number in dark, intermediate, and light skin; in addition, melanosomes of dark skin are more widely dispersed. This diagram is based on one published by <xref ref-type="bibr" rid="pbio-0000027-Sturm1">Sturm et al. (1998)</xref> and summarizes data from <xref ref-type="bibr" rid="pbio-0000027-Szabo1">Szabo et al. (1969)</xref>, <xref ref-type="bibr" rid="pbio-0000027-Toda1">Toda et al. (1972)</xref>, and <xref ref-type="bibr" rid="pbio-0000027-Konrad1">Konrad and Wolff (1973)</xref> based on individuals whose recent ancestors were from Africa, Asia, or Europe.</p>
        </caption>
        <graphic mimetype="image" position="float" xlink:href="info:doi/10.1371/journal.pbio.0000027.g001" xlink:type="simple"/>
      </fig>
      <p>More important than the ratio of melanin types is the total amount of melanin produced. In addition, histological characteristics of different-colored skin provide some clues as to cellular mechanisms that are likely to drive pigmentary variation (<xref ref-type="fig" rid="pbio-0000027-g001">Figure 1B</xref>). For the same body region, light- and dark-skinned individuals have similar numbers of melanocytes (there is considerable variation between different body regions), but pigment-containing organelles, called melanosomes, are larger, more numerous, and more pigmented in dark compared to intermediate compared to light skin, corresponding to individuals whose recent ancestors were from Africa, Asia, or Europe, respectively (<xref ref-type="bibr" rid="pbio-0000027-Szabo1">Szabo et al. 1969</xref>; <xref ref-type="bibr" rid="pbio-0000027-Toda1">Toda et al. 1972</xref>; <xref ref-type="bibr" rid="pbio-0000027-Konrad1">Konrad and Wolff 1973</xref>). From these perspectives, oxidative enzymes like tyrosinase (TYR), which catalyzes the formation of dopaquinone from tyrosine, or melanosomal membrane components like the pink-eyed dilution protein (P) or the membrane-associated transporter protein (MATP), which affect substrate availability and activity of TYR (<xref ref-type="bibr" rid="pbio-0000027-Orlow1">Orlow and Brilliant 1999</xref>; <xref ref-type="bibr" rid="pbio-0000027-Brilliant1">Brilliant and Gardner 2001</xref>; <xref ref-type="bibr" rid="pbio-0000027-Newton1">Newton et al. 2001</xref>; <xref ref-type="bibr" rid="pbio-0000027-Costin1">Costin et al. 2003</xref>), are logical candidates upon which genetic variation could contribute to the diversity of human skin color.</p>
      <p>Of equal importance to what happens inside melanocytes is what happens outside. Each pigment cell actively transfers its melanosomes to about 40 basal keratinocytes; ultimately, skin reflectance is determined by the amount and distribution of pigment granules within keratinocytes rather than melanocytes. In general, melanosomes of African skin are larger and dispersed more widely than in Asian or European skin (<xref ref-type="fig" rid="pbio-0000027-g001">Figure 1</xref>). Remarkably, keratinocytes from dark skin cocultured with melanocytes from light skin give rise to a melanosome distribution pattern characteristic of dark skin, and vice versa (<xref ref-type="bibr" rid="pbio-0000027-Minwalla1">Minwalla et al. 2001</xref>). Thus, at least one component of skin color variation represents a gene or genes whose expression and action affect the pigment cell environment rather than the pigment cell itself.</p>
    </sec>
    <sec id="s4">
      <title>Genetics of Skin Color</title>
      <p>For any quantitative trait with multiple contributing factors, the most important questions are the overall heritability, the number of genes likely to be involved, and the best strategies for identifying those genes. For skin color, the broad sense heritability (defined as the overall effect of genetic vs. nongenetic factors) is very high (<xref ref-type="bibr" rid="pbio-0000027-Clark1">Clark et al. 1981</xref>), provided one is able to control for the most important nongenetic factor, exposure to sunlight.</p>
      <p>Statements regarding the number of human skin color genes are attributed to several studies; one of the most complete is by <xref ref-type="bibr" rid="pbio-0000027-Harrison1">Harrison and Owen (1964)</xref>. In that study, skin reflectance measurements were obtained from 70 residents of Liverpool whose parents, grandparents, or both were of European (“with a large Irish component”) or West African (“mostly from coastal regions of Ghana and Nigeria”) descent and who were roughly classified into “hybrid” and “backcross” groups on this basis. An attempt to partition and analyze the variance of the backcross groups led to minimal estimates of three to four “effective factors,” in this case, independently segregating genes. Aside from the key word <italic>minimal</italic> (Harrison and Owen's data could also be explained by 30–40 genes), one of the more interesting findings was that skin reflectance appeared to be mainly additive. In other words, mean skin reflectance of “F1 hybrid” or “backcross hybrid” groups is intermediate between their respective parental groups.</p>
      <p>An alternative approach for considering the number of potential human pigmentation genes is based on mouse coat color genetics, one of the original models to define and study gene action and interaction, for which nearly 100 different genes have been recognized (<xref ref-type="bibr" rid="pbio-0000027-Bennett1">Bennett and Lamoreux 2003</xref>; <xref ref-type="bibr" rid="pbio-0000027-Jackson1">Jackson 1994</xref>). Setting aside mouse mutations that cause white spotting or predominant effects outside the pigmentary system, no more than 15 or 20 mutations remain, many of which have been identified and characterized, and most of which have human homologs in which null mutations cause albinism.</p>
      <p>This brings us to the question of candidate genes for skin color, since, like any quantitative trait, a reasonable place to start is with rare mutations known to cause an extreme phenotype, in this case Mendelian forms of albinism. The underlying assumption is that if a rare null allele causes a complete loss of pigment, then a set of polymorphic, i.e., more frequent, alleles with subtle effects on gene expression will contribute to a spectrum of skin colors. The <italic>TYR, P</italic>, and <italic>MATP</italic> genes discussed earlier are well-known causes of albinism whose primary effects are limited to pigment cells (<xref ref-type="bibr" rid="pbio-0000027-Oetting1">Oetting and King 1999</xref>); among these, the <italic>P</italic> gene is highly polymorphic but the phenotypic consequences of <italic>P</italic> gene polymorphisms are not yet known.</p>
      <p>Independent of phenotype, a gene responsible for selection of different skin colors should exhibit a population signature with a large number of alleles and rates of sequence substitution that are greater for nonsynonymous (which change an amino acid in the protein) than synonymous (which do not change any amino acid) alterations. Data have been collected only for <italic>MC1R</italic>, in which the most notable finding is a dearth of allelic diversity in African samples, which is remarkable given that polymorphism for most genes is greater in Africa than in other geographic regions (<xref ref-type="bibr" rid="pbio-0000027-Rana1">Rana et al. 1999</xref>; <xref ref-type="bibr" rid="pbio-0000027-Harding1">Harding et al. 2000</xref>). Thus, while <italic>MC1R</italic> sequence variation does not contribute significantly to variation in human skin color around the world, a functional <italic>MC1R</italic> is probably important for dark skin.</p>
    </sec>
    <sec id="s5">
      <title>Selection for Skin Color?</title>
      <p>Credit for describing the relationship between latitude and skin color in modern humans is usually ascribed to an Italian geographer, Renato Basutti, whose widely reproduced “skin color maps” illustrate the correlation of darker skin with equatorial proximity (<xref ref-type="fig" rid="pbio-0000027-g002">Figure 2</xref>). More recent studies by physical anthropologists have substantiated and extended these observations; a recent review and analysis of data from more than 100 populations (<xref ref-type="bibr" rid="pbio-0000027-Relethford1">Relethford 1997</xref>) found that skin reflectance is lowest at the equator, then gradually increases, about 8% per 10° of latitude in the Northern Hemisphere and about 4% per 10° of latitude in the Southern Hemisphere. This pattern is inversely correlated with levels of UV irradiation, which are greater in the Southern than in the Northern Hemisphere. An important caveat is that we do not know how patterns of UV irradiation have changed over time; more importantly, we do not know when skin color is likely to have evolved, with multiple migrations out of Africa and extensive genetic interchange over the last 500,000 years (<xref ref-type="bibr" rid="pbio-0000027-Templeton1">Templeton 2002</xref>).</p>
      <fig id="pbio-0000027-g002" position="float">
        <object-id pub-id-type="doi">10.1371/journal.pbio.0000027.g002</object-id>
        <label>Figure 2</label>
        <caption>
          <title>Relationship of Skin Color to Latitude</title>
          <p>(A) A traditional skin color map based on the data of Biasutti. Reproduced from <ext-link ext-link-type="uri" xlink:href="http://anthro.palomar.edu/vary/" xlink:type="simple">http://anthro.palomar.edu/vary/</ext-link> with permission from Dennis O'Neil.
            <fn fn-type="other"><p>Erratum note: The source of this image was incorrectly acknowledged. Corrected 12/19/03.</p></fn>
          (B) Summary of 102 skin reflectance samples for males as a function of latitude, redrawn from <xref ref-type="bibr" rid="pbio-0000027-Relethford1">Relethford (1997)</xref>.</p>
        </caption>
        <graphic mimetype="image" position="float" xlink:href="info:doi/10.1371/journal.pbio.0000027.g002" xlink:type="simple"/>
      </fig>
      <p>Regardless, most anthropologists accept the notion that differences in UV irradiation have driven selection for dark human skin at the equator and for light human skin at greater latitudes. What remains controversial are the exact mechanisms of selection. The most popular theory posits that protection offered by dark skin from UV irradiation becomes a liability in more polar latitudes due to vitamin D deficiency (<xref ref-type="bibr" rid="pbio-0000027-Murray1">Murray 1934</xref>). UVB (short-wavelength UV) converts 7-dehydrocholesterol into an essential precursor of cholecaliferol (vitamin D<sub>3</sub>); when not otherwise provided by dietary supplements, deficiency for vitamin D causes rickets, a characteristic pattern of growth abnormalities and bony deformities. An oft-cited anecdote in support of the vitamin D hypothesis is that Arctic populations whose skin is relatively dark given their latitude, such as the Inuit and the Lapp, have had a diet that is historically rich in vitamin D. Sensitivity of modern humans to vitamin D deficiency is evident from the widespread occurrence of rickets in 19th-century industrial Europe, but whether dark-skinned humans migrating to polar latitudes tens or hundreds of thousands of years ago experienced similar problems is open to question. In any case, a risk for vitamin D deficiency can only explain selection for light skin. Among several mechanisms suggested to provide a selective advantage for dark skin in conditions of high UV irradiation (<xref ref-type="bibr" rid="pbio-0000027-Loomis1">Loomis 1967</xref>; <xref ref-type="bibr" rid="pbio-0000027-Robins1">Robins 1991</xref>; <xref ref-type="bibr" rid="pbio-0000027-Jablonski1">Jablonski and Chaplin 2000</xref>), the most tenable are protection from sunburn and skin cancer due to the physical barrier imposed by epidermal melanin.</p>
    </sec>
    <sec id="s6">
      <title>Solving the Mystery</title>
      <p>Recent developments in several areas provide a tremendous opportunity to better understand the diversity of human pigmentation. Improved spectrophotometric tools, advances in epidemiology and statistics, a wealth of genome sequences, and efficient techniques for assaying sequence variation offer the chance to replace misunderstanding and myths about skin color with education and scientific insight. The same approaches used to investigate traits such as hypertension and obesity—genetic linkage and association studies—can be applied in a more powerful way to study human pigmentation, since the sources of environmental variation can be controlled and we have a deeper knowledge of the underlying biochemistry and cell biology.</p>
      <p>This approach is especially appealing given the dismal success rate in molecular identification of complex genetic diseases. In fact, understanding more about the genetic architecture of skin color may prove helpful in designing studies to investigate other quantitative traits. Current debates in the human genetics community involve strategies for selecting populations and candidate genes to study, the characteristics of sequence polymorphisms worth pursuing as potential disease mutations, and the extent to which common diseases are caused by common (and presumably ancient) alleles. While specific answers will be different for every phenotype, there may be common themes, and some answers are better than none.</p>
      <p><xref ref-type="bibr" rid="pbio-0000027-Harrison1">Harrison and Owen</xref> concluded their 1964 study of human skin color by stating, “The deficiencies in the data in this study are keenly appreciated by the writers, but since there appear at present to be no opportunities for improving the data, it seems justifiable to take the analysis as far as possible.” Nearly 40 years later, opportunities abound, and the mystery of human skin color is ready to be solved. </p>
    </sec>
  </body>
  <back>
    <ack>
      <p>I am grateful to members of my laboratory and colleagues who study pigment cells in a variety of different experimental organisms for useful discussions and to Sophie Candille for helpful comments on the manuscript. Many of the ideas presented here emerged during a discussion series on Unsolved Mysteries in Biomedical Research that was initiated by Mark Krasnow and the Medical Scientist Training Program at Stanford University.</p>
    </ack>
    <ref-list>
      <title>References</title>
      <ref id="pbio-0000027-Alaluf1">
        <label>1</label>
        <nlm-citation publication-type="journal" xlink:type="simple">
          <person-group>
            <name name-style="western">
              <surname>Alaluf</surname>
              <given-names>S</given-names>
            </name>
            <name name-style="western">
              <surname>Atkins</surname>
              <given-names>D</given-names>
            </name>
            <name name-style="western">
              <surname>Barrett</surname>
              <given-names>K</given-names>
            </name>
            <name name-style="western">
              <surname>Blount</surname>
              <given-names>M</given-names>
            </name>
            <name name-style="western">
              <surname>Carter</surname>
              <given-names>N</given-names>
            </name>
            <etal/>
          </person-group>
          <article-title>Ethnic variation in melanin content and composition in photoexposed and photoprotected human skin.</article-title>
          <source>Pigment Cell Res</source>
          <year>2002a</year>
          <volume>15</volume>
          <fpage>112</fpage>
          <lpage>118</lpage>
        </nlm-citation>
      </ref>
      <ref id="pbio-0000027-Alaluf2">
        <label>2</label>
        <nlm-citation publication-type="journal" xlink:type="simple">
          <person-group>
            <name name-style="western">
              <surname>Alaluf</surname>
              <given-names>S</given-names>
            </name>
            <name name-style="western">
              <surname>Atkins</surname>
              <given-names>D</given-names>
            </name>
            <name name-style="western">
              <surname>Barrett</surname>
              <given-names>K</given-names>
            </name>
            <name name-style="western">
              <surname>Blount</surname>
              <given-names>M</given-names>
            </name>
            <name name-style="western">
              <surname>Carter</surname>
              <given-names>N</given-names>
            </name>
            <etal/>
          </person-group>
          <article-title>The impact of epidermal melanin on objective measurements of human skin colour.</article-title>
          <source>Pigment Cell Res</source>
          <year>2002b</year>
          <volume>15</volume>
          <fpage>119</fpage>
          <lpage>126</lpage>
        </nlm-citation>
      </ref>
      <ref id="pbio-0000027-Armstrong1">
        <label>3</label>
        <nlm-citation publication-type="journal" xlink:type="simple">
          <person-group>
            <name name-style="western">
              <surname>Armstrong</surname>
              <given-names>BK</given-names>
            </name>
            <name name-style="western">
              <surname>Kricker</surname>
              <given-names>A</given-names>
            </name>
            <name name-style="western">
              <surname>English</surname>
              <given-names>DR</given-names>
            </name>
          </person-group>
          <article-title>Sun exposure and skin cancer.</article-title>
          <source>Australas J Dermatol</source>
          <year>1997</year>
          <volume>38</volume>
          <supplement>Suppl 1</supplement>
          <fpage>S1</fpage>
          <lpage>S6</lpage>
        </nlm-citation>
      </ref>
      <ref id="pbio-0000027-Bennett1">
        <label>4</label>
        <nlm-citation publication-type="journal" xlink:type="simple">
          <person-group>
            <name name-style="western">
              <surname>Bennett</surname>
              <given-names>DC</given-names>
            </name>
            <name name-style="western">
              <surname>Lamoreux</surname>
              <given-names>ML</given-names>
            </name>
          </person-group>
          <article-title>The color loci of mice—A genetic century.</article-title>
          <source>Pigment Cell Res</source>
          <year>2003</year>
          <volume>16</volume>
          <fpage>333</fpage>
          <lpage>344</lpage>
        </nlm-citation>
      </ref>
      <ref id="pbio-0000027-Brilliant1">
        <label>5</label>
        <nlm-citation publication-type="journal" xlink:type="simple">
          <person-group>
            <name name-style="western">
              <surname>Brilliant</surname>
              <given-names>M</given-names>
            </name>
            <name name-style="western">
              <surname>Gardner</surname>
              <given-names>LJ</given-names>
            </name>
          </person-group>
          <article-title>Melanosomal pH, pink locus protein and their roles in melanogenesis.</article-title>
          <source>J Invest Dermatol</source>
          <year>2001</year>
          <volume>117</volume>
          <fpage>386</fpage>
          <lpage>387</lpage>
        </nlm-citation>
      </ref>
      <ref id="pbio-0000027-Clark1">
        <label>6</label>
        <nlm-citation publication-type="journal" xlink:type="simple">
          <person-group>
            <name name-style="western">
              <surname>Clark</surname>
              <given-names>P</given-names>
            </name>
            <name name-style="western">
              <surname>Stark</surname>
              <given-names>AE</given-names>
            </name>
            <name name-style="western">
              <surname>Walsh</surname>
              <given-names>RJ</given-names>
            </name>
            <name name-style="western">
              <surname>Jardine</surname>
              <given-names>R</given-names>
            </name>
            <name name-style="western">
              <surname>Martin</surname>
              <given-names>NG</given-names>
            </name>
          </person-group>
          <article-title>A twin study of skin reflectance.</article-title>
          <source>Ann Hum Biol</source>
          <year>1981</year>
          <volume>8</volume>
          <fpage>529</fpage>
          <lpage>541</lpage>
        </nlm-citation>
      </ref>
      <ref id="pbio-0000027-Costin1">
        <label>7</label>
        <nlm-citation publication-type="journal" xlink:type="simple">
          <person-group>
            <name name-style="western">
              <surname>Costin</surname>
              <given-names>GE</given-names>
            </name>
            <name name-style="western">
              <surname>Valencia</surname>
              <given-names>JC</given-names>
            </name>
            <name name-style="western">
              <surname>Vieira</surname>
              <given-names>WD</given-names>
            </name>
            <name name-style="western">
              <surname>Lamoreux</surname>
              <given-names>ML</given-names>
            </name>
            <name name-style="western">
              <surname>Hearing</surname>
              <given-names>VJ</given-names>
            </name>
          </person-group>
          <article-title>Tyrosinase processing and intracellular trafficking is disrupted in mouse primary melanocytes carrying the underwhite (<italic>uw</italic>) mutation: A model for oculocutaneous albinism (OCA) type 4.</article-title>
          <source>J Cell Sci</source>
          <year>2003</year>
          <volume>116</volume>
          <fpage>3203</fpage>
          <lpage>3212</lpage>
        </nlm-citation>
      </ref>
      <ref id="pbio-0000027-Diepgen1">
        <label>8</label>
        <nlm-citation publication-type="journal" xlink:type="simple">
          <person-group>
            <name name-style="western">
              <surname>Diepgen</surname>
              <given-names>TL</given-names>
            </name>
            <name name-style="western">
              <surname>Mahler</surname>
              <given-names>V</given-names>
            </name>
          </person-group>
          <article-title>The epidemiology of skin cancer.</article-title>
          <source>Br J Dermatol</source>
          <year>2002</year>
          <volume>146</volume>
          <supplement>Suppl 61</supplement>
          <fpage>1</fpage>
          <lpage>6</lpage>
        </nlm-citation>
      </ref>
      <ref id="pbio-0000027-Harding1">
        <label>9</label>
        <nlm-citation publication-type="journal" xlink:type="simple">
          <person-group>
            <name name-style="western">
              <surname>Harding</surname>
              <given-names>RM</given-names>
            </name>
            <name name-style="western">
              <surname>Healy</surname>
              <given-names>E</given-names>
            </name>
            <name name-style="western">
              <surname>Ray</surname>
              <given-names>AJ</given-names>
            </name>
            <name name-style="western">
              <surname>Ellis</surname>
              <given-names>NS</given-names>
            </name>
            <name name-style="western">
              <surname>Flanagan</surname>
              <given-names>N</given-names>
            </name>
            <etal/>
          </person-group>
          <article-title>Evidence for variable selective pressures at <italic>MC1R</italic>.</article-title>
          <source>Am J Hum Genet</source>
          <year>2000</year>
          <volume>66</volume>
          <fpage>1351</fpage>
          <lpage>1361</lpage>
        </nlm-citation>
      </ref>
      <ref id="pbio-0000027-Harrison1">
        <label>10</label>
        <nlm-citation publication-type="journal" xlink:type="simple">
          <person-group>
            <name name-style="western">
              <surname>Harrison</surname>
              <given-names>GA</given-names>
            </name>
            <name name-style="western">
              <surname>Owen</surname>
              <given-names>JJT</given-names>
            </name>
          </person-group>
          <article-title>Studies on the inheritance of human skin colour.</article-title>
          <source>Ann Hum Genet</source>
          <year>1964</year>
          <volume>28</volume>
          <fpage>27</fpage>
          <lpage>37</lpage>
        </nlm-citation>
      </ref>
      <ref id="pbio-0000027-Jablonski1">
        <label>11</label>
        <nlm-citation publication-type="journal" xlink:type="simple">
          <person-group>
            <name name-style="western">
              <surname>Jablonski</surname>
              <given-names>NG</given-names>
            </name>
            <name name-style="western">
              <surname>Chaplin</surname>
              <given-names>G</given-names>
            </name>
          </person-group>
          <article-title>The evolution of human skin coloration.</article-title>
          <source>J Hum Evol</source>
          <year>2000</year>
          <volume>39</volume>
          <fpage>57</fpage>
          <lpage>106</lpage>
        </nlm-citation>
      </ref>
      <ref id="pbio-0000027-Jackson1">
        <label>12</label>
        <nlm-citation publication-type="journal" xlink:type="simple">
          <person-group>
            <name name-style="western">
              <surname>Jackson</surname>
              <given-names>IJ</given-names>
            </name>
          </person-group>
          <article-title>Molecular and developmental genetics of mouse coat color.</article-title>
          <source>Annu Rev Genet</source>
          <year>1994</year>
          <volume>28</volume>
          <fpage>189</fpage>
          <lpage>217</lpage>
        </nlm-citation>
      </ref>
      <ref id="pbio-0000027-Konrad1">
        <label>13</label>
        <nlm-citation publication-type="journal" xlink:type="simple">
          <person-group>
            <name name-style="western">
              <surname>Konrad</surname>
              <given-names>K</given-names>
            </name>
            <name name-style="western">
              <surname>Wolff</surname>
              <given-names>K</given-names>
            </name>
          </person-group>
          <article-title>Hyperpigmentation, melanosome size, and distribution patterns of melanosomes.</article-title>
          <source>Arch Dermatol</source>
          <year>1973</year>
          <volume>107</volume>
          <fpage>853</fpage>
          <lpage>860</lpage>
        </nlm-citation>
      </ref>
      <ref id="pbio-0000027-Loomis1">
        <label>14</label>
        <nlm-citation publication-type="journal" xlink:type="simple">
          <person-group>
            <name name-style="western">
              <surname>Loomis</surname>
              <given-names>WF</given-names>
            </name>
          </person-group>
          <article-title>Skin-pigment regulation of vitamin-D biosynthesis in man.</article-title>
          <source>Science</source>
          <year>1967</year>
          <volume>157</volume>
          <fpage>501</fpage>
          <lpage>506</lpage>
        </nlm-citation>
      </ref>
      <ref id="pbio-0000027-Minwalla1">
        <label>15</label>
        <nlm-citation publication-type="journal" xlink:type="simple">
          <person-group>
            <name name-style="western">
              <surname>Minwalla</surname>
              <given-names>L</given-names>
            </name>
            <name name-style="western">
              <surname>Zhao</surname>
              <given-names>Y</given-names>
            </name>
            <name name-style="western">
              <surname>Le Poole</surname>
              <given-names>IC</given-names>
            </name>
            <name name-style="western">
              <surname>Wickett</surname>
              <given-names>RR</given-names>
            </name>
            <name name-style="western">
              <surname>Boissy</surname>
              <given-names>RE</given-names>
            </name>
          </person-group>
          <article-title>Keratinocytes play a role in regulating distribution patterns of recipient melanosomes <italic>in vitro</italic>.</article-title>
          <source>J Invest Dermatol</source>
          <year>2001</year>
          <volume>117</volume>
          <fpage>341</fpage>
          <lpage>347</lpage>
        </nlm-citation>
      </ref>
      <ref id="pbio-0000027-Murray1">
        <label>16</label>
        <nlm-citation publication-type="journal" xlink:type="simple">
          <person-group>
            <name name-style="western">
              <surname>Murray</surname>
              <given-names>FG</given-names>
            </name>
          </person-group>
          <article-title>Pigmentation, sunlight, and nutritional disease.</article-title>
          <source>Am Anthropologist</source>
          <year>1934</year>
          <volume>36</volume>
          <fpage>438</fpage>
          <lpage>445</lpage>
        </nlm-citation>
      </ref>
      <ref id="pbio-0000027-Newton1">
        <label>17</label>
        <nlm-citation publication-type="journal" xlink:type="simple">
          <person-group>
            <name name-style="western">
              <surname>Newton</surname>
              <given-names>JM</given-names>
            </name>
            <name name-style="western">
              <surname>Cohen-Barak</surname>
              <given-names>O</given-names>
            </name>
            <name name-style="western">
              <surname>Hagiwara</surname>
              <given-names>N</given-names>
            </name>
            <name name-style="western">
              <surname>Gardner</surname>
              <given-names>JM</given-names>
            </name>
            <name name-style="western">
              <surname>Davisson</surname>
              <given-names>MT</given-names>
            </name>
            <etal/>
          </person-group>
          <article-title>Mutations in the human orthologue of the mouse underwhite gene (<italic>uw</italic>) underlie a new form of oculocutaneous albinism, OCA4.</article-title>
          <source>Am J Hum Genet</source>
          <year>2001</year>
          <volume>69</volume>
          <fpage>981</fpage>
          <lpage>988</lpage>
        </nlm-citation>
      </ref>
      <ref id="pbio-0000027-Oetting1">
        <label>18</label>
        <nlm-citation publication-type="journal" xlink:type="simple">
          <person-group>
            <name name-style="western">
              <surname>Oetting</surname>
              <given-names>WS</given-names>
            </name>
            <name name-style="western">
              <surname>King</surname>
              <given-names>RA</given-names>
            </name>
          </person-group>
          <article-title>Molecular basis of albinism: Mutations and polymorphisms of pigmentation genes associated with albinism.</article-title>
          <source>Hum Mutat</source>
          <year>1999</year>
          <volume>13</volume>
          <fpage>99</fpage>
          <lpage>115</lpage>
        </nlm-citation>
      </ref>
      <ref id="pbio-0000027-Orlow1">
        <label>19</label>
        <nlm-citation publication-type="journal" xlink:type="simple">
          <person-group>
            <name name-style="western">
              <surname>Orlow</surname>
              <given-names>SJ</given-names>
            </name>
            <name name-style="western">
              <surname>Brilliant</surname>
              <given-names>MH</given-names>
            </name>
          </person-group>
          <article-title>The pink-eyed dilution locus controls the biogenesis of melanosomes and levels of melanosomal proteins in the eye.</article-title>
          <source>Exp Eye Res</source>
          <year>1999</year>
          <volume>68</volume>
          <fpage>147</fpage>
          <lpage>154</lpage>
        </nlm-citation>
      </ref>
      <ref id="pbio-0000027-Rana1">
        <label>20</label>
        <nlm-citation publication-type="journal" xlink:type="simple">
          <person-group>
            <name name-style="western">
              <surname>Rana</surname>
              <given-names>BK</given-names>
            </name>
            <name name-style="western">
              <surname>Hewett-Emmett</surname>
              <given-names>D</given-names>
            </name>
            <name name-style="western">
              <surname>Jin</surname>
              <given-names>L</given-names>
            </name>
            <name name-style="western">
              <surname>Chang</surname>
              <given-names>BH</given-names>
            </name>
            <name name-style="western">
              <surname>Sambuughin</surname>
              <given-names>N</given-names>
            </name>
            <etal/>
          </person-group>
          <article-title>High polymorphism at the human melanocortin 1 receptor locus.</article-title>
          <source>Genetics</source>
          <year>1999</year>
          <volume>151</volume>
          <fpage>1547</fpage>
          <lpage>1557</lpage>
        </nlm-citation>
      </ref>
      <ref id="pbio-0000027-Rees1">
        <label>21</label>
        <nlm-citation publication-type="journal" xlink:type="simple">
          <person-group>
            <name name-style="western">
              <surname>Rees</surname>
              <given-names>JL</given-names>
            </name>
          </person-group>
          <article-title>The melanocortin 1 receptor (<italic>MC1R</italic>): More than just red hair.</article-title>
          <source>Pigment Cell Res</source>
          <year>2000</year>
          <volume>13</volume>
          <fpage>135</fpage>
          <lpage>140</lpage>
        </nlm-citation>
      </ref>
      <ref id="pbio-0000027-Relethford1">
        <label>22</label>
        <nlm-citation publication-type="journal" xlink:type="simple">
          <person-group>
            <name name-style="western">
              <surname>Relethford</surname>
              <given-names>JH</given-names>
            </name>
          </person-group>
          <article-title>Hemispheric difference in human skin color.</article-title>
          <source>Am J Phys Anthropol</source>
          <year>1997</year>
          <volume>104</volume>
          <fpage>449</fpage>
          <lpage>457</lpage>
        </nlm-citation>
      </ref>
      <ref id="pbio-0000027-Robins1">
        <label>23</label>
        <nlm-citation publication-type="book" xlink:type="simple">
          <person-group person-group-type="editor">
            <name name-style="western">
              <surname>Robins</surname>
              <given-names>AH</given-names>
            </name>
          </person-group>
          <source>Biological perspectives on human pigmentation</source>
          <year>1991</year>
          <publisher-loc>Cambridge</publisher-loc>
          <publisher-name>Cambridge University Press</publisher-name>
          <page-count count="253"/>
        </nlm-citation>
      </ref>
      <ref id="pbio-0000027-Schmitz1">
        <label>24</label>
        <nlm-citation publication-type="journal" xlink:type="simple">
          <person-group>
            <name name-style="western">
              <surname>Schmitz</surname>
              <given-names>S</given-names>
            </name>
            <name name-style="western">
              <surname>Thomas</surname>
              <given-names>PD</given-names>
            </name>
            <name name-style="western">
              <surname>Allen</surname>
              <given-names>TM</given-names>
            </name>
            <name name-style="western">
              <surname>Poznansky</surname>
              <given-names>MJ</given-names>
            </name>
            <name name-style="western">
              <surname>Jimbow</surname>
              <given-names>K</given-names>
            </name>
          </person-group>
          <article-title>Dual role of melanins and melanin precursors as photoprotective and phototoxic agents: Inhibition of ultraviolet radiation-induced lipid peroxidation.</article-title>
          <source>Photochem Photobiol</source>
          <year>1995</year>
          <volume>61</volume>
          <fpage>650</fpage>
          <lpage>655</lpage>
        </nlm-citation>
      </ref>
      <ref id="pbio-0000027-Shriver1">
        <label>25</label>
        <nlm-citation publication-type="journal" xlink:type="simple">
          <person-group>
            <name name-style="western">
              <surname>Shriver</surname>
              <given-names>MD</given-names>
            </name>
            <name name-style="western">
              <surname>Parra</surname>
              <given-names>EJ</given-names>
            </name>
          </person-group>
          <article-title>Comparison of narrow-band reflectance spectroscopy and tristimulus colorimetry for measurements of skin and hair color in persons of different biological ancestry.</article-title>
          <source>Am J Phys Anthropol</source>
          <year>2000</year>
          <volume>112</volume>
          <fpage>17</fpage>
          <lpage>27</lpage>
        </nlm-citation>
      </ref>
      <ref id="pbio-0000027-Sturm1">
        <label>26</label>
        <nlm-citation publication-type="journal" xlink:type="simple">
          <person-group>
            <name name-style="western">
              <surname>Sturm</surname>
              <given-names>RA</given-names>
            </name>
            <name name-style="western">
              <surname>Box</surname>
              <given-names>NF</given-names>
            </name>
            <name name-style="western">
              <surname>Ramsay</surname>
              <given-names>M</given-names>
            </name>
          </person-group>
          <article-title>Human pigmentation genetics: The difference is only skin deep.</article-title>
          <source>Bioessays</source>
          <year>1998</year>
          <volume>20</volume>
          <fpage>712</fpage>
          <lpage>721</lpage>
        </nlm-citation>
      </ref>
      <ref id="pbio-0000027-Szabo1">
        <label>27</label>
        <nlm-citation publication-type="journal" xlink:type="simple">
          <person-group>
            <name name-style="western">
              <surname>Szabo</surname>
              <given-names>G</given-names>
            </name>
            <name name-style="western">
              <surname>Gerald</surname>
              <given-names>AB</given-names>
            </name>
            <name name-style="western">
              <surname>Pathak</surname>
              <given-names>MA</given-names>
            </name>
            <name name-style="western">
              <surname>Fitzpatrick</surname>
              <given-names>TB</given-names>
            </name>
          </person-group>
          <article-title>Racial differences in the fate of melanosomes in human epidermis.</article-title>
          <source>Nature</source>
          <year>1969</year>
          <volume>222</volume>
          <fpage>1081</fpage>
          <lpage>1082</lpage>
        </nlm-citation>
      </ref>
      <ref id="pbio-0000027-Takahashi1">
        <label>28</label>
        <nlm-citation publication-type="journal" xlink:type="simple">
          <person-group>
            <name name-style="western">
              <surname>Takahashi</surname>
              <given-names>T</given-names>
            </name>
            <name name-style="western">
              <surname>Nau</surname>
              <given-names>MM</given-names>
            </name>
            <name name-style="western">
              <surname>Chiba</surname>
              <given-names>I</given-names>
            </name>
            <name name-style="western">
              <surname>Birrer</surname>
              <given-names>MJ</given-names>
            </name>
            <name name-style="western">
              <surname>Rosenberg</surname>
              <given-names>RK</given-names>
            </name>
            <etal/>
          </person-group>
          <article-title>p53: A frequent target for genetic abnormalities in lung cancer.</article-title>
          <source>Science</source>
          <year>1989</year>
          <volume>246</volume>
          <fpage>491</fpage>
          <lpage>494</lpage>
        </nlm-citation>
      </ref>
      <ref id="pbio-0000027-Templeton1">
        <label>29</label>
        <nlm-citation publication-type="journal" xlink:type="simple">
          <person-group>
            <name name-style="western">
              <surname>Templeton</surname>
              <given-names>A</given-names>
            </name>
          </person-group>
          <article-title>Out of Africa again and again.</article-title>
          <source>Nature</source>
          <year>2002</year>
          <volume>416</volume>
          <fpage>45</fpage>
          <lpage>51</lpage>
        </nlm-citation>
      </ref>
      <ref id="pbio-0000027-Toda1">
        <label>30</label>
        <nlm-citation publication-type="journal" xlink:type="simple">
          <person-group>
            <name name-style="western">
              <surname>Toda</surname>
              <given-names>K</given-names>
            </name>
            <name name-style="western">
              <surname>Pathak</surname>
              <given-names>MA</given-names>
            </name>
            <name name-style="western">
              <surname>Parrish</surname>
              <given-names>JA</given-names>
            </name>
            <name name-style="western">
              <surname>Fitzpatrick</surname>
              <given-names>TB</given-names>
            </name>
            <name name-style="western">
              <surname>Quevedo</surname>
              <given-names>WC</given-names>
            </name>
          </person-group>
          <article-title>Alteration of racial differences in melanosome distribution in human epidermis after exposure to ultraviolet light.</article-title>
          <source>Nat New Biol</source>
          <year>1972</year>
          <volume>236</volume>
          <fpage>143</fpage>
          <lpage>145</lpage>
        </nlm-citation>
      </ref>
      <ref id="pbio-0000027-Toyooka1">
        <label>31</label>
        <nlm-citation publication-type="journal" xlink:type="simple">
          <person-group>
            <name name-style="western">
              <surname>Toyooka</surname>
              <given-names>S</given-names>
            </name>
            <name name-style="western">
              <surname>Tsuda</surname>
              <given-names>T</given-names>
            </name>
            <name name-style="western">
              <surname>Gazdar</surname>
              <given-names>AF</given-names>
            </name>
          </person-group>
          <article-title>The <italic>TP53</italic> gene, tobacco exposure, and lung cancer.</article-title>
          <source>Hum Mutat</source>
          <year>2003</year>
          <volume>21</volume>
          <fpage>229</fpage>
          <lpage>239</lpage>
        </nlm-citation>
      </ref>
      <ref id="pbio-0000027-Wagner1">
        <label>32</label>
        <nlm-citation publication-type="journal" xlink:type="simple">
          <person-group>
            <name name-style="western">
              <surname>Wagner</surname>
              <given-names>JK</given-names>
            </name>
            <name name-style="western">
              <surname>Jovel</surname>
              <given-names>C</given-names>
            </name>
            <name name-style="western">
              <surname>Norton</surname>
              <given-names>HL</given-names>
            </name>
            <name name-style="western">
              <surname>Parra</surname>
              <given-names>EJ</given-names>
            </name>
            <name name-style="western">
              <surname>Shriver</surname>
              <given-names>MD</given-names>
            </name>
          </person-group>
          <article-title>Comparing quantitative measures of erythema, pigmentation and skin response using reflectometry.</article-title>
          <source>Pigment Cell Res</source>
          <year>2002</year>
          <volume>15</volume>
          <fpage>379</fpage>
          <lpage>384</lpage>
        </nlm-citation>
      </ref>
      <ref id="pbio-0000027-Wenczl1">
        <label>33</label>
        <nlm-citation publication-type="journal" xlink:type="simple">
          <person-group>
            <name name-style="western">
              <surname>Wenczl</surname>
              <given-names>E</given-names>
            </name>
            <name name-style="western">
              <surname>van der Schans</surname>
              <given-names>GP</given-names>
            </name>
            <name name-style="western">
              <surname>Roza</surname>
              <given-names>L</given-names>
            </name>
            <name name-style="western">
              <surname>Kolb</surname>
              <given-names>RM</given-names>
            </name>
            <name name-style="western">
              <surname>Timmerman</surname>
              <given-names>AJ</given-names>
            </name>
            <etal/>
          </person-group>
          <article-title>(Pheo)melanin photosensitizes UVA-induced DNA damage in cultured human melanocytes.</article-title>
          <source>J Invest Dermatol</source>
          <year>1998</year>
          <volume>111</volume>
          <fpage>678</fpage>
          <lpage>682</lpage>
        </nlm-citation>
      </ref>
    </ref-list>
  </back>
</article>