<?xml version="1.0" encoding="UTF-8"?>
<!DOCTYPE article
  PUBLIC "-//NLM//DTD Journal Publishing DTD v3.0 20080202//EN" "http://dtd.nlm.nih.gov/publishing/3.0/journalpublishing3.dtd">
<article xmlns:mml="http://www.w3.org/1998/Math/MathML" xmlns:xlink="http://www.w3.org/1999/xlink" article-type="article-commentary" dtd-version="3.0" xml:lang="EN">
  <front>
    <journal-meta><journal-id journal-id-type="publisher-id">plos</journal-id><journal-id journal-id-type="publisher">pmed</journal-id><journal-id journal-id-type="nlm-ta">PLoS Med</journal-id><journal-id journal-id-type="pmc">plosmed</journal-id><!--===== Grouping journal title elements =====--><journal-title-group><journal-title>PLoS Medicine</journal-title></journal-title-group><issn pub-type="ppub">1549-1277</issn><issn pub-type="epub">1549-1676</issn><publisher>
        <publisher-name>Public Library of Science</publisher-name>
        <publisher-loc>San Francisco, USA</publisher-loc>
      </publisher></journal-meta>
    <article-meta><article-id pub-id-type="doi">10.1371/journal.pmed.0030111</article-id><article-categories>
        <subj-group subj-group-type="heading">
          <subject>Perspective</subject>
        </subj-group>
        <subj-group subj-group-type="Discipline">
          <subject>Infectious Diseases</subject>
          <subject>Pharmacology</subject>
          <subject>Public Health and Epidemiology</subject>
          <subject>Non-Clinical Medicine/Health Policy</subject>
          <subject>Microbiology/Parasitology</subject>
        </subj-group>
        <subj-group subj-group-type="System Taxonomy">
          <subject>Malaria</subject>
          <subject>Infectious Diseases</subject>
          <subject>Medicine in Developing Countries</subject>
          <subject>Drugs and adverse drug reactions</subject>
          <subject>Public Health</subject>
        </subj-group>
      </article-categories><title-group><article-title>Modelling Malaria Control</article-title><alt-title alt-title-type="running-head">Perspectives</alt-title></title-group><contrib-group>
        <contrib contrib-type="author" xlink:type="simple">
          <name name-style="western">
            <surname>White</surname>
            <given-names>Nicholas J</given-names>
          </name>
        </contrib>
      </contrib-group><author-notes>
        <fn fn-type="current-aff" id="n2">
          <p>Nicholas J. White is at the Faculty of Tropical Medicine, Mahidol University, Bangkok, Thailand, and the Centre for Clinical Vaccinology and Tropical Medicine, Churchill Hospital, Oxford, United Kingdom. E-mail: 
						<email xlink:type="simple">nickw@tropmedres.ac</email>
					</p>
        </fn>
      <fn fn-type="conflict" id="n1">
        <p>
						 The author is on the editorial board of 
						<italic>PLoS Medicine</italic>.
					</p>
      </fn></author-notes><pub-date pub-type="ppub">
        <month>5</month>
        <year>2006</year>
      </pub-date><pub-date pub-type="epub">
        <day>4</day>
        <month>4</month>
        <year>2006</year>
      </pub-date><volume>3</volume><issue>5</issue><elocation-id>e111</elocation-id><!--===== Grouping copyright info into permissions =====--><permissions><copyright-year>2006</copyright-year><copyright-holder>Nicholas J. White</copyright-holder><license><license-p>This is an open-access article distributed under the terms of the Creative Commons Attribution License, which permits unrestricted use, distribution, and reproduction in any medium, provided the original author and source are credited.</license-p></license></permissions><related-article page="e141" related-article-type="companion" vol="3" xlink:href="info:doi/10.1371/journal.pmed.0030141" xlink:title="research article" xlink:type="simple">
				<article-title>Potential impact of intermittent preventive treatment (IPT) on spread of drug resistant malaria</article-title>
			</related-article><abstract abstract-type="toc">
        <p>White discusses a new study that models the impact of deploying intermittent presumptive treatment of malaria upon the spread of drug resistance.</p>
      </abstract><funding-group><funding-statement>
					The author received no specific funding for this article.
				</funding-statement></funding-group></article-meta>
  </front>
  <body>
    <sec id="s1">
      <title/>
      <p>In the past ten years, the rich world has begun to get serious about tackling the diseases that predominantly affect poor people, diseases that impose an enormous humanitarian and economic burden upon those least able to bear it. Infections comprise the majority of this burden, and three have been singled out for particular attention: HIV/AIDS, tuberculosis, and malaria. Of these, malaria is probably the easiest to attack. But how should we attack it?</p>
    </sec>
    <sec id="s2">
      <title>Strategies for Malaria Control</title>
      <p>Traditionally, we have relied on vector control (killing anopheline mosquitoes) and drug treatment of malaria episodes, and this combined approach has proved remarkably effective in many settings. Malaria is no longer a problem in most of China, Russia, Europe, and North America. But attempts at global eradication foundered in the tropics in the 1960s [<xref ref-type="bibr" rid="pmed-0030111-b1">1</xref>], and we have been reluctant to try again.
			</p>
      <p>Waiting for a malaria vaccine has provided one excuse for treading water, but whilst we have waited, malaria morbidity and mortality have worsened [<xref ref-type="bibr" rid="pmed-0030111-b2">2</xref>]. Resistance to the widely available and inexpensive chloroquine and sulphadoxine-pyrimethamine (SP) has been the main culprit [<xref ref-type="bibr" rid="pmed-0030111-b3">3</xref>]. Doing nothing is not an option. Fortunately, we do now have malaria control interventions that work: effective insecticides, insecticide-impregnated materials (particularly bed nets), and highly effective drugs. And there is increasing political will to direct international donor assistance to malaria control.
			</p>
    </sec>
    <sec id="s3">
      <title>How Should Donor Funds Be Spent?</title>
      <p>So how should we use the increasing funds available for purchasing malaria control tools to best effect? In particular, how can we prevent or at least delay losing the new antimalarial drugs to resistance? If we are to roll back malaria, we will certainly need to deploy highly effective antimalarial drugs on a much wider scale than we do now.</p>
      <p>There are some areas of broad agreement, many of which apply more generally to infectious disease treatments. Inadequate dosing must be avoided, fixed combinations of drugs (as used in the treatment of tuberculosis and HIV/AIDS) should become the norm, and unnecessary overuse should be minimised. When large numbers of malaria parasites are exposed to antimalarial drugs, then spontaneously arising mutants with point mutations or gene amplifications that confer reduced drug susceptibility may be selected. This selective pressure is inevitable when slowly eliminated drugs are deployed on a large scale in malaria-endemic areas.</p>
      <p>
				<disp-quote><p>How can we prevent or at least delay losing the new antimalarial drugs to resistance?</p></disp-quote>
			</p>
      <p>Resistance has developed to all currently available classes of antimalarial drugs, with the important exception of the artemisinin compounds. Mass treatment and large-scale prophylaxis with antimalarial drugs (mainly chloroquine, pyrimethamine, and piperaquine) has been associated with the emergence of resistance. Chemoprophylaxis is now recommended only for travellers and for women in pregnancy, although the only drugs considered safe enough for continuous use in pregnancy (chloroquine and proguanil) are now largely ineffective against falciparum malaria.</p>
    </sec>
    <sec id="s4">
      <title>An Alternative Strategy: Intermittent Presumptive Therapy</title>
      <p>An alternative control strategy that has proved effective in reducing the adverse effects of malaria in pregnancy and infancy is to give full treatment doses at intervals [<xref ref-type="bibr" rid="pmed-0030111-b4">4</xref>]. This intermittent presumptive treatment (IPT) has been evaluated mainly in areas of high stable transmission, and mainly with SP (and mainly at a time when SP was a lot more effective than it is today). IPT currently involves administering treatment doses in the second and third trimesters of pregnancy, or together with routine childhood immunisations (the Expanded Programme of Immunisation) at two, three, and nine months of age. To date, IPT deployment is limited and is largely confined to SP or amodiaquine as monotherapies, but deployment is likely to increase considerably. However, such extensive deployment of antimalarials to healthy pregnant women and infants would provide a selection pressure to the emergence of drug resistance. It might jeopardise the valuable new drugs now being introduced as treatments. As we cannot measure selection pressure directly, and as a complex mix of interacting factors determine the epidemiology of malaria and antimalarial drug resistance, we must resort to predictive modelling as a guide to possible future outcomes.
			</p>
      <p>Wendy Prudhomme O'Meara and colleagues provide us with such a modelling exercise in a new study in 
				<italic>PLoS Medicine</italic> [<xref ref-type="bibr" rid="pmed-0030111-b5">5</xref>]. Their study is a comprehensive one, and it is sophisticated by comparison with earlier modelling exercises in this field. Their model incorporates immunity, transmission intensity, and pharmacokinetic properties of the drugs. Using a simplified binary classification of resistance, they predict that “partially resistant” parasites are more likely to arise in low-transmission areas, but “fully resistant” parasites are more likely to spread under conditions of high transmission. The model predicts that deployment of intermittent preventive treatment in infants could accelerate the spread of resistant parasites, but that this effect would be significant only in areas of low or unstable transmission (where IPT has yet to be deployed). The authors recommend that drugs to which little or no resistance exists should not be used for IPT in high-transmission areas (otherwise, they might be lost prematurely), but that use of IPT in infants is not likely to affect the spread of highly resistant parasites significantly in areas where partial resistance is already established.
			</p>
    </sec>
    <sec id="s5">
      <title>Implications of the New Model</title>
      <p>Wendy Prudhomme O'Meara and colleagues' conclusions are generally reassuring. But are they right? More importantly, should we act on the basis of these predictions? For example, should policymakers not deploy new antimalarial drugs, to which resistance has not yet developed (that is, assuming they are safe and effective), for IPT—as recommended by the authors?</p>
      <p>The problem with malaria models, even one as advanced and comprehensive as this new model, is that they are still a vast oversimplification of a very complex system. The characterisations of immunity, population antimalarial pharmacokinetics and pharmacodynamics, and the epidemiology of malaria transmission in current models are all insufficient. In addition, geographical, behavioural, and biological heterogeneities are not accounted for adequately. Modellers should be encouraged to describe clearly the limitations of their predictions (based on equations that most general readers studiously avoid attempting to digest). We really do not know whether the results of sensitivity analyses and the conclusions based on these simplifications can be extrapolated to the “real world”. In this particular case, we are not even very sure how IPT “works”.</p>
      <p>So we should treat the results of such well-conducted modelling exercises with caution, but we should not ignore them either, as they provide us with valuable direction in research and identify areas of potential concern. In this case, the new model provides an important contribution to a difficult debate that has yet to provide a clear consensus: how and where should IPT be used, and what drugs should be used for it? The modellers need better data to refine their models and to make them more likely to produce realistic results. The debate will go on. Meanwhile, we should not delay in implementing other malaria control measures of proven effectiveness—including deployment of highly efficacious antimalarial combination drug treatment for symptomatic malaria in all malaria-endemic areas.</p>
    </sec>
  </body>
  <back>
    <ref-list>
      <title>References</title>
      <ref id="pmed-0030111-b1">
        <label>1</label>
        <nlm-citation publication-type="book" xlink:type="simple">
          <person-group person-group-type="author">
            <name name-style="western">
              <surname>Bruce-Chwatt</surname>
              <given-names>LJ</given-names>
            </name>
          </person-group>
          <person-group person-group-type="editor">
            <name name-style="western">
              <surname>McGregor</surname>
              <given-names>IA</given-names>
            </name>
            <name name-style="western">
              <surname>Wernsdorfer</surname>
              <given-names>W</given-names>
            </name>
          </person-group>
          <source>History of malaria from pre-history to eradication</source>
          <year>1988</year>
          <publisher-loc>Edinburgh</publisher-loc>
          <publisher-name>Churchill Livingstone</publisher-name>
          <fpage>1</fpage>
          <lpage>59</lpage>
          <comment>Principles and practice of malariology</comment>
        </nlm-citation>
      </ref>
      <ref id="pmed-0030111-b2">
        <label>2</label>
        <nlm-citation publication-type="journal" xlink:type="simple">
          <person-group person-group-type="author">
            <name name-style="western">
              <surname>Yamey</surname>
              <given-names>G</given-names>
            </name>
          </person-group>
          <article-title>Roll Back Malaria: A failing global health campaign.</article-title>
          <source>BMJ</source>
          <year>2004</year>
          <volume>328</volume>
          <fpage>1086</fpage>
          <lpage>1087</lpage>
        </nlm-citation>
      </ref>
      <ref id="pmed-0030111-b3">
        <label>3</label>
        <nlm-citation publication-type="journal" xlink:type="simple">
          <person-group person-group-type="author">
            <name name-style="western">
              <surname>White</surname>
              <given-names>NJ</given-names>
            </name>
            <name name-style="western">
              <surname>Nosten</surname>
              <given-names>F</given-names>
            </name>
            <name name-style="western">
              <surname>Looareesuwan</surname>
              <given-names>S</given-names>
            </name>
            <name name-style="western">
              <surname>Watkins</surname>
              <given-names>WM</given-names>
            </name>
            <name name-style="western">
              <surname>Marsh</surname>
              <given-names>K</given-names>
            </name>
            <etal/>
          </person-group>
          <article-title>Averting a malaria disaster.</article-title>
          <source>Lancet</source>
          <year>1999</year>
          <volume>353</volume>
          <fpage>1965</fpage>
          <lpage>1967</lpage>
        </nlm-citation>
      </ref>
      <ref id="pmed-0030111-b4">
        <label>4</label>
        <nlm-citation publication-type="journal" xlink:type="simple">
          <person-group person-group-type="author">
            <name name-style="western">
              <surname>White</surname>
              <given-names>NJ</given-names>
            </name>
          </person-group>
          <article-title>Intermittent presumptive treatment for malaria.</article-title>
          <source>PLoS Med</source>
          <year>2005</year>
          <volume>2</volume>
          <fpage>e3</fpage>
          <comment>doi: <ext-link ext-link-type="doi" xlink:href="http://dx.doi.org/10.1371/journal.pmed.0020003" xlink:type="simple">10.1371/journal.pmed.0020003</ext-link></comment>
        </nlm-citation>
      </ref>
      <ref id="pmed-0030111-b5">
        <label>5</label>
        <nlm-citation publication-type="journal" xlink:type="simple">
          <person-group person-group-type="author">
            <name name-style="western">
              <surname>Prudhomme O'Meara</surname>
              <given-names>W</given-names>
            </name>
            <name name-style="western">
              <surname>Smith</surname>
              <given-names>DL</given-names>
            </name>
            <name name-style="western">
              <surname>McKenzie</surname>
              <given-names>FE</given-names>
            </name>
          </person-group>
          <article-title>Potential impact of intermittent preventive treatment (IPT) on spread of drug-resistant malaria.</article-title>
          <source>PLoS Med</source>
          <year>2006</year>
          <volume>3</volume>
          <fpage>e141</fpage>
          <comment>doi: <ext-link ext-link-type="doi" xlink:href="http://dx.doi.org/10.1371/journal.pmed.0030141" xlink:type="simple">10.1371/journal.pmed.0030141</ext-link></comment>
        </nlm-citation>
      </ref>
    </ref-list>
    <glossary>
      <title>Abbreviations</title>
      <def-list>
        <def-item>
          <term>IPT</term>
          <def>
            <p>intermittent presumptive treatment</p>
          </def>
        </def-item>
        <def-item>
          <term>SP</term>
          <def>
            <p>sulphadoxine-pyrimethamine</p>
          </def>
        </def-item>
      </def-list>
    </glossary>
    
  </back>
</article>