<?xml version="1.0" encoding="UTF-8"?>
<!DOCTYPE article
  PUBLIC "-//NLM//DTD Journal Publishing DTD v3.0 20080202//EN" "http://dtd.nlm.nih.gov/publishing/3.0/journalpublishing3.dtd">
<article xmlns:mml="http://www.w3.org/1998/Math/MathML" xmlns:xlink="http://www.w3.org/1999/xlink" article-type="discussion" dtd-version="3.0" xml:lang="EN">
  <front>
    <journal-meta><journal-id journal-id-type="publisher-id">plos</journal-id><journal-id journal-id-type="publisher">pmed</journal-id><journal-id journal-id-type="nlm-ta">PLoS Med</journal-id><journal-id journal-id-type="pmc">plosmed</journal-id><!--===== Grouping journal title elements =====--><journal-title-group><journal-title>PLoS Medicine</journal-title></journal-title-group><issn pub-type="ppub">1549-1277</issn><issn pub-type="epub">1549-1676</issn><publisher>
        <publisher-name>Public Library of Science</publisher-name>
        <publisher-loc>San Francisco, USA</publisher-loc>
      </publisher></journal-meta>
    <article-meta><article-id pub-id-type="doi">10.1371/journal.pmed.0030082</article-id><article-categories>
        <subj-group subj-group-type="heading">
          <subject>Health in Action</subject>
        </subj-group>
        <subj-group subj-group-type="Discipline">
          <subject>Critical Care and Emergency Medicine</subject>
          <subject>Non-Clinical Medicine/Health Policy</subject>
          <subject>Radiology and Medical Imaging</subject>
          <subject>Non-Clinical Medicine/Medical Informatics</subject>
          <subject>Public Health and Epidemiology</subject>
        </subj-group>
        <subj-group subj-group-type="System Taxonomy">
          <subject>Medicine in Developing Countries</subject>
          <subject>Health Services Administration/Management</subject>
          <subject>Medical Informatics</subject>
          <subject>Medical Imaging</subject>
          <subject>Radiological diagnosis</subject>
        </subj-group>
      </article-categories><title-group><article-title>Telemedicine in Rural India</article-title><alt-title alt-title-type="running-head">Health in Action</alt-title></title-group><contrib-group>
        <contrib contrib-type="author" xlink:type="simple">
          <name name-style="western">
            <surname>Bagchi</surname>
            <given-names>Sanjit</given-names>
          </name>
        </contrib>
      </contrib-group><author-notes>
        <fn fn-type="current-aff" id="n1">
          <p>Sanjit Bagchi is a medical practitioner and medical journalist based in Calcutta, India. E-mail: 
						<email xlink:type="simple">drsanjitbagchi@yahoo.co.in</email>
					</p>
        </fn>
      <fn fn-type="conflict" id="n2">
        <p>
						 The author declares that he has no competing interests.
					</p>
      </fn></author-notes><pub-date pub-type="ppub">
        <month>3</month>
        <year>2006</year>
      </pub-date><pub-date pub-type="epub">
        <day>7</day>
        <month>3</month>
        <year>2006</year>
      </pub-date><volume>3</volume><issue>3</issue><elocation-id>e82</elocation-id><!--===== Grouping copyright info into permissions =====--><permissions><copyright-year>2006</copyright-year><copyright-holder>Sanjit Bagchi</copyright-holder><license><license-p>This is an open-access article distributed under the terms of the Creative Commons Attribution License, which permits unrestricted use, distribution, and reproduction in any medium, provided the original author and source are credited.</license-p></license></permissions><abstract abstract-type="toc">
        <p>Although nearly 75% of Indians live in rural villages, more than 75% of Indian doctors are based in cities. Might telemedicine be a cheap and fast way to bridge the rural-urban health divide?</p>
      </abstract></article-meta>
  </front>
  <body>
    <sec id="s1">
      <title/>
      <p>In a developing country such as India, there is huge inequality in health-care distribution. Although nearly 75% of Indians live in rural villages, more than 75% of Indian doctors are based in cities [<xref ref-type="bibr" rid="pmed-0030082-b1">1</xref>]. Most of the 620 million rural Indians lack access to basic health care facilities [<xref ref-type="bibr" rid="pmed-0030082-b2">2</xref>]. The Indian government spends just 0.9% of the country's annual gross domestic product on health, and little of this spending reaches remote rural areas [<xref ref-type="bibr" rid="pmed-0030082-b3">3</xref>]. The poor infrastructure of rural health centers makes it impossible to retain doctors in villages, who feel that they become professionally isolated and outdated if stationed in remote areas.
			</p>
      <p>In addition, poor Indian villagers spend most of their out-of-pocket health expenses on travel to the specialty hospitals in the city and for staying in the city along with their escorts [<xref ref-type="bibr" rid="pmed-0030082-b4">4</xref>]. A recent study conducted by the Indian Institute of Public Opinion found that 89% of rural Indian patients have to travel about 8 km to access basic medical treatment, and the rest have to travel even farther [<xref ref-type="bibr" rid="pmed-0030082-b5">5</xref>].
			</p>
    </sec>
    <sec id="s2">
      <title>Can Telemedicine Bridge the Divide?</title>
      <p>Telemedicine may turn out to be the cheapest, as well as the fastest, way to bridge the rural–urban health divide. Taking into account India's huge strides in the field of information and communication technology, telemedicine could help to bring specialized healthcare to the remotest corners of the country [<xref ref-type="bibr" rid="pmed-0030082-b6">6</xref>,
				<xref ref-type="bibr" rid="pmed-0030082-b7">7</xref>].
			</p>
      <p>The efficacy of telemedicine has already been shown through the network established by the Indian Space Research Organization (ISRO), which has connected 22 super-specialty hospitals with 78 rural and remote hospitals across the country through its geo-stationary satellites. This network has enabled thousands of patients in remote places such as Jammu and Kashmir, Andaman and Nicobar Islands, the Lakshadweep Islands, and tribal areas of the central and northeastern regions of India to gain access to consultations with experts in super-specialty medical institutions [<xref ref-type="bibr" rid="pmed-0030082-b8">8</xref>]. ISRO has also provided connectivity for mobile telemedicine units in villages, particularly in the areas of community health and ophthalmology [<xref ref-type="bibr" rid="pmed-0030082-b9">9</xref>]. 
				<xref ref-type="fig" rid="pmed-0030082-g001"/>
			</p>
      <fig id="pmed-0030082-g001" position="float">
        <object-id pub-id-type="doi">10.1371/journal.pmed.0030082.g001</object-id>
        <caption>
          <title>A telemedicine program in action at the Apollo Gleneagles Hospital, Kolkata, India</title>
          <p>(Photo: Nilmoni Debnath/Apollo Gleneagles Hospital)</p>
        </caption>
        <graphic mimetype="image" position="float" xlink:href="info:doi/10.1371/journal.pmed.0030082.g001" xlink:type="simple"/>
      </fig>
      <p>This encouraging early success in reaching patients—together with recent technological advances in India, such as the proliferation of fiber optic cables, the expanding bandwidth, and the licensing of private Internet service providers—has encouraged ISRO to set up an exclusive satellite, called HealthSAT, to bring telemedicine to the poor on a larger scale. The proposed satellite would not only serve remote areas of India but also those in other poor countries in Asia and Africa. In the government of India's current budget, INR102.8 billion has been allocated for health [<xref ref-type="bibr" rid="pmed-0030082-b10">10</xref>]. HealthSAT is expected to cost only about 1% of this budget, that is, between INR600 million to INR1 billion. Each receiving terminal (where patients and rural doctors are present for audiovisual conferences) in the villages is expected to cost only about INR0.5 million [<xref ref-type="bibr" rid="pmed-0030082-b11">11</xref>]. This telemedicine service will save some costs, for example the money that patients would have spent on travel and accommodation.
			</p>
      <p>A telemedicine system in a small health centre consists of a personal computer with customized medical software connected to a few medical diagnostic instruments, such as an ECG or X-ray machine or an X-ray scanner for scanning X-ray photos [<xref ref-type="bibr" rid="pmed-0030082-b12">12</xref>]. Through this computer, digitized versions of patients' medical images and diagnostic details (such as X-ray images and blood test reports) are dispatched to specialist doctors through the satellite-based communication link. The information, in turn, is received at the specialist centre where experienced doctors examine the reports, diagnose, interact with the patients (along with local doctors), and suggest appropriate treatment through video-conferencing. The entire system is relatively user-friendly, and only a short period of training is needed for doctors at super-specialty centres and rural health centres to handle the system. And hospital technicians can take care of the operation and maintenance of the equipment.
			</p>
      <p>M. N. Sathyanarayan, Executive Director of Space Industries Development, and organising secretary of the 2005 International Telemedicine Conference, said: “In the pilot phase of the telemedicine project, ISRO is providing telemedicine equipment as well as making available the required bandwidth on INSAT satellites. The main criteria for funding by ISRO are that the hospitals have to be government-run—state or central—or belong to public sector industries. The hospitals have to provide infrastructure as well as doctors and technicians for operating the system.”</p>
      <p>“ISRO also provides the equipment and bandwidth to private specialty hospitals and hospitals run by Trusts, if these hospitals provide free service, including specialty consultation to rural hospitals that have been connected in the telemedicine network of ISRO. These hospitals have to provide follow-up treatment to teleconsulted patients at government rates.”</p>
      <p>In its telemedicine initiative, ISRO intends to connect different types of Indian health care centers in a series of phases. L. S. Sathyamurthy, Programme Director of Telemedicine at ISRO said: “There are 650 district hospitals, 3,000 taluk [subdistrict] hospitals, and more than 23,000 primary health centers in the country. We must aim to connect all these in phases—first the district hospital connected to speciality hospitals in major cities, then the taluk-level hospitals, and finally the primary health centers, so that nobody, irrespective of his location, is deprived of lifesaving specialty consultation.” When the network grows, it may even include private hospitals as well as hospitals in Asia and Africa. Although the network will initially be used for teleconsultation and postoperative consultation, in the future it may accommodate even telesurgery and telerobotics.</p>
    </sec>
    <sec id="s3">
      <title>The Impact So Far</title>
      <p>Starting with pilot projects in the year 2001, together with a “proof-of-concept” technology demonstration, ISRO has established the facility in nearly 60 remote hospitals, which have been connected with 20 super-specialty city hospitals. [<xref ref-type="bibr" rid="pmed-0030082-b13">13</xref>]. A report presented at the Rajya Sabha (the House of States, or Upper House) of the Parliament of India suggested that the initial results of India's telemedicine initiative are encouraging [<xref ref-type="bibr" rid="pmed-0030082-b14">14</xref>]. The report states that several telemedicine projects in India have been successfully interlinked—for example, the Andaman and Nicobar Islands telemedicine project links the G. B. Pant Hospital at Port Blair with Shri Ramachandra Medical College and Research Institute, Chennai, while in Karnataka, Narayana Hrudayalaya is connected to District Hospital, Chamarajnagar and Vivekananda Memorial Hospital, Saragur.
			</p>
      <p>Adding to these early reports of successful linkage, there are also reports that telemedicine has helped to save lives in crowded pilgrimage centres and military outposts connected with mobile telemedicine units. For example, the Amrita Telemedicine Programme reports that on 13 January 2003, the programme's first remote telesurgery procedure was performed [<xref ref-type="bibr" rid="pmed-0030082-b15">15</xref>]. The Amrita Emergency Care Unit at Pampa was able to save the life of a pilgrim by a telesurgical procedure using the local telemedicine facility. The cardiothoracic surgeon guided the procedure remotely, and the pediatric cardiologist at Pampa performed the procedure. Mobile telemedicine units were also rushed to the coasts and islands of India after the 2004 tsunami to provide medical consultation and relief to the affected people [<xref ref-type="bibr" rid="pmed-0030082-b16">16</xref>].
			</p>
      <p>There are other indications that the telemedicine initiative may have had a positive impact. ISRO's annual report for 2004–2005 states: “More than 25,000 patients have so far been provided with teleconsultation and treatment. An impact study conducted on a thousand patients has revealed that there is a significant cost saving in the system since the patients avoid expenses towards travel, stay, and for treatment at the hospitals in the cities” [<xref ref-type="bibr" rid="pmed-0030082-b8">8</xref>]. Dr. Devi Shetty, a cardiac surgeon and the Chairman of Narayan Hrudayalya, a hospital that has served thousands through telemedicine, said: “We have treated 17,400 patients using telemedicine connectivity in various parts of India, mainly from rural India, and [a] few patients from outside India. We use both satellite as well as ISDN connectivity. Now, with the Indian Space Research Organisation, which is our associate in this project giving us the satellite connection free of cost, we have a [larger] game plan of offering health care to African and other Asian countries.”
			</p>
    </sec>
    <sec id="s4">
      <title>The Challenges and Controversies</title>
      <p>The telemedicine initiative in India has not been free of challenges and controversies. “There are inevitable difficulties associated with the introduction of new systems and technologies,” according to Sathyamurthy. “There are some who needlessly fear that they will lose their jobs. Although the systems are user-friendly, there are others who are affected by the fear of the unknown in handling computers and other equipment. There is a feeling that the initial investment is high and hence financially not viable.” In addition, there may be technical hitches, such as low bandwidth and lack of interoperability standards for software.</p>
      <p>Discussing HealthSAT, Dr. D. Lavanian, an Indian expert in telemedicine affiliated with the Apollo Telemedicine Networking Foundation, Apollo Hospitals, Hyderabad, India, said: “[HealthSAT] is excellent, but some questions remain. Presently HealthSAT connectivity is expected to be given free of charge to certain government entities. This is unsatisfactory as a large percentage of health care in India is by private entities.” Dr. Lavanian added: “On my requesting to ISRO to open up the same to the private health industry, of course for a fee, I have not received any positive answer. This means that a large percentage of the population of India will be denied healthcare via telemedicine.”</p>
      <p>These difficulties can probably be surmounted. In the late 1980s, when computers came to India, similar kinds of problems were seen in different parts of the country. That is, people showed technophobia and expressed their fears that computers would cause unemployment and would also be prohibitively expensive. But the country overcame these challenges and fears, and eventually became a superpower in the field of knowledge and information technology [<xref ref-type="bibr" rid="pmed-0030082-b17">17</xref>].
			</p>
    </sec>
    <sec id="s5">
      <title>Conclusion</title>
      <p>With the aid of HealthSAT, India's telemedicine initiative has the potential to provide specialized health care to millions of poor Indians. This potential was well summed up by Dr. Devi Shetty: “In terms of disease management, there is [a] 99% possibility that the person who is unwell does not require [an] operation. If you don't operate you don't need to touch the patient. And if you don't need to touch the patient, you don't need to be there. You can be anywhere, since the decision on healthcare management is based on history and interpretation of images and chemistry … so technically speaking, 99% of health-care problems can be managed by the doctors staying at a remote place—linked by telemedicine.”</p>
    </sec>
  </body>
  <back>
    <ref-list>
      <title>References</title>
      <ref id="pmed-0030082-b1">
        <label>1</label>
        <nlm-citation publication-type="journal" xlink:type="simple">
          <collab xlink:type="simple">Agence-France Presse</collab>
          <article-title>India to launch satellite exclusively for telemedicine.</article-title>
          <year>2005 March 17</year>
          <comment>Available: 
							<ext-link ext-link-type="uri" xlink:href="http://servesrilanka.blogspot.com/2005/03/india-to-launch-satellite-exclusively.html" xlink:type="simple">http://servesrilanka.blogspot.com/2005/03/india-to-launch-satellite-exclusively.html</ext-link>. Accessed 27 January 2006</comment>
        </nlm-citation>
      </ref>
      <ref id="pmed-0030082-b2">
        <label>2</label>
        <nlm-citation publication-type="journal" xlink:type="simple">
          <person-group person-group-type="author">
            <name name-style="western">
              <surname>Krishnakumar</surname>
              <given-names>A</given-names>
            </name>
          </person-group>
          <article-title>Healing by wire.</article-title>
          <year>2003 January 18–31</year>
          <comment>Frontline. Available: 
							<ext-link ext-link-type="uri" xlink:href="http://www.hinduonnet.com/thehindu/thscrip/print.pl?file=20030117007309400.htm&amp;date=fl2001/&amp;prd=fline&amp;" xlink:type="simple">http://www.hinduonnet.com/thehindu/thscrip/print.pl?file=20030117007309400.htm&amp;date=fl2001/&amp;prd=fline&amp;</ext-link>. Accessed 27 January 2006
						</comment>
        </nlm-citation>
      </ref>
      <ref id="pmed-0030082-b3">
        <label>3</label>
        <nlm-citation publication-type="journal" xlink:type="simple">
          <person-group person-group-type="author">
            <name name-style="western">
              <surname>Rajalakshmi</surname>
              <given-names>TK</given-names>
            </name>
          </person-group>
          <article-title>India confronts AIDS.</article-title>
          <year>2004 December</year>
          <comment>Multinational Monitor. Available: 
							<ext-link ext-link-type="uri" xlink:href="http://multinationalmonitor.org/mm2004/122004/front.html" xlink:type="simple">http://multinationalmonitor.org/mm2004/122004/front.html</ext-link>. Accessed 26 January 2006</comment>
        </nlm-citation>
      </ref>
      <ref id="pmed-0030082-b4">
        <label>4</label>
        <nlm-citation publication-type="journal" xlink:type="simple">
          <person-group person-group-type="author">
            <name name-style="western">
              <surname>Sharma</surname>
              <given-names>DC</given-names>
            </name>
          </person-group>
          <article-title>Remote Indian villages to benefit from telemedicine project.</article-title>
          <source>Lancet</source>
          <year>2000</year>
          <volume>355</volume>
          <fpage>1529</fpage>
          <comment>Available: 
							<ext-link ext-link-type="uri" xlink:href="http://www.thelancet.com/journals/lancet/article/PIIS0140673605745931/fulltext" xlink:type="simple">http://www.thelancet.com/journals/lancet/article/PIIS0140673605745931/fulltext</ext-link>. Accessed 22 June 2005</comment>
        </nlm-citation>
      </ref>
      <ref id="pmed-0030082-b5">
        <label>5</label>
        <nlm-citation publication-type="journal" xlink:type="simple">
          <person-group person-group-type="author">
            <name name-style="western">
              <surname>Rao</surname>
              <given-names>R</given-names>
            </name>
          </person-group>
          <article-title>Taking health care to rural areas.</article-title>
          <year>2005 May</year>
          <comment>i4d. Available: 
							<ext-link ext-link-type="uri" xlink:href="http://www.i4donline.net/May05/satellitetech.asp" xlink:type="simple">http://www.i4donline.net/May05/satellitetech.asp</ext-link>. Accessed 26 January 2006</comment>
        </nlm-citation>
      </ref>
      <ref id="pmed-0030082-b6">
        <label>6</label>
        <nlm-citation publication-type="journal" xlink:type="simple">
          <person-group person-group-type="author">
            <name name-style="western">
              <surname>Ganapathy</surname>
              <given-names>K</given-names>
            </name>
          </person-group>
          <article-title>Telemedicine in the Indian context: An overview.</article-title>
          <source>Stud Health Technol Inform</source>
          <year>2004</year>
          <volume>104</volume>
          <fpage>178</fpage>
          <lpage>181</lpage>
        </nlm-citation>
      </ref>
      <ref id="pmed-0030082-b7">
        <label>7</label>
        <nlm-citation publication-type="journal" xlink:type="simple">
          <person-group person-group-type="author">
            <name name-style="western">
              <surname>Pal</surname>
              <given-names>A</given-names>
            </name>
            <name name-style="western">
              <surname>Mbarika</surname>
              <given-names>VW</given-names>
            </name>
            <name name-style="western">
              <surname>Cobb-Payton</surname>
              <given-names>F</given-names>
            </name>
            <name name-style="western">
              <surname>Datta</surname>
              <given-names>P</given-names>
            </name>
            <name name-style="western">
              <surname>McCoy</surname>
              <given-names>S</given-names>
            </name>
          </person-group>
          <article-title>Telemedicine diffusion in a developing country: The case of India.</article-title>
          <source>IEEE Trans Inf Technol Biomed</source>
          <year>2005</year>
          <volume>9</volume>
          <fpage>59</fpage>
          <lpage>65</lpage>
        </nlm-citation>
      </ref>
      <ref id="pmed-0030082-b8">
        <label>8</label>
        <nlm-citation publication-type="journal" xlink:type="simple">
          <collab xlink:type="simple">Indian Space Research Organisation</collab>
          <article-title>ISRO Annual Report 2004–2005: Space Applications.</article-title>
          <year>2005</year>
          <comment>Available: 
							<ext-link ext-link-type="uri" xlink:href="http://www.isro.org/rep2005/SpaceApplications.htm" xlink:type="simple">http://www.isro.org/rep2005/SpaceApplications.htm</ext-link>. Accessed 27 January 2006
						</comment>
        </nlm-citation>
      </ref>
      <ref id="pmed-0030082-b9">
        <label>9</label>
        <nlm-citation publication-type="journal" xlink:type="simple">
          <collab xlink:type="simple">The Hindu</collab>
          <article-title>IT-based health-care systems launched.</article-title>
          <year>2005 July 17</year>
          <comment>Available: 
							<ext-link ext-link-type="uri" xlink:href="http://www.hindu.com/2005/07/17/stories/2005071702321000.htm" xlink:type="simple">http://www.hindu.com/2005/07/17/stories/2005071702321000.htm</ext-link>. Accessed 27 January 2006
						</comment>
        </nlm-citation>
      </ref>
      <ref id="pmed-0030082-b10">
        <label>10</label>
        <nlm-citation publication-type="journal" xlink:type="simple">
          <collab xlink:type="simple">BBC News</collab>
          <article-title>India unveils anti-poverty budget.</article-title>
          <year>2005 February 28</year>
          <comment>Available: 
							<ext-link ext-link-type="uri" xlink:href="http://news.bbc.co.uk/2/hi/business/4303507.stm" xlink:type="simple">http://news.bbc.co.uk/2/hi/business/4303507.stm</ext-link>. Accessed 27 January 2006
						</comment>
        </nlm-citation>
      </ref>
      <ref id="pmed-0030082-b11">
        <label>11</label>
        <nlm-citation publication-type="journal" xlink:type="simple">
          <collab xlink:type="simple">Asian Tribune</collab>
          <article-title>Satellite to enable telemedicine in rural India.</article-title>
          <year>2004 February 12</year>
          <comment>Available: 
							<ext-link ext-link-type="uri" xlink:href="http://www.asiantribune.com/show_news.php?id=9193" xlink:type="simple">http://www.asiantribune.com/show_news.php?id=9193</ext-link>. Accessed 27 January 2006
						</comment>
        </nlm-citation>
      </ref>
      <ref id="pmed-0030082-b12">
        <label>12</label>
        <nlm-citation publication-type="journal" xlink:type="simple">
          <person-group person-group-type="author">
            <name name-style="western">
              <surname>Wootton</surname>
              <given-names>R</given-names>
            </name>
          </person-group>
          <article-title>Recent advances: Telemedicine.</article-title>
          <source>BMJ</source>
          <year>2001</year>
          <volume>323</volume>
          <fpage>557</fpage>
          <lpage>560</lpage>
          <comment>Available: 
							<ext-link ext-link-type="uri" xlink:href="http://bmj.bmjjournals.com/cgi/content/full/323/7312/557" xlink:type="simple">http://bmj.bmjjournals.com/cgi/content/full/323/7312/557</ext-link>. Accessed 27 January 2006
						</comment>
        </nlm-citation>
      </ref>
      <ref id="pmed-0030082-b13">
        <label>13</label>
        <nlm-citation publication-type="journal" xlink:type="simple">
          <collab xlink:type="simple">Indian Space Research Organisation</collab>
          <article-title>International telemedicine conference to be held in Bangalore [press release].</article-title>
          <year>2004 November 29</year>
          <comment>Available: 
							<ext-link ext-link-type="uri" xlink:href="http://www.isro.org/pressrelease/Nov29_2004.htm" xlink:type="simple">http://www.isro.org/pressrelease/Nov29_2004.htm</ext-link>. Accessed 27 January 2006
						</comment>
        </nlm-citation>
      </ref>
      <ref id="pmed-0030082-b14">
        <label>14</label>
        <nlm-citation publication-type="journal" xlink:type="simple">
          <collab xlink:type="simple">Parliament of India</collab>
          <article-title>108th report of action taken by the Department of Space.</article-title>
          <year>2002</year>
          <comment>Available: 
							<ext-link ext-link-type="uri" xlink:href="http://rajyasabha.nic.in/book2/reports/science/108threport.htm" xlink:type="simple">http://rajyasabha.nic.in/book2/reports/science/108threport.htm</ext-link>. Accessed 27 January 2006
						</comment>
        </nlm-citation>
      </ref>
      <ref id="pmed-0030082-b15">
        <label>15</label>
        <nlm-citation publication-type="journal" xlink:type="simple">
          <person-group person-group-type="author">
            <name name-style="western">
              <surname>Amritanandamayi Devi</surname>
              <given-names>SM</given-names>
            </name>
          </person-group>
          <article-title>Telemedicine at Amrita.</article-title>
          <year>2005</year>
          <comment>Available: 
							<ext-link ext-link-type="uri" xlink:href="http://www.amritapuri.org/health/aims/telemed.php" xlink:type="simple">http://www.amritapuri.org/health/aims/telemed.php</ext-link>. Accessed 27 January 2006</comment>
        </nlm-citation>
      </ref>
      <ref id="pmed-0030082-b16">
        <label>16</label>
        <nlm-citation publication-type="journal" xlink:type="simple">
          <collab xlink:type="simple">Indian Space Research Organisation</collab>
          <article-title>Tsunami disaster: ISRO deploys its resources [press release].</article-title>
          <year>2005 January 4</year>
          <comment>Available: 
							<ext-link ext-link-type="uri" xlink:href="http://www.isro.org/pressrelease/tsunami.htm" xlink:type="simple">http://www.isro.org/pressrelease/tsunami.htm</ext-link>. Accessed 27 January 2006
						</comment>
        </nlm-citation>
      </ref>
      <ref id="pmed-0030082-b17">
        <label>17</label>
        <nlm-citation publication-type="journal" xlink:type="simple">
          <collab xlink:type="simple">New Scientist.com</collab>
          <article-title>India special: The new knowledge superpower.</article-title>
          <year>2005 February 19</year>
          <comment>Available: 
							<ext-link ext-link-type="uri" xlink:href="http://www.newscientist.com/special/india/mg18524876.800" xlink:type="simple">http://www.newscientist.com/special/india/mg18524876.800</ext-link>. Accessed 27 January 2006
						</comment>
        </nlm-citation>
      </ref>
    </ref-list>
    <glossary>
      <title>Abbreviation</title>
      <def-list>
        <def-item>
          <term>ISRO</term>
          <def>
            <p>Indian Space Research Organization</p>
          </def>
        </def-item>
      </def-list>
    </glossary>
    
  </back>
</article>