<?xml version="1.0" encoding="UTF-8"?>
<!DOCTYPE article
  PUBLIC "-//NLM//DTD Journal Publishing DTD v3.0 20080202//EN" "http://dtd.nlm.nih.gov/publishing/3.0/journalpublishing3.dtd">
<article xmlns:mml="http://www.w3.org/1998/Math/MathML" xmlns:xlink="http://www.w3.org/1999/xlink" article-type="letter" dtd-version="3.0" xml:lang="EN">
  <front>
    <journal-meta><journal-id journal-id-type="publisher-id">plos</journal-id><journal-id journal-id-type="publisher">pmed</journal-id><journal-id journal-id-type="nlm-ta">PLoS Med</journal-id><journal-id journal-id-type="pmc">plosmed</journal-id><!--===== Grouping journal title elements =====--><journal-title-group><journal-title>PLoS Medicine</journal-title></journal-title-group><issn pub-type="ppub">1549-1277</issn><issn pub-type="epub">1549-1676</issn><publisher>
        <publisher-name>Public Library of Science</publisher-name>
        <publisher-loc>San Francisco, USA</publisher-loc>
      </publisher></journal-meta>
    <article-meta><article-id pub-id-type="doi">10.1371/journal.pmed.0020191</article-id><article-categories>
        <subj-group subj-group-type="heading">
          <subject>Correspondence</subject>
        </subj-group>
        <subj-group subj-group-type="Discipline">
          <subject>Non-Clinical Medicine/Bioethics</subject>
          <subject>Non-Clinical Medicine/History of Medicine</subject>
        </subj-group>
        <subj-group subj-group-type="System Taxonomy">
          <subject>History</subject>
          <subject>Ethics</subject>
        </subj-group>
      </article-categories><title-group><article-title>Author's Reply</article-title><alt-title alt-title-type="running-head">Correspondence</alt-title></title-group><contrib-group>
        <contrib contrib-type="author" xlink:type="simple">
          <name name-style="western">
            <surname>Hayden</surname>
            <given-names>Deborah</given-names>
          </name>
          <xref ref-type="corresp" rid="n1">
            <sup>*</sup>
          </xref>
        </contrib>
      </contrib-group><aff id="aff1">
<label>1</label>
				<addr-line>San Anselmo, California, United States of America</addr-line>
				
			</aff><author-notes>
        <corresp id="n1">E-mail: <email xlink:type="simple">debhayden@sbcglobal.net</email></corresp>
      <fn fn-type="conflict" id="n2">
        <p> The author has declared that no competing interests exist.</p>
      </fn></author-notes><pub-date pub-type="ppub">
        <month>6</month>
        <year>2005</year>
      </pub-date><pub-date pub-type="epub">
        <day>28</day>
        <month>6</month>
        <year>2005</year>
      </pub-date><volume>2</volume><issue>6</issue><elocation-id>e191</elocation-id><!--===== Grouping copyright info into permissions =====--><permissions><copyright-year>2005</copyright-year><copyright-holder>Deborah Hayden</copyright-holder><license><license-p>This is an open-access article distributed under the terms of the Creative Commons Attribution License, which permits unrestricted use, distribution, and reproduction in any medium, provided the original work is properly cited.</license-p></license></permissions><related-article page="e60" related-article-type="companion" vol="2" xlink:href="info:doi/10.1371/journal.pmed.0020060" xlink:title="essay" xlink:type="simple">
				<article-title>Alas, Poor Yorick Alas, Poor Yorick: Digging Up the Dead to Make Medical Diagnoses</article-title>
			</related-article><related-article page="e192" related-article-type="companion" vol="2" xlink:href="info:doi/10.1371/journal.pmed.0020192" xlink:title="correspondence" xlink:type="simple">
				<article-title>Call for Biohistory Guidelines</article-title>
			</related-article></article-meta>
  </front>
  <body>
    <sec id="s1">
      <title/>
      <p>The excellent article by Jordan Paradise, Lori B. Andrews, and colleagues, “Ethics. Constructing Ethical Guidelines for Biohistory” [<xref ref-type="bibr" rid="pmed-0020191-b1">1</xref>], neither advocates nor argues against biohistorical research; instead, it points out that such investigations are currently taking place without guidelines—ethical, scientific, moral, or religious. The question remains: if such guidelines were to be established, what individuals, institutions, governments, medical examiners, family members, or intrepid biographers are to be given permission? Who is to decide what is “historically significant”? Not to mention the meta-question: who is to decide who is to decide? I apologize to the authors if my brief comments [<xref ref-type="bibr" rid="pmed-0020191-b2">2</xref>] implied that they took a position on this issue.</p>
    </sec>
  </body>
  <back>
    <ref-list>
      <title>References</title>
      <ref id="pmed-0020191-b1">
        <label>1</label>
        <nlm-citation publication-type="journal" xlink:type="simple">
          <person-group person-group-type="author">
            <name name-style="western">
              <surname>Andrews</surname>
              <given-names>LB</given-names>
            </name>
            <name name-style="western">
              <surname>Buenger</surname>
              <given-names>N</given-names>
            </name>
            <name name-style="western">
              <surname>Bridge</surname>
              <given-names>J</given-names>
            </name>
            <name name-style="western">
              <surname>Rosenow</surname>
              <given-names>L</given-names>
            </name>
            <name name-style="western">
              <surname>Stoney</surname>
              <given-names>D</given-names>
            </name>
            <etal/>
          </person-group>
          <article-title>Ethics. Constructing ethical guidelines for biohistory.</article-title>
          <source>Science</source>
          <year>2004</year>
          <volume>304</volume>
          <fpage>215</fpage>
          <lpage>216</lpage>
        </nlm-citation>
      </ref>
      <ref id="pmed-0020191-b2">
        <label>2</label>
        <nlm-citation publication-type="journal" xlink:type="simple">
          <person-group person-group-type="author">
            <name name-style="western">
              <surname>Hayden</surname>
              <given-names>D</given-names>
            </name>
          </person-group>
          <article-title>Alas, Poor Yorick: Digging Up the Dead to Make Medical Diagnoses.</article-title>
          <source>PLoS Med</source>
          <year>2005</year>
          <volume>2</volume>
          <fpage>e60</fpage>
        </nlm-citation>
      </ref>
    </ref-list>
    
  </back>
</article>